key,detector,start_idx,end_idx,start_time,end_time,peak_idx,peak_time,peak_score,peak_value,n_points,duration_minutes,hits_window
artificialNoAnomaly/art_daily_no_noise.csv,A_rolling_zscore,2,2,2014-04-03 23:00:00,2014-04-03 23:00:00,2,2014-04-03 23:00:00,50.0,20.003839998,1,0.0,False
artificialNoAnomaly/art_daily_no_noise.csv,A_rolling_zscore,14,14,2014-04-04 00:00:00,2014-04-04 00:00:00,14,2014-04-04 00:00:00,50.0,20.0,1,0.0,False
artificialNoAnomaly/art_daily_no_noise.csv,A_rolling_zscore,122,122,2014-04-04 09:00:00,2014-04-04 09:00:00,122,2014-04-04 09:00:00,50.0,68.0,1,0.0,False
artificialNoAnomaly/art_daily_no_noise.csv,A_rolling_zscore,134,134,2014-04-04 10:00:00,2014-04-04 10:00:00,134,2014-04-04 10:00:00,50.0,77.6,1,0.0,False
artificialNoAnomaly/art_daily_no_noise.csv,A_rolling_zscore,146,146,2014-04-04 11:00:00,2014-04-04 11:00:00,146,2014-04-04 11:00:00,50.0,79.52,1,0.0,False
artificialNoAnomaly/art_daily_no_noise.csv,A_rolling_zscore,158,158,2014-04-04 12:00:00,2014-04-04 12:00:00,158,2014-04-04 12:00:00,50.0,79.904,1,0.0,False
artificialNoAnomaly/art_daily_no_noise.csv,A_rolling_zscore,170,170,2014-04-04 13:00:00,2014-04-04 13:00:00,170,2014-04-04 13:00:00,50.0,79.9808,1,0.0,False
artificialNoAnomaly/art_daily_no_noise.csv,A_rolling_zscore,182,182,2014-04-04 14:00:00,2014-04-04 14:00:00,182,2014-04-04 14:00:00,50.0,79.99616,1,0.0,False
artificialNoAnomaly/art_daily_no_noise.csv,A_rolling_zscore,194,194,2014-04-04 15:00:00,2014-04-04 15:00:00,194,2014-04-04 15:00:00,50.0,79.99923199999998,1,0.0,False
artificialNoAnomaly/art_daily_no_noise.csv,A_rolling_zscore,206,206,2014-04-04 16:00:00,2014-04-04 16:00:00,206,2014-04-04 16:00:00,50.0,79.99984640000002,1,0.0,False
artificialNoAnomaly/art_daily_no_noise.csv,A_rolling_zscore,218,218,2014-04-04 17:00:00,2014-04-04 17:00:00,218,2014-04-04 17:00:00,50.0,79.99996928,1,0.0,False
artificialNoAnomaly/art_daily_no_noise.csv,A_rolling_zscore,230,230,2014-04-04 18:00:00,2014-04-04 18:00:00,230,2014-04-04 18:00:00,50.0,31.999993856,1,0.0,False
artificialNoAnomaly/art_daily_no_noise.csv,A_rolling_zscore,242,242,2014-04-04 19:00:00,2014-04-04 19:00:00,242,2014-04-04 19:00:00,50.0,22.3999987712,1,0.0,False
artificialNoAnomaly/art_daily_no_noise.csv,A_rolling_zscore,254,254,2014-04-04 20:00:00,2014-04-04 20:00:00,254,2014-04-04 20:00:00,50.0,20.4799997542,1,0.0,False
artificialNoAnomaly/art_daily_no_noise.csv,A_rolling_zscore,266,266,2014-04-04 21:00:00,2014-04-04 21:00:00,266,2014-04-04 21:00:00,50.0,20.0959999508,1,0.0,False
artificialNoAnomaly/art_daily_no_noise.csv,A_rolling_zscore,278,278,2014-04-04 22:00:00,2014-04-04 22:00:00,278,2014-04-04 22:00:00,50.0,20.0191999902,1,0.0,False
artificialNoAnomaly/art_daily_no_noise.csv,A_rolling_zscore,290,290,2014-04-04 23:00:00,2014-04-04 23:00:00,290,2014-04-04 23:00:00,50.0,20.003839998,1,0.0,False
artificialNoAnomaly/art_daily_no_noise.csv,A_rolling_zscore,302,302,2014-04-05 00:00:00,2014-04-05 00:00:00,302,2014-04-05 00:00:00,50.0,20.0,1,0.0,False
artificialNoAnomaly/art_daily_no_noise.csv,A_rolling_zscore,410,410,2014-04-05 09:00:00,2014-04-05 09:00:00,410,2014-04-05 09:00:00,50.0,68.0,1,0.0,False
artificialNoAnomaly/art_daily_no_noise.csv,A_rolling_zscore,422,422,2014-04-05 10:00:00,2014-04-05 10:00:00,422,2014-04-05 10:00:00,50.0,77.6,1,0.0,False
artificialNoAnomaly/art_daily_no_noise.csv,A_rolling_zscore,434,434,2014-04-05 11:00:00,2014-04-05 11:00:00,434,2014-04-05 11:00:00,50.0,79.52,1,0.0,False
artificialNoAnomaly/art_daily_no_noise.csv,A_rolling_zscore,446,446,2014-04-05 12:00:00,2014-04-05 12:00:00,446,2014-04-05 12:00:00,50.0,79.904,1,0.0,False
artificialNoAnomaly/art_daily_no_noise.csv,A_rolling_zscore,458,458,2014-04-05 13:00:00,2014-04-05 13:00:00,458,2014-04-05 13:00:00,50.0,79.9808,1,0.0,False
artificialNoAnomaly/art_daily_no_noise.csv,A_rolling_zscore,470,470,2014-04-05 14:00:00,2014-04-05 14:00:00,470,2014-04-05 14:00:00,50.0,79.99616,1,0.0,False
artificialNoAnomaly/art_daily_no_noise.csv,A_rolling_zscore,482,482,2014-04-05 15:00:00,2014-04-05 15:00:00,482,2014-04-05 15:00:00,50.0,79.99923199999998,1,0.0,False
artificialNoAnomaly/art_daily_no_noise.csv,A_rolling_zscore,494,494,2014-04-05 16:00:00,2014-04-05 16:00:00,494,2014-04-05 16:00:00,50.0,79.99984640000002,1,0.0,False
artificialNoAnomaly/art_daily_no_noise.csv,A_rolling_zscore,506,506,2014-04-05 17:00:00,2014-04-05 17:00:00,506,2014-04-05 17:00:00,50.0,79.99996928,1,0.0,False
artificialNoAnomaly/art_daily_no_noise.csv,A_rolling_zscore,518,518,2014-04-05 18:00:00,2014-04-05 18:00:00,518,2014-04-05 18:00:00,50.0,31.999993856,1,0.0,False
artificialNoAnomaly/art_daily_no_noise.csv,A_rolling_zscore,530,530,2014-04-05 19:00:00,2014-04-05 19:00:00,530,2014-04-05 19:00:00,50.0,22.3999987712,1,0.0,False
artificialNoAnomaly/art_daily_no_noise.csv,A_rolling_zscore,542,542,2014-04-05 20:00:00,2014-04-05 20:00:00,542,2014-04-05 20:00:00,50.0,20.4799997542,1,0.0,False
artificialNoAnomaly/art_daily_no_noise.csv,A_rolling_zscore,554,554,2014-04-05 21:00:00,2014-04-05 21:00:00,554,2014-04-05 21:00:00,50.0,20.0959999508,1,0.0,False
artificialNoAnomaly/art_daily_no_noise.csv,B_iforest_raw,122,133,2014-04-04 09:00:00,2014-04-04 09:55:00,122,2014-04-04 09:00:00,0.6498118793712169,68.0,12,55.0,False
artificialNoAnomaly/art_daily_no_noise.csv,B_iforest_raw,410,421,2014-04-05 09:00:00,2014-04-05 09:55:00,410,2014-04-05 09:00:00,0.6498118793712169,68.0,12,55.0,False
artificialNoAnomaly/art_daily_no_noise.csv,B_iforest_raw,698,704,2014-04-06 09:00:00,2014-04-06 09:30:00,698,2014-04-06 09:00:00,0.6498118793712169,68.0,7,30.0,False
artificialNoAnomaly/art_daily_no_noise.csv,C_iforest_contextual,122,122,2014-04-04 09:00:00,2014-04-04 09:00:00,122,2014-04-04 09:00:00,0.7667391634228412,68.0,1,0.0,False
artificialNoAnomaly/art_daily_no_noise.csv,C_iforest_contextual,134,134,2014-04-04 10:00:00,2014-04-04 10:00:00,134,2014-04-04 10:00:00,0.6899324572865839,77.6,1,0.0,False
artificialNoAnomaly/art_daily_no_noise.csv,C_iforest_contextual,230,230,2014-04-04 18:00:00,2014-04-04 18:00:00,230,2014-04-04 18:00:00,0.7408855500022536,31.999993856,1,0.0,False
artificialNoAnomaly/art_daily_no_noise.csv,C_iforest_contextual,410,410,2014-04-05 09:00:00,2014-04-05 09:00:00,410,2014-04-05 09:00:00,0.7668594533634082,68.0,1,0.0,False
artificialNoAnomaly/art_daily_no_noise.csv,C_iforest_contextual,518,518,2014-04-05 18:00:00,2014-04-05 18:00:00,518,2014-04-05 18:00:00,0.7427797125372618,31.999993856,1,0.0,False
artificialNoAnomaly/art_daily_no_noise.csv,C_iforest_contextual,530,530,2014-04-05 19:00:00,2014-04-05 19:00:00,530,2014-04-05 19:00:00,0.6921865400662519,22.3999987712,1,0.0,False
artificialNoAnomaly/art_daily_no_noise.csv,C_iforest_contextual,698,698,2014-04-06 09:00:00,2014-04-06 09:00:00,698,2014-04-06 09:00:00,0.7668594533634082,68.0,1,0.0,False
artificialNoAnomaly/art_daily_no_noise.csv,C_iforest_contextual,806,806,2014-04-06 18:00:00,2014-04-06 18:00:00,806,2014-04-06 18:00:00,0.7427797125372618,31.999993856,1,0.0,False
artificialNoAnomaly/art_daily_no_noise.csv,C_iforest_contextual,818,818,2014-04-06 19:00:00,2014-04-06 19:00:00,818,2014-04-06 19:00:00,0.6921865400662519,22.3999987712,1,0.0,False
artificialNoAnomaly/art_daily_no_noise.csv,C_iforest_contextual,986,986,2014-04-07 09:00:00,2014-04-07 09:00:00,986,2014-04-07 09:00:00,0.7668594533634082,68.0,1,0.0,False
artificialNoAnomaly/art_daily_no_noise.csv,C_iforest_contextual,1094,1094,2014-04-07 18:00:00,2014-04-07 18:00:00,1094,2014-04-07 18:00:00,0.7427797125372618,31.999993856,1,0.0,False
artificialNoAnomaly/art_daily_no_noise.csv,C_iforest_contextual,1106,1106,2014-04-07 19:00:00,2014-04-07 19:00:00,1106,2014-04-07 19:00:00,0.6921865400662519,22.3999987712,1,0.0,False
artificialNoAnomaly/art_daily_no_noise.csv,C_iforest_contextual,1274,1274,2014-04-08 09:00:00,2014-04-08 09:00:00,1274,2014-04-08 09:00:00,0.7645281943318945,68.0,1,0.0,False
artificialNoAnomaly/art_daily_no_noise.csv,C_iforest_contextual,1382,1382,2014-04-08 18:00:00,2014-04-08 18:00:00,1382,2014-04-08 18:00:00,0.7414874579993748,31.999993856,1,0.0,False
artificialNoAnomaly/art_daily_no_noise.csv,C_iforest_contextual,1394,1394,2014-04-08 19:00:00,2014-04-08 19:00:00,1394,2014-04-08 19:00:00,0.6918835352884237,22.3999987712,1,0.0,False
artificialNoAnomaly/art_daily_no_noise.csv,C_iforest_contextual,1562,1562,2014-04-09 09:00:00,2014-04-09 09:00:00,1562,2014-04-09 09:00:00,0.7622040223469682,68.0,1,0.0,False
artificialNoAnomaly/art_daily_no_noise.csv,C_iforest_contextual,1670,1670,2014-04-09 18:00:00,2014-04-09 18:00:00,1670,2014-04-09 18:00:00,0.7446880494337388,31.999993856,1,0.0,False
artificialNoAnomaly/art_daily_no_noise.csv,C_iforest_contextual,1682,1682,2014-04-09 19:00:00,2014-04-09 19:00:00,1682,2014-04-09 19:00:00,0.6948014109283623,22.3999987712,1,0.0,False
artificialNoAnomaly/art_daily_no_noise.csv,C_iforest_contextual,1850,1850,2014-04-10 09:00:00,2014-04-10 09:00:00,1850,2014-04-10 09:00:00,0.7667391634228412,68.0,1,0.0,False
artificialNoAnomaly/art_daily_no_noise.csv,C_iforest_contextual,1958,1958,2014-04-10 18:00:00,2014-04-10 18:00:00,1958,2014-04-10 18:00:00,0.7408855500022536,31.999993856,1,0.0,False
artificialNoAnomaly/art_daily_no_noise.csv,C_iforest_contextual,2138,2138,2014-04-11 09:00:00,2014-04-11 09:00:00,2138,2014-04-11 09:00:00,0.7667391634228412,68.0,1,0.0,False
artificialNoAnomaly/art_daily_no_noise.csv,C_iforest_contextual,2246,2246,2014-04-11 18:00:00,2014-04-11 18:00:00,2246,2014-04-11 18:00:00,0.7408855500022536,31.999993856,1,0.0,False
artificialNoAnomaly/art_daily_no_noise.csv,C_iforest_contextual,2426,2426,2014-04-12 09:00:00,2014-04-12 09:00:00,2426,2014-04-12 09:00:00,0.7668594533634082,68.0,1,0.0,False
artificialNoAnomaly/art_daily_no_noise.csv,C_iforest_contextual,2534,2534,2014-04-12 18:00:00,2014-04-12 18:00:00,2534,2014-04-12 18:00:00,0.7427797125372618,31.999993856,1,0.0,False
artificialNoAnomaly/art_daily_no_noise.csv,C_iforest_contextual,2546,2546,2014-04-12 19:00:00,2014-04-12 19:00:00,2546,2014-04-12 19:00:00,0.6921865400662519,22.3999987712,1,0.0,False
artificialNoAnomaly/art_daily_no_noise.csv,C_iforest_contextual,2714,2714,2014-04-13 09:00:00,2014-04-13 09:00:00,2714,2014-04-13 09:00:00,0.7668594533634082,68.0,1,0.0,False
artificialNoAnomaly/art_daily_no_noise.csv,C_iforest_contextual,2822,2822,2014-04-13 18:00:00,2014-04-13 18:00:00,2822,2014-04-13 18:00:00,0.7427797125372618,31.999993856,1,0.0,False
artificialNoAnomaly/art_daily_no_noise.csv,C_iforest_contextual,2834,2834,2014-04-13 19:00:00,2014-04-13 19:00:00,2834,2014-04-13 19:00:00,0.6921865400662519,22.3999987712,1,0.0,False
artificialNoAnomaly/art_daily_no_noise.csv,C_iforest_contextual,3002,3002,2014-04-14 09:00:00,2014-04-14 09:00:00,3002,2014-04-14 09:00:00,0.7668594533634082,68.0,1,0.0,False
artificialNoAnomaly/art_daily_no_noise.csv,C_iforest_contextual,3110,3110,2014-04-14 18:00:00,2014-04-14 18:00:00,3110,2014-04-14 18:00:00,0.7427797125372618,31.999993856,1,0.0,False
artificialNoAnomaly/art_daily_no_noise.csv,C_iforest_contextual,3122,3122,2014-04-14 19:00:00,2014-04-14 19:00:00,3122,2014-04-14 19:00:00,0.6921865400662519,22.3999987712,1,0.0,False
artificialNoAnomaly/art_daily_perfect_square_wave.csv,A_rolling_zscore,122,123,2014-04-04 09:00:00,2014-04-04 09:05:00,122,2014-04-04 09:00:00,50.0,80.0,2,5.0,False
artificialNoAnomaly/art_daily_perfect_square_wave.csv,A_rolling_zscore,230,231,2014-04-04 18:00:00,2014-04-04 18:05:00,230,2014-04-04 18:00:00,50.0,20.0,2,5.0,False
artificialNoAnomaly/art_daily_perfect_square_wave.csv,A_rolling_zscore,410,411,2014-04-05 09:00:00,2014-04-05 09:05:00,410,2014-04-05 09:00:00,50.0,80.0,2,5.0,False
artificialNoAnomaly/art_daily_perfect_square_wave.csv,A_rolling_zscore,518,519,2014-04-05 18:00:00,2014-04-05 18:05:00,518,2014-04-05 18:00:00,50.0,20.0,2,5.0,False
artificialNoAnomaly/art_daily_perfect_square_wave.csv,A_rolling_zscore,698,699,2014-04-06 09:00:00,2014-04-06 09:05:00,698,2014-04-06 09:00:00,50.0,80.0,2,5.0,False
artificialNoAnomaly/art_daily_perfect_square_wave.csv,A_rolling_zscore,806,807,2014-04-06 18:00:00,2014-04-06 18:05:00,806,2014-04-06 18:00:00,50.0,20.0,2,5.0,False
artificialNoAnomaly/art_daily_perfect_square_wave.csv,A_rolling_zscore,986,987,2014-04-07 09:00:00,2014-04-07 09:05:00,986,2014-04-07 09:00:00,50.0,80.0,2,5.0,False
artificialNoAnomaly/art_daily_perfect_square_wave.csv,A_rolling_zscore,1094,1095,2014-04-07 18:00:00,2014-04-07 18:05:00,1094,2014-04-07 18:00:00,50.0,20.0,2,5.0,False
artificialNoAnomaly/art_daily_perfect_square_wave.csv,A_rolling_zscore,1274,1275,2014-04-08 09:00:00,2014-04-08 09:05:00,1274,2014-04-08 09:00:00,50.0,80.0,2,5.0,False
artificialNoAnomaly/art_daily_perfect_square_wave.csv,A_rolling_zscore,1382,1382,2014-04-08 18:00:00,2014-04-08 18:00:00,1382,2014-04-08 18:00:00,50.0,20.0,1,0.0,False
artificialNoAnomaly/art_daily_perfect_square_wave.csv,A_rolling_zscore,1562,1562,2014-04-09 09:00:00,2014-04-09 09:00:00,1562,2014-04-09 09:00:00,50.0,80.0,1,0.0,False
artificialNoAnomaly/art_daily_perfect_square_wave.csv,A_rolling_zscore,1670,1670,2014-04-09 18:00:00,2014-04-09 18:00:00,1670,2014-04-09 18:00:00,50.0,20.0,1,0.0,False
artificialNoAnomaly/art_daily_perfect_square_wave.csv,A_rolling_zscore,1850,1850,2014-04-10 09:00:00,2014-04-10 09:00:00,1850,2014-04-10 09:00:00,50.0,80.0,1,0.0,False
artificialNoAnomaly/art_daily_perfect_square_wave.csv,A_rolling_zscore,1958,1958,2014-04-10 18:00:00,2014-04-10 18:00:00,1958,2014-04-10 18:00:00,50.0,20.0,1,0.0,False
artificialNoAnomaly/art_daily_perfect_square_wave.csv,A_rolling_zscore,2138,2138,2014-04-11 09:00:00,2014-04-11 09:00:00,2138,2014-04-11 09:00:00,50.0,80.0,1,0.0,False
artificialNoAnomaly/art_daily_perfect_square_wave.csv,A_rolling_zscore,2246,2246,2014-04-11 18:00:00,2014-04-11 18:00:00,2246,2014-04-11 18:00:00,50.0,20.0,1,0.0,False
artificialNoAnomaly/art_daily_perfect_square_wave.csv,A_rolling_zscore,2426,2426,2014-04-12 09:00:00,2014-04-12 09:00:00,2426,2014-04-12 09:00:00,50.0,80.0,1,0.0,False
artificialNoAnomaly/art_daily_perfect_square_wave.csv,A_rolling_zscore,2534,2534,2014-04-12 18:00:00,2014-04-12 18:00:00,2534,2014-04-12 18:00:00,50.0,20.0,1,0.0,False
artificialNoAnomaly/art_daily_perfect_square_wave.csv,A_rolling_zscore,2714,2714,2014-04-13 09:00:00,2014-04-13 09:00:00,2714,2014-04-13 09:00:00,50.0,80.0,1,0.0,False
artificialNoAnomaly/art_daily_perfect_square_wave.csv,A_rolling_zscore,2822,2822,2014-04-13 18:00:00,2014-04-13 18:00:00,2822,2014-04-13 18:00:00,50.0,20.0,1,0.0,False
artificialNoAnomaly/art_daily_perfect_square_wave.csv,A_rolling_zscore,3002,3002,2014-04-14 09:00:00,2014-04-14 09:00:00,3002,2014-04-14 09:00:00,50.0,80.0,1,0.0,False
artificialNoAnomaly/art_daily_perfect_square_wave.csv,A_rolling_zscore,3110,3110,2014-04-14 18:00:00,2014-04-14 18:00:00,3110,2014-04-14 18:00:00,50.0,20.0,1,0.0,False
artificialNoAnomaly/art_daily_perfect_square_wave.csv,B_iforest_raw,122,152,2014-04-04 09:00:00,2014-04-04 11:30:00,122,2014-04-04 09:00:00,0.5319721580667813,80.0,31,150.0,False
artificialNoAnomaly/art_daily_perfect_square_wave.csv,C_iforest_contextual,122,123,2014-04-04 09:00:00,2014-04-04 09:05:00,122,2014-04-04 09:00:00,0.7534974329231816,80.0,2,5.0,False
artificialNoAnomaly/art_daily_perfect_square_wave.csv,C_iforest_contextual,230,230,2014-04-04 18:00:00,2014-04-04 18:00:00,230,2014-04-04 18:00:00,0.7483698273169901,20.0,1,0.0,False
artificialNoAnomaly/art_daily_perfect_square_wave.csv,C_iforest_contextual,410,411,2014-04-05 09:00:00,2014-04-05 09:05:00,410,2014-04-05 09:00:00,0.754658171278798,80.0,2,5.0,False
artificialNoAnomaly/art_daily_perfect_square_wave.csv,C_iforest_contextual,518,518,2014-04-05 18:00:00,2014-04-05 18:00:00,518,2014-04-05 18:00:00,0.7564010097681813,20.0,1,0.0,False
artificialNoAnomaly/art_daily_perfect_square_wave.csv,C_iforest_contextual,698,699,2014-04-06 09:00:00,2014-04-06 09:05:00,698,2014-04-06 09:00:00,0.754658171278798,80.0,2,5.0,False
artificialNoAnomaly/art_daily_perfect_square_wave.csv,C_iforest_contextual,806,806,2014-04-06 18:00:00,2014-04-06 18:00:00,806,2014-04-06 18:00:00,0.7564010097681813,20.0,1,0.0,False
artificialNoAnomaly/art_daily_perfect_square_wave.csv,C_iforest_contextual,986,987,2014-04-07 09:00:00,2014-04-07 09:05:00,986,2014-04-07 09:00:00,0.754658171278798,80.0,2,5.0,False
artificialNoAnomaly/art_daily_perfect_square_wave.csv,C_iforest_contextual,1094,1094,2014-04-07 18:00:00,2014-04-07 18:00:00,1094,2014-04-07 18:00:00,0.7564010097681813,20.0,1,0.0,False
artificialNoAnomaly/art_daily_perfect_square_wave.csv,C_iforest_contextual,1274,1275,2014-04-08 09:00:00,2014-04-08 09:05:00,1274,2014-04-08 09:00:00,0.7573286069532914,80.0,2,5.0,False
artificialNoAnomaly/art_daily_perfect_square_wave.csv,C_iforest_contextual,1382,1382,2014-04-08 18:00:00,2014-04-08 18:00:00,1382,2014-04-08 18:00:00,0.7531964053079057,20.0,1,0.0,False
artificialNoAnomaly/art_daily_perfect_square_wave.csv,C_iforest_contextual,1562,1563,2014-04-09 09:00:00,2014-04-09 09:05:00,1562,2014-04-09 09:00:00,0.7533820346555467,80.0,2,5.0,False
artificialNoAnomaly/art_daily_perfect_square_wave.csv,C_iforest_contextual,1670,1670,2014-04-09 18:00:00,2014-04-09 18:00:00,1670,2014-04-09 18:00:00,0.7543529524827652,20.0,1,0.0,False
artificialNoAnomaly/art_daily_perfect_square_wave.csv,C_iforest_contextual,1850,1851,2014-04-10 09:00:00,2014-04-10 09:05:00,1850,2014-04-10 09:00:00,0.7534974329231816,80.0,2,5.0,False
artificialNoAnomaly/art_daily_perfect_square_wave.csv,C_iforest_contextual,1958,1958,2014-04-10 18:00:00,2014-04-10 18:00:00,1958,2014-04-10 18:00:00,0.7483698273169901,20.0,1,0.0,False
artificialNoAnomaly/art_daily_perfect_square_wave.csv,C_iforest_contextual,2138,2139,2014-04-11 09:00:00,2014-04-11 09:05:00,2138,2014-04-11 09:00:00,0.7534974329231816,80.0,2,5.0,False
artificialNoAnomaly/art_daily_perfect_square_wave.csv,C_iforest_contextual,2246,2246,2014-04-11 18:00:00,2014-04-11 18:00:00,2246,2014-04-11 18:00:00,0.7483698273169901,20.0,1,0.0,False
artificialNoAnomaly/art_daily_perfect_square_wave.csv,C_iforest_contextual,2426,2427,2014-04-12 09:00:00,2014-04-12 09:05:00,2426,2014-04-12 09:00:00,0.754658171278798,80.0,2,5.0,False
artificialNoAnomaly/art_daily_perfect_square_wave.csv,C_iforest_contextual,2534,2534,2014-04-12 18:00:00,2014-04-12 18:00:00,2534,2014-04-12 18:00:00,0.7564010097681813,20.0,1,0.0,False
artificialNoAnomaly/art_daily_perfect_square_wave.csv,C_iforest_contextual,2714,2714,2014-04-13 09:00:00,2014-04-13 09:00:00,2714,2014-04-13 09:00:00,0.754658171278798,80.0,1,0.0,False
artificialNoAnomaly/art_daily_perfect_square_wave.csv,C_iforest_contextual,2822,2822,2014-04-13 18:00:00,2014-04-13 18:00:00,2822,2014-04-13 18:00:00,0.7564010097681813,20.0,1,0.0,False
artificialNoAnomaly/art_daily_perfect_square_wave.csv,C_iforest_contextual,3002,3002,2014-04-14 09:00:00,2014-04-14 09:00:00,3002,2014-04-14 09:00:00,0.754658171278798,80.0,1,0.0,False
artificialNoAnomaly/art_daily_perfect_square_wave.csv,C_iforest_contextual,3110,3110,2014-04-14 18:00:00,2014-04-14 18:00:00,3110,2014-04-14 18:00:00,0.7564010097681813,20.0,1,0.0,False
artificialNoAnomaly/art_daily_small_noise.csv,A_rolling_zscore,122,122,2014-04-04 09:00:00,2014-04-04 09:00:00,122,2014-04-04 09:00:00,50.0,73.0272357134,1,0.0,False
artificialNoAnomaly/art_daily_small_noise.csv,A_rolling_zscore,230,230,2014-04-04 18:00:00,2014-04-04 18:00:00,230,2014-04-04 18:00:00,10.168179730279906,32.645063487899996,1,0.0,False
artificialNoAnomaly/art_daily_small_noise.csv,A_rolling_zscore,242,242,2014-04-04 19:00:00,2014-04-04 19:00:00,242,2014-04-04 19:00:00,5.2341934416232485,24.2493462556,1,0.0,False
artificialNoAnomaly/art_daily_small_noise.csv,A_rolling_zscore,410,410,2014-04-05 09:00:00,2014-04-05 09:00:00,410,2014-04-05 09:00:00,31.277687622789976,61.7353215655,1,0.0,False
artificialNoAnomaly/art_daily_small_noise.csv,A_rolling_zscore,518,518,2014-04-05 18:00:00,2014-04-05 18:00:00,518,2014-04-05 18:00:00,12.399666551533008,30.3615641056,1,0.0,False
artificialNoAnomaly/art_daily_small_noise.csv,A_rolling_zscore,530,530,2014-04-05 19:00:00,2014-04-05 19:00:00,530,2014-04-05 19:00:00,4.8463146488202415,23.4593985354,1,0.0,False
artificialNoAnomaly/art_daily_small_noise.csv,A_rolling_zscore,698,698,2014-04-06 09:00:00,2014-04-06 09:00:00,698,2014-04-06 09:00:00,33.79413211439799,61.7432924367,1,0.0,False
artificialNoAnomaly/art_daily_small_noise.csv,A_rolling_zscore,711,711,2014-04-06 10:05:00,2014-04-06 10:05:00,711,2014-04-06 10:05:00,5.234811498675477,84.9342590173,1,0.0,False
artificialNoAnomaly/art_daily_small_noise.csv,A_rolling_zscore,806,806,2014-04-06 18:00:00,2014-04-06 18:00:00,806,2014-04-06 18:00:00,11.089822655985712,29.7383274561,1,0.0,False
artificialNoAnomaly/art_daily_small_noise.csv,A_rolling_zscore,818,818,2014-04-06 19:00:00,2014-04-06 19:00:00,818,2014-04-06 19:00:00,6.424194918824062,21.4807800494,1,0.0,False
artificialNoAnomaly/art_daily_small_noise.csv,A_rolling_zscore,986,986,2014-04-07 09:00:00,2014-04-07 09:00:00,986,2014-04-07 09:00:00,50.0,72.25873126100001,1,0.0,False
artificialNoAnomaly/art_daily_small_noise.csv,A_rolling_zscore,1094,1094,2014-04-07 18:00:00,2014-04-07 18:00:00,1094,2014-04-07 18:00:00,11.123664750924258,29.1190993461,1,0.0,False
artificialNoAnomaly/art_daily_small_noise.csv,A_rolling_zscore,1274,1274,2014-04-08 09:00:00,2014-04-08 09:00:00,1274,2014-04-08 09:00:00,43.959316262504856,71.30959937979999,1,0.0,False
artificialNoAnomaly/art_daily_small_noise.csv,A_rolling_zscore,1382,1382,2014-04-08 18:00:00,2014-04-08 18:00:00,1382,2014-04-08 18:00:00,9.336450661814728,34.192238103200005,1,0.0,False
artificialNoAnomaly/art_daily_small_noise.csv,A_rolling_zscore,1394,1394,2014-04-08 19:00:00,2014-04-08 19:00:00,1394,2014-04-08 19:00:00,6.002779645793182,21.3053835118,1,0.0,False
artificialNoAnomaly/art_daily_small_noise.csv,A_rolling_zscore,1562,1562,2014-04-09 09:00:00,2014-04-09 09:00:00,1562,2014-04-09 09:00:00,42.93194335069951,69.295765039,1,0.0,False
artificialNoAnomaly/art_daily_small_noise.csv,A_rolling_zscore,1670,1670,2014-04-09 18:00:00,2014-04-09 18:00:00,1670,2014-04-09 18:00:00,11.592448240796733,32.5481814975,1,0.0,False
artificialNoAnomaly/art_daily_small_noise.csv,A_rolling_zscore,1682,1682,2014-04-09 19:00:00,2014-04-09 19:00:00,1682,2014-04-09 19:00:00,5.786627027103401,20.853688304,1,0.0,False
artificialNoAnomaly/art_daily_small_noise.csv,A_rolling_zscore,1850,1850,2014-04-10 09:00:00,2014-04-10 09:00:00,1850,2014-04-10 09:00:00,44.2823735149002,73.8949894314,1,0.0,False
artificialNoAnomaly/art_daily_small_noise.csv,A_rolling_zscore,1958,1958,2014-04-10 18:00:00,2014-04-10 18:00:00,1958,2014-04-10 18:00:00,9.23589140207354,34.6543890502,1,0.0,False
artificialNoAnomaly/art_daily_small_noise.csv,A_rolling_zscore,2138,2138,2014-04-11 09:00:00,2014-04-11 09:00:00,2138,2014-04-11 09:00:00,47.96358053095224,68.6893914078,1,0.0,False
artificialNoAnomaly/art_daily_small_noise.csv,A_rolling_zscore,2246,2246,2014-04-11 18:00:00,2014-04-11 18:00:00,2246,2014-04-11 18:00:00,10.496882306515097,30.8768366263,1,0.0,False
artificialNoAnomaly/art_daily_small_noise.csv,A_rolling_zscore,2258,2258,2014-04-11 19:00:00,2014-04-11 19:00:00,2258,2014-04-11 19:00:00,4.758343791033643,24.3970773693,1,0.0,False
artificialNoAnomaly/art_daily_small_noise.csv,A_rolling_zscore,2426,2426,2014-04-12 09:00:00,2014-04-12 09:00:00,2426,2014-04-12 09:00:00,44.96100333676088,71.9343529036,1,0.0,False
artificialNoAnomaly/art_daily_small_noise.csv,A_rolling_zscore,2534,2534,2014-04-12 18:00:00,2014-04-12 18:00:00,2534,2014-04-12 18:00:00,13.313694289580699,30.750463937800003,1,0.0,False
artificialNoAnomaly/art_daily_small_noise.csv,A_rolling_zscore,2546,2546,2014-04-12 19:00:00,2014-04-12 19:00:00,2546,2014-04-12 19:00:00,6.3472538053664795,23.1335286669,1,0.0,False
artificialNoAnomaly/art_daily_small_noise.csv,A_rolling_zscore,2714,2714,2014-04-13 09:00:00,2014-04-13 09:00:00,2714,2014-04-13 09:00:00,37.29818682614911,64.0479313097,1,0.0,False
artificialNoAnomaly/art_daily_small_noise.csv,A_rolling_zscore,2822,2822,2014-04-13 18:00:00,2014-04-13 18:00:00,2822,2014-04-13 18:00:00,13.635100064322433,29.114623716599997,1,0.0,False
artificialNoAnomaly/art_daily_small_noise.csv,A_rolling_zscore,2834,2834,2014-04-13 19:00:00,2014-04-13 19:00:00,2834,2014-04-13 19:00:00,5.051289853172317,21.160183036,1,0.0,False
artificialNoAnomaly/art_daily_small_noise.csv,A_rolling_zscore,3002,3002,2014-04-14 09:00:00,2014-04-14 09:00:00,3002,2014-04-14 09:00:00,37.89158949089539,62.623384621099994,1,0.0,False
artificialNoAnomaly/art_daily_small_noise.csv,A_rolling_zscore,3110,3110,2014-04-14 18:00:00,2014-04-14 18:00:00,3110,2014-04-14 18:00:00,12.507955633915069,30.5536695282,1,0.0,False
artificialNoAnomaly/art_daily_small_noise.csv,B_iforest_raw,239,239,2014-04-04 18:45:00,2014-04-04 18:45:00,239,2014-04-04 18:45:00,0.7029339376213374,34.7177007974,1,0.0,False
artificialNoAnomaly/art_daily_small_noise.csv,B_iforest_raw,410,411,2014-04-05 09:00:00,2014-04-05 09:05:00,411,2014-04-05 09:05:00,0.7056103492303113,61.497115283,2,5.0,False
artificialNoAnomaly/art_daily_small_noise.csv,B_iforest_raw,417,419,2014-04-05 09:35:00,2014-04-05 09:45:00,419,2014-04-05 09:45:00,0.7089601195419103,61.3429798538,2,10.0,False
artificialNoAnomaly/art_daily_small_noise.csv,B_iforest_raw,519,524,2014-04-05 18:05:00,2014-04-05 18:30:00,523,2014-04-05 18:25:00,0.7029339376213374,34.5315501115,4,25.0,False
artificialNoAnomaly/art_daily_small_noise.csv,B_iforest_raw,698,698,2014-04-06 09:00:00,2014-04-06 09:00:00,698,2014-04-06 09:00:00,0.6983193024722287,61.7432924367,1,0.0,False
artificialNoAnomaly/art_daily_small_noise.csv,B_iforest_raw,816,816,2014-04-06 18:50:00,2014-04-06 18:50:00,816,2014-04-06 18:50:00,0.7019833899287534,35.0981658305,1,0.0,False
artificialNoAnomaly/art_daily_small_noise.csv,B_iforest_raw,1100,1100,2014-04-07 18:30:00,2014-04-07 18:30:00,1100,2014-04-07 18:30:00,0.7019833899287534,34.9463406479,1,0.0,False
artificialNoAnomaly/art_daily_small_noise.csv,B_iforest_raw,1105,1105,2014-04-07 18:55:00,2014-04-07 18:55:00,1105,2014-04-07 18:55:00,0.7029339376213374,34.7665013819,1,0.0,False
artificialNoAnomaly/art_daily_small_noise.csv,B_iforest_raw,1382,1384,2014-04-08 18:00:00,2014-04-08 18:10:00,1382,2014-04-08 18:00:00,0.7019833899287534,34.192238103200005,2,10.0,False
artificialNoAnomaly/art_daily_small_noise.csv,B_iforest_raw,1389,1389,2014-04-08 18:35:00,2014-04-08 18:35:00,1389,2014-04-08 18:35:00,0.7029339376213374,34.7415776623,1,0.0,False
artificialNoAnomaly/art_daily_small_noise.csv,B_iforest_raw,1677,1677,2014-04-09 18:35:00,2014-04-09 18:35:00,1677,2014-04-09 18:35:00,0.7019833899287534,34.9131143237,1,0.0,False
artificialNoAnomaly/art_daily_small_noise.csv,B_iforest_raw,1855,1855,2014-04-10 09:25:00,2014-04-10 09:25:00,1855,2014-04-10 09:25:00,0.7116032342352239,61.2520919508,1,0.0,False
artificialNoAnomaly/art_daily_small_noise.csv,B_iforest_raw,1958,1958,2014-04-10 18:00:00,2014-04-10 18:00:00,1958,2014-04-10 18:00:00,0.7029339376213374,34.6543890502,1,0.0,False
artificialNoAnomaly/art_daily_small_noise.csv,B_iforest_raw,1962,1962,2014-04-10 18:20:00,2014-04-10 18:20:00,1962,2014-04-10 18:20:00,0.7029339376213374,34.6204328027,1,0.0,False
artificialNoAnomaly/art_daily_small_noise.csv,B_iforest_raw,1969,1969,2014-04-10 18:55:00,2014-04-10 18:55:00,1969,2014-04-10 18:55:00,0.7029339376213374,34.7615318021,1,0.0,False
artificialNoAnomaly/art_daily_small_noise.csv,B_iforest_raw,2144,2144,2014-04-11 09:30:00,2014-04-11 09:30:00,2144,2014-04-11 09:30:00,0.6983193024722287,61.744939574300005,1,0.0,False
artificialNoAnomaly/art_daily_small_noise.csv,B_iforest_raw,2247,2247,2014-04-11 18:05:00,2014-04-11 18:05:00,2247,2014-04-11 18:05:00,0.7022209062790831,34.848776981,1,0.0,False
artificialNoAnomaly/art_daily_small_noise.csv,B_iforest_raw,2254,2254,2014-04-11 18:40:00,2014-04-11 18:40:00,2254,2014-04-11 18:40:00,0.7026961800981794,34.3478667686,1,0.0,False
artificialNoAnomaly/art_daily_small_noise.csv,B_iforest_raw,2427,2427,2014-04-12 09:05:00,2014-04-12 09:05:00,2427,2014-04-12 09:05:00,0.7013619438479787,61.624504420600005,1,0.0,False
artificialNoAnomaly/art_daily_small_noise.csv,B_iforest_raw,2434,2434,2014-04-12 09:40:00,2014-04-12 09:40:00,2434,2014-04-12 09:40:00,0.6983193024722287,61.73437045399999,1,0.0,False
artificialNoAnomaly/art_daily_small_noise.csv,B_iforest_raw,2715,2715,2014-04-13 09:05:00,2014-04-13 09:05:00,2715,2014-04-13 09:05:00,0.7077619513707794,61.3602063175,1,0.0,False
artificialNoAnomaly/art_daily_small_noise.csv,B_iforest_raw,2827,2827,2014-04-13 18:25:00,2014-04-13 18:25:00,2827,2014-04-13 18:25:00,0.7019833899287534,34.1810178977,1,0.0,False
artificialNoAnomaly/art_daily_small_noise.csv,B_iforest_raw,2833,2833,2014-04-13 18:55:00,2014-04-13 18:55:00,2833,2014-04-13 18:55:00,0.7019833899287534,34.906435804000004,1,0.0,False
artificialNoAnomaly/art_daily_small_noise.csv,B_iforest_raw,3116,3116,2014-04-14 18:30:00,2014-04-14 18:30:00,3116,2014-04-14 18:30:00,0.7029339376213374,34.6139936605,1,0.0,False
artificialNoAnomaly/art_daily_small_noise.csv,B_iforest_raw,3121,3121,2014-04-14 18:55:00,2014-04-14 18:55:00,3121,2014-04-14 18:55:00,0.7029339376213374,34.7044567281,1,0.0,False
artificialNoAnomaly/art_daily_small_noise.csv,C_iforest_contextual,122,122,2014-04-04 09:00:00,2014-04-04 09:00:00,122,2014-04-04 09:00:00,0.7429758729290422,73.0272357134,1,0.0,False
artificialNoAnomaly/art_daily_small_noise.csv,C_iforest_contextual,230,230,2014-04-04 18:00:00,2014-04-04 18:00:00,230,2014-04-04 18:00:00,0.7020643868529557,32.645063487899996,1,0.0,False
artificialNoAnomaly/art_daily_small_noise.csv,C_iforest_contextual,410,412,2014-04-05 09:00:00,2014-04-05 09:10:00,410,2014-04-05 09:00:00,0.7259050787937366,61.7353215655,2,10.0,False
artificialNoAnomaly/art_daily_small_noise.csv,C_iforest_contextual,518,518,2014-04-05 18:00:00,2014-04-05 18:00:00,518,2014-04-05 18:00:00,0.7021940263162016,30.3615641056,1,0.0,False
artificialNoAnomaly/art_daily_small_noise.csv,C_iforest_contextual,698,698,2014-04-06 09:00:00,2014-04-06 09:00:00,698,2014-04-06 09:00:00,0.7183246085897614,61.7432924367,1,0.0,False
artificialNoAnomaly/art_daily_small_noise.csv,C_iforest_contextual,806,806,2014-04-06 18:00:00,2014-04-06 18:00:00,806,2014-04-06 18:00:00,0.7007701872239184,29.7383274561,1,0.0,False
artificialNoAnomaly/art_daily_small_noise.csv,C_iforest_contextual,986,986,2014-04-07 09:00:00,2014-04-07 09:00:00,986,2014-04-07 09:00:00,0.7472796636682684,72.25873126100001,1,0.0,False
artificialNoAnomaly/art_daily_small_noise.csv,C_iforest_contextual,1094,1094,2014-04-07 18:00:00,2014-04-07 18:00:00,1094,2014-04-07 18:00:00,0.7030955287272986,29.1190993461,1,0.0,False
artificialNoAnomaly/art_daily_small_noise.csv,C_iforest_contextual,1100,1100,2014-04-07 18:30:00,2014-04-07 18:30:00,1100,2014-04-07 18:30:00,0.6224681337299719,34.9463406479,1,0.0,False
artificialNoAnomaly/art_daily_small_noise.csv,C_iforest_contextual,1274,1274,2014-04-08 09:00:00,2014-04-08 09:00:00,1274,2014-04-08 09:00:00,0.7493284902964455,71.30959937979999,1,0.0,False
artificialNoAnomaly/art_daily_small_noise.csv,C_iforest_contextual,1382,1382,2014-04-08 18:00:00,2014-04-08 18:00:00,1382,2014-04-08 18:00:00,0.691705404947811,34.192238103200005,1,0.0,False
artificialNoAnomaly/art_daily_small_noise.csv,C_iforest_contextual,1562,1562,2014-04-09 09:00:00,2014-04-09 09:00:00,1562,2014-04-09 09:00:00,0.747209114171744,69.295765039,1,0.0,False
artificialNoAnomaly/art_daily_small_noise.csv,C_iforest_contextual,1670,1671,2014-04-09 18:00:00,2014-04-09 18:05:00,1670,2014-04-09 18:00:00,0.6998193341389084,32.5481814975,2,5.0,False
artificialNoAnomaly/art_daily_small_noise.csv,C_iforest_contextual,1850,1850,2014-04-10 09:00:00,2014-04-10 09:00:00,1850,2014-04-10 09:00:00,0.7376347524659295,73.8949894314,1,0.0,False
artificialNoAnomaly/art_daily_small_noise.csv,C_iforest_contextual,1958,1962,2014-04-10 18:00:00,2014-04-10 18:20:00,1958,2014-04-10 18:00:00,0.6964775310399084,34.6543890502,3,20.0,False
artificialNoAnomaly/art_daily_small_noise.csv,C_iforest_contextual,2138,2138,2014-04-11 09:00:00,2014-04-11 09:00:00,2138,2014-04-11 09:00:00,0.7363066620160573,68.6893914078,1,0.0,False
artificialNoAnomaly/art_daily_small_noise.csv,C_iforest_contextual,2145,2145,2014-04-11 09:35:00,2014-04-11 09:35:00,2145,2014-04-11 09:35:00,0.623141490735632,74.5867789119,1,0.0,False
artificialNoAnomaly/art_daily_small_noise.csv,C_iforest_contextual,2246,2246,2014-04-11 18:00:00,2014-04-11 18:00:00,2246,2014-04-11 18:00:00,0.6996232441520152,30.8768366263,1,0.0,False
artificialNoAnomaly/art_daily_small_noise.csv,C_iforest_contextual,2426,2428,2014-04-12 09:00:00,2014-04-12 09:10:00,2426,2014-04-12 09:00:00,0.7487980016589499,71.9343529036,2,10.0,False
artificialNoAnomaly/art_daily_small_noise.csv,C_iforest_contextual,2534,2534,2014-04-12 18:00:00,2014-04-12 18:00:00,2534,2014-04-12 18:00:00,0.7019565190576416,30.750463937800003,1,0.0,False
artificialNoAnomaly/art_daily_small_noise.csv,C_iforest_contextual,2714,2716,2014-04-13 09:00:00,2014-04-13 09:10:00,2714,2014-04-13 09:00:00,0.7171106140944034,64.0479313097,2,10.0,False
artificialNoAnomaly/art_daily_small_noise.csv,C_iforest_contextual,2822,2822,2014-04-13 18:00:00,2014-04-13 18:00:00,2822,2014-04-13 18:00:00,0.7011952819972957,29.114623716599997,1,0.0,False
artificialNoAnomaly/art_daily_small_noise.csv,C_iforest_contextual,3002,3003,2014-04-14 09:00:00,2014-04-14 09:05:00,3002,2014-04-14 09:00:00,0.7139638216841115,62.623384621099994,2,5.0,False
artificialNoAnomaly/art_daily_small_noise.csv,C_iforest_contextual,3110,3110,2014-04-14 18:00:00,2014-04-14 18:00:00,3110,2014-04-14 18:00:00,0.6988762251627939,30.5536695282,1,0.0,False
artificialNoAnomaly/art_flatline.csv,A_rolling_zscore,0,30,2014-04-03 22:50:00,2014-04-04 01:20:00,0,2014-04-03 22:50:00,0.0,45.0,31,150.0,False
artificialNoAnomaly/art_flatline.csv,B_iforest_raw,0,30,2014-04-03 22:50:00,2014-04-04 01:20:00,0,2014-04-03 22:50:00,0.5000000000000008,45.0,31,150.0,False
artificialNoAnomaly/art_flatline.csv,C_iforest_contextual,7,15,2014-04-03 23:25:00,2014-04-04 00:05:00,12,2014-04-03 23:50:00,0.5884933146908439,45.0,9,40.0,False
artificialNoAnomaly/art_flatline.csv,C_iforest_contextual,296,301,2014-04-04 23:30:00,2014-04-04 23:55:00,300,2014-04-04 23:50:00,0.5884933146908439,45.0,6,25.0,False
artificialNoAnomaly/art_flatline.csv,C_iforest_contextual,1742,1743,2014-04-10 00:00:00,2014-04-10 00:05:00,1742,2014-04-10 00:00:00,0.5842268120914326,45.0,2,5.0,False
artificialNoAnomaly/art_flatline.csv,C_iforest_contextual,2024,2031,2014-04-10 23:30:00,2014-04-11 00:05:00,2028,2014-04-10 23:50:00,0.5884933146908439,45.0,8,35.0,False
artificialNoAnomaly/art_flatline.csv,C_iforest_contextual,2312,2317,2014-04-11 23:30:00,2014-04-11 23:55:00,2316,2014-04-11 23:50:00,0.5884933146908439,45.0,6,25.0,False
artificialNoAnomaly/art_noisy.csv,A_rolling_zscore,0,0,2014-04-03 22:50:00,2014-04-03 22:50:00,0,2014-04-03 22:50:00,3.2594792697130814,8.92184575,1,0.0,False
artificialNoAnomaly/art_noisy.csv,A_rolling_zscore,103,103,2014-04-04 07:25:00,2014-04-04 07:25:00,103,2014-04-04 07:25:00,2.84547707227839,16.942212459300002,1,0.0,False
artificialNoAnomaly/art_noisy.csv,A_rolling_zscore,242,242,2014-04-04 19:00:00,2014-04-04 19:00:00,242,2014-04-04 19:00:00,3.0106317208921425,18.2591028908,1,0.0,False
artificialNoAnomaly/art_noisy.csv,A_rolling_zscore,367,367,2014-04-05 05:25:00,2014-04-05 05:25:00,367,2014-04-05 05:25:00,2.7985034458691107,18.3720398253,1,0.0,False
artificialNoAnomaly/art_noisy.csv,A_rolling_zscore,532,532,2014-04-05 19:10:00,2014-04-05 19:10:00,532,2014-04-05 19:10:00,2.9481590529898707,18.6763066589,1,0.0,False
artificialNoAnomaly/art_noisy.csv,A_rolling_zscore,584,584,2014-04-05 23:30:00,2014-04-05 23:30:00,584,2014-04-05 23:30:00,3.2579881109100746,18.5162168154,1,0.0,False
artificialNoAnomaly/art_noisy.csv,A_rolling_zscore,635,635,2014-04-06 03:45:00,2014-04-06 03:45:00,635,2014-04-06 03:45:00,2.872678450114661,18.4989246434,1,0.0,False
artificialNoAnomaly/art_noisy.csv,A_rolling_zscore,670,670,2014-04-06 06:40:00,2014-04-06 06:40:00,670,2014-04-06 06:40:00,2.6843234504762385,18.3816777813,1,0.0,False
artificialNoAnomaly/art_noisy.csv,A_rolling_zscore,742,742,2014-04-06 12:40:00,2014-04-06 12:40:00,742,2014-04-06 12:40:00,2.612294638630476,18.394421629,1,0.0,False
artificialNoAnomaly/art_noisy.csv,A_rolling_zscore,872,872,2014-04-06 23:30:00,2014-04-06 23:30:00,872,2014-04-06 23:30:00,2.623952180511167,8.981272147,1,0.0,False
artificialNoAnomaly/art_noisy.csv,A_rolling_zscore,969,969,2014-04-07 07:35:00,2014-04-07 07:35:00,969,2014-04-07 07:35:00,2.7117481172938374,18.2976096898,1,0.0,False
artificialNoAnomaly/art_noisy.csv,A_rolling_zscore,1042,1042,2014-04-07 13:40:00,2014-04-07 13:40:00,1042,2014-04-07 13:40:00,2.719756356367207,16.1598712277,1,0.0,False
artificialNoAnomaly/art_noisy.csv,A_rolling_zscore,1053,1053,2014-04-07 14:35:00,2014-04-07 14:35:00,1053,2014-04-07 14:35:00,3.003118885319756,9.2059101384,1,0.0,False
artificialNoAnomaly/art_noisy.csv,A_rolling_zscore,1274,1274,2014-04-08 09:00:00,2014-04-08 09:00:00,1274,2014-04-08 09:00:00,2.6069884446039153,9.8761641581,1,0.0,False
artificialNoAnomaly/art_noisy.csv,A_rolling_zscore,1296,1296,2014-04-08 10:50:00,2014-04-08 10:50:00,1296,2014-04-08 10:50:00,3.117823925377929,18.7358143133,1,0.0,False
artificialNoAnomaly/art_noisy.csv,A_rolling_zscore,1544,1544,2014-04-09 07:30:00,2014-04-09 07:30:00,1544,2014-04-09 07:30:00,2.6073542862548313,8.222598559,1,0.0,False
artificialNoAnomaly/art_noisy.csv,A_rolling_zscore,1613,1615,2014-04-09 13:15:00,2014-04-09 13:25:00,1613,2014-04-09 13:15:00,4.032451734227338,8.7810745824,2,10.0,False
artificialNoAnomaly/art_noisy.csv,A_rolling_zscore,1747,1747,2014-04-10 00:25:00,2014-04-10 00:25:00,1747,2014-04-10 00:25:00,3.035111843596738,8.5276431444,1,0.0,False
artificialNoAnomaly/art_noisy.csv,A_rolling_zscore,2107,2107,2014-04-11 06:25:00,2014-04-11 06:25:00,2107,2014-04-11 06:25:00,2.645255614169274,8.4620634416,1,0.0,False
artificialNoAnomaly/art_noisy.csv,A_rolling_zscore,2132,2132,2014-04-11 08:30:00,2014-04-11 08:30:00,2132,2014-04-11 08:30:00,3.163787937044129,8.4430597901,1,0.0,False
artificialNoAnomaly/art_noisy.csv,A_rolling_zscore,2178,2178,2014-04-11 12:20:00,2014-04-11 12:20:00,2178,2014-04-11 12:20:00,2.725581135893703,8.4401444359,1,0.0,False
artificialNoAnomaly/art_noisy.csv,A_rolling_zscore,2392,2392,2014-04-12 06:10:00,2014-04-12 06:10:00,2392,2014-04-12 06:10:00,3.2914385342798678,18.4968428567,1,0.0,False
artificialNoAnomaly/art_noisy.csv,A_rolling_zscore,2644,2644,2014-04-13 03:10:00,2014-04-13 03:10:00,2644,2014-04-13 03:10:00,2.667387554654813,9.345175933,1,0.0,False
artificialNoAnomaly/art_noisy.csv,A_rolling_zscore,2755,2755,2014-04-13 12:25:00,2014-04-13 12:25:00,2755,2014-04-13 12:25:00,2.8583545615447172,8.2328019538,1,0.0,False
artificialNoAnomaly/art_noisy.csv,A_rolling_zscore,2770,2770,2014-04-13 13:40:00,2014-04-13 13:40:00,2770,2014-04-13 13:40:00,2.5742153355045034,18.4236275177,1,0.0,False
artificialNoAnomaly/art_noisy.csv,A_rolling_zscore,2829,2829,2014-04-13 18:35:00,2014-04-13 18:35:00,2829,2014-04-13 18:35:00,3.1119152085911113,18.8343165587,1,0.0,False
artificialNoAnomaly/art_noisy.csv,A_rolling_zscore,2860,2860,2014-04-13 21:10:00,2014-04-13 21:10:00,2860,2014-04-13 21:10:00,3.676124771461184,18.854762536,1,0.0,False
artificialNoAnomaly/art_noisy.csv,A_rolling_zscore,2877,2877,2014-04-13 22:35:00,2014-04-13 22:35:00,2877,2014-04-13 22:35:00,3.953595298302873,8.0621731533,1,0.0,False
artificialNoAnomaly/art_noisy.csv,A_rolling_zscore,2983,2983,2014-04-14 07:25:00,2014-04-14 07:25:00,2983,2014-04-14 07:25:00,3.074890793213606,17.8529109222,1,0.0,False
artificialNoAnomaly/art_noisy.csv,A_rolling_zscore,3029,3029,2014-04-14 11:15:00,2014-04-14 11:15:00,3029,2014-04-14 11:15:00,2.560595290410724,17.4548047577,1,0.0,False
artificialNoAnomaly/art_noisy.csv,B_iforest_raw,114,114,2014-04-04 08:20:00,2014-04-04 08:20:00,114,2014-04-04 08:20:00,0.6524292589753875,18.9668955309,1,0.0,False
artificialNoAnomaly/art_noisy.csv,B_iforest_raw,273,273,2014-04-04 21:35:00,2014-04-04 21:35:00,273,2014-04-04 21:35:00,0.659467743457311,8.0005810963,1,0.0,False
artificialNoAnomaly/art_noisy.csv,B_iforest_raw,431,431,2014-04-05 10:45:00,2014-04-05 10:45:00,431,2014-04-05 10:45:00,0.6524292589753875,18.9826335732,1,0.0,False
artificialNoAnomaly/art_noisy.csv,B_iforest_raw,477,477,2014-04-05 14:35:00,2014-04-05 14:35:00,477,2014-04-05 14:35:00,0.6524292589753875,18.9847905108,1,0.0,False
artificialNoAnomaly/art_noisy.csv,B_iforest_raw,524,524,2014-04-05 18:30:00,2014-04-05 18:30:00,524,2014-04-05 18:30:00,0.656279212700748,8.0099641877,1,0.0,False
artificialNoAnomaly/art_noisy.csv,B_iforest_raw,792,792,2014-04-06 16:50:00,2014-04-06 16:50:00,792,2014-04-06 16:50:00,0.6456632587117883,8.0289537114,1,0.0,False
artificialNoAnomaly/art_noisy.csv,B_iforest_raw,863,863,2014-04-06 22:45:00,2014-04-06 22:45:00,863,2014-04-06 22:45:00,0.6435247664569486,18.9467535122,1,0.0,False
artificialNoAnomaly/art_noisy.csv,B_iforest_raw,919,919,2014-04-07 03:25:00,2014-04-07 03:25:00,919,2014-04-07 03:25:00,0.6477198306935064,18.9506809345,1,0.0,False
artificialNoAnomaly/art_noisy.csv,B_iforest_raw,993,993,2014-04-07 09:35:00,2014-04-07 09:35:00,993,2014-04-07 09:35:00,0.659467743457311,8.0026496197,1,0.0,False
artificialNoAnomaly/art_noisy.csv,B_iforest_raw,1013,1013,2014-04-07 11:15:00,2014-04-07 11:15:00,1013,2014-04-07 11:15:00,0.6524292589753875,18.9945570868,1,0.0,False
artificialNoAnomaly/art_noisy.csv,B_iforest_raw,1019,1019,2014-04-07 11:45:00,2014-04-07 11:45:00,1019,2014-04-07 11:45:00,0.6430023758803444,8.0343381649,1,0.0,False
artificialNoAnomaly/art_noisy.csv,B_iforest_raw,1133,1133,2014-04-07 21:15:00,2014-04-07 21:15:00,1133,2014-04-07 21:15:00,0.655391754210076,8.0103734678,1,0.0,False
artificialNoAnomaly/art_noisy.csv,B_iforest_raw,1389,1389,2014-04-08 18:35:00,2014-04-08 18:35:00,1389,2014-04-08 18:35:00,0.6524292589753875,18.9770664785,1,0.0,False
artificialNoAnomaly/art_noisy.csv,B_iforest_raw,1450,1450,2014-04-08 23:40:00,2014-04-08 23:40:00,1450,2014-04-08 23:40:00,0.6485090166905693,8.023550112799999,1,0.0,False
artificialNoAnomaly/art_noisy.csv,B_iforest_raw,1460,1460,2014-04-09 00:30:00,2014-04-09 00:30:00,1460,2014-04-09 00:30:00,0.6524292589753875,18.9726512023,1,0.0,False
artificialNoAnomaly/art_noisy.csv,B_iforest_raw,1752,1752,2014-04-10 00:50:00,2014-04-10 00:50:00,1752,2014-04-10 00:50:00,0.6407858592882779,8.0372663278,1,0.0,False
artificialNoAnomaly/art_noisy.csv,B_iforest_raw,2035,2035,2014-04-11 00:25:00,2014-04-11 00:25:00,2035,2014-04-11 00:25:00,0.6524292589753875,18.9964052577,1,0.0,False
artificialNoAnomaly/art_noisy.csv,B_iforest_raw,2117,2117,2014-04-11 07:15:00,2014-04-11 07:15:00,2117,2014-04-11 07:15:00,0.6463188617220191,8.027000450900001,1,0.0,False
artificialNoAnomaly/art_noisy.csv,B_iforest_raw,2166,2166,2014-04-11 11:20:00,2014-04-11 11:20:00,2166,2014-04-11 11:20:00,0.6524292589753875,18.9575976634,1,0.0,False
artificialNoAnomaly/art_noisy.csv,B_iforest_raw,2437,2437,2014-04-12 09:55:00,2014-04-12 09:55:00,2437,2014-04-12 09:55:00,0.6318035658019644,8.0481138051,1,0.0,False
artificialNoAnomaly/art_noisy.csv,B_iforest_raw,2558,2558,2014-04-12 20:00:00,2014-04-12 20:00:00,2558,2014-04-12 20:00:00,0.6524292589753875,18.9841627333,1,0.0,False
artificialNoAnomaly/art_noisy.csv,B_iforest_raw,2585,2585,2014-04-12 22:15:00,2014-04-12 22:15:00,2585,2014-04-12 22:15:00,0.6524292589753875,18.9926863511,1,0.0,False
artificialNoAnomaly/art_noisy.csv,B_iforest_raw,2652,2652,2014-04-13 03:50:00,2014-04-13 03:50:00,2652,2014-04-13 03:50:00,0.6359183882449507,8.0432225356,1,0.0,False
artificialNoAnomaly/art_noisy.csv,B_iforest_raw,2743,2743,2014-04-13 11:25:00,2014-04-13 11:25:00,2743,2014-04-13 11:25:00,0.6524292589753875,18.9862503783,1,0.0,False
artificialNoAnomaly/art_noisy.csv,B_iforest_raw,2747,2747,2014-04-13 11:45:00,2014-04-13 11:45:00,2747,2014-04-13 11:45:00,0.6524292589753875,18.9847256974,1,0.0,False
artificialNoAnomaly/art_noisy.csv,B_iforest_raw,2793,2793,2014-04-13 15:35:00,2014-04-13 15:35:00,2793,2014-04-13 15:35:00,0.6524292589753875,18.9640714732,1,0.0,False
artificialNoAnomaly/art_noisy.csv,B_iforest_raw,2890,2890,2014-04-13 23:40:00,2014-04-13 23:40:00,2890,2014-04-13 23:40:00,0.6389692665786953,18.9429433223,1,0.0,False
artificialNoAnomaly/art_noisy.csv,B_iforest_raw,2969,2969,2014-04-14 06:15:00,2014-04-14 06:15:00,2969,2014-04-14 06:15:00,0.659467743457311,8.0017351904,1,0.0,False
artificialNoAnomaly/art_noisy.csv,B_iforest_raw,3003,3003,2014-04-14 09:05:00,2014-04-14 09:05:00,3003,2014-04-14 09:05:00,0.6524292589753875,18.975628266,1,0.0,False
artificialNoAnomaly/art_noisy.csv,B_iforest_raw,3012,3012,2014-04-14 09:50:00,2014-04-14 09:50:00,3012,2014-04-14 09:50:00,0.6329431620126509,8.0453987014,1,0.0,False
artificialNoAnomaly/art_noisy.csv,B_iforest_raw,3067,3067,2014-04-14 14:25:00,2014-04-14 14:25:00,3067,2014-04-14 14:25:00,0.6383019422423594,8.0411960418,1,0.0,False
artificialNoAnomaly/art_noisy.csv,C_iforest_contextual,15,15,2014-04-04 00:05:00,2014-04-04 00:05:00,15,2014-04-04 00:05:00,0.6108791310068403,18.7805713727,1,0.0,False
artificialNoAnomaly/art_noisy.csv,C_iforest_contextual,103,103,2014-04-04 07:25:00,2014-04-04 07:25:00,103,2014-04-04 07:25:00,0.6105637588185482,16.942212459300002,1,0.0,False
artificialNoAnomaly/art_noisy.csv,C_iforest_contextual,114,114,2014-04-04 08:20:00,2014-04-04 08:20:00,114,2014-04-04 08:20:00,0.618183821641715,18.9668955309,1,0.0,False
artificialNoAnomaly/art_noisy.csv,C_iforest_contextual,228,228,2014-04-04 17:50:00,2014-04-04 17:50:00,228,2014-04-04 17:50:00,0.6166103417976807,18.5780454155,1,0.0,False
artificialNoAnomaly/art_noisy.csv,C_iforest_contextual,242,242,2014-04-04 19:00:00,2014-04-04 19:00:00,242,2014-04-04 19:00:00,0.6310163628322161,18.2591028908,1,0.0,False
artificialNoAnomaly/art_noisy.csv,C_iforest_contextual,278,278,2014-04-04 22:00:00,2014-04-04 22:00:00,278,2014-04-04 22:00:00,0.6042687089250038,18.2724467536,1,0.0,False
artificialNoAnomaly/art_noisy.csv,C_iforest_contextual,431,431,2014-04-05 10:45:00,2014-04-05 10:45:00,431,2014-04-05 10:45:00,0.6041575690331713,18.9826335732,1,0.0,False
artificialNoAnomaly/art_noisy.csv,C_iforest_contextual,532,532,2014-04-05 19:10:00,2014-04-05 19:10:00,532,2014-04-05 19:10:00,0.6542775985803416,18.6763066589,1,0.0,False
artificialNoAnomaly/art_noisy.csv,C_iforest_contextual,637,637,2014-04-06 03:55:00,2014-04-06 03:55:00,637,2014-04-06 03:55:00,0.6072430760792038,18.408909423,1,0.0,False
artificialNoAnomaly/art_noisy.csv,C_iforest_contextual,670,670,2014-04-06 06:40:00,2014-04-06 06:40:00,670,2014-04-06 06:40:00,0.6138876375865244,18.3816777813,1,0.0,False
artificialNoAnomaly/art_noisy.csv,C_iforest_contextual,811,811,2014-04-06 18:25:00,2014-04-06 18:25:00,811,2014-04-06 18:25:00,0.607092046646668,18.6279582732,1,0.0,False
artificialNoAnomaly/art_noisy.csv,C_iforest_contextual,1057,1057,2014-04-07 14:55:00,2014-04-07 14:55:00,1057,2014-04-07 14:55:00,0.6260713472695818,18.7368765484,1,0.0,False
artificialNoAnomaly/art_noisy.csv,C_iforest_contextual,1108,1108,2014-04-07 19:10:00,2014-04-07 19:10:00,1108,2014-04-07 19:10:00,0.6065118811320827,18.0023456105,1,0.0,False
artificialNoAnomaly/art_noisy.csv,C_iforest_contextual,1117,1117,2014-04-07 19:55:00,2014-04-07 19:55:00,1117,2014-04-07 19:55:00,0.6341599577284813,18.8335872272,1,0.0,False
artificialNoAnomaly/art_noisy.csv,C_iforest_contextual,1165,1165,2014-04-07 23:55:00,2014-04-07 23:55:00,1165,2014-04-07 23:55:00,0.6036485780059084,18.7634391114,1,0.0,False
artificialNoAnomaly/art_noisy.csv,C_iforest_contextual,1296,1296,2014-04-08 10:50:00,2014-04-08 10:50:00,1296,2014-04-08 10:50:00,0.6050717724684448,18.7358143133,1,0.0,False
artificialNoAnomaly/art_noisy.csv,C_iforest_contextual,1389,1389,2014-04-08 18:35:00,2014-04-08 18:35:00,1389,2014-04-08 18:35:00,0.6073715318723429,18.9770664785,1,0.0,False
artificialNoAnomaly/art_noisy.csv,C_iforest_contextual,1490,1490,2014-04-09 03:00:00,2014-04-09 03:00:00,1490,2014-04-09 03:00:00,0.6089525508979147,18.7027511846,1,0.0,False
artificialNoAnomaly/art_noisy.csv,C_iforest_contextual,2033,2035,2014-04-11 00:15:00,2014-04-11 00:25:00,2035,2014-04-11 00:25:00,0.6204794038306648,18.9964052577,2,10.0,False
artificialNoAnomaly/art_noisy.csv,C_iforest_contextual,2392,2392,2014-04-12 06:10:00,2014-04-12 06:10:00,2392,2014-04-12 06:10:00,0.6472369703866316,18.4968428567,1,0.0,False
artificialNoAnomaly/art_noisy.csv,C_iforest_contextual,2558,2558,2014-04-12 20:00:00,2014-04-12 20:00:00,2558,2014-04-12 20:00:00,0.6162483232863963,18.9841627333,1,0.0,False
artificialNoAnomaly/art_noisy.csv,C_iforest_contextual,2704,2704,2014-04-13 08:10:00,2014-04-13 08:10:00,2704,2014-04-13 08:10:00,0.6101039036154484,18.0958279423,1,0.0,False
artificialNoAnomaly/art_noisy.csv,C_iforest_contextual,2829,2829,2014-04-13 18:35:00,2014-04-13 18:35:00,2829,2014-04-13 18:35:00,0.6248582053084695,18.8343165587,1,0.0,False
artificialNoAnomaly/art_noisy.csv,C_iforest_contextual,2860,2860,2014-04-13 21:10:00,2014-04-13 21:10:00,2860,2014-04-13 21:10:00,0.6357961818090088,18.854762536,1,0.0,False
artificialNoAnomaly/art_noisy.csv,C_iforest_contextual,2877,2878,2014-04-13 22:35:00,2014-04-13 22:40:00,2877,2014-04-13 22:35:00,0.6391726297150334,8.0621731533,2,5.0,False
artificialNoAnomaly/art_noisy.csv,C_iforest_contextual,2896,2896,2014-04-14 00:10:00,2014-04-14 00:10:00,2896,2014-04-14 00:10:00,0.6185856300255392,18.6203422271,1,0.0,False
artificialNoAnomaly/art_noisy.csv,C_iforest_contextual,2983,2983,2014-04-14 07:25:00,2014-04-14 07:25:00,2983,2014-04-14 07:25:00,0.6423678036093339,17.8529109222,1,0.0,False
artificialNoAnomaly/art_noisy.csv,C_iforest_contextual,2987,2987,2014-04-14 07:45:00,2014-04-14 07:45:00,2987,2014-04-14 07:45:00,0.6258288125198205,18.7235978677,1,0.0,False
artificialNoAnomaly/art_noisy.csv,C_iforest_contextual,3080,3080,2014-04-14 15:30:00,2014-04-14 15:30:00,3080,2014-04-14 15:30:00,0.6214176080584806,18.7539557021,1,0.0,False
realAWSCloudwatch/ec2_cpu_utilization_24ae8d.csv,A_rolling_zscore,117,117,2014-02-17 23:05:00,2014-02-17 23:05:00,117,2014-02-17 23:05:00,3.854586451574969,0.066,1,0.0,False
realAWSCloudwatch/ec2_cpu_utilization_24ae8d.csv,A_rolling_zscore,168,168,2014-02-18 03:20:00,2014-02-18 03:20:00,168,2014-02-18 03:20:00,42.39442911130027,1.534,1,0.0,False
realAWSCloudwatch/ec2_cpu_utilization_24ae8d.csv,A_rolling_zscore,249,249,2014-02-18 10:05:00,2014-02-18 10:05:00,249,2014-02-18 10:05:00,5.194075207983219,0.266,1,0.0,False
realAWSCloudwatch/ec2_cpu_utilization_24ae8d.csv,A_rolling_zscore,300,300,2014-02-18 14:20:00,2014-02-18 14:20:00,300,2014-02-18 14:20:00,3.8855459252081146,0.2,1,0.0,False
realAWSCloudwatch/ec2_cpu_utilization_24ae8d.csv,A_rolling_zscore,390,390,2014-02-18 21:50:00,2014-02-18 21:50:00,390,2014-02-18 21:50:00,50.0,0.068,1,0.0,False
realAWSCloudwatch/ec2_cpu_utilization_24ae8d.csv,A_rolling_zscore,459,459,2014-02-19 03:35:00,2014-02-19 03:35:00,459,2014-02-19 03:35:00,45.937320595307796,1.444,1,0.0,False
realAWSCloudwatch/ec2_cpu_utilization_24ae8d.csv,A_rolling_zscore,646,646,2014-02-19 19:10:00,2014-02-19 19:10:00,646,2014-02-19 19:10:00,50.0,0.2019999999999999,1,0.0,False
realAWSCloudwatch/ec2_cpu_utilization_24ae8d.csv,A_rolling_zscore,747,747,2014-02-20 03:35:00,2014-02-20 03:35:00,747,2014-02-20 03:35:00,50.0,1.598,1,0.0,False
realAWSCloudwatch/ec2_cpu_utilization_24ae8d.csv,A_rolling_zscore,888,888,2014-02-20 15:20:00,2014-02-20 15:20:00,888,2014-02-20 15:20:00,50.0,0.066,1,0.0,False
realAWSCloudwatch/ec2_cpu_utilization_24ae8d.csv,A_rolling_zscore,922,922,2014-02-20 18:10:00,2014-02-20 18:10:00,922,2014-02-20 18:10:00,3.844901814347563,0.2,1,0.0,False
realAWSCloudwatch/ec2_cpu_utilization_24ae8d.csv,A_rolling_zscore,952,952,2014-02-20 20:40:00,2014-02-20 20:40:00,952,2014-02-20 20:40:00,50.0,0.066,1,0.0,False
realAWSCloudwatch/ec2_cpu_utilization_24ae8d.csv,A_rolling_zscore,1033,1033,2014-02-21 03:25:00,2014-02-21 03:25:00,1033,2014-02-21 03:25:00,46.757880616215004,1.6,1,0.0,False
realAWSCloudwatch/ec2_cpu_utilization_24ae8d.csv,A_rolling_zscore,1205,1205,2014-02-21 17:45:00,2014-02-21 17:45:00,1205,2014-02-21 17:45:00,4.028424871512819,0.068,1,0.0,False
realAWSCloudwatch/ec2_cpu_utilization_24ae8d.csv,A_rolling_zscore,1322,1322,2014-02-22 03:30:00,2014-02-22 03:30:00,1322,2014-02-22 03:30:00,42.46386702504294,1.4680000000000002,1,0.0,False
realAWSCloudwatch/ec2_cpu_utilization_24ae8d.csv,A_rolling_zscore,1611,1611,2014-02-23 03:35:00,2014-02-23 03:35:00,1611,2014-02-23 03:35:00,41.85749138132756,1.444,1,0.0,False
realAWSCloudwatch/ec2_cpu_utilization_24ae8d.csv,A_rolling_zscore,1898,1898,2014-02-24 03:30:00,2014-02-24 03:30:00,1898,2014-02-24 03:30:00,46.095336889833746,1.466,1,0.0,False
realAWSCloudwatch/ec2_cpu_utilization_24ae8d.csv,A_rolling_zscore,2182,2182,2014-02-25 03:10:00,2014-02-25 03:10:00,2182,2014-02-25 03:10:00,50.0,1.49,1,0.0,False
realAWSCloudwatch/ec2_cpu_utilization_24ae8d.csv,A_rolling_zscore,2367,2367,2014-02-25 18:35:00,2014-02-25 18:35:00,2367,2014-02-25 18:35:00,50.0,0.066,1,0.0,False
realAWSCloudwatch/ec2_cpu_utilization_24ae8d.csv,A_rolling_zscore,2471,2471,2014-02-26 03:15:00,2014-02-26 03:15:00,2471,2014-02-26 03:15:00,32.959931658057435,1.534,1,0.0,False
realAWSCloudwatch/ec2_cpu_utilization_24ae8d.csv,A_rolling_zscore,2485,2485,2014-02-26 04:25:00,2014-02-26 04:25:00,2485,2014-02-26 04:25:00,3.8412521677590865,0.2,1,0.0,False
realAWSCloudwatch/ec2_cpu_utilization_24ae8d.csv,A_rolling_zscore,2501,2501,2014-02-26 05:45:00,2014-02-26 05:45:00,2501,2014-02-26 05:45:00,50.0,0.2019999999999999,1,0.0,False
realAWSCloudwatch/ec2_cpu_utilization_24ae8d.csv,A_rolling_zscore,2539,2539,2014-02-26 08:55:00,2014-02-26 08:55:00,2539,2014-02-26 08:55:00,50.0,0.2019999999999999,1,0.0,False
realAWSCloudwatch/ec2_cpu_utilization_24ae8d.csv,A_rolling_zscore,2594,2594,2014-02-26 13:30:00,2014-02-26 13:30:00,2594,2014-02-26 13:30:00,50.0,0.066,1,0.0,False
realAWSCloudwatch/ec2_cpu_utilization_24ae8d.csv,A_rolling_zscore,2684,2684,2014-02-26 21:00:00,2014-02-26 21:00:00,2684,2014-02-26 21:00:00,5.659078973222498,0.266,1,0.0,True
realAWSCloudwatch/ec2_cpu_utilization_24ae8d.csv,A_rolling_zscore,2697,2697,2014-02-26 22:05:00,2014-02-26 22:05:00,2697,2014-02-26 22:05:00,41.671326316768265,2.344,1,0.0,True
realAWSCloudwatch/ec2_cpu_utilization_24ae8d.csv,A_rolling_zscore,2711,2711,2014-02-26 23:15:00,2014-02-26 23:15:00,2711,2014-02-26 23:15:00,7.280597415380243,0.3279999999999999,1,0.0,True
realAWSCloudwatch/ec2_cpu_utilization_24ae8d.csv,A_rolling_zscore,2764,2764,2014-02-27 03:40:00,2014-02-27 03:40:00,2764,2014-02-27 03:40:00,49.30383422824884,1.5319999999999998,1,0.0,True
realAWSCloudwatch/ec2_cpu_utilization_24ae8d.csv,A_rolling_zscore,2843,2843,2014-02-27 10:15:00,2014-02-27 10:15:00,2843,2014-02-27 10:15:00,4.02123944511732,0.066,1,0.0,True
realAWSCloudwatch/ec2_cpu_utilization_24ae8d.csv,A_rolling_zscore,2927,2927,2014-02-27 17:15:00,2014-02-27 17:15:00,2927,2014-02-27 17:15:00,25.244447110411823,0.602,1,0.0,True
realAWSCloudwatch/ec2_cpu_utilization_24ae8d.csv,A_rolling_zscore,2941,2941,2014-02-27 18:25:00,2014-02-27 18:25:00,2941,2014-02-27 18:25:00,50.0,0.066,1,0.0,True
realAWSCloudwatch/ec2_cpu_utilization_24ae8d.csv,A_rolling_zscore,3048,3048,2014-02-28 03:20:00,2014-02-28 03:20:00,3048,2014-02-28 03:20:00,50.0,1.6,1,0.0,False
realAWSCloudwatch/ec2_cpu_utilization_24ae8d.csv,B_iforest_raw,7,7,2014-02-17 13:55:00,2014-02-17 13:55:00,7,2014-02-17 13:55:00,0.7699209859499894,0.2019999999999999,1,0.0,False
realAWSCloudwatch/ec2_cpu_utilization_24ae8d.csv,B_iforest_raw,18,18,2014-02-17 14:50:00,2014-02-17 14:50:00,18,2014-02-17 14:50:00,0.7699209859499894,0.2019999999999999,1,0.0,False
realAWSCloudwatch/ec2_cpu_utilization_24ae8d.csv,B_iforest_raw,30,30,2014-02-17 15:50:00,2014-02-17 15:50:00,30,2014-02-17 15:50:00,0.7699209859499894,0.2019999999999999,1,0.0,False
realAWSCloudwatch/ec2_cpu_utilization_24ae8d.csv,B_iforest_raw,79,79,2014-02-17 19:55:00,2014-02-17 19:55:00,79,2014-02-17 19:55:00,0.7815765609232846,0.204,1,0.0,False
realAWSCloudwatch/ec2_cpu_utilization_24ae8d.csv,B_iforest_raw,105,105,2014-02-17 22:05:00,2014-02-17 22:05:00,105,2014-02-17 22:05:00,0.7699209859499894,0.2019999999999999,1,0.0,False
realAWSCloudwatch/ec2_cpu_utilization_24ae8d.csv,B_iforest_raw,168,168,2014-02-18 03:20:00,2014-02-18 03:20:00,168,2014-02-18 03:20:00,0.8885694429292811,1.534,1,0.0,False
realAWSCloudwatch/ec2_cpu_utilization_24ae8d.csv,B_iforest_raw,249,249,2014-02-18 10:05:00,2014-02-18 10:05:00,249,2014-02-18 10:05:00,0.7847558337464297,0.266,1,0.0,False
realAWSCloudwatch/ec2_cpu_utilization_24ae8d.csv,B_iforest_raw,347,347,2014-02-18 18:15:00,2014-02-18 18:15:00,347,2014-02-18 18:15:00,0.7699209859499894,0.2019999999999999,1,0.0,False
realAWSCloudwatch/ec2_cpu_utilization_24ae8d.csv,B_iforest_raw,366,366,2014-02-18 19:50:00,2014-02-18 19:50:00,366,2014-02-18 19:50:00,0.7699209859499894,0.2019999999999999,1,0.0,False
realAWSCloudwatch/ec2_cpu_utilization_24ae8d.csv,B_iforest_raw,459,459,2014-02-19 03:35:00,2014-02-19 03:35:00,459,2014-02-19 03:35:00,0.8810862075613624,1.444,1,0.0,False
realAWSCloudwatch/ec2_cpu_utilization_24ae8d.csv,B_iforest_raw,490,490,2014-02-19 06:10:00,2014-02-19 06:10:00,490,2014-02-19 06:10:00,0.7699209859499894,0.2019999999999999,1,0.0,False
realAWSCloudwatch/ec2_cpu_utilization_24ae8d.csv,B_iforest_raw,626,626,2014-02-19 17:30:00,2014-02-19 17:30:00,626,2014-02-19 17:30:00,0.7699209859499894,0.2019999999999999,1,0.0,False
realAWSCloudwatch/ec2_cpu_utilization_24ae8d.csv,B_iforest_raw,646,646,2014-02-19 19:10:00,2014-02-19 19:10:00,646,2014-02-19 19:10:00,0.7699209859499894,0.2019999999999999,1,0.0,False
realAWSCloudwatch/ec2_cpu_utilization_24ae8d.csv,B_iforest_raw,666,666,2014-02-19 20:50:00,2014-02-19 20:50:00,666,2014-02-19 20:50:00,0.7699209859499894,0.2019999999999999,1,0.0,False
realAWSCloudwatch/ec2_cpu_utilization_24ae8d.csv,B_iforest_raw,693,693,2014-02-19 23:05:00,2014-02-19 23:05:00,693,2014-02-19 23:05:00,0.7699209859499894,0.2019999999999999,1,0.0,False
realAWSCloudwatch/ec2_cpu_utilization_24ae8d.csv,B_iforest_raw,747,747,2014-02-20 03:35:00,2014-02-20 03:35:00,747,2014-02-20 03:35:00,0.8885694429292811,1.598,1,0.0,False
realAWSCloudwatch/ec2_cpu_utilization_24ae8d.csv,B_iforest_raw,1033,1033,2014-02-21 03:25:00,2014-02-21 03:25:00,1033,2014-02-21 03:25:00,0.8885694429292811,1.6,1,0.0,False
realAWSCloudwatch/ec2_cpu_utilization_24ae8d.csv,B_iforest_raw,1322,1322,2014-02-22 03:30:00,2014-02-22 03:30:00,1322,2014-02-22 03:30:00,0.8822792763341861,1.4680000000000002,1,0.0,False
realAWSCloudwatch/ec2_cpu_utilization_24ae8d.csv,B_iforest_raw,1611,1611,2014-02-23 03:35:00,2014-02-23 03:35:00,1611,2014-02-23 03:35:00,0.8810862075613624,1.444,1,0.0,False
realAWSCloudwatch/ec2_cpu_utilization_24ae8d.csv,B_iforest_raw,1898,1898,2014-02-24 03:30:00,2014-02-24 03:30:00,1898,2014-02-24 03:30:00,0.8822792763341861,1.466,1,0.0,False
realAWSCloudwatch/ec2_cpu_utilization_24ae8d.csv,B_iforest_raw,2182,2182,2014-02-25 03:10:00,2014-02-25 03:10:00,2182,2014-02-25 03:10:00,0.884071909278422,1.49,1,0.0,False
realAWSCloudwatch/ec2_cpu_utilization_24ae8d.csv,B_iforest_raw,2333,2333,2014-02-25 15:45:00,2014-02-25 15:45:00,2333,2014-02-25 15:45:00,0.7847558337464297,0.266,1,0.0,False
realAWSCloudwatch/ec2_cpu_utilization_24ae8d.csv,B_iforest_raw,2471,2471,2014-02-26 03:15:00,2014-02-26 03:15:00,2471,2014-02-26 03:15:00,0.8885694429292811,1.534,1,0.0,False
realAWSCloudwatch/ec2_cpu_utilization_24ae8d.csv,B_iforest_raw,2684,2686,2014-02-26 21:00:00,2014-02-26 21:10:00,2684,2014-02-26 21:00:00,0.7847558337464297,0.266,2,10.0,True
realAWSCloudwatch/ec2_cpu_utilization_24ae8d.csv,B_iforest_raw,2697,2697,2014-02-26 22:05:00,2014-02-26 22:05:00,2697,2014-02-26 22:05:00,0.8885694429292811,2.344,1,0.0,True
realAWSCloudwatch/ec2_cpu_utilization_24ae8d.csv,B_iforest_raw,2711,2711,2014-02-26 23:15:00,2014-02-26 23:15:00,2711,2014-02-26 23:15:00,0.7904616206355847,0.3279999999999999,1,0.0,True
realAWSCloudwatch/ec2_cpu_utilization_24ae8d.csv,B_iforest_raw,2764,2764,2014-02-27 03:40:00,2014-02-27 03:40:00,2764,2014-02-27 03:40:00,0.8876681094914306,1.5319999999999998,1,0.0,True
realAWSCloudwatch/ec2_cpu_utilization_24ae8d.csv,B_iforest_raw,2927,2928,2014-02-27 17:15:00,2014-02-27 17:20:00,2927,2014-02-27 17:15:00,0.8105564262367809,0.602,2,5.0,True
realAWSCloudwatch/ec2_cpu_utilization_24ae8d.csv,B_iforest_raw,3048,3048,2014-02-28 03:20:00,2014-02-28 03:20:00,3048,2014-02-28 03:20:00,0.8885694429292811,1.6,1,0.0,False
realAWSCloudwatch/ec2_cpu_utilization_24ae8d.csv,C_iforest_contextual,55,55,2014-02-17 17:55:00,2014-02-17 17:55:00,55,2014-02-17 17:55:00,0.6727283947998614,0.2,1,0.0,False
realAWSCloudwatch/ec2_cpu_utilization_24ae8d.csv,C_iforest_contextual,102,102,2014-02-17 21:50:00,2014-02-17 21:50:00,102,2014-02-17 21:50:00,0.6732941571174897,0.2,1,0.0,False
realAWSCloudwatch/ec2_cpu_utilization_24ae8d.csv,C_iforest_contextual,168,169,2014-02-18 03:20:00,2014-02-18 03:25:00,168,2014-02-18 03:20:00,0.7941117031015965,1.534,2,5.0,False
realAWSCloudwatch/ec2_cpu_utilization_24ae8d.csv,C_iforest_contextual,459,459,2014-02-19 03:35:00,2014-02-19 03:35:00,459,2014-02-19 03:35:00,0.7947642279197715,1.444,1,0.0,False
realAWSCloudwatch/ec2_cpu_utilization_24ae8d.csv,C_iforest_contextual,598,598,2014-02-19 15:10:00,2014-02-19 15:10:00,598,2014-02-19 15:10:00,0.6786161405496354,0.2,1,0.0,False
realAWSCloudwatch/ec2_cpu_utilization_24ae8d.csv,C_iforest_contextual,660,660,2014-02-19 20:20:00,2014-02-19 20:20:00,660,2014-02-19 20:20:00,0.6712297260417284,0.2,1,0.0,False
realAWSCloudwatch/ec2_cpu_utilization_24ae8d.csv,C_iforest_contextual,747,748,2014-02-20 03:35:00,2014-02-20 03:40:00,747,2014-02-20 03:35:00,0.797457413784666,1.598,2,5.0,False
realAWSCloudwatch/ec2_cpu_utilization_24ae8d.csv,C_iforest_contextual,832,832,2014-02-20 10:40:00,2014-02-20 10:40:00,832,2014-02-20 10:40:00,0.6743812062988391,0.2019999999999999,1,0.0,False
realAWSCloudwatch/ec2_cpu_utilization_24ae8d.csv,C_iforest_contextual,894,894,2014-02-20 15:50:00,2014-02-20 15:50:00,894,2014-02-20 15:50:00,0.6777854641245794,0.2019999999999999,1,0.0,False
realAWSCloudwatch/ec2_cpu_utilization_24ae8d.csv,C_iforest_contextual,1033,1033,2014-02-21 03:25:00,2014-02-21 03:25:00,1033,2014-02-21 03:25:00,0.7971591024245382,1.6,1,0.0,False
realAWSCloudwatch/ec2_cpu_utilization_24ae8d.csv,C_iforest_contextual,1042,1042,2014-02-21 04:10:00,2014-02-21 04:10:00,1042,2014-02-21 04:10:00,0.6721888329509095,0.2019999999999999,1,0.0,False
realAWSCloudwatch/ec2_cpu_utilization_24ae8d.csv,C_iforest_contextual,1322,1323,2014-02-22 03:30:00,2014-02-22 03:35:00,1322,2014-02-22 03:30:00,0.7855658714223474,1.4680000000000002,2,5.0,False
realAWSCloudwatch/ec2_cpu_utilization_24ae8d.csv,C_iforest_contextual,1375,1375,2014-02-22 07:55:00,2014-02-22 07:55:00,1375,2014-02-22 07:55:00,0.6721558121472125,0.2019999999999999,1,0.0,False
realAWSCloudwatch/ec2_cpu_utilization_24ae8d.csv,C_iforest_contextual,1611,1611,2014-02-23 03:35:00,2014-02-23 03:35:00,1611,2014-02-23 03:35:00,0.7848878858884056,1.444,1,0.0,False
realAWSCloudwatch/ec2_cpu_utilization_24ae8d.csv,C_iforest_contextual,1898,1898,2014-02-24 03:30:00,2014-02-24 03:30:00,1898,2014-02-24 03:30:00,0.7929298165906371,1.466,1,0.0,False
realAWSCloudwatch/ec2_cpu_utilization_24ae8d.csv,C_iforest_contextual,2182,2182,2014-02-25 03:10:00,2014-02-25 03:10:00,2182,2014-02-25 03:10:00,0.7978975575315482,1.49,1,0.0,False
realAWSCloudwatch/ec2_cpu_utilization_24ae8d.csv,C_iforest_contextual,2333,2333,2014-02-25 15:45:00,2014-02-25 15:45:00,2333,2014-02-25 15:45:00,0.6805798411829366,0.266,1,0.0,False
realAWSCloudwatch/ec2_cpu_utilization_24ae8d.csv,C_iforest_contextual,2471,2472,2014-02-26 03:15:00,2014-02-26 03:20:00,2471,2014-02-26 03:15:00,0.7978157935967806,1.534,2,5.0,False
realAWSCloudwatch/ec2_cpu_utilization_24ae8d.csv,C_iforest_contextual,2539,2539,2014-02-26 08:55:00,2014-02-26 08:55:00,2539,2014-02-26 08:55:00,0.6793187821343053,0.2019999999999999,1,0.0,False
realAWSCloudwatch/ec2_cpu_utilization_24ae8d.csv,C_iforest_contextual,2697,2698,2014-02-26 22:05:00,2014-02-26 22:10:00,2697,2014-02-26 22:05:00,0.7864792002265159,2.344,2,5.0,True
realAWSCloudwatch/ec2_cpu_utilization_24ae8d.csv,C_iforest_contextual,2711,2711,2014-02-26 23:15:00,2014-02-26 23:15:00,2711,2014-02-26 23:15:00,0.6809482998479771,0.3279999999999999,1,0.0,True
realAWSCloudwatch/ec2_cpu_utilization_24ae8d.csv,C_iforest_contextual,2764,2764,2014-02-27 03:40:00,2014-02-27 03:40:00,2764,2014-02-27 03:40:00,0.7971876850244257,1.5319999999999998,1,0.0,True
realAWSCloudwatch/ec2_cpu_utilization_24ae8d.csv,C_iforest_contextual,2875,2875,2014-02-27 12:55:00,2014-02-27 12:55:00,2875,2014-02-27 12:55:00,0.671659561246893,0.198,1,0.0,True
realAWSCloudwatch/ec2_cpu_utilization_24ae8d.csv,C_iforest_contextual,2927,2927,2014-02-27 17:15:00,2014-02-27 17:15:00,2927,2014-02-27 17:15:00,0.7188267383123983,0.602,1,0.0,True
realAWSCloudwatch/ec2_cpu_utilization_24ae8d.csv,C_iforest_contextual,3048,3048,2014-02-28 03:20:00,2014-02-28 03:20:00,3048,2014-02-28 03:20:00,0.7999459461398514,1.6,1,0.0,False
realAWSCloudwatch/ec2_cpu_utilization_24ae8d.csv,C_iforest_contextual,3147,3147,2014-02-28 11:35:00,2014-02-28 11:35:00,3147,2014-02-28 11:35:00,0.6811472777533278,0.2019999999999999,1,0.0,False
realAWSCloudwatch/ec2_cpu_utilization_53ea38.csv,A_rolling_zscore,142,142,2014-02-18 01:10:00,2014-02-18 01:10:00,142,2014-02-18 01:10:00,4.773352366553911,2.1919999999999997,1,0.0,False
realAWSCloudwatch/ec2_cpu_utilization_53ea38.csv,A_rolling_zscore,168,168,2014-02-18 03:20:00,2014-02-18 03:20:00,168,2014-02-18 03:20:00,3.8118625590816526,2.238,1,0.0,False
realAWSCloudwatch/ec2_cpu_utilization_53ea38.csv,A_rolling_zscore,202,202,2014-02-18 06:10:00,2014-02-18 06:10:00,202,2014-02-18 06:10:00,3.451109901542259,2.026,1,0.0,False
realAWSCloudwatch/ec2_cpu_utilization_53ea38.csv,A_rolling_zscore,298,298,2014-02-18 14:10:00,2014-02-18 14:10:00,298,2014-02-18 14:10:00,4.529318501582188,2.226,1,0.0,False
realAWSCloudwatch/ec2_cpu_utilization_53ea38.csv,A_rolling_zscore,457,457,2014-02-19 03:25:00,2014-02-19 03:25:00,457,2014-02-19 03:25:00,6.8316453460821664,2.4,1,0.0,False
realAWSCloudwatch/ec2_cpu_utilization_53ea38.csv,A_rolling_zscore,742,742,2014-02-20 03:10:00,2014-02-20 03:10:00,742,2014-02-20 03:10:00,9.8356990997161,2.656,1,0.0,True
realAWSCloudwatch/ec2_cpu_utilization_53ea38.csv,A_rolling_zscore,970,970,2014-02-20 22:10:00,2014-02-20 22:10:00,970,2014-02-20 22:10:00,3.4572040770647843,2.0,1,0.0,False
realAWSCloudwatch/ec2_cpu_utilization_53ea38.csv,A_rolling_zscore,1033,1033,2014-02-21 03:25:00,2014-02-21 03:25:00,1033,2014-02-21 03:25:00,6.417078866530005,2.4,1,0.0,False
realAWSCloudwatch/ec2_cpu_utilization_53ea38.csv,A_rolling_zscore,1204,1204,2014-02-21 17:40:00,2014-02-21 17:40:00,1204,2014-02-21 17:40:00,3.67114260295755,2.024,1,0.0,False
realAWSCloudwatch/ec2_cpu_utilization_53ea38.csv,A_rolling_zscore,1225,1225,2014-02-21 19:25:00,2014-02-21 19:25:00,1225,2014-02-21 19:25:00,3.487334898247811,2.136,1,0.0,False
realAWSCloudwatch/ec2_cpu_utilization_53ea38.csv,A_rolling_zscore,1270,1270,2014-02-21 23:10:00,2014-02-21 23:10:00,1270,2014-02-21 23:10:00,3.5060840194352996,2.12,1,0.0,False
realAWSCloudwatch/ec2_cpu_utilization_53ea38.csv,A_rolling_zscore,1318,1318,2014-02-22 03:10:00,2014-02-22 03:10:00,1318,2014-02-22 03:10:00,9.748333592083835,2.638,1,0.0,False
realAWSCloudwatch/ec2_cpu_utilization_53ea38.csv,A_rolling_zscore,1375,1375,2014-02-22 07:55:00,2014-02-22 07:55:00,1375,2014-02-22 07:55:00,3.866790924710127,2.194,1,0.0,False
realAWSCloudwatch/ec2_cpu_utilization_53ea38.csv,A_rolling_zscore,1498,1498,2014-02-22 18:10:00,2014-02-22 18:10:00,1498,2014-02-22 18:10:00,3.85668555907908,2.122,1,0.0,False
realAWSCloudwatch/ec2_cpu_utilization_53ea38.csv,A_rolling_zscore,1606,1606,2014-02-23 03:10:00,2014-02-23 03:10:00,1606,2014-02-23 03:10:00,7.88791475477801,2.65,1,0.0,False
realAWSCloudwatch/ec2_cpu_utilization_53ea38.csv,A_rolling_zscore,1660,1660,2014-02-23 07:40:00,2014-02-23 07:40:00,1660,2014-02-23 07:40:00,3.91881546233129,2.094,1,0.0,False
realAWSCloudwatch/ec2_cpu_utilization_53ea38.csv,A_rolling_zscore,1822,1822,2014-02-23 21:10:00,2014-02-23 21:10:00,1822,2014-02-23 21:10:00,3.80026388457728,2.364,1,0.0,True
realAWSCloudwatch/ec2_cpu_utilization_53ea38.csv,A_rolling_zscore,1845,1845,2014-02-23 23:05:00,2014-02-23 23:05:00,1845,2014-02-23 23:05:00,3.5448962764589207,1.67,1,0.0,True
realAWSCloudwatch/ec2_cpu_utilization_53ea38.csv,A_rolling_zscore,1870,1870,2014-02-24 01:10:00,2014-02-24 01:10:00,1870,2014-02-24 01:10:00,3.599467108069729,2.028,1,0.0,True
realAWSCloudwatch/ec2_cpu_utilization_53ea38.csv,A_rolling_zscore,1900,1900,2014-02-24 03:40:00,2014-02-24 03:40:00,1900,2014-02-24 03:40:00,6.248652833775071,2.6,1,0.0,True
realAWSCloudwatch/ec2_cpu_utilization_53ea38.csv,A_rolling_zscore,2188,2188,2014-02-25 03:40:00,2014-02-25 03:40:00,2188,2014-02-25 03:40:00,8.027225215536989,2.576,1,0.0,False
realAWSCloudwatch/ec2_cpu_utilization_53ea38.csv,A_rolling_zscore,2212,2212,2014-02-25 05:40:00,2014-02-25 05:40:00,2212,2014-02-25 05:40:00,3.9343354444923966,2.09,1,0.0,False
realAWSCloudwatch/ec2_cpu_utilization_53ea38.csv,A_rolling_zscore,2236,2236,2014-02-25 07:40:00,2014-02-25 07:40:00,2236,2014-02-25 07:40:00,3.6137196139395895,2.126,1,0.0,False
realAWSCloudwatch/ec2_cpu_utilization_53ea38.csv,A_rolling_zscore,2471,2471,2014-02-26 03:15:00,2014-02-26 03:15:00,2471,2014-02-26 03:15:00,5.6980119079172145,2.366,1,0.0,False
realAWSCloudwatch/ec2_cpu_utilization_53ea38.csv,A_rolling_zscore,2518,2518,2014-02-26 07:10:00,2014-02-26 07:10:00,2518,2014-02-26 07:10:00,4.037145232537949,2.194,1,0.0,False
realAWSCloudwatch/ec2_cpu_utilization_53ea38.csv,A_rolling_zscore,2668,2668,2014-02-26 19:40:00,2014-02-26 19:40:00,2668,2014-02-26 19:40:00,4.1873445070044175,2.088,1,0.0,False
realAWSCloudwatch/ec2_cpu_utilization_53ea38.csv,A_rolling_zscore,2759,2759,2014-02-27 03:15:00,2014-02-27 03:15:00,2759,2014-02-27 03:15:00,9.090034945859184,2.4659999999999997,1,0.0,False
realAWSCloudwatch/ec2_cpu_utilization_53ea38.csv,A_rolling_zscore,2866,2866,2014-02-27 12:10:00,2014-02-27 12:10:00,2866,2014-02-27 12:10:00,3.8935533530979405,2.09,1,0.0,False
realAWSCloudwatch/ec2_cpu_utilization_53ea38.csv,A_rolling_zscore,2986,2986,2014-02-27 22:10:00,2014-02-27 22:10:00,2986,2014-02-27 22:10:00,4.232245155324619,2.126,1,0.0,False
realAWSCloudwatch/ec2_cpu_utilization_53ea38.csv,A_rolling_zscore,3051,3051,2014-02-28 03:35:00,2014-02-28 03:35:00,3051,2014-02-28 03:35:00,9.283283159461838,2.488,1,0.0,False
realAWSCloudwatch/ec2_cpu_utilization_53ea38.csv,A_rolling_zscore,3094,3094,2014-02-28 07:10:00,2014-02-28 07:10:00,3094,2014-02-28 07:10:00,3.917523283816584,2.056,1,0.0,False
realAWSCloudwatch/ec2_cpu_utilization_53ea38.csv,B_iforest_raw,142,142,2014-02-18 01:10:00,2014-02-18 01:10:00,142,2014-02-18 01:10:00,0.7483254994210903,2.1919999999999997,1,0.0,False
realAWSCloudwatch/ec2_cpu_utilization_53ea38.csv,B_iforest_raw,168,168,2014-02-18 03:20:00,2014-02-18 03:20:00,168,2014-02-18 03:20:00,0.7654804565989143,2.238,1,0.0,False
realAWSCloudwatch/ec2_cpu_utilization_53ea38.csv,B_iforest_raw,298,298,2014-02-18 14:10:00,2014-02-18 14:10:00,298,2014-02-18 14:10:00,0.7608333971612308,2.226,1,0.0,False
realAWSCloudwatch/ec2_cpu_utilization_53ea38.csv,B_iforest_raw,376,376,2014-02-18 20:40:00,2014-02-18 20:40:00,376,2014-02-18 20:40:00,0.7365213799235327,2.14,1,0.0,False
realAWSCloudwatch/ec2_cpu_utilization_53ea38.csv,B_iforest_raw,457,457,2014-02-19 03:25:00,2014-02-19 03:25:00,457,2014-02-19 03:25:00,0.8171267829689308,2.4,1,0.0,False
realAWSCloudwatch/ec2_cpu_utilization_53ea38.csv,B_iforest_raw,549,549,2014-02-19 11:05:00,2014-02-19 11:05:00,549,2014-02-19 11:05:00,0.7351227526579761,1.606,1,0.0,True
realAWSCloudwatch/ec2_cpu_utilization_53ea38.csv,B_iforest_raw,585,585,2014-02-19 14:05:00,2014-02-19 14:05:00,585,2014-02-19 14:05:00,0.7351227526579761,1.606,1,0.0,True
realAWSCloudwatch/ec2_cpu_utilization_53ea38.csv,B_iforest_raw,643,643,2014-02-19 18:55:00,2014-02-19 18:55:00,643,2014-02-19 18:55:00,0.7351227526579761,1.604,1,0.0,True
realAWSCloudwatch/ec2_cpu_utilization_53ea38.csv,B_iforest_raw,652,652,2014-02-19 19:40:00,2014-02-19 19:40:00,652,2014-02-19 19:40:00,0.7400178953233097,2.16,1,0.0,True
realAWSCloudwatch/ec2_cpu_utilization_53ea38.csv,B_iforest_raw,664,664,2014-02-19 20:40:00,2014-02-19 20:40:00,664,2014-02-19 20:40:00,0.7400178953233097,2.16,1,0.0,True
realAWSCloudwatch/ec2_cpu_utilization_53ea38.csv,B_iforest_raw,670,670,2014-02-19 21:10:00,2014-02-19 21:10:00,670,2014-02-19 21:10:00,0.7608333971612308,2.224,1,0.0,True
realAWSCloudwatch/ec2_cpu_utilization_53ea38.csv,B_iforest_raw,742,742,2014-02-20 03:10:00,2014-02-20 03:10:00,742,2014-02-20 03:10:00,0.8498299496268854,2.656,1,0.0,True
realAWSCloudwatch/ec2_cpu_utilization_53ea38.csv,B_iforest_raw,880,880,2014-02-20 14:40:00,2014-02-20 14:40:00,880,2014-02-20 14:40:00,0.7430281170992329,2.176,1,0.0,False
realAWSCloudwatch/ec2_cpu_utilization_53ea38.csv,B_iforest_raw,1033,1033,2014-02-21 03:25:00,2014-02-21 03:25:00,1033,2014-02-21 03:25:00,0.8171267829689308,2.4,1,0.0,False
realAWSCloudwatch/ec2_cpu_utilization_53ea38.csv,B_iforest_raw,1225,1225,2014-02-21 19:25:00,2014-02-21 19:25:00,1225,2014-02-21 19:25:00,0.7335316464688856,2.136,1,0.0,False
realAWSCloudwatch/ec2_cpu_utilization_53ea38.csv,B_iforest_raw,1318,1318,2014-02-22 03:10:00,2014-02-22 03:10:00,1318,2014-02-22 03:10:00,0.8498299496268854,2.638,1,0.0,False
realAWSCloudwatch/ec2_cpu_utilization_53ea38.csv,B_iforest_raw,1375,1375,2014-02-22 07:55:00,2014-02-22 07:55:00,1375,2014-02-22 07:55:00,0.7488319775319764,2.194,1,0.0,False
realAWSCloudwatch/ec2_cpu_utilization_53ea38.csv,B_iforest_raw,1606,1606,2014-02-23 03:10:00,2014-02-23 03:10:00,1606,2014-02-23 03:10:00,0.8498299496268854,2.65,1,0.0,False
realAWSCloudwatch/ec2_cpu_utilization_53ea38.csv,B_iforest_raw,1618,1618,2014-02-23 04:10:00,2014-02-23 04:10:00,1618,2014-02-23 04:10:00,0.7335316464688856,2.136,1,0.0,False
realAWSCloudwatch/ec2_cpu_utilization_53ea38.csv,B_iforest_raw,1672,1672,2014-02-23 08:40:00,2014-02-23 08:40:00,1672,2014-02-23 08:40:00,0.7372692397827736,2.146,1,0.0,False
realAWSCloudwatch/ec2_cpu_utilization_53ea38.csv,B_iforest_raw,1816,1816,2014-02-23 20:40:00,2014-02-23 20:40:00,1816,2014-02-23 20:40:00,0.751878052957341,2.2,1,0.0,True
realAWSCloudwatch/ec2_cpu_utilization_53ea38.csv,B_iforest_raw,1822,1822,2014-02-23 21:10:00,2014-02-23 21:10:00,1822,2014-02-23 21:10:00,0.8064168809286505,2.364,1,0.0,True
realAWSCloudwatch/ec2_cpu_utilization_53ea38.csv,B_iforest_raw,1828,1828,2014-02-23 21:40:00,2014-02-23 21:40:00,1828,2014-02-23 21:40:00,0.750607351930875,2.198,1,0.0,True
realAWSCloudwatch/ec2_cpu_utilization_53ea38.csv,B_iforest_raw,1834,1834,2014-02-23 22:10:00,2014-02-23 22:10:00,1834,2014-02-23 22:10:00,0.750607351930875,2.198,1,0.0,True
realAWSCloudwatch/ec2_cpu_utilization_53ea38.csv,B_iforest_raw,1882,1882,2014-02-24 02:10:00,2014-02-24 02:10:00,1882,2014-02-24 02:10:00,0.7395173786828738,2.158,1,0.0,True
realAWSCloudwatch/ec2_cpu_utilization_53ea38.csv,B_iforest_raw,1900,1900,2014-02-24 03:40:00,2014-02-24 03:40:00,1900,2014-02-24 03:40:00,0.8498299496268854,2.6,1,0.0,True
realAWSCloudwatch/ec2_cpu_utilization_53ea38.csv,B_iforest_raw,2188,2188,2014-02-25 03:40:00,2014-02-25 03:40:00,2188,2014-02-25 03:40:00,0.8498299496268854,2.576,1,0.0,False
realAWSCloudwatch/ec2_cpu_utilization_53ea38.csv,B_iforest_raw,2471,2471,2014-02-26 03:15:00,2014-02-26 03:15:00,2471,2014-02-26 03:15:00,0.8075088408189055,2.366,1,0.0,False
realAWSCloudwatch/ec2_cpu_utilization_53ea38.csv,B_iforest_raw,2518,2518,2014-02-26 07:10:00,2014-02-26 07:10:00,2518,2014-02-26 07:10:00,0.7488319775319764,2.194,1,0.0,False
realAWSCloudwatch/ec2_cpu_utilization_53ea38.csv,B_iforest_raw,2759,2759,2014-02-27 03:15:00,2014-02-27 03:15:00,2759,2014-02-27 03:15:00,0.8307846607908305,2.4659999999999997,1,0.0,False
realAWSCloudwatch/ec2_cpu_utilization_53ea38.csv,B_iforest_raw,3051,3051,2014-02-28 03:35:00,2014-02-28 03:35:00,3051,2014-02-28 03:35:00,0.8319096168135492,2.488,1,0.0,False
realAWSCloudwatch/ec2_cpu_utilization_53ea38.csv,C_iforest_contextual,34,34,2014-02-17 16:10:00,2014-02-17 16:10:00,34,2014-02-17 16:10:00,0.6691441997457508,2.0980000000000003,1,0.0,False
realAWSCloudwatch/ec2_cpu_utilization_53ea38.csv,C_iforest_contextual,142,142,2014-02-18 01:10:00,2014-02-18 01:10:00,142,2014-02-18 01:10:00,0.669629365703059,2.1919999999999997,1,0.0,False
realAWSCloudwatch/ec2_cpu_utilization_53ea38.csv,C_iforest_contextual,168,168,2014-02-18 03:20:00,2014-02-18 03:20:00,168,2014-02-18 03:20:00,0.6553932542685322,2.238,1,0.0,False
realAWSCloudwatch/ec2_cpu_utilization_53ea38.csv,C_iforest_contextual,298,298,2014-02-18 14:10:00,2014-02-18 14:10:00,298,2014-02-18 14:10:00,0.6509349094733479,2.226,1,0.0,False
realAWSCloudwatch/ec2_cpu_utilization_53ea38.csv,C_iforest_contextual,457,457,2014-02-19 03:25:00,2014-02-19 03:25:00,457,2014-02-19 03:25:00,0.7339995308713052,2.4,1,0.0,False
realAWSCloudwatch/ec2_cpu_utilization_53ea38.csv,C_iforest_contextual,742,742,2014-02-20 03:10:00,2014-02-20 03:10:00,742,2014-02-20 03:10:00,0.7552094848365971,2.656,1,0.0,True
realAWSCloudwatch/ec2_cpu_utilization_53ea38.csv,C_iforest_contextual,880,880,2014-02-20 14:40:00,2014-02-20 14:40:00,880,2014-02-20 14:40:00,0.6470595646287307,2.176,1,0.0,False
realAWSCloudwatch/ec2_cpu_utilization_53ea38.csv,C_iforest_contextual,1033,1033,2014-02-21 03:25:00,2014-02-21 03:25:00,1033,2014-02-21 03:25:00,0.7197864172056143,2.4,1,0.0,False
realAWSCloudwatch/ec2_cpu_utilization_53ea38.csv,C_iforest_contextual,1225,1225,2014-02-21 19:25:00,2014-02-21 19:25:00,1225,2014-02-21 19:25:00,0.6437305248867229,2.136,1,0.0,False
realAWSCloudwatch/ec2_cpu_utilization_53ea38.csv,C_iforest_contextual,1271,1271,2014-02-21 23:15:00,2014-02-21 23:15:00,1271,2014-02-21 23:15:00,0.6498295722861459,1.638,1,0.0,False
realAWSCloudwatch/ec2_cpu_utilization_53ea38.csv,C_iforest_contextual,1318,1319,2014-02-22 03:10:00,2014-02-22 03:15:00,1318,2014-02-22 03:10:00,0.7457049427819403,2.638,2,5.0,False
realAWSCloudwatch/ec2_cpu_utilization_53ea38.csv,C_iforest_contextual,1375,1375,2014-02-22 07:55:00,2014-02-22 07:55:00,1375,2014-02-22 07:55:00,0.6755511786327659,2.194,1,0.0,False
realAWSCloudwatch/ec2_cpu_utilization_53ea38.csv,C_iforest_contextual,1498,1498,2014-02-22 18:10:00,2014-02-22 18:10:00,1498,2014-02-22 18:10:00,0.65863064321983,2.122,1,0.0,False
realAWSCloudwatch/ec2_cpu_utilization_53ea38.csv,C_iforest_contextual,1606,1606,2014-02-23 03:10:00,2014-02-23 03:10:00,1606,2014-02-23 03:10:00,0.7397060208309759,2.65,1,0.0,False
realAWSCloudwatch/ec2_cpu_utilization_53ea38.csv,C_iforest_contextual,1618,1618,2014-02-23 04:10:00,2014-02-23 04:10:00,1618,2014-02-23 04:10:00,0.6647208953436756,2.136,1,0.0,False
realAWSCloudwatch/ec2_cpu_utilization_53ea38.csv,C_iforest_contextual,1822,1822,2014-02-23 21:10:00,2014-02-23 21:10:00,1822,2014-02-23 21:10:00,0.6675134240464308,2.364,1,0.0,True
realAWSCloudwatch/ec2_cpu_utilization_53ea38.csv,C_iforest_contextual,1900,1900,2014-02-24 03:40:00,2014-02-24 03:40:00,1900,2014-02-24 03:40:00,0.7516459463461809,2.6,1,0.0,True
realAWSCloudwatch/ec2_cpu_utilization_53ea38.csv,C_iforest_contextual,2188,2188,2014-02-25 03:40:00,2014-02-25 03:40:00,2188,2014-02-25 03:40:00,0.7495146091619912,2.576,1,0.0,False
realAWSCloudwatch/ec2_cpu_utilization_53ea38.csv,C_iforest_contextual,2236,2236,2014-02-25 07:40:00,2014-02-25 07:40:00,2236,2014-02-25 07:40:00,0.6452950916089544,2.126,1,0.0,False
realAWSCloudwatch/ec2_cpu_utilization_53ea38.csv,C_iforest_contextual,2471,2471,2014-02-26 03:15:00,2014-02-26 03:15:00,2471,2014-02-26 03:15:00,0.7114720011757646,2.366,1,0.0,False
realAWSCloudwatch/ec2_cpu_utilization_53ea38.csv,C_iforest_contextual,2518,2518,2014-02-26 07:10:00,2014-02-26 07:10:00,2518,2014-02-26 07:10:00,0.6879409989984546,2.194,1,0.0,False
realAWSCloudwatch/ec2_cpu_utilization_53ea38.csv,C_iforest_contextual,2668,2668,2014-02-26 19:40:00,2014-02-26 19:40:00,2668,2014-02-26 19:40:00,0.6489512474935225,2.088,1,0.0,False
realAWSCloudwatch/ec2_cpu_utilization_53ea38.csv,C_iforest_contextual,2681,2681,2014-02-26 20:45:00,2014-02-26 20:45:00,2681,2014-02-26 20:45:00,0.6484198188669764,1.636,1,0.0,False
realAWSCloudwatch/ec2_cpu_utilization_53ea38.csv,C_iforest_contextual,2759,2759,2014-02-27 03:15:00,2014-02-27 03:15:00,2759,2014-02-27 03:15:00,0.7446227234260911,2.4659999999999997,1,0.0,False
realAWSCloudwatch/ec2_cpu_utilization_53ea38.csv,C_iforest_contextual,2830,2830,2014-02-27 09:10:00,2014-02-27 09:10:00,2830,2014-02-27 09:10:00,0.6476966331471335,2.0980000000000003,1,0.0,False
realAWSCloudwatch/ec2_cpu_utilization_53ea38.csv,C_iforest_contextual,2866,2866,2014-02-27 12:10:00,2014-02-27 12:10:00,2866,2014-02-27 12:10:00,0.6756679736241942,2.09,1,0.0,False
realAWSCloudwatch/ec2_cpu_utilization_53ea38.csv,C_iforest_contextual,2908,2909,2014-02-27 15:40:00,2014-02-27 15:45:00,2908,2014-02-27 15:40:00,0.6652324810390209,2.124,2,5.0,False
realAWSCloudwatch/ec2_cpu_utilization_53ea38.csv,C_iforest_contextual,2986,2986,2014-02-27 22:10:00,2014-02-27 22:10:00,2986,2014-02-27 22:10:00,0.6543520227567985,2.126,1,0.0,False
realAWSCloudwatch/ec2_cpu_utilization_53ea38.csv,C_iforest_contextual,3051,3051,2014-02-28 03:35:00,2014-02-28 03:35:00,3051,2014-02-28 03:35:00,0.7457573851987581,2.488,1,0.0,False
realAWSCloudwatch/ec2_cpu_utilization_5f5533.csv,A_rolling_zscore,421,421,2014-02-19 00:22:00,2014-02-19 00:22:00,421,2014-02-19 00:22:00,3.3067031585107567,62.056,1,0.0,True
realAWSCloudwatch/ec2_cpu_utilization_5f5533.csv,A_rolling_zscore,605,606,2014-02-19 15:42:00,2014-02-19 15:47:00,605,2014-02-19 15:42:00,4.206352915679909,39.718,2,5.0,False
realAWSCloudwatch/ec2_cpu_utilization_5f5533.csv,A_rolling_zscore,619,620,2014-02-19 16:52:00,2014-02-19 16:57:00,619,2014-02-19 16:52:00,3.551907432873221,39.596,2,5.0,False
realAWSCloudwatch/ec2_cpu_utilization_5f5533.csv,A_rolling_zscore,656,656,2014-02-19 19:57:00,2014-02-19 19:57:00,656,2014-02-19 19:57:00,3.3253754751255236,50.63,1,0.0,False
realAWSCloudwatch/ec2_cpu_utilization_5f5533.csv,A_rolling_zscore,728,728,2014-02-20 01:57:00,2014-02-20 01:57:00,728,2014-02-20 01:57:00,3.349093890060906,51.292,1,0.0,False
realAWSCloudwatch/ec2_cpu_utilization_5f5533.csv,A_rolling_zscore,824,824,2014-02-20 09:57:00,2014-02-20 09:57:00,824,2014-02-20 09:57:00,3.0875276423586673,50.828,1,0.0,False
realAWSCloudwatch/ec2_cpu_utilization_5f5533.csv,A_rolling_zscore,920,920,2014-02-20 17:57:00,2014-02-20 17:57:00,920,2014-02-20 17:57:00,3.3460591407064157,51.056,1,0.0,False
realAWSCloudwatch/ec2_cpu_utilization_5f5533.csv,A_rolling_zscore,996,996,2014-02-21 00:17:00,2014-02-21 00:17:00,996,2014-02-21 00:17:00,3.037368166719632,49.694,1,0.0,False
realAWSCloudwatch/ec2_cpu_utilization_5f5533.csv,A_rolling_zscore,1028,1028,2014-02-21 02:57:00,2014-02-21 02:57:00,1028,2014-02-21 02:57:00,3.453849558994508,51.83,1,0.0,False
realAWSCloudwatch/ec2_cpu_utilization_5f5533.csv,A_rolling_zscore,1053,1053,2014-02-21 05:02:00,2014-02-21 05:02:00,1053,2014-02-21 05:02:00,3.1569206286754485,50.178,1,0.0,False
realAWSCloudwatch/ec2_cpu_utilization_5f5533.csv,A_rolling_zscore,1091,1091,2014-02-21 08:12:00,2014-02-21 08:12:00,1091,2014-02-21 08:12:00,3.570590468440429,49.108,1,0.0,False
realAWSCloudwatch/ec2_cpu_utilization_5f5533.csv,A_rolling_zscore,1124,1124,2014-02-21 10:57:00,2014-02-21 10:57:00,1124,2014-02-21 10:57:00,3.6183753511781016,51.032,1,0.0,False
realAWSCloudwatch/ec2_cpu_utilization_5f5533.csv,A_rolling_zscore,1667,1667,2014-02-23 08:12:00,2014-02-23 08:12:00,1667,2014-02-23 08:12:00,3.162662123498316,49.19,1,0.0,False
realAWSCloudwatch/ec2_cpu_utilization_5f5533.csv,A_rolling_zscore,1820,1820,2014-02-23 20:57:00,2014-02-23 20:57:00,1820,2014-02-23 20:57:00,3.1651388744406526,50.61,1,0.0,False
realAWSCloudwatch/ec2_cpu_utilization_5f5533.csv,A_rolling_zscore,1845,1845,2014-02-23 23:02:00,2014-02-23 23:02:00,1845,2014-02-23 23:02:00,3.203832225768468,49.518,1,0.0,False
realAWSCloudwatch/ec2_cpu_utilization_5f5533.csv,A_rolling_zscore,2080,2080,2014-02-24 18:37:00,2014-02-24 18:37:00,2080,2014-02-24 18:37:00,3.1913042109584806,34.766,1,0.0,True
realAWSCloudwatch/ec2_cpu_utilization_5f5533.csv,A_rolling_zscore,2118,2120,2014-02-24 21:47:00,2014-02-24 21:57:00,2120,2014-02-24 21:57:00,5.956824769078154,68.092,2,10.0,True
realAWSCloudwatch/ec2_cpu_utilization_5f5533.csv,A_rolling_zscore,2226,2226,2014-02-25 06:47:00,2014-02-25 06:47:00,2226,2014-02-25 06:47:00,3.227585506299563,36.08,1,0.0,False
realAWSCloudwatch/ec2_cpu_utilization_5f5533.csv,A_rolling_zscore,2254,2254,2014-02-25 09:07:00,2014-02-25 09:07:00,2254,2014-02-25 09:07:00,3.4997087996591554,39.548,1,0.0,False
realAWSCloudwatch/ec2_cpu_utilization_5f5533.csv,A_rolling_zscore,2437,2437,2014-02-26 00:22:00,2014-02-26 00:22:00,2437,2014-02-26 00:22:00,3.0743705050394543,35.278,1,0.0,False
realAWSCloudwatch/ec2_cpu_utilization_5f5533.csv,A_rolling_zscore,2460,2460,2014-02-26 02:17:00,2014-02-26 02:17:00,2460,2014-02-26 02:17:00,3.619731222847648,35.93,1,0.0,False
realAWSCloudwatch/ec2_cpu_utilization_5f5533.csv,A_rolling_zscore,2614,2614,2014-02-26 15:07:00,2014-02-26 15:07:00,2614,2014-02-26 15:07:00,3.1891917048933913,41.142,1,0.0,False
realAWSCloudwatch/ec2_cpu_utilization_5f5533.csv,A_rolling_zscore,2818,2818,2014-02-27 08:07:00,2014-02-27 08:07:00,2818,2014-02-27 08:07:00,4.323080234023641,41.93600000000001,1,0.0,False
realAWSCloudwatch/ec2_cpu_utilization_5f5533.csv,A_rolling_zscore,2858,2858,2014-02-27 11:27:00,2014-02-27 11:27:00,2858,2014-02-27 11:27:00,3.2714753610776706,35.376,1,0.0,False
realAWSCloudwatch/ec2_cpu_utilization_5f5533.csv,A_rolling_zscore,2984,2984,2014-02-27 21:57:00,2014-02-27 21:57:00,2984,2014-02-27 21:57:00,3.160247704466778,41.052,1,0.0,False
realAWSCloudwatch/ec2_cpu_utilization_5f5533.csv,A_rolling_zscore,3010,3010,2014-02-28 00:07:00,2014-02-28 00:07:00,3010,2014-02-28 00:07:00,3.0241465858633707,40.822,1,0.0,False
realAWSCloudwatch/ec2_cpu_utilization_5f5533.csv,A_rolling_zscore,3094,3094,2014-02-28 07:07:00,2014-02-28 07:07:00,3094,2014-02-28 07:07:00,3.044960955911298,39.62,1,0.0,False
realAWSCloudwatch/ec2_cpu_utilization_5f5533.csv,A_rolling_zscore,3142,3142,2014-02-28 11:07:00,2014-02-28 11:07:00,3142,2014-02-28 11:07:00,3.06931230632287,40.684,1,0.0,False
realAWSCloudwatch/ec2_cpu_utilization_5f5533.csv,B_iforest_raw,68,68,2014-02-17 18:57:00,2014-02-17 18:57:00,68,2014-02-17 18:57:00,0.7699340424311382,56.408,1,0.0,False
realAWSCloudwatch/ec2_cpu_utilization_5f5533.csv,B_iforest_raw,166,166,2014-02-18 03:07:00,2014-02-18 03:07:00,166,2014-02-18 03:07:00,0.7253357506517565,54.986,1,0.0,False
realAWSCloudwatch/ec2_cpu_utilization_5f5533.csv,B_iforest_raw,368,368,2014-02-18 19:57:00,2014-02-18 19:57:00,368,2014-02-18 19:57:00,0.7509366861355504,55.846,1,0.0,True
realAWSCloudwatch/ec2_cpu_utilization_5f5533.csv,B_iforest_raw,421,421,2014-02-19 00:22:00,2014-02-19 00:22:00,421,2014-02-19 00:22:00,0.7699340424311382,62.056,1,0.0,True
realAWSCloudwatch/ec2_cpu_utilization_5f5533.csv,B_iforest_raw,703,703,2014-02-19 23:52:00,2014-02-19 23:52:00,703,2014-02-19 23:52:00,0.7189651146105122,38.408,1,0.0,False
realAWSCloudwatch/ec2_cpu_utilization_5f5533.csv,B_iforest_raw,719,719,2014-02-20 01:12:00,2014-02-20 01:12:00,719,2014-02-20 01:12:00,0.7189651146105122,38.524,1,0.0,False
realAWSCloudwatch/ec2_cpu_utilization_5f5533.csv,B_iforest_raw,839,839,2014-02-20 11:12:00,2014-02-20 11:12:00,839,2014-02-20 11:12:00,0.7189651146105122,38.356,1,0.0,False
realAWSCloudwatch/ec2_cpu_utilization_5f5533.csv,B_iforest_raw,900,900,2014-02-20 16:17:00,2014-02-20 16:17:00,900,2014-02-20 16:17:00,0.7189651146105122,38.27,1,0.0,False
realAWSCloudwatch/ec2_cpu_utilization_5f5533.csv,B_iforest_raw,1133,1133,2014-02-21 11:42:00,2014-02-21 11:42:00,1133,2014-02-21 11:42:00,0.7189651146105122,38.486,1,0.0,False
realAWSCloudwatch/ec2_cpu_utilization_5f5533.csv,B_iforest_raw,1230,1230,2014-02-21 19:47:00,2014-02-21 19:47:00,1230,2014-02-21 19:47:00,0.7189651146105122,38.454,1,0.0,False
realAWSCloudwatch/ec2_cpu_utilization_5f5533.csv,B_iforest_raw,1299,1299,2014-02-22 01:32:00,2014-02-22 01:32:00,1299,2014-02-22 01:32:00,0.7189651146105122,38.428,1,0.0,False
realAWSCloudwatch/ec2_cpu_utilization_5f5533.csv,B_iforest_raw,1356,1356,2014-02-22 06:17:00,2014-02-22 06:17:00,1356,2014-02-22 06:17:00,0.7189651146105122,38.522,1,0.0,False
realAWSCloudwatch/ec2_cpu_utilization_5f5533.csv,B_iforest_raw,1482,1482,2014-02-22 16:47:00,2014-02-22 16:47:00,1482,2014-02-22 16:47:00,0.7189651146105122,38.404,1,0.0,False
realAWSCloudwatch/ec2_cpu_utilization_5f5533.csv,B_iforest_raw,1566,1566,2014-02-22 23:47:00,2014-02-22 23:47:00,1566,2014-02-22 23:47:00,0.7189651146105122,38.31,1,0.0,False
realAWSCloudwatch/ec2_cpu_utilization_5f5533.csv,B_iforest_raw,1601,1601,2014-02-23 02:42:00,2014-02-23 02:42:00,1601,2014-02-23 02:42:00,0.7189651146105122,37.276,1,0.0,False
realAWSCloudwatch/ec2_cpu_utilization_5f5533.csv,B_iforest_raw,1621,1621,2014-02-23 04:22:00,2014-02-23 04:22:00,1621,2014-02-23 04:22:00,0.7189651146105122,38.49,1,0.0,False
realAWSCloudwatch/ec2_cpu_utilization_5f5533.csv,B_iforest_raw,2080,2088,2014-02-24 18:37:00,2014-02-24 19:17:00,2080,2014-02-24 18:37:00,0.7189651146105122,34.766,4,40.0,True
realAWSCloudwatch/ec2_cpu_utilization_5f5533.csv,B_iforest_raw,2093,2093,2014-02-24 19:42:00,2014-02-24 19:42:00,2093,2014-02-24 19:42:00,0.7189651146105122,36.08,1,0.0,True
realAWSCloudwatch/ec2_cpu_utilization_5f5533.csv,B_iforest_raw,2098,2121,2014-02-24 20:07:00,2014-02-24 22:02:00,2120,2014-02-24 21:57:00,0.7699340424311382,68.092,10,115.0,True
realAWSCloudwatch/ec2_cpu_utilization_5f5533.csv,C_iforest_contextual,20,20,2014-02-17 14:57:00,2014-02-17 14:57:00,20,2014-02-17 14:57:00,0.6235406614116452,53.49800000000001,1,0.0,False
realAWSCloudwatch/ec2_cpu_utilization_5f5533.csv,C_iforest_contextual,44,44,2014-02-17 16:57:00,2014-02-17 16:57:00,44,2014-02-17 16:57:00,0.6506529809087161,54.084,1,0.0,False
realAWSCloudwatch/ec2_cpu_utilization_5f5533.csv,C_iforest_contextual,52,52,2014-02-17 17:37:00,2014-02-17 17:37:00,52,2014-02-17 17:37:00,0.6675116268761362,54.536,1,0.0,False
realAWSCloudwatch/ec2_cpu_utilization_5f5533.csv,C_iforest_contextual,68,68,2014-02-17 18:57:00,2014-02-17 18:57:00,68,2014-02-17 18:57:00,0.6836657006591809,56.408,1,0.0,False
realAWSCloudwatch/ec2_cpu_utilization_5f5533.csv,C_iforest_contextual,121,121,2014-02-17 23:22:00,2014-02-17 23:22:00,121,2014-02-17 23:22:00,0.6232658953116527,53.78,1,0.0,False
realAWSCloudwatch/ec2_cpu_utilization_5f5533.csv,C_iforest_contextual,129,129,2014-02-18 00:02:00,2014-02-18 00:02:00,129,2014-02-18 00:02:00,0.6262517514375243,54.084,1,0.0,False
realAWSCloudwatch/ec2_cpu_utilization_5f5533.csv,C_iforest_contextual,158,158,2014-02-18 02:27:00,2014-02-18 02:27:00,158,2014-02-18 02:27:00,0.6346835039875046,54.53,1,0.0,False
realAWSCloudwatch/ec2_cpu_utilization_5f5533.csv,C_iforest_contextual,166,166,2014-02-18 03:07:00,2014-02-18 03:07:00,166,2014-02-18 03:07:00,0.6381029231657543,54.986,1,0.0,False
realAWSCloudwatch/ec2_cpu_utilization_5f5533.csv,C_iforest_contextual,368,368,2014-02-18 19:57:00,2014-02-18 19:57:00,368,2014-02-18 19:57:00,0.6700928138385539,55.846,1,0.0,True
realAWSCloudwatch/ec2_cpu_utilization_5f5533.csv,C_iforest_contextual,420,422,2014-02-19 00:17:00,2014-02-19 00:27:00,421,2014-02-19 00:22:00,0.6719458563500844,62.056,3,10.0,True
realAWSCloudwatch/ec2_cpu_utilization_5f5533.csv,C_iforest_contextual,428,428,2014-02-19 00:57:00,2014-02-19 00:57:00,428,2014-02-19 00:57:00,0.6593428608525428,54.058,1,0.0,True
realAWSCloudwatch/ec2_cpu_utilization_5f5533.csv,C_iforest_contextual,432,432,2014-02-19 01:17:00,2014-02-19 01:17:00,432,2014-02-19 01:17:00,0.6296199725964081,39.394,1,0.0,True
realAWSCloudwatch/ec2_cpu_utilization_5f5533.csv,C_iforest_contextual,521,521,2014-02-19 08:42:00,2014-02-19 08:42:00,521,2014-02-19 08:42:00,0.6289588080641966,51.012,1,0.0,True
realAWSCloudwatch/ec2_cpu_utilization_5f5533.csv,C_iforest_contextual,656,656,2014-02-19 19:57:00,2014-02-19 19:57:00,656,2014-02-19 19:57:00,0.6215451318168033,50.63,1,0.0,False
realAWSCloudwatch/ec2_cpu_utilization_5f5533.csv,C_iforest_contextual,704,704,2014-02-19 23:57:00,2014-02-19 23:57:00,704,2014-02-19 23:57:00,0.6270877835554739,50.95399999999999,1,0.0,False
realAWSCloudwatch/ec2_cpu_utilization_5f5533.csv,C_iforest_contextual,728,728,2014-02-20 01:57:00,2014-02-20 01:57:00,728,2014-02-20 01:57:00,0.636141217931546,51.292,1,0.0,False
realAWSCloudwatch/ec2_cpu_utilization_5f5533.csv,C_iforest_contextual,824,824,2014-02-20 09:57:00,2014-02-20 09:57:00,824,2014-02-20 09:57:00,0.6358446464753665,50.828,1,0.0,False
realAWSCloudwatch/ec2_cpu_utilization_5f5533.csv,C_iforest_contextual,848,848,2014-02-20 11:57:00,2014-02-20 11:57:00,848,2014-02-20 11:57:00,0.6442698881967888,50.931999999999995,1,0.0,False
realAWSCloudwatch/ec2_cpu_utilization_5f5533.csv,C_iforest_contextual,920,920,2014-02-20 17:57:00,2014-02-20 17:57:00,920,2014-02-20 17:57:00,0.6390667617195793,51.056,1,0.0,False
realAWSCloudwatch/ec2_cpu_utilization_5f5533.csv,C_iforest_contextual,996,996,2014-02-21 00:17:00,2014-02-21 00:17:00,996,2014-02-21 00:17:00,0.6232627905761035,49.694,1,0.0,False
realAWSCloudwatch/ec2_cpu_utilization_5f5533.csv,C_iforest_contextual,1028,1028,2014-02-21 02:57:00,2014-02-21 02:57:00,1028,2014-02-21 02:57:00,0.6452558606009678,51.83,1,0.0,False
realAWSCloudwatch/ec2_cpu_utilization_5f5533.csv,C_iforest_contextual,1124,1124,2014-02-21 10:57:00,2014-02-21 10:57:00,1124,2014-02-21 10:57:00,0.6362523857958551,51.032,1,0.0,False
realAWSCloudwatch/ec2_cpu_utilization_5f5533.csv,C_iforest_contextual,1293,1293,2014-02-22 01:02:00,2014-02-22 01:02:00,1293,2014-02-22 01:02:00,0.626338774004736,49.562,1,0.0,False
realAWSCloudwatch/ec2_cpu_utilization_5f5533.csv,C_iforest_contextual,1409,1409,2014-02-22 10:42:00,2014-02-22 10:42:00,1409,2014-02-22 10:42:00,0.6373197647731349,49.788,1,0.0,False
realAWSCloudwatch/ec2_cpu_utilization_5f5533.csv,C_iforest_contextual,1567,1567,2014-02-22 23:52:00,2014-02-22 23:52:00,1567,2014-02-22 23:52:00,0.6285717061954631,49.452,1,0.0,False
realAWSCloudwatch/ec2_cpu_utilization_5f5533.csv,C_iforest_contextual,2080,2080,2014-02-24 18:37:00,2014-02-24 18:37:00,2080,2014-02-24 18:37:00,0.6305323483035097,34.766,1,0.0,True
realAWSCloudwatch/ec2_cpu_utilization_5f5533.csv,C_iforest_contextual,2118,2121,2014-02-24 21:47:00,2014-02-24 22:02:00,2120,2014-02-24 21:57:00,0.7017358960723786,68.092,3,15.0,True
realAWSCloudwatch/ec2_cpu_utilization_77c1ca.csv,A_rolling_zscore,42,42,2014-04-05 16:45:00,2014-04-05 16:45:00,42,2014-04-05 16:45:00,50.0,76.574,1,0.0,False
realAWSCloudwatch/ec2_cpu_utilization_77c1ca.csv,A_rolling_zscore,105,105,2014-04-05 22:00:00,2014-04-05 22:00:00,105,2014-04-05 22:00:00,50.0,56.716,1,0.0,False
realAWSCloudwatch/ec2_cpu_utilization_77c1ca.csv,A_rolling_zscore,135,135,2014-04-06 00:30:00,2014-04-06 00:30:00,135,2014-04-06 00:30:00,50.0,56.692,1,0.0,False
realAWSCloudwatch/ec2_cpu_utilization_77c1ca.csv,A_rolling_zscore,198,198,2014-04-06 05:45:00,2014-04-06 05:45:00,198,2014-04-06 05:45:00,50.0,77.118,1,0.0,False
realAWSCloudwatch/ec2_cpu_utilization_77c1ca.csv,A_rolling_zscore,465,465,2014-04-07 04:00:00,2014-04-07 04:00:00,465,2014-04-07 04:00:00,50.0,16.968,1,0.0,False
realAWSCloudwatch/ec2_cpu_utilization_77c1ca.csv,A_rolling_zscore,513,513,2014-04-07 08:00:00,2014-04-07 08:00:00,513,2014-04-07 08:00:00,50.0,58.983999999999995,1,0.0,False
realAWSCloudwatch/ec2_cpu_utilization_77c1ca.csv,A_rolling_zscore,605,605,2014-04-07 15:40:00,2014-04-07 15:40:00,605,2014-04-07 15:40:00,50.0,81.168,1,0.0,False
realAWSCloudwatch/ec2_cpu_utilization_77c1ca.csv,A_rolling_zscore,629,629,2014-04-07 17:40:00,2014-04-07 17:40:00,629,2014-04-07 17:40:00,50.0,16.798,1,0.0,False
realAWSCloudwatch/ec2_cpu_utilization_77c1ca.csv,A_rolling_zscore,692,692,2014-04-07 22:55:00,2014-04-07 22:55:00,692,2014-04-07 22:55:00,50.0,8.33,1,0.0,False
realAWSCloudwatch/ec2_cpu_utilization_77c1ca.csv,A_rolling_zscore,919,919,2014-04-08 17:50:00,2014-04-08 17:50:00,919,2014-04-08 17:50:00,50.0,43.278,1,0.0,True
realAWSCloudwatch/ec2_cpu_utilization_77c1ca.csv,A_rolling_zscore,937,937,2014-04-08 19:20:00,2014-04-08 19:20:00,937,2014-04-08 19:20:00,50.0,3.094,1,0.0,True
realAWSCloudwatch/ec2_cpu_utilization_77c1ca.csv,A_rolling_zscore,964,964,2014-04-08 21:35:00,2014-04-08 21:35:00,964,2014-04-08 21:35:00,50.0,32.234,1,0.0,True
realAWSCloudwatch/ec2_cpu_utilization_77c1ca.csv,A_rolling_zscore,1008,1008,2014-04-09 01:15:00,2014-04-09 01:15:00,1008,2014-04-09 01:15:00,50.0,31.256,1,0.0,True
realAWSCloudwatch/ec2_cpu_utilization_77c1ca.csv,A_rolling_zscore,1115,1115,2014-04-09 10:10:00,2014-04-09 10:10:00,1115,2014-04-09 10:10:00,50.0,26.658,1,0.0,True
realAWSCloudwatch/ec2_cpu_utilization_77c1ca.csv,A_rolling_zscore,1191,1191,2014-04-09 16:30:00,2014-04-09 16:30:00,1191,2014-04-09 16:30:00,50.0,16.566,1,0.0,True
realAWSCloudwatch/ec2_cpu_utilization_77c1ca.csv,A_rolling_zscore,1242,1242,2014-04-09 20:45:00,2014-04-09 20:45:00,1242,2014-04-09 20:45:00,50.0,89.964,1,0.0,True
realAWSCloudwatch/ec2_cpu_utilization_77c1ca.csv,A_rolling_zscore,1348,1348,2014-04-10 05:35:00,2014-04-10 05:35:00,1348,2014-04-10 05:35:00,50.0,73.5,1,0.0,False
realAWSCloudwatch/ec2_cpu_utilization_77c1ca.csv,A_rolling_zscore,1409,1409,2014-04-10 10:40:00,2014-04-10 10:40:00,1409,2014-04-10 10:40:00,50.0,27.686,1,0.0,False
realAWSCloudwatch/ec2_cpu_utilization_77c1ca.csv,A_rolling_zscore,1479,1479,2014-04-10 16:30:00,2014-04-10 16:30:00,1479,2014-04-10 16:30:00,50.0,34.174,1,0.0,False
realAWSCloudwatch/ec2_cpu_utilization_77c1ca.csv,A_rolling_zscore,1552,1553,2014-04-10 22:35:00,2014-04-10 22:40:00,1552,2014-04-10 22:35:00,50.0,5.568,2,5.0,False
realAWSCloudwatch/ec2_cpu_utilization_77c1ca.csv,A_rolling_zscore,1626,1626,2014-04-11 04:45:00,2014-04-11 04:45:00,1626,2014-04-11 04:45:00,50.0,75.1,1,0.0,False
realAWSCloudwatch/ec2_cpu_utilization_77c1ca.csv,A_rolling_zscore,1647,1647,2014-04-11 06:30:00,2014-04-11 06:30:00,1647,2014-04-11 06:30:00,50.0,1.038,1,0.0,False
realAWSCloudwatch/ec2_cpu_utilization_77c1ca.csv,A_rolling_zscore,1683,1683,2014-04-11 09:30:00,2014-04-11 09:30:00,1683,2014-04-11 09:30:00,50.0,40.288,1,0.0,False
realAWSCloudwatch/ec2_cpu_utilization_77c1ca.csv,A_rolling_zscore,1780,1780,2014-04-11 17:35:00,2014-04-11 17:35:00,1780,2014-04-11 17:35:00,50.0,60.56800000000001,1,0.0,False
realAWSCloudwatch/ec2_cpu_utilization_77c1ca.csv,A_rolling_zscore,1858,1858,2014-04-12 00:05:00,2014-04-12 00:05:00,1858,2014-04-12 00:05:00,50.0,13.804,1,0.0,False
realAWSCloudwatch/ec2_cpu_utilization_77c1ca.csv,A_rolling_zscore,2377,2377,2014-04-13 19:20:00,2014-04-13 19:20:00,2377,2014-04-13 19:20:00,50.0,1.082,1,0.0,False
realAWSCloudwatch/ec2_cpu_utilization_77c1ca.csv,A_rolling_zscore,2429,2429,2014-04-13 23:40:00,2014-04-13 23:40:00,2429,2014-04-13 23:40:00,50.0,8.187999999999999,1,0.0,False
realAWSCloudwatch/ec2_cpu_utilization_77c1ca.csv,A_rolling_zscore,2498,2498,2014-04-14 05:25:00,2014-04-14 05:25:00,2498,2014-04-14 05:25:00,50.0,27.31,1,0.0,False
realAWSCloudwatch/ec2_cpu_utilization_77c1ca.csv,A_rolling_zscore,2549,2549,2014-04-14 09:40:00,2014-04-14 09:40:00,2549,2014-04-14 09:40:00,50.0,27.5,1,0.0,False
realAWSCloudwatch/ec2_cpu_utilization_77c1ca.csv,A_rolling_zscore,2585,2585,2014-04-14 12:40:00,2014-04-14 12:40:00,2585,2014-04-14 12:40:00,50.0,20.032,1,0.0,False
realAWSCloudwatch/ec2_cpu_utilization_77c1ca.csv,B_iforest_raw,117,117,2014-04-05 23:00:00,2014-04-05 23:00:00,117,2014-04-05 23:00:00,0.750607351930875,34.936,1,0.0,False
realAWSCloudwatch/ec2_cpu_utilization_77c1ca.csv,B_iforest_raw,121,121,2014-04-05 23:20:00,2014-04-05 23:20:00,121,2014-04-05 23:20:00,0.7508613202174742,35.85800000000001,1,0.0,False
realAWSCloudwatch/ec2_cpu_utilization_77c1ca.csv,B_iforest_raw,923,923,2014-04-08 18:10:00,2014-04-08 18:10:00,923,2014-04-08 18:10:00,0.7526415059000232,28.8,1,0.0,True
realAWSCloudwatch/ec2_cpu_utilization_77c1ca.csv,B_iforest_raw,964,964,2014-04-08 21:35:00,2014-04-08 21:35:00,964,2014-04-08 21:35:00,0.753405734048729,32.234,1,0.0,True
realAWSCloudwatch/ec2_cpu_utilization_77c1ca.csv,B_iforest_raw,970,970,2014-04-08 22:05:00,2014-04-08 22:05:00,970,2014-04-08 22:05:00,0.7528961624434012,33.254,1,0.0,True
realAWSCloudwatch/ec2_cpu_utilization_77c1ca.csv,B_iforest_raw,1008,1008,2014-04-09 01:15:00,2014-04-09 01:15:00,1008,2014-04-09 01:15:00,0.754425912150311,31.256,1,0.0,True
realAWSCloudwatch/ec2_cpu_utilization_77c1ca.csv,B_iforest_raw,1018,1018,2014-04-09 02:05:00,2014-04-09 02:05:00,1018,2014-04-09 02:05:00,0.7526415059000232,30.846,1,0.0,True
realAWSCloudwatch/ec2_cpu_utilization_77c1ca.csv,B_iforest_raw,1116,1116,2014-04-09 10:15:00,2014-04-09 10:15:00,1116,2014-04-09 10:15:00,0.750607351930875,34.866,1,0.0,True
realAWSCloudwatch/ec2_cpu_utilization_77c1ca.csv,B_iforest_raw,1134,1134,2014-04-09 11:45:00,2014-04-09 11:45:00,1134,2014-04-09 11:45:00,0.7536606491689954,32.098,1,0.0,True
realAWSCloudwatch/ec2_cpu_utilization_77c1ca.csv,B_iforest_raw,1387,1388,2014-04-10 08:50:00,2014-04-10 08:55:00,1387,2014-04-10 08:50:00,0.7523869354906413,29.808000000000003,2,5.0,False
realAWSCloudwatch/ec2_cpu_utilization_77c1ca.csv,B_iforest_raw,1409,1409,2014-04-10 10:40:00,2014-04-10 10:40:00,1409,2014-04-10 10:40:00,0.750607351930875,27.686,1,0.0,False
realAWSCloudwatch/ec2_cpu_utilization_77c1ca.csv,B_iforest_raw,1415,1415,2014-04-10 11:10:00,2014-04-10 11:10:00,1415,2014-04-10 11:10:00,0.7523869354906413,28.448,1,0.0,False
realAWSCloudwatch/ec2_cpu_utilization_77c1ca.csv,B_iforest_raw,1422,1422,2014-04-10 11:45:00,2014-04-10 11:45:00,1422,2014-04-10 11:45:00,0.7508613202174742,35.904,1,0.0,False
realAWSCloudwatch/ec2_cpu_utilization_77c1ca.csv,B_iforest_raw,1479,1479,2014-04-10 16:30:00,2014-04-10 16:30:00,1479,2014-04-10 16:30:00,0.7511153744343408,34.174,1,0.0,False
realAWSCloudwatch/ec2_cpu_utilization_77c1ca.csv,B_iforest_raw,1578,1578,2014-04-11 00:45:00,2014-04-11 00:45:00,1578,2014-04-11 00:45:00,0.751623740775185,29.088,1,0.0,False
realAWSCloudwatch/ec2_cpu_utilization_77c1ca.csv,B_iforest_raw,1815,1815,2014-04-11 20:30:00,2014-04-11 20:30:00,1815,2014-04-11 20:30:00,0.7508613202174742,35.868,1,0.0,False
realAWSCloudwatch/ec2_cpu_utilization_77c1ca.csv,B_iforest_raw,1865,1865,2014-04-12 00:40:00,2014-04-12 00:40:00,1865,2014-04-12 00:40:00,0.751623740775185,29.468000000000004,1,0.0,False
realAWSCloudwatch/ec2_cpu_utilization_77c1ca.csv,B_iforest_raw,2507,2507,2014-04-14 06:10:00,2014-04-14 06:10:00,2507,2014-04-14 06:10:00,0.750607351930875,27.586,1,0.0,False
realAWSCloudwatch/ec2_cpu_utilization_77c1ca.csv,B_iforest_raw,2811,2811,2014-04-15 07:30:00,2014-04-15 07:30:00,2811,2014-04-15 07:30:00,0.7523869354906413,28.6,1,0.0,False
realAWSCloudwatch/ec2_cpu_utilization_77c1ca.csv,B_iforest_raw,2858,2858,2014-04-15 11:25:00,2014-04-15 11:25:00,2858,2014-04-15 11:25:00,0.7526415059000232,30.558000000000003,1,0.0,False
realAWSCloudwatch/ec2_cpu_utilization_77c1ca.csv,B_iforest_raw,2915,2915,2014-04-15 16:10:00,2014-04-15 16:10:00,2915,2014-04-15 16:10:00,0.7523869354906413,30.068,1,0.0,False
realAWSCloudwatch/ec2_cpu_utilization_77c1ca.csv,B_iforest_raw,2931,2931,2014-04-15 17:30:00,2014-04-15 17:30:00,2931,2014-04-15 17:30:00,0.7523869354906413,30.026,1,0.0,False
realAWSCloudwatch/ec2_cpu_utilization_77c1ca.csv,B_iforest_raw,3008,3008,2014-04-15 23:55:00,2014-04-15 23:55:00,3008,2014-04-15 23:55:00,0.7523869354906413,29.936,1,0.0,False
realAWSCloudwatch/ec2_cpu_utilization_77c1ca.csv,B_iforest_raw,3080,3080,2014-04-16 05:55:00,2014-04-16 05:55:00,3080,2014-04-16 05:55:00,0.7528961624434012,30.09800000000001,1,0.0,False
realAWSCloudwatch/ec2_cpu_utilization_77c1ca.csv,B_iforest_raw,3086,3086,2014-04-16 06:25:00,2014-04-16 06:25:00,3086,2014-04-16 06:25:00,0.751623740775185,29.13,1,0.0,False
realAWSCloudwatch/ec2_cpu_utilization_77c1ca.csv,B_iforest_raw,3105,3105,2014-04-16 08:00:00,2014-04-16 08:00:00,3105,2014-04-16 08:00:00,0.7531509051499187,32.338,1,0.0,False
realAWSCloudwatch/ec2_cpu_utilization_77c1ca.csv,B_iforest_raw,3121,3121,2014-04-16 09:20:00,2014-04-16 09:20:00,3121,2014-04-16 09:20:00,0.7528961624434012,33.148,1,0.0,False
realAWSCloudwatch/ec2_cpu_utilization_77c1ca.csv,B_iforest_raw,3125,3125,2014-04-16 09:40:00,2014-04-16 09:40:00,3125,2014-04-16 09:40:00,0.7526415059000232,28.376,1,0.0,False
realAWSCloudwatch/ec2_cpu_utilization_77c1ca.csv,B_iforest_raw,3129,3132,2014-04-16 10:00:00,2014-04-16 10:15:00,3129,2014-04-16 10:00:00,0.7531509051499187,32.58,2,15.0,False
realAWSCloudwatch/ec2_cpu_utilization_77c1ca.csv,C_iforest_contextual,42,42,2014-04-05 16:45:00,2014-04-05 16:45:00,42,2014-04-05 16:45:00,0.7372847790336766,76.574,1,0.0,False
realAWSCloudwatch/ec2_cpu_utilization_77c1ca.csv,C_iforest_contextual,105,105,2014-04-05 22:00:00,2014-04-05 22:00:00,105,2014-04-05 22:00:00,0.7231371447293276,56.716,1,0.0,False
realAWSCloudwatch/ec2_cpu_utilization_77c1ca.csv,C_iforest_contextual,135,135,2014-04-06 00:30:00,2014-04-06 00:30:00,135,2014-04-06 00:30:00,0.7283325859802083,56.692,1,0.0,False
realAWSCloudwatch/ec2_cpu_utilization_77c1ca.csv,C_iforest_contextual,198,198,2014-04-06 05:45:00,2014-04-06 05:45:00,198,2014-04-06 05:45:00,0.7496277760617351,77.118,1,0.0,False
realAWSCloudwatch/ec2_cpu_utilization_77c1ca.csv,C_iforest_contextual,513,513,2014-04-07 08:00:00,2014-04-07 08:00:00,513,2014-04-07 08:00:00,0.7352398594987039,58.983999999999995,1,0.0,False
realAWSCloudwatch/ec2_cpu_utilization_77c1ca.csv,C_iforest_contextual,605,605,2014-04-07 15:40:00,2014-04-07 15:40:00,605,2014-04-07 15:40:00,0.7366226802858612,81.168,1,0.0,False
realAWSCloudwatch/ec2_cpu_utilization_77c1ca.csv,C_iforest_contextual,646,646,2014-04-07 19:05:00,2014-04-07 19:05:00,646,2014-04-07 19:05:00,0.7035290334532407,96.162,1,0.0,False
realAWSCloudwatch/ec2_cpu_utilization_77c1ca.csv,C_iforest_contextual,919,919,2014-04-08 17:50:00,2014-04-08 17:50:00,919,2014-04-08 17:50:00,0.7085310460784112,43.278,1,0.0,True
realAWSCloudwatch/ec2_cpu_utilization_77c1ca.csv,C_iforest_contextual,976,976,2014-04-08 22:35:00,2014-04-08 22:35:00,976,2014-04-08 22:35:00,0.6957594853852652,78.75399999999998,1,0.0,True
realAWSCloudwatch/ec2_cpu_utilization_77c1ca.csv,C_iforest_contextual,1008,1008,2014-04-09 01:15:00,2014-04-09 01:15:00,1008,2014-04-09 01:15:00,0.7109901412819036,31.256,1,0.0,True
realAWSCloudwatch/ec2_cpu_utilization_77c1ca.csv,C_iforest_contextual,1040,1040,2014-04-09 03:55:00,2014-04-09 03:55:00,1040,2014-04-09 03:55:00,0.6970166325936696,68.86,1,0.0,True
realAWSCloudwatch/ec2_cpu_utilization_77c1ca.csv,C_iforest_contextual,1192,1192,2014-04-09 16:35:00,2014-04-09 16:35:00,1192,2014-04-09 16:35:00,0.6951311936044527,97.226,1,0.0,True
realAWSCloudwatch/ec2_cpu_utilization_77c1ca.csv,C_iforest_contextual,1242,1242,2014-04-09 20:45:00,2014-04-09 20:45:00,1242,2014-04-09 20:45:00,0.7375405794369906,89.964,1,0.0,True
realAWSCloudwatch/ec2_cpu_utilization_77c1ca.csv,C_iforest_contextual,1348,1348,2014-04-10 05:35:00,2014-04-10 05:35:00,1348,2014-04-10 05:35:00,0.7379303100478991,73.5,1,0.0,False
realAWSCloudwatch/ec2_cpu_utilization_77c1ca.csv,C_iforest_contextual,1409,1409,2014-04-10 10:40:00,2014-04-10 10:40:00,1409,2014-04-10 10:40:00,0.694109888723548,27.686,1,0.0,False
realAWSCloudwatch/ec2_cpu_utilization_77c1ca.csv,C_iforest_contextual,1479,1479,2014-04-10 16:30:00,2014-04-10 16:30:00,1479,2014-04-10 16:30:00,0.6964489827096144,34.174,1,0.0,False
realAWSCloudwatch/ec2_cpu_utilization_77c1ca.csv,C_iforest_contextual,1553,1553,2014-04-10 22:40:00,2014-04-10 22:40:00,1553,2014-04-10 22:40:00,0.7003843817866378,97.326,1,0.0,False
realAWSCloudwatch/ec2_cpu_utilization_77c1ca.csv,C_iforest_contextual,1626,1626,2014-04-11 04:45:00,2014-04-11 04:45:00,1626,2014-04-11 04:45:00,0.7274922753793286,75.1,1,0.0,False
realAWSCloudwatch/ec2_cpu_utilization_77c1ca.csv,C_iforest_contextual,1877,1877,2014-04-12 01:40:00,2014-04-12 01:40:00,1877,2014-04-12 01:40:00,0.7161696157180379,78.138,1,0.0,False
realAWSCloudwatch/ec2_cpu_utilization_77c1ca.csv,C_iforest_contextual,2407,2407,2014-04-13 21:50:00,2014-04-13 21:50:00,2407,2014-04-13 21:50:00,0.7065572503813664,89.96600000000002,1,0.0,False
realAWSCloudwatch/ec2_cpu_utilization_77c1ca.csv,C_iforest_contextual,2498,2498,2014-04-14 05:25:00,2014-04-14 05:25:00,2498,2014-04-14 05:25:00,0.710300942022212,27.31,1,0.0,False
realAWSCloudwatch/ec2_cpu_utilization_77c1ca.csv,C_iforest_contextual,2549,2549,2014-04-14 09:40:00,2014-04-14 09:40:00,2549,2014-04-14 09:40:00,0.713171228984212,27.5,1,0.0,False
realAWSCloudwatch/ec2_cpu_utilization_77c1ca.csv,C_iforest_contextual,2642,2642,2014-04-14 17:25:00,2014-04-14 17:25:00,2642,2014-04-14 17:25:00,0.6956159828151032,22.588,1,0.0,False
realAWSCloudwatch/ec2_cpu_utilization_77c1ca.csv,C_iforest_contextual,2794,2794,2014-04-15 06:05:00,2014-04-15 06:05:00,2794,2014-04-15 06:05:00,0.7393699050347039,74.44800000000002,1,0.0,False
realAWSCloudwatch/ec2_cpu_utilization_77c1ca.csv,C_iforest_contextual,2851,2851,2014-04-15 10:50:00,2014-04-15 10:50:00,2851,2014-04-15 10:50:00,0.7382784886180885,61.24,1,0.0,False
realAWSCloudwatch/ec2_cpu_utilization_77c1ca.csv,C_iforest_contextual,2889,2889,2014-04-15 14:00:00,2014-04-15 14:00:00,2889,2014-04-15 14:00:00,0.7034413801657124,26.9,1,0.0,False
realAWSCloudwatch/ec2_cpu_utilization_77c1ca.csv,C_iforest_contextual,2915,2915,2014-04-15 16:10:00,2014-04-15 16:10:00,2915,2014-04-15 16:10:00,0.7044085206002405,30.068,1,0.0,False
realAWSCloudwatch/ec2_cpu_utilization_77c1ca.csv,C_iforest_contextual,2931,2931,2014-04-15 17:30:00,2014-04-15 17:30:00,2931,2014-04-15 17:30:00,0.7014359240143474,30.026,1,0.0,False
realAWSCloudwatch/ec2_cpu_utilization_77c1ca.csv,C_iforest_contextual,3002,3002,2014-04-15 23:25:00,2014-04-15 23:25:00,3002,2014-04-15 23:25:00,0.6990209499616442,97.324,1,0.0,False
realAWSCloudwatch/ec2_cpu_utilization_77c1ca.csv,C_iforest_contextual,3037,3037,2014-04-16 02:20:00,2014-04-16 02:20:00,3037,2014-04-16 02:20:00,0.754813831802877,98.514,1,0.0,False
realAWSCloudwatch/ec2_cpu_utilization_77c1ca.csv,C_iforest_contextual,3063,3063,2014-04-16 04:30:00,2014-04-16 04:30:00,3063,2014-04-16 04:30:00,0.7016091856868337,81.066,1,0.0,False
realAWSCloudwatch/ec2_cpu_utilization_825cc2.csv,A_rolling_zscore,68,68,2014-04-13 04:39:00,2014-04-13 04:39:00,68,2014-04-13 04:39:00,3.9898359248140203,89.916,1,0.0,False
realAWSCloudwatch/ec2_cpu_utilization_825cc2.csv,A_rolling_zscore,209,209,2014-04-13 16:24:00,2014-04-13 16:24:00,209,2014-04-13 16:24:00,4.7760791760371255,97.166,1,0.0,False
realAWSCloudwatch/ec2_cpu_utilization_825cc2.csv,A_rolling_zscore,669,669,2014-04-15 06:49:00,2014-04-15 06:49:00,669,2014-04-15 06:49:00,4.322714918323065,88.376,1,0.0,False
realAWSCloudwatch/ec2_cpu_utilization_825cc2.csv,A_rolling_zscore,754,754,2014-04-15 13:54:00,2014-04-15 13:54:00,754,2014-04-15 13:54:00,5.809009303126572,89.958,1,0.0,True
realAWSCloudwatch/ec2_cpu_utilization_825cc2.csv,A_rolling_zscore,776,776,2014-04-15 15:44:00,2014-04-15 15:44:00,776,2014-04-15 15:44:00,10.059962994395699,76.874,1,0.0,True
realAWSCloudwatch/ec2_cpu_utilization_825cc2.csv,A_rolling_zscore,790,790,2014-04-15 16:54:00,2014-04-15 16:54:00,790,2014-04-15 16:54:00,9.275767707889187,54.958,1,0.0,True
realAWSCloudwatch/ec2_cpu_utilization_825cc2.csv,A_rolling_zscore,818,818,2014-04-15 19:14:00,2014-04-15 19:14:00,818,2014-04-15 19:14:00,5.908867215754966,76.982,1,0.0,True
realAWSCloudwatch/ec2_cpu_utilization_825cc2.csv,A_rolling_zscore,913,913,2014-04-16 03:09:00,2014-04-16 03:09:00,913,2014-04-16 03:09:00,4.03740870866456,98.292,1,0.0,True
realAWSCloudwatch/ec2_cpu_utilization_825cc2.csv,A_rolling_zscore,917,918,2014-04-16 03:29:00,2014-04-16 03:34:00,917,2014-04-16 03:29:00,16.86640625115366,58.462,2,5.0,True
realAWSCloudwatch/ec2_cpu_utilization_825cc2.csv,A_rolling_zscore,1047,1047,2014-04-16 14:19:00,2014-04-16 14:19:00,1047,2014-04-16 14:19:00,18.37207642710517,85.266,1,0.0,False
realAWSCloudwatch/ec2_cpu_utilization_825cc2.csv,A_rolling_zscore,1060,1060,2014-04-16 15:24:00,2014-04-16 15:24:00,1060,2014-04-16 15:24:00,3.8291832827457704,85.958,1,0.0,False
realAWSCloudwatch/ec2_cpu_utilization_825cc2.csv,A_rolling_zscore,1082,1082,2014-04-16 17:14:00,2014-04-16 17:14:00,1082,2014-04-16 17:14:00,5.01878726749654,80.63,1,0.0,False
realAWSCloudwatch/ec2_cpu_utilization_825cc2.csv,A_rolling_zscore,1120,1120,2014-04-16 20:24:00,2014-04-16 20:24:00,1120,2014-04-16 20:24:00,3.899279147503426,85.61200000000002,1,0.0,False
realAWSCloudwatch/ec2_cpu_utilization_825cc2.csv,A_rolling_zscore,1134,1134,2014-04-16 21:34:00,2014-04-16 21:34:00,1134,2014-04-16 21:34:00,3.8333207880511404,82.0,1,0.0,False
realAWSCloudwatch/ec2_cpu_utilization_825cc2.csv,A_rolling_zscore,1225,1225,2014-04-17 05:09:00,2014-04-17 05:09:00,1225,2014-04-17 05:09:00,4.514518049372812,95.416,1,0.0,False
realAWSCloudwatch/ec2_cpu_utilization_825cc2.csv,A_rolling_zscore,1392,1392,2014-04-17 19:04:00,2014-04-17 19:04:00,1392,2014-04-17 19:04:00,4.744726098481337,88.484,1,0.0,False
realAWSCloudwatch/ec2_cpu_utilization_825cc2.csv,A_rolling_zscore,1464,1464,2014-04-18 01:04:00,2014-04-18 01:04:00,1464,2014-04-18 01:04:00,4.452919060238447,87.874,1,0.0,False
realAWSCloudwatch/ec2_cpu_utilization_825cc2.csv,A_rolling_zscore,2233,2233,2014-04-20 17:09:00,2014-04-20 17:09:00,2233,2014-04-20 17:09:00,4.2465377247317475,95.416,1,0.0,False
realAWSCloudwatch/ec2_cpu_utilization_825cc2.csv,A_rolling_zscore,2270,2270,2014-04-20 20:14:00,2014-04-20 20:14:00,2270,2014-04-20 20:14:00,4.2903808620585515,95.5,1,0.0,False
realAWSCloudwatch/ec2_cpu_utilization_825cc2.csv,A_rolling_zscore,2536,2536,2014-04-21 18:24:00,2014-04-21 18:24:00,2536,2014-04-21 18:24:00,4.399384507332664,88.666,1,0.0,False
realAWSCloudwatch/ec2_cpu_utilization_825cc2.csv,A_rolling_zscore,2580,2580,2014-04-21 22:04:00,2014-04-21 22:04:00,2580,2014-04-21 22:04:00,5.803204187611412,82.75,1,0.0,False
realAWSCloudwatch/ec2_cpu_utilization_825cc2.csv,A_rolling_zscore,2643,2643,2014-04-22 03:19:00,2014-04-22 03:19:00,2643,2014-04-22 03:19:00,4.9661815757409995,79.166,1,0.0,False
realAWSCloudwatch/ec2_cpu_utilization_825cc2.csv,A_rolling_zscore,2658,2658,2014-04-22 04:34:00,2014-04-22 04:34:00,2658,2014-04-22 04:34:00,3.836927845648582,83.166,1,0.0,False
realAWSCloudwatch/ec2_cpu_utilization_825cc2.csv,A_rolling_zscore,2712,2712,2014-04-22 09:04:00,2014-04-22 09:04:00,2712,2014-04-22 09:04:00,4.563695881569051,88.376,1,0.0,False
realAWSCloudwatch/ec2_cpu_utilization_825cc2.csv,A_rolling_zscore,2725,2725,2014-04-22 10:09:00,2014-04-22 10:09:00,2725,2014-04-22 10:09:00,3.9576661251474397,96.792,1,0.0,False
realAWSCloudwatch/ec2_cpu_utilization_825cc2.csv,A_rolling_zscore,2759,2759,2014-04-22 12:59:00,2014-04-22 12:59:00,2759,2014-04-22 12:59:00,4.767511566188189,89.75,1,0.0,False
realAWSCloudwatch/ec2_cpu_utilization_825cc2.csv,A_rolling_zscore,2807,2807,2014-04-22 16:59:00,2014-04-22 16:59:00,2807,2014-04-22 16:59:00,5.065857730627303,87.874,1,0.0,False
realAWSCloudwatch/ec2_cpu_utilization_825cc2.csv,A_rolling_zscore,2861,2861,2014-04-22 21:29:00,2014-04-22 21:29:00,2861,2014-04-22 21:29:00,4.296529596789207,83.13,1,0.0,False
realAWSCloudwatch/ec2_cpu_utilization_825cc2.csv,A_rolling_zscore,2987,2987,2014-04-23 07:59:00,2014-04-23 07:59:00,2987,2014-04-23 07:59:00,3.909074182182153,81.0,1,0.0,False
realAWSCloudwatch/ec2_cpu_utilization_825cc2.csv,A_rolling_zscore,3001,3001,2014-04-23 09:09:00,2014-04-23 09:09:00,3001,2014-04-23 09:09:00,4.859170478021535,96.666,1,0.0,False
realAWSCloudwatch/ec2_cpu_utilization_825cc2.csv,B_iforest_raw,106,106,2014-04-13 07:49:00,2014-04-13 07:49:00,106,2014-04-13 07:49:00,0.7843542688906779,85.818,1,0.0,False
realAWSCloudwatch/ec2_cpu_utilization_825cc2.csv,B_iforest_raw,776,780,2014-04-15 15:44:00,2014-04-15 16:04:00,776,2014-04-15 15:44:00,0.7843542688906779,76.874,4,20.0,True
realAWSCloudwatch/ec2_cpu_utilization_825cc2.csv,B_iforest_raw,790,791,2014-04-15 16:54:00,2014-04-15 16:59:00,790,2014-04-15 16:54:00,0.7843542688906779,54.958,2,5.0,True
realAWSCloudwatch/ec2_cpu_utilization_825cc2.csv,B_iforest_raw,808,808,2014-04-15 18:24:00,2014-04-15 18:24:00,808,2014-04-15 18:24:00,0.7843542688906779,85.238,1,0.0,True
realAWSCloudwatch/ec2_cpu_utilization_825cc2.csv,B_iforest_raw,814,814,2014-04-15 18:54:00,2014-04-15 18:54:00,814,2014-04-15 18:54:00,0.7843542688906779,85.458,1,0.0,True
realAWSCloudwatch/ec2_cpu_utilization_825cc2.csv,B_iforest_raw,818,818,2014-04-15 19:14:00,2014-04-15 19:14:00,818,2014-04-15 19:14:00,0.7843542688906779,76.982,1,0.0,True
realAWSCloudwatch/ec2_cpu_utilization_825cc2.csv,B_iforest_raw,917,937,2014-04-16 03:29:00,2014-04-16 05:09:00,917,2014-04-16 03:29:00,0.7843542688906779,58.462,21,100.0,True
realAWSCloudwatch/ec2_cpu_utilization_825cc2.csv,C_iforest_contextual,106,106,2014-04-13 07:49:00,2014-04-13 07:49:00,106,2014-04-13 07:49:00,0.6708039710545594,85.818,1,0.0,False
realAWSCloudwatch/ec2_cpu_utilization_825cc2.csv,C_iforest_contextual,776,777,2014-04-15 15:44:00,2014-04-15 15:49:00,776,2014-04-15 15:44:00,0.6854094977334448,76.874,2,5.0,True
realAWSCloudwatch/ec2_cpu_utilization_825cc2.csv,C_iforest_contextual,790,790,2014-04-15 16:54:00,2014-04-15 16:54:00,790,2014-04-15 16:54:00,0.7133254638138613,54.958,1,0.0,True
realAWSCloudwatch/ec2_cpu_utilization_825cc2.csv,C_iforest_contextual,818,818,2014-04-15 19:14:00,2014-04-15 19:14:00,818,2014-04-15 19:14:00,0.69443365786471,76.982,1,0.0,True
realAWSCloudwatch/ec2_cpu_utilization_825cc2.csv,C_iforest_contextual,917,918,2014-04-16 03:29:00,2014-04-16 03:34:00,918,2014-04-16 03:34:00,0.7175705775265367,24.432,2,5.0,True
realAWSCloudwatch/ec2_cpu_utilization_825cc2.csv,C_iforest_contextual,924,926,2014-04-16 04:04:00,2014-04-16 04:14:00,926,2014-04-16 04:14:00,0.6944858888305739,24.638,3,10.0,True
realAWSCloudwatch/ec2_cpu_utilization_825cc2.csv,C_iforest_contextual,937,937,2014-04-16 05:09:00,2014-04-16 05:09:00,937,2014-04-16 05:09:00,0.717789214055723,36.462,1,0.0,True
realAWSCloudwatch/ec2_cpu_utilization_825cc2.csv,C_iforest_contextual,949,949,2014-04-16 06:09:00,2014-04-16 06:09:00,949,2014-04-16 06:09:00,0.7183702531723034,36.334,1,0.0,True
realAWSCloudwatch/ec2_cpu_utilization_825cc2.csv,C_iforest_contextual,961,961,2014-04-16 07:09:00,2014-04-16 07:09:00,961,2014-04-16 07:09:00,0.7137159650354911,36.67,1,0.0,True
realAWSCloudwatch/ec2_cpu_utilization_825cc2.csv,C_iforest_contextual,973,973,2014-04-16 08:09:00,2014-04-16 08:09:00,973,2014-04-16 08:09:00,0.7124601811387012,36.0,1,0.0,True
realAWSCloudwatch/ec2_cpu_utilization_825cc2.csv,C_iforest_contextual,985,985,2014-04-16 09:09:00,2014-04-16 09:09:00,985,2014-04-16 09:09:00,0.7160487405455952,36.166,1,0.0,True
realAWSCloudwatch/ec2_cpu_utilization_825cc2.csv,C_iforest_contextual,997,997,2014-04-16 10:09:00,2014-04-16 10:09:00,997,2014-04-16 10:09:00,0.7169714742943687,36.626,1,0.0,True
realAWSCloudwatch/ec2_cpu_utilization_825cc2.csv,C_iforest_contextual,1009,1009,2014-04-16 11:09:00,2014-04-16 11:09:00,1009,2014-04-16 11:09:00,0.717326688446336,35.876,1,0.0,True
realAWSCloudwatch/ec2_cpu_utilization_825cc2.csv,C_iforest_contextual,1021,1022,2014-04-16 12:09:00,2014-04-16 12:14:00,1021,2014-04-16 12:09:00,0.7195125080010959,35.854,2,5.0,False
realAWSCloudwatch/ec2_cpu_utilization_825cc2.csv,C_iforest_contextual,1033,1033,2014-04-16 13:09:00,2014-04-16 13:09:00,1033,2014-04-16 13:09:00,0.7168342771362389,36.386,1,0.0,False
realAWSCloudwatch/ec2_cpu_utilization_825cc2.csv,C_iforest_contextual,1045,1048,2014-04-16 14:09:00,2014-04-16 14:24:00,1045,2014-04-16 14:09:00,0.7110510929348867,36.166,3,15.0,False
realAWSCloudwatch/ec2_cpu_utilization_825cc2.csv,C_iforest_contextual,1544,1544,2014-04-18 07:44:00,2014-04-18 07:44:00,1544,2014-04-18 07:44:00,0.6810317944193948,83.29,1,0.0,False
realAWSCloudwatch/ec2_cpu_utilization_825cc2.csv,C_iforest_contextual,1890,1890,2014-04-19 12:34:00,2014-04-19 12:34:00,1890,2014-04-19 12:34:00,0.6805641672775518,83.874,1,0.0,False
realAWSCloudwatch/ec2_cpu_utilization_825cc2.csv,C_iforest_contextual,2580,2580,2014-04-21 22:04:00,2014-04-21 22:04:00,2580,2014-04-21 22:04:00,0.6888248408900667,82.75,1,0.0,False
realAWSCloudwatch/ec2_cpu_utilization_825cc2.csv,C_iforest_contextual,2643,2643,2014-04-22 03:19:00,2014-04-22 03:19:00,2643,2014-04-22 03:19:00,0.687575880389123,79.166,1,0.0,False
realAWSCloudwatch/ec2_cpu_utilization_825cc2.csv,C_iforest_contextual,2658,2658,2014-04-22 04:34:00,2014-04-22 04:34:00,2658,2014-04-22 04:34:00,0.6982591343051481,83.166,1,0.0,False
realAWSCloudwatch/ec2_cpu_utilization_825cc2.csv,C_iforest_contextual,2811,2811,2014-04-22 17:19:00,2014-04-22 17:19:00,2811,2014-04-22 17:19:00,0.6754121376285844,84.124,1,0.0,False
realAWSCloudwatch/ec2_cpu_utilization_825cc2.csv,C_iforest_contextual,2861,2861,2014-04-22 21:29:00,2014-04-22 21:29:00,2861,2014-04-22 21:29:00,0.6836358885959577,83.13,1,0.0,False
realAWSCloudwatch/ec2_cpu_utilization_825cc2.csv,C_iforest_contextual,2987,2987,2014-04-23 07:59:00,2014-04-23 07:59:00,2987,2014-04-23 07:59:00,0.6822557913128967,81.0,1,0.0,False
realAWSCloudwatch/ec2_cpu_utilization_ac20cd.csv,A_rolling_zscore,512,512,2014-04-07 07:59:00,2014-04-07 07:59:00,512,2014-04-07 07:59:00,3.663624823194948,31.126,1,0.0,False
realAWSCloudwatch/ec2_cpu_utilization_ac20cd.csv,A_rolling_zscore,642,642,2014-04-07 18:59:00,2014-04-07 18:59:00,642,2014-04-07 18:59:00,4.123418203242023,38.324,1,0.0,False
realAWSCloudwatch/ec2_cpu_utilization_ac20cd.csv,A_rolling_zscore,791,791,2014-04-08 07:24:00,2014-04-08 07:24:00,791,2014-04-08 07:24:00,3.742849342226585,27.712,1,0.0,False
realAWSCloudwatch/ec2_cpu_utilization_ac20cd.csv,A_rolling_zscore,864,864,2014-04-08 13:29:00,2014-04-08 13:29:00,864,2014-04-08 13:29:00,5.315733267386217,38.544,1,0.0,False
realAWSCloudwatch/ec2_cpu_utilization_ac20cd.csv,A_rolling_zscore,911,911,2014-04-08 17:24:00,2014-04-08 17:24:00,911,2014-04-08 17:24:00,4.024501499375345,36.738,1,0.0,False
realAWSCloudwatch/ec2_cpu_utilization_ac20cd.csv,A_rolling_zscore,922,922,2014-04-08 18:19:00,2014-04-08 18:19:00,922,2014-04-08 18:19:00,3.6858979171061765,39.484,1,0.0,False
realAWSCloudwatch/ec2_cpu_utilization_ac20cd.csv,A_rolling_zscore,1010,1010,2014-04-09 01:39:00,2014-04-09 01:39:00,1010,2014-04-09 01:39:00,3.8375074761219437,39.374,1,0.0,False
realAWSCloudwatch/ec2_cpu_utilization_ac20cd.csv,A_rolling_zscore,1364,1364,2014-04-10 07:09:00,2014-04-10 07:09:00,1364,2014-04-10 07:09:00,4.361526965486517,40.188,1,0.0,False
realAWSCloudwatch/ec2_cpu_utilization_ac20cd.csv,A_rolling_zscore,1400,1400,2014-04-10 10:09:00,2014-04-10 10:09:00,1400,2014-04-10 10:09:00,3.947559219231961,39.342,1,0.0,False
realAWSCloudwatch/ec2_cpu_utilization_ac20cd.csv,A_rolling_zscore,1536,1536,2014-04-10 21:29:00,2014-04-10 21:29:00,1536,2014-04-10 21:29:00,4.317886042240937,28.968000000000004,1,0.0,False
realAWSCloudwatch/ec2_cpu_utilization_ac20cd.csv,A_rolling_zscore,1661,1661,2014-04-11 07:54:00,2014-04-11 07:54:00,1661,2014-04-11 07:54:00,3.6998741995598405,30.63,1,0.0,False
realAWSCloudwatch/ec2_cpu_utilization_ac20cd.csv,A_rolling_zscore,1760,1760,2014-04-11 16:09:00,2014-04-11 16:09:00,1760,2014-04-11 16:09:00,3.992458775300944,40.184,1,0.0,False
realAWSCloudwatch/ec2_cpu_utilization_ac20cd.csv,A_rolling_zscore,1818,1818,2014-04-11 20:59:00,2014-04-11 20:59:00,1818,2014-04-11 20:59:00,4.826423065663223,41.948,1,0.0,False
realAWSCloudwatch/ec2_cpu_utilization_ac20cd.csv,A_rolling_zscore,2180,2180,2014-04-13 03:09:00,2014-04-13 03:09:00,2180,2014-04-13 03:09:00,4.1059223972863705,41.034,1,0.0,False
realAWSCloudwatch/ec2_cpu_utilization_ac20cd.csv,A_rolling_zscore,2287,2287,2014-04-13 12:04:00,2014-04-13 12:04:00,2287,2014-04-13 12:04:00,4.168196549011077,39.994,1,0.0,False
realAWSCloudwatch/ec2_cpu_utilization_ac20cd.csv,A_rolling_zscore,2300,2300,2014-04-13 13:09:00,2014-04-13 13:09:00,2300,2014-04-13 13:09:00,4.194572387842328,37.374,1,0.0,False
realAWSCloudwatch/ec2_cpu_utilization_ac20cd.csv,A_rolling_zscore,2340,2340,2014-04-13 16:29:00,2014-04-13 16:29:00,2340,2014-04-13 16:29:00,4.922056182371999,38.852,1,0.0,False
realAWSCloudwatch/ec2_cpu_utilization_ac20cd.csv,A_rolling_zscore,2405,2405,2014-04-13 21:54:00,2014-04-13 21:54:00,2405,2014-04-13 21:54:00,5.001706642252224,39.236,1,0.0,False
realAWSCloudwatch/ec2_cpu_utilization_ac20cd.csv,A_rolling_zscore,2573,2573,2014-04-14 11:54:00,2014-04-14 11:54:00,2573,2014-04-14 11:54:00,5.4389575428317665,41.056,1,0.0,True
realAWSCloudwatch/ec2_cpu_utilization_ac20cd.csv,A_rolling_zscore,2597,2597,2014-04-14 13:54:00,2014-04-14 13:54:00,2597,2014-04-14 13:54:00,4.395315623388481,38.204,1,0.0,True
realAWSCloudwatch/ec2_cpu_utilization_ac20cd.csv,A_rolling_zscore,2612,2612,2014-04-14 15:09:00,2014-04-14 15:09:00,2612,2014-04-14 15:09:00,4.500351398909652,40.058,1,0.0,True
realAWSCloudwatch/ec2_cpu_utilization_ac20cd.csv,A_rolling_zscore,2715,2715,2014-04-14 23:44:00,2014-04-14 23:44:00,2715,2014-04-14 23:44:00,13.309041474591561,52.6125,1,0.0,True
realAWSCloudwatch/ec2_cpu_utilization_ac20cd.csv,A_rolling_zscore,2716,2716,2014-04-15 00:04:00,2014-04-15 00:04:00,2716,2014-04-15 00:04:00,3.720848643223264,55.394,1,0.0,True
realAWSCloudwatch/ec2_cpu_utilization_ac20cd.csv,A_rolling_zscore,2725,2725,2014-04-15 00:49:00,2014-04-15 00:49:00,2725,2014-04-15 00:49:00,6.504187650513025,88.20200000000001,1,0.0,True
realAWSCloudwatch/ec2_cpu_utilization_ac20cd.csv,A_rolling_zscore,2817,2817,2014-04-15 08:29:00,2014-04-15 08:29:00,2817,2014-04-15 08:29:00,4.015794993856131,98.522,1,0.0,True
realAWSCloudwatch/ec2_cpu_utilization_ac20cd.csv,A_rolling_zscore,2840,2840,2014-04-15 10:24:00,2014-04-15 10:24:00,2840,2014-04-15 10:24:00,4.176025803142832,98.498,1,0.0,True
realAWSCloudwatch/ec2_cpu_utilization_ac20cd.csv,A_rolling_zscore,2985,2985,2014-04-15 22:29:00,2014-04-15 22:29:00,2985,2014-04-15 22:29:00,4.917545901793593,98.286,1,0.0,False
realAWSCloudwatch/ec2_cpu_utilization_ac20cd.csv,A_rolling_zscore,3005,3005,2014-04-16 00:09:00,2014-04-16 00:09:00,3005,2014-04-16 00:09:00,3.903293128782748,97.982,1,0.0,False
realAWSCloudwatch/ec2_cpu_utilization_ac20cd.csv,A_rolling_zscore,3112,3112,2014-04-16 09:04:00,2014-04-16 09:04:00,3112,2014-04-16 09:04:00,3.684976271253909,97.8,1,0.0,False
realAWSCloudwatch/ec2_cpu_utilization_ac20cd.csv,A_rolling_zscore,3132,3132,2014-04-16 10:44:00,2014-04-16 10:44:00,3132,2014-04-16 10:44:00,3.9823554601212625,97.276,1,0.0,False
realAWSCloudwatch/ec2_cpu_utilization_ac20cd.csv,A_rolling_zscore,3172,3172,2014-04-16 14:04:00,2014-04-16 14:04:00,3172,2014-04-16 14:04:00,4.743992888742344,97.488,1,0.0,False
realAWSCloudwatch/ec2_cpu_utilization_ac20cd.csv,B_iforest_raw,2725,2755,2014-04-15 00:49:00,2014-04-15 03:19:00,2725,2014-04-15 00:49:00,0.7998960606250983,88.20200000000001,31,150.0,True
realAWSCloudwatch/ec2_cpu_utilization_ac20cd.csv,C_iforest_contextual,347,347,2014-04-06 18:14:00,2014-04-06 18:14:00,347,2014-04-06 18:14:00,0.5846133828901058,28.92,1,0.0,False
realAWSCloudwatch/ec2_cpu_utilization_ac20cd.csv,C_iforest_contextual,570,570,2014-04-07 12:49:00,2014-04-07 12:49:00,570,2014-04-07 12:49:00,0.5975922305977416,29.378,1,0.0,False
realAWSCloudwatch/ec2_cpu_utilization_ac20cd.csv,C_iforest_contextual,745,745,2014-04-08 03:34:00,2014-04-08 03:34:00,745,2014-04-08 03:34:00,0.5862872823417677,28.216,1,0.0,False
realAWSCloudwatch/ec2_cpu_utilization_ac20cd.csv,C_iforest_contextual,791,791,2014-04-08 07:24:00,2014-04-08 07:24:00,791,2014-04-08 07:24:00,0.5968377716371516,27.712,1,0.0,False
realAWSCloudwatch/ec2_cpu_utilization_ac20cd.csv,C_iforest_contextual,923,923,2014-04-08 18:24:00,2014-04-08 18:24:00,923,2014-04-08 18:24:00,0.5926959694415299,28.592,1,0.0,False
realAWSCloudwatch/ec2_cpu_utilization_ac20cd.csv,C_iforest_contextual,1030,1030,2014-04-09 03:19:00,2014-04-09 03:19:00,1030,2014-04-09 03:19:00,0.5927360944657601,40.868,1,0.0,False
realAWSCloudwatch/ec2_cpu_utilization_ac20cd.csv,C_iforest_contextual,1121,1121,2014-04-09 10:54:00,2014-04-09 10:54:00,1121,2014-04-09 10:54:00,0.5804760299254162,39.536,1,0.0,False
realAWSCloudwatch/ec2_cpu_utilization_ac20cd.csv,C_iforest_contextual,1128,1128,2014-04-09 11:29:00,2014-04-09 11:29:00,1128,2014-04-09 11:29:00,0.5965499129248196,29.57800000000001,1,0.0,False
realAWSCloudwatch/ec2_cpu_utilization_ac20cd.csv,C_iforest_contextual,1147,1147,2014-04-09 13:04:00,2014-04-09 13:04:00,1147,2014-04-09 13:04:00,0.6235469943936649,27.042,1,0.0,False
realAWSCloudwatch/ec2_cpu_utilization_ac20cd.csv,C_iforest_contextual,1365,1365,2014-04-10 07:14:00,2014-04-10 07:14:00,1365,2014-04-10 07:14:00,0.5920090052072444,29.202,1,0.0,False
realAWSCloudwatch/ec2_cpu_utilization_ac20cd.csv,C_iforest_contextual,1486,1486,2014-04-10 17:19:00,2014-04-10 17:19:00,1486,2014-04-10 17:19:00,0.5837751324201943,28.794,1,0.0,False
realAWSCloudwatch/ec2_cpu_utilization_ac20cd.csv,C_iforest_contextual,2025,2025,2014-04-12 14:14:00,2014-04-12 14:14:00,2025,2014-04-12 14:14:00,0.5853238767382244,29.108,1,0.0,False
realAWSCloudwatch/ec2_cpu_utilization_ac20cd.csv,C_iforest_contextual,2340,2340,2014-04-13 16:29:00,2014-04-13 16:29:00,2340,2014-04-13 16:29:00,0.5816865110621116,38.852,1,0.0,False
realAWSCloudwatch/ec2_cpu_utilization_ac20cd.csv,C_iforest_contextual,2406,2406,2014-04-13 21:59:00,2014-04-13 21:59:00,2406,2014-04-13 21:59:00,0.5986880227891683,28.338,1,0.0,False
realAWSCloudwatch/ec2_cpu_utilization_ac20cd.csv,C_iforest_contextual,2573,2573,2014-04-14 11:54:00,2014-04-14 11:54:00,2573,2014-04-14 11:54:00,0.5909580893190524,41.056,1,0.0,True
realAWSCloudwatch/ec2_cpu_utilization_ac20cd.csv,C_iforest_contextual,2715,2715,2014-04-14 23:44:00,2014-04-14 23:44:00,2715,2014-04-14 23:44:00,0.6320028024106037,52.6125,1,0.0,True
realAWSCloudwatch/ec2_cpu_utilization_ac20cd.csv,C_iforest_contextual,2716,2717,2014-04-15 00:04:00,2014-04-15 00:09:00,2716,2014-04-15 00:04:00,0.6087714950571161,55.394,2,5.0,True
realAWSCloudwatch/ec2_cpu_utilization_ac20cd.csv,C_iforest_contextual,2725,2736,2014-04-15 00:49:00,2014-04-15 01:44:00,2725,2014-04-15 00:49:00,0.7063394288374415,88.20200000000001,12,55.0,True
realAWSCloudwatch/ec2_cpu_utilization_ac20cd.csv,C_iforest_contextual,2840,2840,2014-04-15 10:24:00,2014-04-15 10:24:00,2840,2014-04-15 10:24:00,0.580565316498219,98.498,1,0.0,True
realAWSCloudwatch/ec2_cpu_utilization_c6585a.csv,A_rolling_zscore,52,52,2014-04-05 17:39:00,2014-04-05 17:39:00,52,2014-04-05 17:39:00,4.221376848515971,0.2019999999999999,1,0.0,False
realAWSCloudwatch/ec2_cpu_utilization_c6585a.csv,A_rolling_zscore,173,173,2014-04-06 03:44:00,2014-04-06 03:44:00,173,2014-04-06 03:44:00,47.94069880617473,1.4680000000000002,1,0.0,False
realAWSCloudwatch/ec2_cpu_utilization_c6585a.csv,A_rolling_zscore,290,290,2014-04-06 13:29:00,2014-04-06 13:29:00,290,2014-04-06 13:29:00,2.3560889447368525,0.136,1,0.0,False
realAWSCloudwatch/ec2_cpu_utilization_c6585a.csv,A_rolling_zscore,419,419,2014-04-07 00:14:00,2014-04-07 00:14:00,419,2014-04-07 00:14:00,4.093724451114905,0.2019999999999999,1,0.0,False
realAWSCloudwatch/ec2_cpu_utilization_c6585a.csv,A_rolling_zscore,455,455,2014-04-07 03:14:00,2014-04-07 03:14:00,455,2014-04-07 03:14:00,45.047715596884984,1.402,1,0.0,False
realAWSCloudwatch/ec2_cpu_utilization_c6585a.csv,A_rolling_zscore,531,531,2014-04-07 09:34:00,2014-04-07 09:34:00,531,2014-04-07 09:34:00,4.95711221124026,0.198,1,0.0,False
realAWSCloudwatch/ec2_cpu_utilization_c6585a.csv,A_rolling_zscore,558,558,2014-04-07 11:49:00,2014-04-07 11:49:00,558,2014-04-07 11:49:00,2.39906170971349,0.136,1,0.0,False
realAWSCloudwatch/ec2_cpu_utilization_c6585a.csv,A_rolling_zscore,746,746,2014-04-08 03:29:00,2014-04-08 03:29:00,746,2014-04-08 03:29:00,49.71033151973737,1.534,1,0.0,False
realAWSCloudwatch/ec2_cpu_utilization_c6585a.csv,A_rolling_zscore,991,991,2014-04-08 23:54:00,2014-04-08 23:54:00,991,2014-04-08 23:54:00,2.436131882481807,0.138,1,0.0,False
realAWSCloudwatch/ec2_cpu_utilization_c6585a.csv,A_rolling_zscore,1024,1024,2014-04-09 02:39:00,2014-04-09 02:39:00,1024,2014-04-09 02:39:00,5.020866045882505,0.2019999999999999,1,0.0,False
realAWSCloudwatch/ec2_cpu_utilization_c6585a.csv,A_rolling_zscore,1036,1036,2014-04-09 03:39:00,2014-04-09 03:39:00,1036,2014-04-09 03:39:00,31.04172474290036,1.4,1,0.0,False
realAWSCloudwatch/ec2_cpu_utilization_c6585a.csv,A_rolling_zscore,1165,1165,2014-04-09 14:24:00,2014-04-09 14:24:00,1165,2014-04-09 14:24:00,3.9801929083731773,0.2,1,0.0,False
realAWSCloudwatch/ec2_cpu_utilization_c6585a.csv,A_rolling_zscore,1289,1289,2014-04-10 00:44:00,2014-04-10 00:44:00,1289,2014-04-10 00:44:00,4.78133952118724,0.198,1,0.0,False
realAWSCloudwatch/ec2_cpu_utilization_c6585a.csv,A_rolling_zscore,1323,1323,2014-04-10 03:34:00,2014-04-10 03:34:00,1323,2014-04-10 03:34:00,45.49579914573696,1.402,1,0.0,False
realAWSCloudwatch/ec2_cpu_utilization_c6585a.csv,A_rolling_zscore,1408,1408,2014-04-10 10:39:00,2014-04-10 10:39:00,1408,2014-04-10 10:39:00,5.012508405055779,0.204,1,0.0,False
realAWSCloudwatch/ec2_cpu_utilization_c6585a.csv,A_rolling_zscore,1611,1611,2014-04-11 03:34:00,2014-04-11 03:34:00,1611,2014-04-11 03:34:00,50.0,1.49,1,0.0,False
realAWSCloudwatch/ec2_cpu_utilization_c6585a.csv,A_rolling_zscore,1672,1672,2014-04-11 08:39:00,2014-04-11 08:39:00,1672,2014-04-11 08:39:00,4.93266372899199,0.2,1,0.0,False
realAWSCloudwatch/ec2_cpu_utilization_c6585a.csv,A_rolling_zscore,1855,1855,2014-04-11 23:54:00,2014-04-11 23:54:00,1855,2014-04-11 23:54:00,2.47294558827778,0.14,1,0.0,False
realAWSCloudwatch/ec2_cpu_utilization_c6585a.csv,A_rolling_zscore,1893,1893,2014-04-12 03:04:00,2014-04-12 03:04:00,1893,2014-04-12 03:04:00,48.360309320567,1.466,1,0.0,False
realAWSCloudwatch/ec2_cpu_utilization_c6585a.csv,A_rolling_zscore,1943,1943,2014-04-12 07:14:00,2014-04-12 07:14:00,1943,2014-04-12 07:14:00,4.767839094199449,0.198,1,0.0,False
realAWSCloudwatch/ec2_cpu_utilization_c6585a.csv,A_rolling_zscore,2194,2194,2014-04-13 04:09:00,2014-04-13 04:09:00,2194,2014-04-13 04:09:00,42.19419468823167,1.422,1,0.0,False
realAWSCloudwatch/ec2_cpu_utilization_c6585a.csv,A_rolling_zscore,2303,2303,2014-04-13 13:14:00,2014-04-13 13:14:00,2303,2014-04-13 13:14:00,4.85380101492194,0.2,1,0.0,False
realAWSCloudwatch/ec2_cpu_utilization_c6585a.csv,A_rolling_zscore,2321,2321,2014-04-13 14:44:00,2014-04-13 14:44:00,2321,2014-04-13 14:44:00,2.3565127283934544,0.136,1,0.0,False
realAWSCloudwatch/ec2_cpu_utilization_c6585a.csv,A_rolling_zscore,2353,2353,2014-04-13 17:24:00,2014-04-13 17:24:00,2353,2014-04-13 17:24:00,2.3565127283934557,0.136,1,0.0,False
realAWSCloudwatch/ec2_cpu_utilization_c6585a.csv,A_rolling_zscore,2431,2431,2014-04-13 23:54:00,2014-04-13 23:54:00,2431,2014-04-13 23:54:00,4.9326637289918445,0.2,1,0.0,False
realAWSCloudwatch/ec2_cpu_utilization_c6585a.csv,A_rolling_zscore,2472,2472,2014-04-14 03:19:00,2014-04-14 03:19:00,2472,2014-04-14 03:19:00,45.61039890579344,1.422,1,0.0,False
realAWSCloudwatch/ec2_cpu_utilization_c6585a.csv,A_rolling_zscore,2760,2760,2014-04-15 03:19:00,2014-04-15 03:19:00,2760,2014-04-15 03:19:00,50.0,1.602,1,0.0,False
realAWSCloudwatch/ec2_cpu_utilization_c6585a.csv,A_rolling_zscore,2809,2809,2014-04-15 07:24:00,2014-04-15 07:24:00,2809,2014-04-15 07:24:00,5.023065754640606,0.2,1,0.0,False
realAWSCloudwatch/ec2_cpu_utilization_c6585a.csv,A_rolling_zscore,2949,2949,2014-04-15 19:04:00,2014-04-15 19:04:00,2949,2014-04-15 19:04:00,4.9326637289914315,0.2,1,0.0,False
realAWSCloudwatch/ec2_cpu_utilization_c6585a.csv,A_rolling_zscore,3048,3048,2014-04-16 03:19:00,2014-04-16 03:19:00,3048,2014-04-16 03:19:00,45.352725903736285,1.38,1,0.0,False
realAWSCloudwatch/ec2_cpu_utilization_c6585a.csv,A_rolling_zscore,3064,3064,2014-04-16 04:39:00,2014-04-16 04:39:00,3064,2014-04-16 04:39:00,4.94049645393087,0.2019999999999999,1,0.0,False
realAWSCloudwatch/ec2_cpu_utilization_c6585a.csv,B_iforest_raw,17,17,2014-04-05 14:44:00,2014-04-05 14:44:00,17,2014-04-05 14:44:00,0.6401557509076466,0.136,1,0.0,False
realAWSCloudwatch/ec2_cpu_utilization_c6585a.csv,B_iforest_raw,28,28,2014-04-05 15:39:00,2014-04-05 15:39:00,28,2014-04-05 15:39:00,0.6401557509076466,0.136,1,0.0,False
realAWSCloudwatch/ec2_cpu_utilization_c6585a.csv,B_iforest_raw,52,52,2014-04-05 17:39:00,2014-04-05 17:39:00,52,2014-04-05 17:39:00,0.8197280000538629,0.2019999999999999,1,0.0,False
realAWSCloudwatch/ec2_cpu_utilization_c6585a.csv,B_iforest_raw,85,85,2014-04-05 20:24:00,2014-04-05 20:24:00,85,2014-04-05 20:24:00,0.6401557509076466,0.136,1,0.0,False
realAWSCloudwatch/ec2_cpu_utilization_c6585a.csv,B_iforest_raw,173,174,2014-04-06 03:44:00,2014-04-06 03:49:00,173,2014-04-06 03:44:00,0.8985970067151873,1.4680000000000002,2,5.0,False
realAWSCloudwatch/ec2_cpu_utilization_c6585a.csv,B_iforest_raw,419,419,2014-04-07 00:14:00,2014-04-07 00:14:00,419,2014-04-07 00:14:00,0.8197280000538629,0.2019999999999999,1,0.0,False
realAWSCloudwatch/ec2_cpu_utilization_c6585a.csv,B_iforest_raw,455,455,2014-04-07 03:14:00,2014-04-07 03:14:00,455,2014-04-07 03:14:00,0.8955622506079787,1.402,1,0.0,False
realAWSCloudwatch/ec2_cpu_utilization_c6585a.csv,B_iforest_raw,531,531,2014-04-07 09:34:00,2014-04-07 09:34:00,531,2014-04-07 09:34:00,0.812211275446424,0.198,1,0.0,False
realAWSCloudwatch/ec2_cpu_utilization_c6585a.csv,B_iforest_raw,746,746,2014-04-08 03:29:00,2014-04-08 03:29:00,746,2014-04-08 03:29:00,0.8985970067151873,1.534,1,0.0,False
realAWSCloudwatch/ec2_cpu_utilization_c6585a.csv,B_iforest_raw,991,991,2014-04-08 23:54:00,2014-04-08 23:54:00,991,2014-04-08 23:54:00,0.6683134897754126,0.138,1,0.0,False
realAWSCloudwatch/ec2_cpu_utilization_c6585a.csv,B_iforest_raw,1024,1024,2014-04-09 02:39:00,2014-04-09 02:39:00,1024,2014-04-09 02:39:00,0.8197280000538629,0.2019999999999999,1,0.0,False
realAWSCloudwatch/ec2_cpu_utilization_c6585a.csv,B_iforest_raw,1036,1036,2014-04-09 03:39:00,2014-04-09 03:39:00,1036,2014-04-09 03:39:00,0.8955622506079787,1.4,1,0.0,False
realAWSCloudwatch/ec2_cpu_utilization_c6585a.csv,B_iforest_raw,1165,1165,2014-04-09 14:24:00,2014-04-09 14:24:00,1165,2014-04-09 14:24:00,0.8152458531390194,0.2,1,0.0,False
realAWSCloudwatch/ec2_cpu_utilization_c6585a.csv,B_iforest_raw,1289,1289,2014-04-10 00:44:00,2014-04-10 00:44:00,1289,2014-04-10 00:44:00,0.812211275446424,0.198,1,0.0,False
realAWSCloudwatch/ec2_cpu_utilization_c6585a.csv,B_iforest_raw,1323,1323,2014-04-10 03:34:00,2014-04-10 03:34:00,1323,2014-04-10 03:34:00,0.8955622506079787,1.402,1,0.0,False
realAWSCloudwatch/ec2_cpu_utilization_c6585a.csv,B_iforest_raw,1408,1408,2014-04-10 10:39:00,2014-04-10 10:39:00,1408,2014-04-10 10:39:00,0.8197280000538629,0.204,1,0.0,False
realAWSCloudwatch/ec2_cpu_utilization_c6585a.csv,B_iforest_raw,1611,1611,2014-04-11 03:34:00,2014-04-11 03:34:00,1611,2014-04-11 03:34:00,0.8985970067151873,1.49,1,0.0,False
realAWSCloudwatch/ec2_cpu_utilization_c6585a.csv,B_iforest_raw,1672,1672,2014-04-11 08:39:00,2014-04-11 08:39:00,1672,2014-04-11 08:39:00,0.8152458531390194,0.2,1,0.0,False
realAWSCloudwatch/ec2_cpu_utilization_c6585a.csv,B_iforest_raw,1855,1855,2014-04-11 23:54:00,2014-04-11 23:54:00,1855,2014-04-11 23:54:00,0.6962856137046299,0.14,1,0.0,False
realAWSCloudwatch/ec2_cpu_utilization_c6585a.csv,B_iforest_raw,1893,1893,2014-04-12 03:04:00,2014-04-12 03:04:00,1893,2014-04-12 03:04:00,0.8985970067151873,1.466,1,0.0,False
realAWSCloudwatch/ec2_cpu_utilization_c6585a.csv,B_iforest_raw,1943,1943,2014-04-12 07:14:00,2014-04-12 07:14:00,1943,2014-04-12 07:14:00,0.812211275446424,0.198,1,0.0,False
realAWSCloudwatch/ec2_cpu_utilization_c6585a.csv,B_iforest_raw,2194,2194,2014-04-13 04:09:00,2014-04-13 04:09:00,2194,2014-04-13 04:09:00,0.8970783453653566,1.422,1,0.0,False
realAWSCloudwatch/ec2_cpu_utilization_c6585a.csv,B_iforest_raw,2303,2303,2014-04-13 13:14:00,2014-04-13 13:14:00,2303,2014-04-13 13:14:00,0.8152458531390194,0.2,1,0.0,False
realAWSCloudwatch/ec2_cpu_utilization_c6585a.csv,B_iforest_raw,2431,2431,2014-04-13 23:54:00,2014-04-13 23:54:00,2431,2014-04-13 23:54:00,0.8152458531390194,0.2,1,0.0,False
realAWSCloudwatch/ec2_cpu_utilization_c6585a.csv,B_iforest_raw,2472,2472,2014-04-14 03:19:00,2014-04-14 03:19:00,2472,2014-04-14 03:19:00,0.8970783453653566,1.422,1,0.0,False
realAWSCloudwatch/ec2_cpu_utilization_c6585a.csv,B_iforest_raw,2760,2760,2014-04-15 03:19:00,2014-04-15 03:19:00,2760,2014-04-15 03:19:00,0.8985970067151873,1.602,1,0.0,False
realAWSCloudwatch/ec2_cpu_utilization_c6585a.csv,B_iforest_raw,2809,2809,2014-04-15 07:24:00,2014-04-15 07:24:00,2809,2014-04-15 07:24:00,0.8152458531390194,0.2,1,0.0,False
realAWSCloudwatch/ec2_cpu_utilization_c6585a.csv,B_iforest_raw,2949,2949,2014-04-15 19:04:00,2014-04-15 19:04:00,2949,2014-04-15 19:04:00,0.8152458531390194,0.2,1,0.0,False
realAWSCloudwatch/ec2_cpu_utilization_c6585a.csv,B_iforest_raw,3048,3048,2014-04-16 03:19:00,2014-04-16 03:19:00,3048,2014-04-16 03:19:00,0.8952593392657565,1.38,1,0.0,False
realAWSCloudwatch/ec2_cpu_utilization_c6585a.csv,B_iforest_raw,3064,3064,2014-04-16 04:39:00,2014-04-16 04:39:00,3064,2014-04-16 04:39:00,0.8197280000538629,0.2019999999999999,1,0.0,False
realAWSCloudwatch/ec2_cpu_utilization_c6585a.csv,C_iforest_contextual,52,52,2014-04-05 17:39:00,2014-04-05 17:39:00,52,2014-04-05 17:39:00,0.7012038056156636,0.2019999999999999,1,0.0,False
realAWSCloudwatch/ec2_cpu_utilization_c6585a.csv,C_iforest_contextual,173,174,2014-04-06 03:44:00,2014-04-06 03:49:00,173,2014-04-06 03:44:00,0.7982222869637247,1.4680000000000002,2,5.0,False
realAWSCloudwatch/ec2_cpu_utilization_c6585a.csv,C_iforest_contextual,419,419,2014-04-07 00:14:00,2014-04-07 00:14:00,419,2014-04-07 00:14:00,0.700983566467642,0.2019999999999999,1,0.0,False
realAWSCloudwatch/ec2_cpu_utilization_c6585a.csv,C_iforest_contextual,455,455,2014-04-07 03:14:00,2014-04-07 03:14:00,455,2014-04-07 03:14:00,0.8038673432015485,1.402,1,0.0,False
realAWSCloudwatch/ec2_cpu_utilization_c6585a.csv,C_iforest_contextual,531,531,2014-04-07 09:34:00,2014-04-07 09:34:00,531,2014-04-07 09:34:00,0.7030568445731695,0.198,1,0.0,False
realAWSCloudwatch/ec2_cpu_utilization_c6585a.csv,C_iforest_contextual,746,747,2014-04-08 03:29:00,2014-04-08 03:34:00,746,2014-04-08 03:29:00,0.8153405832756856,1.534,2,5.0,False
realAWSCloudwatch/ec2_cpu_utilization_c6585a.csv,C_iforest_contextual,1024,1024,2014-04-09 02:39:00,2014-04-09 02:39:00,1024,2014-04-09 02:39:00,0.7023765582879793,0.2019999999999999,1,0.0,False
realAWSCloudwatch/ec2_cpu_utilization_c6585a.csv,C_iforest_contextual,1036,1036,2014-04-09 03:39:00,2014-04-09 03:39:00,1036,2014-04-09 03:39:00,0.8057110583164929,1.4,1,0.0,False
realAWSCloudwatch/ec2_cpu_utilization_c6585a.csv,C_iforest_contextual,1165,1165,2014-04-09 14:24:00,2014-04-09 14:24:00,1165,2014-04-09 14:24:00,0.717614212022624,0.2,1,0.0,False
realAWSCloudwatch/ec2_cpu_utilization_c6585a.csv,C_iforest_contextual,1289,1289,2014-04-10 00:44:00,2014-04-10 00:44:00,1289,2014-04-10 00:44:00,0.7009470650323326,0.198,1,0.0,False
realAWSCloudwatch/ec2_cpu_utilization_c6585a.csv,C_iforest_contextual,1323,1323,2014-04-10 03:34:00,2014-04-10 03:34:00,1323,2014-04-10 03:34:00,0.790044512704607,1.402,1,0.0,False
realAWSCloudwatch/ec2_cpu_utilization_c6585a.csv,C_iforest_contextual,1408,1408,2014-04-10 10:39:00,2014-04-10 10:39:00,1408,2014-04-10 10:39:00,0.7090199052613047,0.204,1,0.0,False
realAWSCloudwatch/ec2_cpu_utilization_c6585a.csv,C_iforest_contextual,1611,1611,2014-04-11 03:34:00,2014-04-11 03:34:00,1611,2014-04-11 03:34:00,0.8133486279549073,1.49,1,0.0,False
realAWSCloudwatch/ec2_cpu_utilization_c6585a.csv,C_iforest_contextual,1672,1672,2014-04-11 08:39:00,2014-04-11 08:39:00,1672,2014-04-11 08:39:00,0.6860189138035032,0.2,1,0.0,False
realAWSCloudwatch/ec2_cpu_utilization_c6585a.csv,C_iforest_contextual,1893,1894,2014-04-12 03:04:00,2014-04-12 03:09:00,1893,2014-04-12 03:04:00,0.8128838910541871,1.466,2,5.0,False
realAWSCloudwatch/ec2_cpu_utilization_c6585a.csv,C_iforest_contextual,1943,1943,2014-04-12 07:14:00,2014-04-12 07:14:00,1943,2014-04-12 07:14:00,0.6913053860442668,0.198,1,0.0,False
realAWSCloudwatch/ec2_cpu_utilization_c6585a.csv,C_iforest_contextual,2194,2194,2014-04-13 04:09:00,2014-04-13 04:09:00,2194,2014-04-13 04:09:00,0.8151446716116579,1.422,1,0.0,False
realAWSCloudwatch/ec2_cpu_utilization_c6585a.csv,C_iforest_contextual,2303,2303,2014-04-13 13:14:00,2014-04-13 13:14:00,2303,2014-04-13 13:14:00,0.7138526869058212,0.2,1,0.0,False
realAWSCloudwatch/ec2_cpu_utilization_c6585a.csv,C_iforest_contextual,2431,2431,2014-04-13 23:54:00,2014-04-13 23:54:00,2431,2014-04-13 23:54:00,0.7000293656635499,0.2,1,0.0,False
realAWSCloudwatch/ec2_cpu_utilization_c6585a.csv,C_iforest_contextual,2472,2473,2014-04-14 03:19:00,2014-04-14 03:24:00,2472,2014-04-14 03:19:00,0.8063185582356981,1.422,2,5.0,False
realAWSCloudwatch/ec2_cpu_utilization_c6585a.csv,C_iforest_contextual,2760,2761,2014-04-15 03:19:00,2014-04-15 03:24:00,2760,2014-04-15 03:19:00,0.8166798858816844,1.602,2,5.0,False
realAWSCloudwatch/ec2_cpu_utilization_c6585a.csv,C_iforest_contextual,2809,2809,2014-04-15 07:24:00,2014-04-15 07:24:00,2809,2014-04-15 07:24:00,0.7017307621319363,0.2,1,0.0,False
realAWSCloudwatch/ec2_cpu_utilization_c6585a.csv,C_iforest_contextual,2949,2949,2014-04-15 19:04:00,2014-04-15 19:04:00,2949,2014-04-15 19:04:00,0.7010093312694954,0.2,1,0.0,False
realAWSCloudwatch/ec2_cpu_utilization_c6585a.csv,C_iforest_contextual,3048,3049,2014-04-16 03:19:00,2014-04-16 03:24:00,3048,2014-04-16 03:19:00,0.8091648429176956,1.38,2,5.0,False
realAWSCloudwatch/ec2_cpu_utilization_c6585a.csv,C_iforest_contextual,3064,3064,2014-04-16 04:39:00,2014-04-16 04:39:00,3064,2014-04-16 04:39:00,0.6942743073447405,0.2019999999999999,1,0.0,False
realAWSCloudwatch/ec2_cpu_utilization_fe7f93.csv,A_rolling_zscore,11,11,2014-02-17 14:12:00,2014-02-17 14:12:00,11,2014-02-17 14:12:00,50.0,68.16199999999999,1,0.0,False
realAWSCloudwatch/ec2_cpu_utilization_fe7f93.csv,A_rolling_zscore,121,121,2014-02-17 23:22:00,2014-02-17 23:22:00,121,2014-02-17 23:22:00,50.0,64.638,1,0.0,False
realAWSCloudwatch/ec2_cpu_utilization_fe7f93.csv,A_rolling_zscore,355,355,2014-02-18 18:52:00,2014-02-18 18:52:00,355,2014-02-18 18:52:00,33.904190226105456,70.77199999999998,1,0.0,False
realAWSCloudwatch/ec2_cpu_utilization_fe7f93.csv,A_rolling_zscore,404,404,2014-02-18 22:57:00,2014-02-18 22:57:00,404,2014-02-18 22:57:00,50.0,43.42,1,0.0,False
realAWSCloudwatch/ec2_cpu_utilization_fe7f93.csv,A_rolling_zscore,502,502,2014-02-19 07:07:00,2014-02-19 07:07:00,502,2014-02-19 07:07:00,37.15579089694624,43.20399999999999,1,0.0,False
realAWSCloudwatch/ec2_cpu_utilization_fe7f93.csv,A_rolling_zscore,630,630,2014-02-19 17:47:00,2014-02-19 17:47:00,630,2014-02-19 17:47:00,50.0,42.76600000000001,1,0.0,False
realAWSCloudwatch/ec2_cpu_utilization_fe7f93.csv,A_rolling_zscore,693,693,2014-02-19 23:02:00,2014-02-19 23:02:00,693,2014-02-19 23:02:00,50.0,59.084,1,0.0,False
realAWSCloudwatch/ec2_cpu_utilization_fe7f93.csv,A_rolling_zscore,779,779,2014-02-20 06:12:00,2014-02-20 06:12:00,779,2014-02-20 06:12:00,34.92691373689903,25.566,1,0.0,False
realAWSCloudwatch/ec2_cpu_utilization_fe7f93.csv,A_rolling_zscore,897,897,2014-02-20 16:02:00,2014-02-20 16:02:00,897,2014-02-20 16:02:00,42.89966924679826,25.3,1,0.0,False
realAWSCloudwatch/ec2_cpu_utilization_fe7f93.csv,A_rolling_zscore,936,936,2014-02-20 19:17:00,2014-02-20 19:17:00,936,2014-02-20 19:17:00,50.0,41.716,1,0.0,False
realAWSCloudwatch/ec2_cpu_utilization_fe7f93.csv,A_rolling_zscore,973,973,2014-02-20 22:22:00,2014-02-20 22:22:00,973,2014-02-20 22:22:00,50.0,58.508,1,0.0,False
realAWSCloudwatch/ec2_cpu_utilization_fe7f93.csv,A_rolling_zscore,992,992,2014-02-20 23:57:00,2014-02-20 23:57:00,992,2014-02-20 23:57:00,50.0,38.08,1,0.0,False
realAWSCloudwatch/ec2_cpu_utilization_fe7f93.csv,A_rolling_zscore,1068,1068,2014-02-21 06:17:00,2014-02-21 06:17:00,1068,2014-02-21 06:17:00,50.0,58.95399999999999,1,0.0,False
realAWSCloudwatch/ec2_cpu_utilization_fe7f93.csv,A_rolling_zscore,1084,1084,2014-02-21 07:37:00,2014-02-21 07:37:00,1084,2014-02-21 07:37:00,50.0,66.858,1,0.0,False
realAWSCloudwatch/ec2_cpu_utilization_fe7f93.csv,A_rolling_zscore,1192,1192,2014-02-21 16:37:00,2014-02-21 16:37:00,1192,2014-02-21 16:37:00,50.0,38.366,1,0.0,False
realAWSCloudwatch/ec2_cpu_utilization_fe7f93.csv,A_rolling_zscore,1265,1265,2014-02-21 22:42:00,2014-02-21 22:42:00,1265,2014-02-21 22:42:00,32.717713500512836,25.524,1,0.0,True
realAWSCloudwatch/ec2_cpu_utilization_fe7f93.csv,A_rolling_zscore,2076,2076,2014-02-24 18:17:00,2014-02-24 18:17:00,2076,2014-02-24 18:17:00,50.0,42.896,1,0.0,False
realAWSCloudwatch/ec2_cpu_utilization_fe7f93.csv,A_rolling_zscore,2134,2134,2014-02-24 23:07:00,2014-02-24 23:07:00,2134,2014-02-24 23:07:00,34.62371925637172,39.134,1,0.0,False
realAWSCloudwatch/ec2_cpu_utilization_fe7f93.csv,A_rolling_zscore,2150,2150,2014-02-25 00:27:00,2014-02-25 00:27:00,2150,2014-02-25 00:27:00,50.0,66.52199999999999,1,0.0,False
realAWSCloudwatch/ec2_cpu_utilization_fe7f93.csv,A_rolling_zscore,2221,2221,2014-02-25 06:22:00,2014-02-25 06:22:00,2221,2014-02-25 06:22:00,37.8061464448058,6.596,1,0.0,False
realAWSCloudwatch/ec2_cpu_utilization_fe7f93.csv,A_rolling_zscore,2427,2427,2014-02-25 23:32:00,2014-02-25 23:32:00,2427,2014-02-25 23:32:00,50.0,24.912,1,0.0,False
realAWSCloudwatch/ec2_cpu_utilization_fe7f93.csv,A_rolling_zscore,2451,2451,2014-02-26 01:32:00,2014-02-26 01:32:00,2451,2014-02-26 01:32:00,32.41378238385111,70.018,1,0.0,False
realAWSCloudwatch/ec2_cpu_utilization_fe7f93.csv,A_rolling_zscore,2483,2483,2014-02-26 04:12:00,2014-02-26 04:12:00,2483,2014-02-26 04:12:00,37.51961789917282,58.33600000000001,1,0.0,False
realAWSCloudwatch/ec2_cpu_utilization_fe7f93.csv,A_rolling_zscore,2644,2644,2014-02-26 17:37:00,2014-02-26 17:37:00,2644,2014-02-26 17:37:00,50.0,47.066,1,0.0,False
realAWSCloudwatch/ec2_cpu_utilization_fe7f93.csv,A_rolling_zscore,2662,2662,2014-02-26 19:07:00,2014-02-26 19:07:00,2662,2014-02-26 19:07:00,46.67215342778259,44.396,1,0.0,False
realAWSCloudwatch/ec2_cpu_utilization_fe7f93.csv,A_rolling_zscore,2704,2704,2014-02-26 22:37:00,2014-02-26 22:37:00,2704,2014-02-26 22:37:00,50.0,66.906,1,0.0,False
realAWSCloudwatch/ec2_cpu_utilization_fe7f93.csv,A_rolling_zscore,2720,2720,2014-02-26 23:57:00,2014-02-26 23:57:00,2720,2014-02-26 23:57:00,50.0,66.266,1,0.0,False
realAWSCloudwatch/ec2_cpu_utilization_fe7f93.csv,A_rolling_zscore,2914,2914,2014-02-27 16:07:00,2014-02-27 16:07:00,2914,2014-02-27 16:07:00,37.044707998640064,46.01600000000001,1,0.0,False
realAWSCloudwatch/ec2_cpu_utilization_fe7f93.csv,A_rolling_zscore,2952,2952,2014-02-27 19:17:00,2014-02-27 19:17:00,2952,2014-02-27 19:17:00,50.0,48.676,1,0.0,False
realAWSCloudwatch/ec2_cpu_utilization_fe7f93.csv,A_rolling_zscore,2976,2976,2014-02-27 21:17:00,2014-02-27 21:17:00,2976,2014-02-27 21:17:00,35.49354345773271,44.63,1,0.0,False
realAWSCloudwatch/ec2_cpu_utilization_fe7f93.csv,A_rolling_zscore,3026,3026,2014-02-28 01:27:00,2014-02-28 01:27:00,3026,2014-02-28 01:27:00,50.0,43.1,1,0.0,False
realAWSCloudwatch/ec2_cpu_utilization_fe7f93.csv,B_iforest_raw,201,203,2014-02-18 06:02:00,2014-02-18 06:12:00,201,2014-02-18 06:02:00,0.782763833443506,72.22,2,10.0,False
realAWSCloudwatch/ec2_cpu_utilization_fe7f93.csv,B_iforest_raw,253,253,2014-02-18 10:22:00,2014-02-18 10:22:00,253,2014-02-18 10:22:00,0.7585204573900249,29.114,1,0.0,False
realAWSCloudwatch/ec2_cpu_utilization_fe7f93.csv,B_iforest_raw,355,357,2014-02-18 18:52:00,2014-02-18 19:02:00,355,2014-02-18 18:52:00,0.7704164821431942,70.77199999999998,2,10.0,False
realAWSCloudwatch/ec2_cpu_utilization_fe7f93.csv,B_iforest_raw,481,483,2014-02-19 05:22:00,2014-02-19 05:32:00,481,2014-02-19 05:22:00,0.7743358172303634,71.154,2,10.0,False
realAWSCloudwatch/ec2_cpu_utilization_fe7f93.csv,B_iforest_raw,643,643,2014-02-19 18:52:00,2014-02-19 18:52:00,643,2014-02-19 18:52:00,0.75903383560395,27.95,1,0.0,False
realAWSCloudwatch/ec2_cpu_utilization_fe7f93.csv,B_iforest_raw,715,715,2014-02-20 00:52:00,2014-02-20 00:52:00,715,2014-02-20 00:52:00,0.75903383560395,27.966,1,0.0,False
realAWSCloudwatch/ec2_cpu_utilization_fe7f93.csv,B_iforest_raw,897,897,2014-02-20 16:02:00,2014-02-20 16:02:00,897,2014-02-20 16:02:00,0.7567263665146465,25.3,1,0.0,False
realAWSCloudwatch/ec2_cpu_utilization_fe7f93.csv,B_iforest_raw,1031,1031,2014-02-21 03:12:00,2014-02-21 03:12:00,1031,2014-02-21 03:12:00,0.758007426403296,27.636,1,0.0,False
realAWSCloudwatch/ec2_cpu_utilization_fe7f93.csv,B_iforest_raw,1269,1271,2014-02-21 23:02:00,2014-02-21 23:12:00,1269,2014-02-21 23:02:00,0.7693746806733321,70.672,2,10.0,True
realAWSCloudwatch/ec2_cpu_utilization_fe7f93.csv,B_iforest_raw,1280,1283,2014-02-21 23:57:00,2014-02-22 00:12:00,1280,2014-02-21 23:57:00,0.789144990382841,75.24600000000002,4,15.0,True
realAWSCloudwatch/ec2_cpu_utilization_fe7f93.csv,B_iforest_raw,1289,1289,2014-02-22 00:42:00,2014-02-22 00:42:00,1289,2014-02-22 00:42:00,0.75903383560395,29.218000000000004,1,0.0,True
realAWSCloudwatch/ec2_cpu_utilization_fe7f93.csv,B_iforest_raw,2101,2101,2014-02-24 20:22:00,2014-02-24 20:22:00,2101,2014-02-24 20:22:00,0.7714596943045308,70.866,1,0.0,False
realAWSCloudwatch/ec2_cpu_utilization_fe7f93.csv,B_iforest_raw,2153,2153,2014-02-25 00:42:00,2014-02-25 00:42:00,2153,2014-02-25 00:42:00,0.7567263665146465,25.234,1,0.0,False
realAWSCloudwatch/ec2_cpu_utilization_fe7f93.csv,B_iforest_raw,2451,2453,2014-02-26 01:32:00,2014-02-26 01:42:00,2451,2014-02-26 01:32:00,0.766257721349305,70.018,2,10.0,False
realAWSCloudwatch/ec2_cpu_utilization_fe7f93.csv,B_iforest_raw,2486,2486,2014-02-26 04:27:00,2014-02-26 04:27:00,2486,2014-02-26 04:27:00,0.75903383560395,27.966,1,0.0,False
realAWSCloudwatch/ec2_cpu_utilization_fe7f93.csv,B_iforest_raw,2741,2741,2014-02-27 01:42:00,2014-02-27 01:42:00,2741,2014-02-27 01:42:00,0.7567263665146465,25.656,1,0.0,False
realAWSCloudwatch/ec2_cpu_utilization_fe7f93.csv,B_iforest_raw,2915,2915,2014-02-27 16:12:00,2014-02-27 16:12:00,2915,2014-02-27 16:12:00,0.789144990382841,78.81,1,0.0,False
realAWSCloudwatch/ec2_cpu_utilization_fe7f93.csv,B_iforest_raw,2953,2953,2014-02-27 19:22:00,2014-02-27 19:22:00,2953,2014-02-27 19:22:00,0.789144990382841,76.5,1,0.0,False
realAWSCloudwatch/ec2_cpu_utilization_fe7f93.csv,B_iforest_raw,2977,2977,2014-02-27 21:22:00,2014-02-27 21:22:00,2977,2014-02-27 21:22:00,0.789144990382841,79.72399999999998,1,0.0,False
realAWSCloudwatch/ec2_cpu_utilization_fe7f93.csv,B_iforest_raw,2995,2996,2014-02-27 22:52:00,2014-02-27 22:57:00,2996,2014-02-27 22:57:00,0.789144990382841,82.89,2,5.0,False
realAWSCloudwatch/ec2_cpu_utilization_fe7f93.csv,B_iforest_raw,3027,3027,2014-02-28 01:32:00,2014-02-28 01:32:00,3027,2014-02-28 01:32:00,0.789144990382841,79.084,1,0.0,False
realAWSCloudwatch/ec2_cpu_utilization_fe7f93.csv,B_iforest_raw,3071,3071,2014-02-28 05:12:00,2014-02-28 05:12:00,3071,2014-02-28 05:12:00,0.789144990382841,91.002,1,0.0,False
realAWSCloudwatch/ec2_cpu_utilization_fe7f93.csv,C_iforest_contextual,11,11,2014-02-17 14:12:00,2014-02-17 14:12:00,11,2014-02-17 14:12:00,0.7920314764557498,68.16199999999999,1,0.0,False
realAWSCloudwatch/ec2_cpu_utilization_fe7f93.csv,C_iforest_contextual,121,121,2014-02-17 23:22:00,2014-02-17 23:22:00,121,2014-02-17 23:22:00,0.7826240096494887,64.638,1,0.0,False
realAWSCloudwatch/ec2_cpu_utilization_fe7f93.csv,C_iforest_contextual,201,201,2014-02-18 06:02:00,2014-02-18 06:02:00,201,2014-02-18 06:02:00,0.737513551603078,72.22,1,0.0,False
realAWSCloudwatch/ec2_cpu_utilization_fe7f93.csv,C_iforest_contextual,355,355,2014-02-18 18:52:00,2014-02-18 18:52:00,355,2014-02-18 18:52:00,0.7696026567612607,70.77199999999998,1,0.0,False
realAWSCloudwatch/ec2_cpu_utilization_fe7f93.csv,C_iforest_contextual,404,404,2014-02-18 22:57:00,2014-02-18 22:57:00,404,2014-02-18 22:57:00,0.7573489091767815,43.42,1,0.0,False
realAWSCloudwatch/ec2_cpu_utilization_fe7f93.csv,C_iforest_contextual,481,481,2014-02-19 05:22:00,2014-02-19 05:22:00,481,2014-02-19 05:22:00,0.7639497856579195,71.154,1,0.0,False
realAWSCloudwatch/ec2_cpu_utilization_fe7f93.csv,C_iforest_contextual,630,630,2014-02-19 17:47:00,2014-02-19 17:47:00,630,2014-02-19 17:47:00,0.753740477099001,42.76600000000001,1,0.0,False
realAWSCloudwatch/ec2_cpu_utilization_fe7f93.csv,C_iforest_contextual,693,693,2014-02-19 23:02:00,2014-02-19 23:02:00,693,2014-02-19 23:02:00,0.7759204738088108,59.084,1,0.0,False
realAWSCloudwatch/ec2_cpu_utilization_fe7f93.csv,C_iforest_contextual,936,936,2014-02-20 19:17:00,2014-02-20 19:17:00,936,2014-02-20 19:17:00,0.7563046924969408,41.716,1,0.0,False
realAWSCloudwatch/ec2_cpu_utilization_fe7f93.csv,C_iforest_contextual,973,973,2014-02-20 22:22:00,2014-02-20 22:22:00,973,2014-02-20 22:22:00,0.7791791937163881,58.508,1,0.0,False
realAWSCloudwatch/ec2_cpu_utilization_fe7f93.csv,C_iforest_contextual,992,992,2014-02-20 23:57:00,2014-02-20 23:57:00,992,2014-02-20 23:57:00,0.7594906301555092,38.08,1,0.0,False
realAWSCloudwatch/ec2_cpu_utilization_fe7f93.csv,C_iforest_contextual,1004,1004,2014-02-21 00:57:00,2014-02-21 00:57:00,1004,2014-02-21 00:57:00,0.7418952354775072,64.882,1,0.0,False
realAWSCloudwatch/ec2_cpu_utilization_fe7f93.csv,C_iforest_contextual,1068,1068,2014-02-21 06:17:00,2014-02-21 06:17:00,1068,2014-02-21 06:17:00,0.7706447669309403,58.95399999999999,1,0.0,False
realAWSCloudwatch/ec2_cpu_utilization_fe7f93.csv,C_iforest_contextual,1084,1084,2014-02-21 07:37:00,2014-02-21 07:37:00,1084,2014-02-21 07:37:00,0.7820917837708475,66.858,1,0.0,False
realAWSCloudwatch/ec2_cpu_utilization_fe7f93.csv,C_iforest_contextual,1192,1192,2014-02-21 16:37:00,2014-02-21 16:37:00,1192,2014-02-21 16:37:00,0.7479146408661812,38.366,1,0.0,False
realAWSCloudwatch/ec2_cpu_utilization_fe7f93.csv,C_iforest_contextual,1276,1276,2014-02-21 23:37:00,2014-02-21 23:37:00,1276,2014-02-21 23:37:00,0.7457388766275027,67.204,1,0.0,True
realAWSCloudwatch/ec2_cpu_utilization_fe7f93.csv,C_iforest_contextual,2076,2076,2014-02-24 18:17:00,2014-02-24 18:17:00,2076,2014-02-24 18:17:00,0.7589089923003645,42.896,1,0.0,False
realAWSCloudwatch/ec2_cpu_utilization_fe7f93.csv,C_iforest_contextual,2101,2101,2014-02-24 20:22:00,2014-02-24 20:22:00,2101,2014-02-24 20:22:00,0.745617672356248,70.866,1,0.0,False
realAWSCloudwatch/ec2_cpu_utilization_fe7f93.csv,C_iforest_contextual,2134,2134,2014-02-24 23:07:00,2014-02-24 23:07:00,2134,2014-02-24 23:07:00,0.7522902897029153,39.134,1,0.0,False
realAWSCloudwatch/ec2_cpu_utilization_fe7f93.csv,C_iforest_contextual,2150,2150,2014-02-25 00:27:00,2014-02-25 00:27:00,2150,2014-02-25 00:27:00,0.7808011265722702,66.52199999999999,1,0.0,False
realAWSCloudwatch/ec2_cpu_utilization_fe7f93.csv,C_iforest_contextual,2451,2451,2014-02-26 01:32:00,2014-02-26 01:32:00,2451,2014-02-26 01:32:00,0.7662022896146401,70.018,1,0.0,False
realAWSCloudwatch/ec2_cpu_utilization_fe7f93.csv,C_iforest_contextual,2483,2483,2014-02-26 04:12:00,2014-02-26 04:12:00,2483,2014-02-26 04:12:00,0.77566851188895,58.33600000000001,1,0.0,False
realAWSCloudwatch/ec2_cpu_utilization_fe7f93.csv,C_iforest_contextual,2644,2644,2014-02-26 17:37:00,2014-02-26 17:37:00,2644,2014-02-26 17:37:00,0.7619443297687818,47.066,1,0.0,False
realAWSCloudwatch/ec2_cpu_utilization_fe7f93.csv,C_iforest_contextual,2662,2662,2014-02-26 19:07:00,2014-02-26 19:07:00,2662,2014-02-26 19:07:00,0.76199778921292,44.396,1,0.0,False
realAWSCloudwatch/ec2_cpu_utilization_fe7f93.csv,C_iforest_contextual,2704,2704,2014-02-26 22:37:00,2014-02-26 22:37:00,2704,2014-02-26 22:37:00,0.7857969131294557,66.906,1,0.0,False
realAWSCloudwatch/ec2_cpu_utilization_fe7f93.csv,C_iforest_contextual,2720,2720,2014-02-26 23:57:00,2014-02-26 23:57:00,2720,2014-02-26 23:57:00,0.7854278384102895,66.266,1,0.0,False
realAWSCloudwatch/ec2_cpu_utilization_fe7f93.csv,C_iforest_contextual,2914,2914,2014-02-27 16:07:00,2014-02-27 16:07:00,2914,2014-02-27 16:07:00,0.7517033529553291,46.01600000000001,1,0.0,False
realAWSCloudwatch/ec2_cpu_utilization_fe7f93.csv,C_iforest_contextual,2952,2952,2014-02-27 19:17:00,2014-02-27 19:17:00,2952,2014-02-27 19:17:00,0.7643749585547794,48.676,1,0.0,False
realAWSCloudwatch/ec2_cpu_utilization_fe7f93.csv,C_iforest_contextual,2976,2976,2014-02-27 21:17:00,2014-02-27 21:17:00,2976,2014-02-27 21:17:00,0.7557582993440088,44.63,1,0.0,False
realAWSCloudwatch/ec2_cpu_utilization_fe7f93.csv,C_iforest_contextual,3026,3026,2014-02-28 01:27:00,2014-02-28 01:27:00,3026,2014-02-28 01:27:00,0.7559850364322342,43.1,1,0.0,False
realAWSCloudwatch/ec2_cpu_utilization_fe7f93.csv,C_iforest_contextual,3071,3071,2014-02-28 05:12:00,2014-02-28 05:12:00,3071,2014-02-28 05:12:00,0.7530664191710027,91.002,1,0.0,False
realAWSCloudwatch/ec2_disk_write_bytes_1ef3de.csv,A_rolling_zscore,60,60,2014-03-06 18:49:00,2014-03-06 18:49:00,60,2014-03-06 18:49:00,50.0,1137870.0,1,0.0,False
realAWSCloudwatch/ec2_disk_write_bytes_1ef3de.csv,A_rolling_zscore,363,363,2014-03-16 00:14:00,2014-03-16 00:14:00,363,2014-03-16 00:14:00,50.0,33723400.0,1,0.0,False
realAWSCloudwatch/ec2_disk_write_bytes_1ef3de.csv,A_rolling_zscore,381,381,2014-03-17 08:44:00,2014-03-17 08:44:00,381,2014-03-17 08:44:00,50.0,547457000.0,1,0.0,False
realAWSCloudwatch/ec2_disk_write_bytes_1ef3de.csv,A_rolling_zscore,392,392,2014-03-17 20:04:00,2014-03-17 20:04:00,392,2014-03-17 20:04:00,50.0,543734000.0,1,0.0,False
realAWSCloudwatch/ec2_disk_write_bytes_1ef3de.csv,B_iforest_raw,30,30,2014-03-05 23:59:00,2014-03-05 23:59:00,30,2014-03-05 23:59:00,0.7861539439877319,192266000.0,1,0.0,False
realAWSCloudwatch/ec2_disk_write_bytes_1ef3de.csv,B_iforest_raw,116,116,2014-03-07 23:44:00,2014-03-07 23:44:00,116,2014-03-07 23:44:00,0.7861539439877319,192503000.0,1,0.0,False
realAWSCloudwatch/ec2_disk_write_bytes_1ef3de.csv,B_iforest_raw,128,128,2014-03-08 02:19:00,2014-03-08 02:19:00,128,2014-03-08 02:19:00,0.7861539439877319,192483000.0,1,0.0,False
realAWSCloudwatch/ec2_disk_write_bytes_1ef3de.csv,B_iforest_raw,165,165,2014-03-10 17:34:00,2014-03-10 17:34:00,165,2014-03-10 17:34:00,0.7861539439877319,192440000.0,1,0.0,True
realAWSCloudwatch/ec2_disk_write_bytes_1ef3de.csv,C_iforest_contextual,272,272,2014-03-13 15:39:00,2014-03-13 15:39:00,272,2014-03-13 15:39:00,0.7013952204956099,455725000.0,1,0.0,False
realAWSCloudwatch/ec2_disk_write_bytes_1ef3de.csv,C_iforest_contextual,305,305,2014-03-14 08:39:00,2014-03-14 08:39:00,305,2014-03-14 08:39:00,0.7122276753397795,428337000.0,1,0.0,False
realAWSCloudwatch/ec2_disk_write_bytes_1ef3de.csv,C_iforest_contextual,310,310,2014-03-14 11:09:00,2014-03-14 11:09:00,310,2014-03-14 11:09:00,0.7120794743041508,451416000.0,1,0.0,False
realAWSCloudwatch/ec2_disk_write_bytes_1ef3de.csv,C_iforest_contextual,381,381,2014-03-17 08:44:00,2014-03-17 08:44:00,381,2014-03-17 08:44:00,0.7137269880570327,547457000.0,1,0.0,False
realAWSCloudwatch/ec2_disk_write_bytes_c0d644.csv,A_rolling_zscore,54,54,2014-04-08 19:20:00,2014-04-08 19:20:00,54,2014-04-08 19:20:00,50.0,101776000.0,1,0.0,False
realAWSCloudwatch/ec2_disk_write_bytes_c0d644.csv,A_rolling_zscore,116,116,2014-04-09 10:10:00,2014-04-09 10:10:00,116,2014-04-09 10:10:00,50.0,2188900.0,1,0.0,False
realAWSCloudwatch/ec2_disk_write_bytes_c0d644.csv,A_rolling_zscore,129,129,2014-04-09 16:35:00,2014-04-09 16:35:00,129,2014-04-09 16:35:00,50.0,110362000.0,1,0.0,False
realAWSCloudwatch/ec2_disk_write_bytes_c0d644.csv,A_rolling_zscore,181,181,2014-04-10 10:40:00,2014-04-10 10:40:00,181,2014-04-10 10:40:00,50.0,2235600.0,1,0.0,True
realAWSCloudwatch/ec2_disk_write_bytes_c0d644.csv,A_rolling_zscore,201,201,2014-04-10 12:45:00,2014-04-10 12:45:00,201,2014-04-10 12:45:00,50.0,59528000.0,1,0.0,True
realAWSCloudwatch/ec2_disk_write_bytes_c0d644.csv,A_rolling_zscore,226,226,2014-04-10 16:35:00,2014-04-10 16:35:00,226,2014-04-10 16:35:00,50.0,107039000.0,1,0.0,True
realAWSCloudwatch/ec2_disk_write_bytes_c0d644.csv,B_iforest_raw,62,62,2014-04-08 21:45:00,2014-04-08 21:45:00,62,2014-04-08 21:45:00,0.6637827859391483,428189000.0,1,0.0,True
realAWSCloudwatch/ec2_disk_write_bytes_c0d644.csv,B_iforest_raw,84,84,2014-04-09 01:25:00,2014-04-09 01:25:00,84,2014-04-09 01:25:00,0.6666564863802174,219154000.0,1,0.0,True
realAWSCloudwatch/ec2_disk_write_bytes_c0d644.csv,B_iforest_raw,153,153,2014-04-09 22:40:00,2014-04-09 22:40:00,153,2014-04-09 22:40:00,0.6663283758877023,216740000.0,1,0.0,False
realAWSCloudwatch/ec2_disk_write_bytes_c0d644.csv,B_iforest_raw,203,203,2014-04-10 12:55:00,2014-04-10 12:55:00,203,2014-04-10 12:55:00,0.6660567468117707,209405000.0,1,0.0,True
realAWSCloudwatch/ec2_disk_write_bytes_c0d644.csv,B_iforest_raw,491,491,2014-04-15 06:15:00,2014-04-15 06:15:00,491,2014-04-15 06:15:00,0.6671439279454873,207516000.0,1,0.0,False
realAWSCloudwatch/ec2_disk_write_bytes_c0d644.csv,B_iforest_raw,569,569,2014-04-16 04:45:00,2014-04-16 04:45:00,569,2014-04-16 04:45:00,0.6654649229765551,266528000.0,1,0.0,False
realAWSCloudwatch/ec2_disk_write_bytes_c0d644.csv,C_iforest_contextual,54,54,2014-04-08 19:20:00,2014-04-08 19:20:00,54,2014-04-08 19:20:00,0.6819355620673425,101776000.0,1,0.0,False
realAWSCloudwatch/ec2_disk_write_bytes_c0d644.csv,C_iforest_contextual,92,92,2014-04-09 02:20:00,2014-04-09 02:20:00,92,2014-04-09 02:20:00,0.6697933577571608,525151000.0,1,0.0,True
realAWSCloudwatch/ec2_disk_write_bytes_c0d644.csv,C_iforest_contextual,98,98,2014-04-09 03:10:00,2014-04-09 03:10:00,98,2014-04-09 03:10:00,0.6703436324196024,462646000.0,1,0.0,True
realAWSCloudwatch/ec2_disk_write_bytes_c0d644.csv,C_iforest_contextual,104,104,2014-04-09 04:05:00,2014-04-09 04:05:00,104,2014-04-09 04:05:00,0.6741882181564508,673993000.0,1,0.0,True
realAWSCloudwatch/ec2_disk_write_bytes_c0d644.csv,C_iforest_contextual,154,154,2014-04-09 22:45:00,2014-04-09 22:45:00,154,2014-04-09 22:45:00,0.6733731344042769,651970000.0,1,0.0,False
realAWSCloudwatch/ec2_disk_write_bytes_c0d644.csv,C_iforest_contextual,505,505,2014-04-15 11:05:00,2014-04-15 11:05:00,505,2014-04-15 11:05:00,0.6753787190140349,587516000.0,1,0.0,False
realAWSCloudwatch/ec2_network_in_257a54.csv,A_rolling_zscore,788,793,2014-04-15 16:44:00,2014-04-15 17:09:00,790,2014-04-15 16:54:00,35.46844020631076,138797000.0,3,25.0,True
realAWSCloudwatch/ec2_network_in_257a54.csv,A_rolling_zscore,833,833,2014-04-15 20:29:00,2014-04-15 20:29:00,833,2014-04-15 20:29:00,50.0,2749090.0,1,0.0,True
realAWSCloudwatch/ec2_network_in_257a54.csv,A_rolling_zscore,843,843,2014-04-15 21:19:00,2014-04-15 21:19:00,843,2014-04-15 21:19:00,14.571383837391823,10957300.0,1,0.0,True
realAWSCloudwatch/ec2_network_in_257a54.csv,A_rolling_zscore,858,858,2014-04-15 22:34:00,2014-04-15 22:34:00,858,2014-04-15 22:34:00,20.67277207989454,1101060.0,1,0.0,True
realAWSCloudwatch/ec2_network_in_257a54.csv,A_rolling_zscore,908,909,2014-04-16 02:44:00,2014-04-16 02:49:00,908,2014-04-16 02:44:00,7.1814285140548115,310622.0,2,5.0,True
realAWSCloudwatch/ec2_network_in_257a54.csv,A_rolling_zscore,1042,1042,2014-04-16 13:54:00,2014-04-16 13:54:00,1042,2014-04-16 13:54:00,8.423299491507565,63814.4,1,0.0,False
realAWSCloudwatch/ec2_network_in_257a54.csv,A_rolling_zscore,1066,1066,2014-04-16 15:54:00,2014-04-16 15:54:00,1066,2014-04-16 15:54:00,7.10173108540613,313480.0,1,0.0,False
realAWSCloudwatch/ec2_network_in_257a54.csv,A_rolling_zscore,1090,1090,2014-04-16 17:54:00,2014-04-16 17:54:00,1090,2014-04-16 17:54:00,12.343341268033035,1081540.0,1,0.0,False
realAWSCloudwatch/ec2_network_in_257a54.csv,A_rolling_zscore,1189,1189,2014-04-17 02:09:00,2014-04-17 02:09:00,1189,2014-04-17 02:09:00,50.0,917486.0,1,0.0,False
realAWSCloudwatch/ec2_network_in_257a54.csv,A_rolling_zscore,1215,1215,2014-04-17 04:19:00,2014-04-17 04:19:00,1215,2014-04-17 04:19:00,4.994039923464949,186322.0,1,0.0,False
realAWSCloudwatch/ec2_network_in_257a54.csv,A_rolling_zscore,1233,1233,2014-04-17 05:49:00,2014-04-17 05:49:00,1233,2014-04-17 05:49:00,5.937126314053198,274763.0,1,0.0,False
realAWSCloudwatch/ec2_network_in_257a54.csv,A_rolling_zscore,1354,1357,2014-04-17 15:54:00,2014-04-17 16:09:00,1357,2014-04-17 16:09:00,13.91086551277233,980290.0,2,15.0,False
realAWSCloudwatch/ec2_network_in_257a54.csv,A_rolling_zscore,1364,1364,2014-04-17 16:44:00,2014-04-17 16:44:00,1364,2014-04-17 16:44:00,6.267683829886687,1612430.0,1,0.0,False
realAWSCloudwatch/ec2_network_in_257a54.csv,A_rolling_zscore,1400,1400,2014-04-17 19:44:00,2014-04-17 19:44:00,1400,2014-04-17 19:44:00,4.714976221679896,920637.0,1,0.0,False
realAWSCloudwatch/ec2_network_in_257a54.csv,A_rolling_zscore,1460,1460,2014-04-18 00:44:00,2014-04-18 00:44:00,1460,2014-04-18 00:44:00,4.405406788863694,907772.0,1,0.0,False
realAWSCloudwatch/ec2_network_in_257a54.csv,A_rolling_zscore,1541,1541,2014-04-18 07:29:00,2014-04-18 07:29:00,1541,2014-04-18 07:29:00,50.0,907681.0,1,0.0,False
realAWSCloudwatch/ec2_network_in_257a54.csv,A_rolling_zscore,1560,1560,2014-04-18 09:04:00,2014-04-18 09:04:00,1560,2014-04-18 09:04:00,4.712975199351717,181855.0,1,0.0,False
realAWSCloudwatch/ec2_network_in_257a54.csv,A_rolling_zscore,1680,1680,2014-04-18 19:04:00,2014-04-18 19:04:00,1680,2014-04-18 19:04:00,4.862723715900582,255514.0,1,0.0,False
realAWSCloudwatch/ec2_network_in_257a54.csv,A_rolling_zscore,2533,2533,2014-04-21 18:09:00,2014-04-21 18:09:00,2533,2014-04-21 18:09:00,5.732356995096339,296345.0,1,0.0,False
realAWSCloudwatch/ec2_network_in_257a54.csv,A_rolling_zscore,2569,2569,2014-04-21 21:09:00,2014-04-21 21:09:00,2569,2014-04-21 21:09:00,5.032491575126656,250756.0,1,0.0,False
realAWSCloudwatch/ec2_network_in_257a54.csv,A_rolling_zscore,2601,2601,2014-04-21 23:49:00,2014-04-21 23:49:00,2601,2014-04-21 23:49:00,4.656933706981622,190326.0,1,0.0,False
realAWSCloudwatch/ec2_network_in_257a54.csv,A_rolling_zscore,2694,2694,2014-04-22 07:34:00,2014-04-22 07:34:00,2694,2014-04-22 07:34:00,5.004314206911518,193530.0,1,0.0,False
realAWSCloudwatch/ec2_network_in_257a54.csv,A_rolling_zscore,2796,2796,2014-04-22 16:04:00,2014-04-22 16:04:00,2796,2014-04-22 16:04:00,50.0,1246660.0,1,0.0,False
realAWSCloudwatch/ec2_network_in_257a54.csv,A_rolling_zscore,2818,2818,2014-04-22 17:54:00,2014-04-22 17:54:00,2818,2014-04-22 17:54:00,10.598586736367777,317390.0,1,0.0,False
realAWSCloudwatch/ec2_network_in_257a54.csv,A_rolling_zscore,2830,2830,2014-04-22 18:54:00,2014-04-22 18:54:00,2830,2014-04-22 18:54:00,9.252493799378922,472777.0,1,0.0,False
realAWSCloudwatch/ec2_network_in_257a54.csv,A_rolling_zscore,2846,2846,2014-04-22 20:14:00,2014-04-22 20:14:00,2846,2014-04-22 20:14:00,26.535691886041658,523317.0,1,0.0,False
realAWSCloudwatch/ec2_network_in_257a54.csv,A_rolling_zscore,3150,3150,2014-04-23 21:34:00,2014-04-23 21:34:00,3150,2014-04-23 21:34:00,4.981175639477291,290757.0,1,0.0,False
realAWSCloudwatch/ec2_network_in_257a54.csv,B_iforest_raw,57,58,2014-04-13 03:44:00,2014-04-13 03:49:00,57,2014-04-13 03:44:00,0.7962417259661575,1240180.0,2,5.0,False
realAWSCloudwatch/ec2_network_in_257a54.csv,B_iforest_raw,788,794,2014-04-15 16:44:00,2014-04-15 17:14:00,788,2014-04-15 16:44:00,0.8237880695775885,13429000.0,5,30.0,True
realAWSCloudwatch/ec2_network_in_257a54.csv,B_iforest_raw,834,834,2014-04-15 20:34:00,2014-04-15 20:34:00,834,2014-04-15 20:34:00,0.7911402391861018,1135620.0,1,0.0,True
realAWSCloudwatch/ec2_network_in_257a54.csv,B_iforest_raw,843,843,2014-04-15 21:19:00,2014-04-15 21:19:00,843,2014-04-15 21:19:00,0.8237880695775885,10957300.0,1,0.0,True
realAWSCloudwatch/ec2_network_in_257a54.csv,B_iforest_raw,858,858,2014-04-15 22:34:00,2014-04-15 22:34:00,858,2014-04-15 22:34:00,0.7841727036758088,1101060.0,1,0.0,True
realAWSCloudwatch/ec2_network_in_257a54.csv,B_iforest_raw,1090,1090,2014-04-16 17:54:00,2014-04-16 17:54:00,1090,2014-04-16 17:54:00,0.7859083705431804,1081540.0,1,0.0,False
realAWSCloudwatch/ec2_network_in_257a54.csv,B_iforest_raw,1094,1094,2014-04-16 18:14:00,2014-04-16 18:14:00,1094,2014-04-16 18:14:00,0.7839074682820177,1094490.0,1,0.0,False
realAWSCloudwatch/ec2_network_in_257a54.csv,B_iforest_raw,1114,1118,2014-04-16 19:54:00,2014-04-16 20:14:00,1118,2014-04-16 20:14:00,0.773687538322175,1017170.0,3,20.0,False
realAWSCloudwatch/ec2_network_in_257a54.csv,B_iforest_raw,1127,1130,2014-04-16 20:59:00,2014-04-16 21:14:00,1127,2014-04-16 20:59:00,0.7790261286823058,1041190.0,2,15.0,False
realAWSCloudwatch/ec2_network_in_257a54.csv,B_iforest_raw,1154,1154,2014-04-16 23:14:00,2014-04-16 23:14:00,1154,2014-04-16 23:14:00,0.7361021068580849,705987.0,1,0.0,False
realAWSCloudwatch/ec2_network_in_257a54.csv,B_iforest_raw,1189,1189,2014-04-17 02:09:00,2014-04-17 02:09:00,1189,2014-04-17 02:09:00,0.7565514844383722,917486.0,1,0.0,False
realAWSCloudwatch/ec2_network_in_257a54.csv,B_iforest_raw,1357,1357,2014-04-17 16:09:00,2014-04-17 16:09:00,1357,2014-04-17 16:09:00,0.7689367054975438,980290.0,1,0.0,False
realAWSCloudwatch/ec2_network_in_257a54.csv,B_iforest_raw,1364,1364,2014-04-17 16:44:00,2014-04-17 16:44:00,1364,2014-04-17 16:44:00,0.7906051455658886,1612430.0,1,0.0,False
realAWSCloudwatch/ec2_network_in_257a54.csv,B_iforest_raw,1400,1400,2014-04-17 19:44:00,2014-04-17 19:44:00,1400,2014-04-17 19:44:00,0.7570635300213744,920637.0,1,0.0,False
realAWSCloudwatch/ec2_network_in_257a54.csv,B_iforest_raw,1405,1405,2014-04-17 20:09:00,2014-04-17 20:09:00,1405,2014-04-17 20:09:00,0.7446176078896327,799628.0,1,0.0,False
realAWSCloudwatch/ec2_network_in_257a54.csv,B_iforest_raw,1417,1417,2014-04-17 21:09:00,2014-04-17 21:09:00,1417,2014-04-17 21:09:00,0.7361021068580849,713233.0,1,0.0,False
realAWSCloudwatch/ec2_network_in_257a54.csv,B_iforest_raw,1424,1424,2014-04-17 21:44:00,2014-04-17 21:44:00,1424,2014-04-17 21:44:00,0.7451215764429806,828152.0,1,0.0,False
realAWSCloudwatch/ec2_network_in_257a54.csv,B_iforest_raw,1429,1429,2014-04-17 22:09:00,2014-04-17 22:09:00,1429,2014-04-17 22:09:00,0.7446176078896327,815393.0,1,0.0,False
realAWSCloudwatch/ec2_network_in_257a54.csv,B_iforest_raw,1436,1436,2014-04-17 22:44:00,2014-04-17 22:44:00,1436,2014-04-17 22:44:00,0.7537414180297838,902288.0,1,0.0,False
realAWSCloudwatch/ec2_network_in_257a54.csv,B_iforest_raw,1453,1453,2014-04-18 00:09:00,2014-04-18 00:09:00,1453,2014-04-18 00:09:00,0.7353554308972323,698624.0,1,0.0,False
realAWSCloudwatch/ec2_network_in_257a54.csv,B_iforest_raw,1460,1460,2014-04-18 00:44:00,2014-04-18 00:44:00,1460,2014-04-18 00:44:00,0.7537414180297838,907772.0,1,0.0,False
realAWSCloudwatch/ec2_network_in_257a54.csv,B_iforest_raw,1541,1541,2014-04-18 07:29:00,2014-04-18 07:29:00,1541,2014-04-18 07:29:00,0.7537414180297838,907681.0,1,0.0,False
realAWSCloudwatch/ec2_network_in_257a54.csv,B_iforest_raw,2796,2796,2014-04-22 16:04:00,2014-04-22 16:04:00,2796,2014-04-22 16:04:00,0.7962417259661575,1246660.0,1,0.0,False
realAWSCloudwatch/ec2_network_in_257a54.csv,C_iforest_contextual,58,58,2014-04-13 03:49:00,2014-04-13 03:49:00,58,2014-04-13 03:49:00,0.6641885325000716,2271080.0,1,0.0,False
realAWSCloudwatch/ec2_network_in_257a54.csv,C_iforest_contextual,347,349,2014-04-14 03:59:00,2014-04-14 04:09:00,349,2014-04-14 04:09:00,0.6613168380008277,3257700.0,2,10.0,False
realAWSCloudwatch/ec2_network_in_257a54.csv,C_iforest_contextual,637,637,2014-04-15 04:09:00,2014-04-15 04:09:00,637,2014-04-15 04:09:00,0.6776473379323531,3255620.0,1,0.0,True
realAWSCloudwatch/ec2_network_in_257a54.csv,C_iforest_contextual,788,794,2014-04-15 16:44:00,2014-04-15 17:14:00,793,2014-04-15 17:09:00,0.7539096150495733,245126000.0,6,30.0,True
realAWSCloudwatch/ec2_network_in_257a54.csv,C_iforest_contextual,843,843,2014-04-15 21:19:00,2014-04-15 21:19:00,843,2014-04-15 21:19:00,0.7277350392970026,10957300.0,1,0.0,True
realAWSCloudwatch/ec2_network_in_257a54.csv,C_iforest_contextual,1090,1090,2014-04-16 17:54:00,2014-04-16 17:54:00,1090,2014-04-16 17:54:00,0.6693705596736641,1081540.0,1,0.0,False
realAWSCloudwatch/ec2_network_in_257a54.csv,C_iforest_contextual,1094,1094,2014-04-16 18:14:00,2014-04-16 18:14:00,1094,2014-04-16 18:14:00,0.6742177811679905,1094490.0,1,0.0,False
realAWSCloudwatch/ec2_network_in_257a54.csv,C_iforest_contextual,1118,1118,2014-04-16 20:14:00,2014-04-16 20:14:00,1118,2014-04-16 20:14:00,0.6695200968720592,1017170.0,1,0.0,False
realAWSCloudwatch/ec2_network_in_257a54.csv,C_iforest_contextual,1127,1127,2014-04-16 20:59:00,2014-04-16 20:59:00,1127,2014-04-16 20:59:00,0.6682836362450961,1041190.0,1,0.0,False
realAWSCloudwatch/ec2_network_in_257a54.csv,C_iforest_contextual,1151,1154,2014-04-16 22:59:00,2014-04-16 23:14:00,1154,2014-04-16 23:14:00,0.6679622628559174,705987.0,2,15.0,False
realAWSCloudwatch/ec2_network_in_257a54.csv,C_iforest_contextual,1189,1189,2014-04-17 02:09:00,2014-04-17 02:09:00,1189,2014-04-17 02:09:00,0.6669439058288845,917486.0,1,0.0,False
realAWSCloudwatch/ec2_network_in_257a54.csv,C_iforest_contextual,1357,1357,2014-04-17 16:09:00,2014-04-17 16:09:00,1357,2014-04-17 16:09:00,0.6699916978241834,980290.0,1,0.0,False
realAWSCloudwatch/ec2_network_in_257a54.csv,C_iforest_contextual,1364,1364,2014-04-17 16:44:00,2014-04-17 16:44:00,1364,2014-04-17 16:44:00,0.6627481578186372,1612430.0,1,0.0,False
realAWSCloudwatch/ec2_network_in_257a54.csv,C_iforest_contextual,1393,1393,2014-04-17 19:09:00,2014-04-17 19:09:00,1393,2014-04-17 19:09:00,0.6639624064791269,625793.0,1,0.0,False
realAWSCloudwatch/ec2_network_in_257a54.csv,C_iforest_contextual,1400,1400,2014-04-17 19:44:00,2014-04-17 19:44:00,1400,2014-04-17 19:44:00,0.6759149723419707,920637.0,1,0.0,False
realAWSCloudwatch/ec2_network_in_257a54.csv,C_iforest_contextual,1405,1405,2014-04-17 20:09:00,2014-04-17 20:09:00,1405,2014-04-17 20:09:00,0.6646116267302962,799628.0,1,0.0,False
realAWSCloudwatch/ec2_network_in_257a54.csv,C_iforest_contextual,1417,1417,2014-04-17 21:09:00,2014-04-17 21:09:00,1417,2014-04-17 21:09:00,0.6597111222958127,713233.0,1,0.0,False
realAWSCloudwatch/ec2_network_in_257a54.csv,C_iforest_contextual,1424,1424,2014-04-17 21:44:00,2014-04-17 21:44:00,1424,2014-04-17 21:44:00,0.6678575502837589,828152.0,1,0.0,False
realAWSCloudwatch/ec2_network_in_257a54.csv,C_iforest_contextual,1429,1429,2014-04-17 22:09:00,2014-04-17 22:09:00,1429,2014-04-17 22:09:00,0.6623129880348411,815393.0,1,0.0,False
realAWSCloudwatch/ec2_network_in_257a54.csv,C_iforest_contextual,1436,1436,2014-04-17 22:44:00,2014-04-17 22:44:00,1436,2014-04-17 22:44:00,0.669318442654493,902288.0,1,0.0,False
realAWSCloudwatch/ec2_network_in_257a54.csv,C_iforest_contextual,1453,1453,2014-04-18 00:09:00,2014-04-18 00:09:00,1453,2014-04-18 00:09:00,0.6617996798217629,698624.0,1,0.0,False
realAWSCloudwatch/ec2_network_in_257a54.csv,C_iforest_contextual,1460,1460,2014-04-18 00:44:00,2014-04-18 00:44:00,1460,2014-04-18 00:44:00,0.6692135069560472,907772.0,1,0.0,False
realAWSCloudwatch/ec2_network_in_257a54.csv,C_iforest_contextual,1541,1541,2014-04-18 07:29:00,2014-04-18 07:29:00,1541,2014-04-18 07:29:00,0.6663634270682103,907681.0,1,0.0,False
realAWSCloudwatch/ec2_network_in_257a54.csv,C_iforest_contextual,2796,2796,2014-04-22 16:04:00,2014-04-22 16:04:00,2796,2014-04-22 16:04:00,0.6692653211640017,1246660.0,1,0.0,False
realAWSCloudwatch/ec2_network_in_5abac7.csv,A_rolling_zscore,210,211,2014-03-05 18:31:00,2014-03-05 18:36:00,210,2014-03-05 18:31:00,50.0,13821.4,2,5.0,False
realAWSCloudwatch/ec2_network_in_5abac7.csv,A_rolling_zscore,314,315,2014-03-06 03:11:00,2014-03-06 03:16:00,314,2014-03-06 03:11:00,50.0,13729.6,2,5.0,False
realAWSCloudwatch/ec2_network_in_5abac7.csv,A_rolling_zscore,379,380,2014-03-06 08:36:00,2014-03-06 08:41:00,379,2014-03-06 08:36:00,50.0,13820.0,2,5.0,False
realAWSCloudwatch/ec2_network_in_5abac7.csv,A_rolling_zscore,485,486,2014-03-06 17:26:00,2014-03-06 17:31:00,485,2014-03-06 17:26:00,50.0,13886.6,2,5.0,False
realAWSCloudwatch/ec2_network_in_5abac7.csv,A_rolling_zscore,551,551,2014-03-06 22:56:00,2014-03-06 22:56:00,551,2014-03-06 22:56:00,50.0,437168.0,1,0.0,False
realAWSCloudwatch/ec2_network_in_5abac7.csv,A_rolling_zscore,587,587,2014-03-07 01:56:00,2014-03-07 01:56:00,587,2014-03-07 01:56:00,50.0,448347.0,1,0.0,False
realAWSCloudwatch/ec2_network_in_5abac7.csv,A_rolling_zscore,624,624,2014-03-07 05:01:00,2014-03-07 05:01:00,624,2014-03-07 05:01:00,50.0,395780.0,1,0.0,False
realAWSCloudwatch/ec2_network_in_5abac7.csv,A_rolling_zscore,670,670,2014-03-07 08:51:00,2014-03-07 08:51:00,670,2014-03-07 08:51:00,50.0,396196.0,1,0.0,False
realAWSCloudwatch/ec2_network_in_5abac7.csv,A_rolling_zscore,685,686,2014-03-07 10:06:00,2014-03-07 10:11:00,685,2014-03-07 10:06:00,50.0,19358.6,2,5.0,False
realAWSCloudwatch/ec2_network_in_5abac7.csv,A_rolling_zscore,775,776,2014-03-07 17:36:00,2014-03-07 17:41:00,775,2014-03-07 17:36:00,50.0,17005.0,2,5.0,False
realAWSCloudwatch/ec2_network_in_5abac7.csv,A_rolling_zscore,868,869,2014-03-08 01:21:00,2014-03-08 01:26:00,868,2014-03-08 01:21:00,50.0,17494.4,2,5.0,False
realAWSCloudwatch/ec2_network_in_5abac7.csv,A_rolling_zscore,1125,1126,2014-03-08 22:46:00,2014-03-08 22:51:00,1125,2014-03-08 22:46:00,50.0,14897.8,2,5.0,False
realAWSCloudwatch/ec2_network_in_5abac7.csv,A_rolling_zscore,1513,1513,2014-03-10 08:01:00,2014-03-10 08:01:00,1513,2014-03-10 08:01:00,50.0,186160.0,1,0.0,False
realAWSCloudwatch/ec2_network_in_5abac7.csv,A_rolling_zscore,1571,1572,2014-03-10 12:51:00,2014-03-10 12:56:00,1571,2014-03-10 12:51:00,50.0,14141.0,2,5.0,True
realAWSCloudwatch/ec2_network_in_5abac7.csv,A_rolling_zscore,1603,1605,2014-03-10 15:31:00,2014-03-10 15:41:00,1603,2014-03-10 15:31:00,50.0,3536.0,2,10.0,True
realAWSCloudwatch/ec2_network_in_5abac7.csv,A_rolling_zscore,1644,1644,2014-03-10 18:56:00,2014-03-10 18:56:00,1644,2014-03-10 18:56:00,50.0,6519420.0,1,0.0,True
realAWSCloudwatch/ec2_network_in_5abac7.csv,A_rolling_zscore,1673,1673,2014-03-10 21:21:00,2014-03-10 21:21:00,1673,2014-03-10 21:21:00,50.0,6500490.0,1,0.0,True
realAWSCloudwatch/ec2_network_in_5abac7.csv,A_rolling_zscore,1711,1712,2014-03-11 00:31:00,2014-03-11 00:36:00,1711,2014-03-11 00:31:00,50.0,17594.0,2,5.0,True
realAWSCloudwatch/ec2_network_in_5abac7.csv,A_rolling_zscore,1798,1798,2014-03-11 07:46:00,2014-03-11 07:46:00,1798,2014-03-11 07:46:00,50.0,418926.0,1,0.0,False
realAWSCloudwatch/ec2_network_in_5abac7.csv,A_rolling_zscore,1927,1929,2014-03-11 18:31:00,2014-03-11 18:41:00,1927,2014-03-11 18:31:00,50.0,4092.6,2,10.0,False
realAWSCloudwatch/ec2_network_in_5abac7.csv,A_rolling_zscore,1953,1954,2014-03-11 20:41:00,2014-03-11 20:46:00,1953,2014-03-11 20:41:00,50.0,16345.8,2,5.0,False
realAWSCloudwatch/ec2_network_in_5abac7.csv,A_rolling_zscore,2072,2073,2014-03-12 06:36:00,2014-03-12 06:41:00,2072,2014-03-12 06:36:00,50.0,17557.6,2,5.0,False
realAWSCloudwatch/ec2_network_in_5abac7.csv,A_rolling_zscore,2198,2198,2014-03-12 17:06:00,2014-03-12 17:06:00,2198,2014-03-12 17:06:00,50.0,17574.6,1,0.0,True
realAWSCloudwatch/ec2_network_in_5abac7.csv,B_iforest_raw,220,220,2014-03-05 19:21:00,2014-03-05 19:21:00,220,2014-03-05 19:21:00,0.8268592809064906,5054730.0,1,0.0,False
realAWSCloudwatch/ec2_network_in_5abac7.csv,B_iforest_raw,242,242,2014-03-05 21:11:00,2014-03-05 21:11:00,242,2014-03-05 21:11:00,0.804781709114719,5254720.0,1,0.0,False
realAWSCloudwatch/ec2_network_in_5abac7.csv,B_iforest_raw,269,269,2014-03-05 23:26:00,2014-03-05 23:26:00,269,2014-03-05 23:26:00,0.804781709114719,5623280.0,1,0.0,False
realAWSCloudwatch/ec2_network_in_5abac7.csv,B_iforest_raw,276,276,2014-03-06 00:01:00,2014-03-06 00:01:00,276,2014-03-06 00:01:00,0.804781709114719,5367630.0,1,0.0,False
realAWSCloudwatch/ec2_network_in_5abac7.csv,B_iforest_raw,286,286,2014-03-06 00:51:00,2014-03-06 00:51:00,286,2014-03-06 00:51:00,0.804781709114719,5250220.0,1,0.0,False
realAWSCloudwatch/ec2_network_in_5abac7.csv,B_iforest_raw,315,315,2014-03-06 03:16:00,2014-03-06 03:16:00,315,2014-03-06 03:16:00,0.804781709114719,5270540.0,1,0.0,False
realAWSCloudwatch/ec2_network_in_5abac7.csv,B_iforest_raw,380,380,2014-03-06 08:41:00,2014-03-06 08:41:00,380,2014-03-06 08:41:00,0.8196184297215438,5208430.0,1,0.0,False
realAWSCloudwatch/ec2_network_in_5abac7.csv,B_iforest_raw,394,394,2014-03-06 09:51:00,2014-03-06 09:51:00,394,2014-03-06 09:51:00,0.804781709114719,5260490.0,1,0.0,False
realAWSCloudwatch/ec2_network_in_5abac7.csv,B_iforest_raw,486,486,2014-03-06 17:31:00,2014-03-06 17:31:00,486,2014-03-06 17:31:00,0.804781709114719,5262340.0,1,0.0,False
realAWSCloudwatch/ec2_network_in_5abac7.csv,B_iforest_raw,506,506,2014-03-06 19:11:00,2014-03-06 19:11:00,506,2014-03-06 19:11:00,0.804781709114719,5265320.0,1,0.0,False
realAWSCloudwatch/ec2_network_in_5abac7.csv,B_iforest_raw,686,686,2014-03-07 10:11:00,2014-03-07 10:11:00,686,2014-03-07 10:11:00,0.8243456219068529,4961320.0,1,0.0,False
realAWSCloudwatch/ec2_network_in_5abac7.csv,B_iforest_raw,788,788,2014-03-07 18:41:00,2014-03-07 18:41:00,788,2014-03-07 18:41:00,0.804781709114719,5269290.0,1,0.0,False
realAWSCloudwatch/ec2_network_in_5abac7.csv,B_iforest_raw,806,806,2014-03-07 20:11:00,2014-03-07 20:11:00,806,2014-03-07 20:11:00,0.804781709114719,5270160.0,1,0.0,False
realAWSCloudwatch/ec2_network_in_5abac7.csv,B_iforest_raw,816,816,2014-03-07 21:01:00,2014-03-07 21:01:00,816,2014-03-07 21:01:00,0.8282590686041305,5152530.0,1,0.0,False
realAWSCloudwatch/ec2_network_in_5abac7.csv,B_iforest_raw,838,838,2014-03-07 22:51:00,2014-03-07 22:51:00,838,2014-03-07 22:51:00,0.804781709114719,5273370.0,1,0.0,False
realAWSCloudwatch/ec2_network_in_5abac7.csv,B_iforest_raw,849,849,2014-03-07 23:46:00,2014-03-07 23:46:00,849,2014-03-07 23:46:00,0.8154698946825886,4602650.0,1,0.0,False
realAWSCloudwatch/ec2_network_in_5abac7.csv,B_iforest_raw,869,869,2014-03-08 01:26:00,2014-03-08 01:26:00,869,2014-03-08 01:26:00,0.804781709114719,5275650.0,1,0.0,False
realAWSCloudwatch/ec2_network_in_5abac7.csv,B_iforest_raw,890,890,2014-03-08 03:11:00,2014-03-08 03:11:00,890,2014-03-08 03:11:00,0.804781709114719,5285150.0,1,0.0,False
realAWSCloudwatch/ec2_network_in_5abac7.csv,B_iforest_raw,903,903,2014-03-08 04:16:00,2014-03-08 04:16:00,903,2014-03-08 04:16:00,0.804781709114719,5284700.0,1,0.0,False
realAWSCloudwatch/ec2_network_in_5abac7.csv,B_iforest_raw,1126,1126,2014-03-08 22:51:00,2014-03-08 22:51:00,1126,2014-03-08 22:51:00,0.804781709114719,5285990.0,1,0.0,False
realAWSCloudwatch/ec2_network_in_5abac7.csv,B_iforest_raw,1572,1572,2014-03-10 12:56:00,2014-03-10 12:56:00,1572,2014-03-10 12:56:00,0.804781709114719,5288230.0,1,0.0,True
realAWSCloudwatch/ec2_network_in_5abac7.csv,B_iforest_raw,1605,1605,2014-03-10 15:41:00,2014-03-10 15:41:00,1605,2014-03-10 15:41:00,0.804781709114719,5285980.0,1,0.0,True
realAWSCloudwatch/ec2_network_in_5abac7.csv,B_iforest_raw,1617,1617,2014-03-10 16:41:00,2014-03-10 16:41:00,1617,2014-03-10 16:41:00,0.804781709114719,5286690.0,1,0.0,True
realAWSCloudwatch/ec2_network_in_5abac7.csv,B_iforest_raw,1644,1652,2014-03-10 18:56:00,2014-03-10 19:36:00,1644,2014-03-10 18:56:00,0.804781709114719,6519420.0,5,40.0,True
realAWSCloudwatch/ec2_network_in_5abac7.csv,B_iforest_raw,1673,1673,2014-03-10 21:21:00,2014-03-10 21:21:00,1673,2014-03-10 21:21:00,0.804781709114719,6500490.0,1,0.0,True
realAWSCloudwatch/ec2_network_in_5abac7.csv,B_iforest_raw,1684,1684,2014-03-10 22:16:00,2014-03-10 22:16:00,1684,2014-03-10 22:16:00,0.804781709114719,6504780.0,1,0.0,True
realAWSCloudwatch/ec2_network_in_5abac7.csv,B_iforest_raw,1712,1712,2014-03-11 00:36:00,2014-03-11 00:36:00,1712,2014-03-11 00:36:00,0.804781709114719,6509250.0,1,0.0,True
realAWSCloudwatch/ec2_network_in_5abac7.csv,B_iforest_raw,1723,1723,2014-03-11 01:31:00,2014-03-11 01:31:00,1723,2014-03-11 01:31:00,0.804781709114719,6504060.0,1,0.0,True
realAWSCloudwatch/ec2_network_in_5abac7.csv,B_iforest_raw,1954,1954,2014-03-11 20:46:00,2014-03-11 20:46:00,1954,2014-03-11 20:46:00,0.804781709114719,6456800.0,1,0.0,False
realAWSCloudwatch/ec2_network_in_5abac7.csv,B_iforest_raw,2073,2073,2014-03-12 06:41:00,2014-03-12 06:41:00,2073,2014-03-12 06:41:00,0.804781709114719,6509010.0,1,0.0,False
realAWSCloudwatch/ec2_network_in_5abac7.csv,B_iforest_raw,2199,2199,2014-03-12 17:11:00,2014-03-12 17:11:00,2199,2014-03-12 17:11:00,0.804781709114719,6512200.0,1,0.0,True
realAWSCloudwatch/ec2_network_in_5abac7.csv,B_iforest_raw,2234,2234,2014-03-12 20:06:00,2014-03-12 20:06:00,2234,2014-03-12 20:06:00,0.804781709114719,6460870.0,1,0.0,True
realAWSCloudwatch/ec2_network_in_5abac7.csv,B_iforest_raw,2245,2245,2014-03-12 21:01:00,2014-03-12 21:01:00,2245,2014-03-12 21:01:00,0.804781709114719,8285420.0,1,0.0,True
realAWSCloudwatch/ec2_network_in_5abac7.csv,C_iforest_contextual,211,211,2014-03-05 18:36:00,2014-03-05 18:36:00,211,2014-03-05 18:36:00,0.7616706460192901,5239200.0,1,0.0,False
realAWSCloudwatch/ec2_network_in_5abac7.csv,C_iforest_contextual,264,264,2014-03-05 23:01:00,2014-03-05 23:01:00,264,2014-03-05 23:01:00,0.7646066772734046,5247730.0,1,0.0,False
realAWSCloudwatch/ec2_network_in_5abac7.csv,C_iforest_contextual,276,276,2014-03-06 00:01:00,2014-03-06 00:01:00,276,2014-03-06 00:01:00,0.758504997097197,5367630.0,1,0.0,False
realAWSCloudwatch/ec2_network_in_5abac7.csv,C_iforest_contextual,315,315,2014-03-06 03:16:00,2014-03-06 03:16:00,315,2014-03-06 03:16:00,0.7575164557666528,5270540.0,1,0.0,False
realAWSCloudwatch/ec2_network_in_5abac7.csv,C_iforest_contextual,380,380,2014-03-06 08:41:00,2014-03-06 08:41:00,380,2014-03-06 08:41:00,0.7646029327383093,5208430.0,1,0.0,False
realAWSCloudwatch/ec2_network_in_5abac7.csv,C_iforest_contextual,394,394,2014-03-06 09:51:00,2014-03-06 09:51:00,394,2014-03-06 09:51:00,0.7666416058748586,5260490.0,1,0.0,False
realAWSCloudwatch/ec2_network_in_5abac7.csv,C_iforest_contextual,486,486,2014-03-06 17:31:00,2014-03-06 17:31:00,486,2014-03-06 17:31:00,0.7597512489164856,5262340.0,1,0.0,False
realAWSCloudwatch/ec2_network_in_5abac7.csv,C_iforest_contextual,506,506,2014-03-06 19:11:00,2014-03-06 19:11:00,506,2014-03-06 19:11:00,0.7665179894740117,5265320.0,1,0.0,False
realAWSCloudwatch/ec2_network_in_5abac7.csv,C_iforest_contextual,686,686,2014-03-07 10:11:00,2014-03-07 10:11:00,686,2014-03-07 10:11:00,0.7763735880031066,4961320.0,1,0.0,False
realAWSCloudwatch/ec2_network_in_5abac7.csv,C_iforest_contextual,776,776,2014-03-07 17:41:00,2014-03-07 17:41:00,776,2014-03-07 17:41:00,0.7573046748639642,5223560.0,1,0.0,False
realAWSCloudwatch/ec2_network_in_5abac7.csv,C_iforest_contextual,788,788,2014-03-07 18:41:00,2014-03-07 18:41:00,788,2014-03-07 18:41:00,0.7738952546783605,5269290.0,1,0.0,False
realAWSCloudwatch/ec2_network_in_5abac7.csv,C_iforest_contextual,869,869,2014-03-08 01:26:00,2014-03-08 01:26:00,869,2014-03-08 01:26:00,0.7635256845086035,5275650.0,1,0.0,False
realAWSCloudwatch/ec2_network_in_5abac7.csv,C_iforest_contextual,890,890,2014-03-08 03:11:00,2014-03-08 03:11:00,890,2014-03-08 03:11:00,0.7627421175314412,5285150.0,1,0.0,False
realAWSCloudwatch/ec2_network_in_5abac7.csv,C_iforest_contextual,903,903,2014-03-08 04:16:00,2014-03-08 04:16:00,903,2014-03-08 04:16:00,0.7660098766390636,5284700.0,1,0.0,False
realAWSCloudwatch/ec2_network_in_5abac7.csv,C_iforest_contextual,1617,1617,2014-03-10 16:41:00,2014-03-10 16:41:00,1617,2014-03-10 16:41:00,0.7562461945491709,5286690.0,1,0.0,True
realAWSCloudwatch/ec2_network_in_5abac7.csv,C_iforest_contextual,1644,1644,2014-03-10 18:56:00,2014-03-10 18:56:00,1644,2014-03-10 18:56:00,0.7735349063483072,6519420.0,1,0.0,True
realAWSCloudwatch/ec2_network_in_5abac7.csv,C_iforest_contextual,2073,2073,2014-03-12 06:41:00,2014-03-12 06:41:00,2073,2014-03-12 06:41:00,0.7703983522582084,6509010.0,1,0.0,False
realAWSCloudwatch/ec2_network_in_5abac7.csv,C_iforest_contextual,2199,2199,2014-03-12 17:11:00,2014-03-12 17:11:00,2199,2014-03-12 17:11:00,0.7719818299913387,6512200.0,1,0.0,True
realAWSCloudwatch/ec2_network_in_5abac7.csv,C_iforest_contextual,2234,2234,2014-03-12 20:06:00,2014-03-12 20:06:00,2234,2014-03-12 20:06:00,0.7577633222764184,6460870.0,1,0.0,True
realAWSCloudwatch/ec2_network_in_5abac7.csv,C_iforest_contextual,2263,2263,2014-03-12 22:31:00,2014-03-12 22:31:00,2263,2014-03-12 22:31:00,0.7641331540035602,6384640.0,1,0.0,True
realAWSCloudwatch/ec2_network_in_5abac7.csv,C_iforest_contextual,2274,2274,2014-03-12 23:26:00,2014-03-12 23:26:00,2274,2014-03-12 23:26:00,0.757256639539592,6522710.0,1,0.0,True
realAWSCloudwatch/ec2_network_in_5abac7.csv,C_iforest_contextual,2285,2285,2014-03-13 00:21:00,2014-03-13 00:21:00,2285,2014-03-13 00:21:00,0.7756160176318071,6522180.0,1,0.0,True
realAWSCloudwatch/ec2_network_in_5abac7.csv,C_iforest_contextual,2311,2311,2014-03-13 02:31:00,2014-03-13 02:31:00,2311,2014-03-13 02:31:00,0.758029154456967,6528660.0,1,0.0,True
realAWSCloudwatch/ec2_network_in_5abac7.csv,C_iforest_contextual,2468,2468,2014-03-13 15:36:00,2014-03-13 15:36:00,2468,2014-03-13 15:36:00,0.7626495856460849,6490660.0,1,0.0,False
realAWSCloudwatch/ec2_network_in_5abac7.csv,C_iforest_contextual,2496,2496,2014-03-13 17:56:00,2014-03-13 17:56:00,2496,2014-03-13 17:56:00,0.7572497320687748,6475400.0,1,0.0,False
realAWSCloudwatch/ec2_network_in_5abac7.csv,C_iforest_contextual,2558,2558,2014-03-13 23:06:00,2014-03-13 23:06:00,2558,2014-03-13 23:06:00,0.7578478991184581,6534570.0,1,0.0,False
realAWSCloudwatch/ec2_network_in_5abac7.csv,C_iforest_contextual,2578,2578,2014-03-14 00:46:00,2014-03-14 00:46:00,2578,2014-03-14 00:46:00,0.7617197550173841,6485000.0,1,0.0,False
realAWSCloudwatch/ec2_network_in_5abac7.csv,C_iforest_contextual,2589,2589,2014-03-14 01:41:00,2014-03-14 01:41:00,2589,2014-03-14 01:41:00,0.7623047441815191,6485340.0,1,0.0,False
realAWSCloudwatch/ec2_network_in_5abac7.csv,C_iforest_contextual,2629,2629,2014-03-14 05:01:00,2014-03-14 05:01:00,2629,2014-03-14 05:01:00,0.7629448356131597,6471910.0,1,0.0,False
realAWSCloudwatch/ec2_network_in_5abac7.csv,C_iforest_contextual,2672,2672,2014-03-14 08:36:00,2014-03-14 08:36:00,2672,2014-03-14 08:36:00,0.7689211749527415,6530200.0,1,0.0,False
realAWSCloudwatch/ec2_network_in_5abac7.csv,C_iforest_contextual,2702,2702,2014-03-14 11:06:00,2014-03-14 11:06:00,2702,2014-03-14 11:06:00,0.7659461143256064,6486490.0,1,0.0,False
realAWSCloudwatch/ec2_network_in_5abac7.csv,C_iforest_contextual,2763,2763,2014-03-14 16:11:00,2014-03-14 16:11:00,2763,2014-03-14 16:11:00,0.7614148442013869,6520590.0,1,0.0,False
realAWSCloudwatch/ec2_network_in_5abac7.csv,C_iforest_contextual,2774,2774,2014-03-14 17:06:00,2014-03-14 17:06:00,2774,2014-03-14 17:06:00,0.7663738332597927,6529140.0,1,0.0,False
realAWSCloudwatch/ec2_network_in_5abac7.csv,C_iforest_contextual,2846,2846,2014-03-14 23:06:00,2014-03-14 23:06:00,2846,2014-03-14 23:06:00,0.7585042942390994,6532450.0,1,0.0,False
realAWSCloudwatch/ec2_network_in_5abac7.csv,C_iforest_contextual,2857,2857,2014-03-15 00:01:00,2014-03-15 00:01:00,2857,2014-03-15 00:01:00,0.7621155955411281,6510670.0,1,0.0,False
realAWSCloudwatch/ec2_network_in_5abac7.csv,C_iforest_contextual,2868,2868,2014-03-15 00:56:00,2014-03-15 00:56:00,2868,2014-03-15 00:56:00,0.7656798937763776,6519260.0,1,0.0,False
realAWSCloudwatch/ec2_network_in_5abac7.csv,C_iforest_contextual,3537,3537,2014-03-17 08:41:00,2014-03-17 08:41:00,3537,2014-03-17 08:41:00,0.7639130317962085,8125060.0,1,0.0,False
realAWSCloudwatch/elb_request_count_8c0756.csv,A_rolling_zscore,24,24,2014-04-13 00:59:00,2014-04-13 00:59:00,24,2014-04-13 00:59:00,5.123811516040932,125.0,1,0.0,True
realAWSCloudwatch/elb_request_count_8c0756.csv,A_rolling_zscore,43,43,2014-04-13 02:34:00,2014-04-13 02:34:00,43,2014-04-13 02:34:00,5.730814744373581,118.0,1,0.0,False
realAWSCloudwatch/elb_request_count_8c0756.csv,A_rolling_zscore,74,74,2014-04-13 05:14:00,2014-04-13 05:14:00,74,2014-04-13 05:14:00,6.116290796624922,261.0,1,0.0,False
realAWSCloudwatch/elb_request_count_8c0756.csv,A_rolling_zscore,112,112,2014-04-13 08:24:00,2014-04-13 08:24:00,112,2014-04-13 08:24:00,5.330016794966631,118.0,1,0.0,False
realAWSCloudwatch/elb_request_count_8c0756.csv,A_rolling_zscore,141,141,2014-04-13 10:49:00,2014-04-13 10:49:00,141,2014-04-13 10:49:00,5.514550280160397,157.0,1,0.0,False
realAWSCloudwatch/elb_request_count_8c0756.csv,A_rolling_zscore,357,357,2014-04-14 04:54:00,2014-04-14 04:54:00,357,2014-04-14 04:54:00,6.307341588433308,158.0,1,0.0,False
realAWSCloudwatch/elb_request_count_8c0756.csv,A_rolling_zscore,388,388,2014-04-14 07:29:00,2014-04-14 07:29:00,388,2014-04-14 07:29:00,6.53238081975661,123.0,1,0.0,False
realAWSCloudwatch/elb_request_count_8c0756.csv,A_rolling_zscore,447,447,2014-04-14 12:24:00,2014-04-14 12:24:00,447,2014-04-14 12:24:00,5.755329339244833,192.0,1,0.0,False
realAWSCloudwatch/elb_request_count_8c0756.csv,A_rolling_zscore,632,632,2014-04-15 03:49:00,2014-04-15 03:49:00,632,2014-04-15 03:49:00,5.225659120133135,141.0,1,0.0,False
realAWSCloudwatch/elb_request_count_8c0756.csv,A_rolling_zscore,1021,1021,2014-04-16 12:24:00,2014-04-16 12:24:00,1021,2014-04-16 12:24:00,5.311239802780483,242.0,1,0.0,False
realAWSCloudwatch/elb_request_count_8c0756.csv,A_rolling_zscore,1520,1520,2014-04-18 06:04:00,2014-04-18 06:04:00,1520,2014-04-18 06:04:00,5.147685987744466,162.0,1,0.0,False
realAWSCloudwatch/elb_request_count_8c0756.csv,A_rolling_zscore,1534,1534,2014-04-18 07:14:00,2014-04-18 07:14:00,1534,2014-04-18 07:14:00,6.109422310275597,180.0,1,0.0,False
realAWSCloudwatch/elb_request_count_8c0756.csv,A_rolling_zscore,1694,1694,2014-04-18 20:39:00,2014-04-18 20:39:00,1694,2014-04-18 20:39:00,8.1639833680355,243.0,1,0.0,False
realAWSCloudwatch/elb_request_count_8c0756.csv,A_rolling_zscore,1723,1723,2014-04-18 23:04:00,2014-04-18 23:04:00,1723,2014-04-18 23:04:00,6.838412530530144,101.0,1,0.0,False
realAWSCloudwatch/elb_request_count_8c0756.csv,A_rolling_zscore,1738,1738,2014-04-19 00:19:00,2014-04-19 00:19:00,1738,2014-04-19 00:19:00,12.252913478989603,323.0,1,0.0,False
realAWSCloudwatch/elb_request_count_8c0756.csv,A_rolling_zscore,1877,1877,2014-04-19 11:54:00,2014-04-19 11:54:00,1877,2014-04-19 11:54:00,5.374339247594546,131.0,1,0.0,False
realAWSCloudwatch/elb_request_count_8c0756.csv,A_rolling_zscore,1979,1979,2014-04-19 20:24:00,2014-04-19 20:24:00,1979,2014-04-19 20:24:00,5.581351318256594,228.0,1,0.0,False
realAWSCloudwatch/elb_request_count_8c0756.csv,A_rolling_zscore,1999,1999,2014-04-19 22:04:00,2014-04-19 22:04:00,1999,2014-04-19 22:04:00,6.262424412943495,125.0,1,0.0,False
realAWSCloudwatch/elb_request_count_8c0756.csv,A_rolling_zscore,2023,2024,2014-04-20 00:04:00,2014-04-20 00:09:00,2024,2014-04-20 00:09:00,5.943547428780418,114.0,2,5.0,False
realAWSCloudwatch/elb_request_count_8c0756.csv,A_rolling_zscore,2066,2066,2014-04-20 03:39:00,2014-04-20 03:39:00,2066,2014-04-20 03:39:00,5.340449361268605,140.0,1,0.0,False
realAWSCloudwatch/elb_request_count_8c0756.csv,A_rolling_zscore,2211,2211,2014-04-20 15:49:00,2014-04-20 15:49:00,2211,2014-04-20 15:49:00,12.733691442921758,284.0,1,0.0,False
realAWSCloudwatch/elb_request_count_8c0756.csv,A_rolling_zscore,2454,2454,2014-04-21 12:04:00,2014-04-21 12:04:00,2454,2014-04-21 12:04:00,7.480949666398233,127.0,1,0.0,False
realAWSCloudwatch/elb_request_count_8c0756.csv,A_rolling_zscore,2467,2469,2014-04-21 13:09:00,2014-04-21 13:19:00,2467,2014-04-21 13:09:00,5.590634479754426,144.0,2,10.0,False
realAWSCloudwatch/elb_request_count_8c0756.csv,A_rolling_zscore,2671,2671,2014-04-22 06:09:00,2014-04-22 06:09:00,2671,2014-04-22 06:09:00,9.920682315535611,207.0,1,0.0,False
realAWSCloudwatch/elb_request_count_8c0756.csv,A_rolling_zscore,2832,2832,2014-04-22 19:34:00,2014-04-22 19:34:00,2832,2014-04-22 19:34:00,11.686242731288951,656.0,1,0.0,True
realAWSCloudwatch/elb_request_count_8c0756.csv,A_rolling_zscore,3022,3022,2014-04-23 11:24:00,2014-04-23 11:24:00,3022,2014-04-23 11:24:00,5.739634665264835,144.0,1,0.0,False
realAWSCloudwatch/elb_request_count_8c0756.csv,A_rolling_zscore,3060,3060,2014-04-23 14:34:00,2014-04-23 14:34:00,3060,2014-04-23 14:34:00,9.260926767714572,313.0,1,0.0,False
realAWSCloudwatch/elb_request_count_8c0756.csv,A_rolling_zscore,3099,3099,2014-04-23 17:49:00,2014-04-23 17:49:00,3099,2014-04-23 17:49:00,5.4513286328612836,299.0,1,0.0,False
realAWSCloudwatch/elb_request_count_8c0756.csv,A_rolling_zscore,3168,3168,2014-04-23 23:34:00,2014-04-23 23:34:00,3168,2014-04-23 23:34:00,5.917942636958133,261.0,1,0.0,False
realAWSCloudwatch/elb_request_count_8c0756.csv,B_iforest_raw,74,74,2014-04-13 05:14:00,2014-04-13 05:14:00,74,2014-04-13 05:14:00,0.6819425877438873,261.0,1,0.0,False
realAWSCloudwatch/elb_request_count_8c0756.csv,B_iforest_raw,506,506,2014-04-14 17:19:00,2014-04-14 17:19:00,506,2014-04-14 17:19:00,0.6830190764173728,250.0,1,0.0,False
realAWSCloudwatch/elb_request_count_8c0756.csv,B_iforest_raw,521,521,2014-04-14 18:34:00,2014-04-14 18:34:00,521,2014-04-14 18:34:00,0.6837700037152094,253.0,1,0.0,False
realAWSCloudwatch/elb_request_count_8c0756.csv,B_iforest_raw,550,553,2014-04-14 20:59:00,2014-04-14 21:14:00,550,2014-04-14 20:59:00,0.7299250654377712,303.0,2,15.0,False
realAWSCloudwatch/elb_request_count_8c0756.csv,B_iforest_raw,565,565,2014-04-14 22:14:00,2014-04-14 22:14:00,565,2014-04-14 22:14:00,0.6837700037152094,253.0,1,0.0,False
realAWSCloudwatch/elb_request_count_8c0756.csv,B_iforest_raw,733,733,2014-04-15 12:14:00,2014-04-15 12:14:00,733,2014-04-15 12:14:00,0.746620733423011,318.0,1,0.0,False
realAWSCloudwatch/elb_request_count_8c0756.csv,B_iforest_raw,819,819,2014-04-15 19:24:00,2014-04-15 19:24:00,819,2014-04-15 19:24:00,0.6787406243807699,278.0,1,0.0,False
realAWSCloudwatch/elb_request_count_8c0756.csv,B_iforest_raw,834,834,2014-04-15 20:39:00,2014-04-15 20:39:00,834,2014-04-15 20:39:00,0.6776352743520059,229.0,1,0.0,False
realAWSCloudwatch/elb_request_count_8c0756.csv,B_iforest_raw,910,910,2014-04-16 02:59:00,2014-04-16 02:59:00,910,2014-04-16 02:59:00,0.6830970463886207,258.0,1,0.0,False
realAWSCloudwatch/elb_request_count_8c0756.csv,B_iforest_raw,1059,1059,2014-04-16 15:34:00,2014-04-16 15:34:00,1059,2014-04-16 15:34:00,0.6790546745079874,246.0,1,0.0,False
realAWSCloudwatch/elb_request_count_8c0756.csv,B_iforest_raw,1083,1083,2014-04-16 17:34:00,2014-04-16 17:34:00,1083,2014-04-16 17:34:00,0.6796120164554059,264.0,1,0.0,False
realAWSCloudwatch/elb_request_count_8c0756.csv,B_iforest_raw,1122,1124,2014-04-16 20:49:00,2014-04-16 20:59:00,1123,2014-04-16 20:54:00,0.8096971984328412,369.0,3,10.0,False
realAWSCloudwatch/elb_request_count_8c0756.csv,B_iforest_raw,1326,1326,2014-04-17 13:49:00,2014-04-17 13:49:00,1326,2014-04-17 13:49:00,0.6799741746888356,247.0,1,0.0,False
realAWSCloudwatch/elb_request_count_8c0756.csv,B_iforest_raw,1660,1660,2014-04-18 17:49:00,2014-04-18 17:49:00,1660,2014-04-18 17:49:00,0.6820954587453105,249.0,1,0.0,False
realAWSCloudwatch/elb_request_count_8c0756.csv,B_iforest_raw,1699,1699,2014-04-18 21:04:00,2014-04-18 21:04:00,1699,2014-04-18 21:04:00,0.737620132645983,313.0,1,0.0,False
realAWSCloudwatch/elb_request_count_8c0756.csv,B_iforest_raw,1738,1738,2014-04-19 00:19:00,2014-04-19 00:19:00,1738,2014-04-19 00:19:00,0.7580736379694276,323.0,1,0.0,False
realAWSCloudwatch/elb_request_count_8c0756.csv,B_iforest_raw,2211,2211,2014-04-20 15:49:00,2014-04-20 15:49:00,2211,2014-04-20 15:49:00,0.6884669721786203,284.0,1,0.0,False
realAWSCloudwatch/elb_request_count_8c0756.csv,B_iforest_raw,2569,2569,2014-04-21 21:39:00,2014-04-21 21:39:00,2569,2014-04-21 21:39:00,0.7731489270787667,330.0,1,0.0,False
realAWSCloudwatch/elb_request_count_8c0756.csv,B_iforest_raw,2597,2597,2014-04-21 23:59:00,2014-04-21 23:59:00,2597,2014-04-21 23:59:00,0.6783182733631836,245.0,1,0.0,False
realAWSCloudwatch/elb_request_count_8c0756.csv,B_iforest_raw,2800,2800,2014-04-22 16:54:00,2014-04-22 16:54:00,2800,2014-04-22 16:54:00,0.734631820178995,308.0,1,0.0,True
realAWSCloudwatch/elb_request_count_8c0756.csv,B_iforest_raw,2832,2835,2014-04-22 19:34:00,2014-04-22 19:49:00,2832,2014-04-22 19:34:00,0.8204506658795034,656.0,3,15.0,True
realAWSCloudwatch/elb_request_count_8c0756.csv,B_iforest_raw,2909,2909,2014-04-23 01:59:00,2014-04-23 01:59:00,2909,2014-04-23 01:59:00,0.724757939446579,301.0,1,0.0,True
realAWSCloudwatch/elb_request_count_8c0756.csv,B_iforest_raw,3060,3060,2014-04-23 14:34:00,2014-04-23 14:34:00,3060,2014-04-23 14:34:00,0.737620132645983,313.0,1,0.0,False
realAWSCloudwatch/elb_request_count_8c0756.csv,B_iforest_raw,3099,3099,2014-04-23 17:49:00,2014-04-23 17:49:00,3099,2014-04-23 17:49:00,0.7215775893885488,299.0,1,0.0,False
realAWSCloudwatch/elb_request_count_8c0756.csv,B_iforest_raw,3123,3123,2014-04-23 19:49:00,2014-04-23 19:49:00,3123,2014-04-23 19:49:00,0.6819425877438873,261.0,1,0.0,False
realAWSCloudwatch/elb_request_count_8c0756.csv,B_iforest_raw,3168,3168,2014-04-23 23:34:00,2014-04-23 23:34:00,3168,2014-04-23 23:34:00,0.6819425877438873,261.0,1,0.0,False
realAWSCloudwatch/elb_request_count_8c0756.csv,C_iforest_contextual,74,74,2014-04-13 05:14:00,2014-04-13 05:14:00,74,2014-04-13 05:14:00,0.6953757856736751,261.0,1,0.0,False
realAWSCloudwatch/elb_request_count_8c0756.csv,C_iforest_contextual,112,112,2014-04-13 08:24:00,2014-04-13 08:24:00,112,2014-04-13 08:24:00,0.673460537947673,118.0,1,0.0,False
realAWSCloudwatch/elb_request_count_8c0756.csv,C_iforest_contextual,521,521,2014-04-14 18:34:00,2014-04-14 18:34:00,521,2014-04-14 18:34:00,0.6416241781124633,253.0,1,0.0,False
realAWSCloudwatch/elb_request_count_8c0756.csv,C_iforest_contextual,733,733,2014-04-15 12:14:00,2014-04-15 12:14:00,733,2014-04-15 12:14:00,0.6646046865001172,318.0,1,0.0,False
realAWSCloudwatch/elb_request_count_8c0756.csv,C_iforest_contextual,910,910,2014-04-16 02:59:00,2014-04-16 02:59:00,910,2014-04-16 02:59:00,0.6578758671907137,258.0,1,0.0,False
realAWSCloudwatch/elb_request_count_8c0756.csv,C_iforest_contextual,930,930,2014-04-16 04:39:00,2014-04-16 04:39:00,930,2014-04-16 04:39:00,0.6643460746879821,207.0,1,0.0,False
realAWSCloudwatch/elb_request_count_8c0756.csv,C_iforest_contextual,1021,1021,2014-04-16 12:24:00,2014-04-16 12:24:00,1021,2014-04-16 12:24:00,0.7115944470504608,242.0,1,0.0,False
realAWSCloudwatch/elb_request_count_8c0756.csv,C_iforest_contextual,1118,1118,2014-04-16 20:29:00,2014-04-16 20:29:00,1118,2014-04-16 20:29:00,0.6426591536746399,268.0,1,0.0,False
realAWSCloudwatch/elb_request_count_8c0756.csv,C_iforest_contextual,1123,1123,2014-04-16 20:54:00,2014-04-16 20:54:00,1123,2014-04-16 20:54:00,0.6699646227192945,369.0,1,0.0,False
realAWSCloudwatch/elb_request_count_8c0756.csv,C_iforest_contextual,1534,1534,2014-04-18 07:14:00,2014-04-18 07:14:00,1534,2014-04-18 07:14:00,0.667103051866277,180.0,1,0.0,False
realAWSCloudwatch/elb_request_count_8c0756.csv,C_iforest_contextual,1640,1640,2014-04-18 16:09:00,2014-04-18 16:09:00,1640,2014-04-18 16:09:00,0.6470113257201591,232.0,1,0.0,False
realAWSCloudwatch/elb_request_count_8c0756.csv,C_iforest_contextual,1694,1694,2014-04-18 20:39:00,2014-04-18 20:39:00,1694,2014-04-18 20:39:00,0.6456656567158457,243.0,1,0.0,False
realAWSCloudwatch/elb_request_count_8c0756.csv,C_iforest_contextual,1699,1699,2014-04-18 21:04:00,2014-04-18 21:04:00,1699,2014-04-18 21:04:00,0.6763681115836175,313.0,1,0.0,False
realAWSCloudwatch/elb_request_count_8c0756.csv,C_iforest_contextual,1738,1738,2014-04-19 00:19:00,2014-04-19 00:19:00,1738,2014-04-19 00:19:00,0.7120798272535152,323.0,1,0.0,False
realAWSCloudwatch/elb_request_count_8c0756.csv,C_iforest_contextual,2211,2211,2014-04-20 15:49:00,2014-04-20 15:49:00,2211,2014-04-20 15:49:00,0.7251859321971823,284.0,1,0.0,False
realAWSCloudwatch/elb_request_count_8c0756.csv,C_iforest_contextual,2229,2229,2014-04-20 17:19:00,2014-04-20 17:19:00,2229,2014-04-20 17:19:00,0.637042699984871,217.0,1,0.0,False
realAWSCloudwatch/elb_request_count_8c0756.csv,C_iforest_contextual,2397,2397,2014-04-21 07:19:00,2014-04-21 07:19:00,2397,2014-04-21 07:19:00,0.6554453123074062,135.0,1,0.0,False
realAWSCloudwatch/elb_request_count_8c0756.csv,C_iforest_contextual,2469,2469,2014-04-21 13:19:00,2014-04-21 13:19:00,2469,2014-04-21 13:19:00,0.6542517290444364,234.0,1,0.0,False
realAWSCloudwatch/elb_request_count_8c0756.csv,C_iforest_contextual,2569,2569,2014-04-21 21:39:00,2014-04-21 21:39:00,2569,2014-04-21 21:39:00,0.6820596762004527,330.0,1,0.0,False
realAWSCloudwatch/elb_request_count_8c0756.csv,C_iforest_contextual,2784,2784,2014-04-22 15:34:00,2014-04-22 15:34:00,2784,2014-04-22 15:34:00,0.6415036522503041,192.0,1,0.0,True
realAWSCloudwatch/elb_request_count_8c0756.csv,C_iforest_contextual,2800,2800,2014-04-22 16:54:00,2014-04-22 16:54:00,2800,2014-04-22 16:54:00,0.707282664134296,308.0,1,0.0,True
realAWSCloudwatch/elb_request_count_8c0756.csv,C_iforest_contextual,2832,2835,2014-04-22 19:34:00,2014-04-22 19:49:00,2832,2014-04-22 19:34:00,0.7127604669143909,656.0,3,15.0,True
realAWSCloudwatch/elb_request_count_8c0756.csv,C_iforest_contextual,2909,2909,2014-04-23 01:59:00,2014-04-23 01:59:00,2909,2014-04-23 01:59:00,0.6611166926305557,301.0,1,0.0,True
realAWSCloudwatch/elb_request_count_8c0756.csv,C_iforest_contextual,2991,2991,2014-04-23 08:49:00,2014-04-23 08:49:00,2991,2014-04-23 08:49:00,0.6364830405962382,150.0,1,0.0,False
realAWSCloudwatch/elb_request_count_8c0756.csv,C_iforest_contextual,3022,3022,2014-04-23 11:24:00,2014-04-23 11:24:00,3022,2014-04-23 11:24:00,0.6487516718788205,144.0,1,0.0,False
realAWSCloudwatch/elb_request_count_8c0756.csv,C_iforest_contextual,3060,3060,2014-04-23 14:34:00,2014-04-23 14:34:00,3060,2014-04-23 14:34:00,0.699184622292859,313.0,1,0.0,False
realAWSCloudwatch/elb_request_count_8c0756.csv,C_iforest_contextual,3099,3099,2014-04-23 17:49:00,2014-04-23 17:49:00,3099,2014-04-23 17:49:00,0.6436117449524056,299.0,1,0.0,False
realAWSCloudwatch/elb_request_count_8c0756.csv,C_iforest_contextual,3151,3151,2014-04-23 22:09:00,2014-04-23 22:09:00,3151,2014-04-23 22:09:00,0.6535214121786896,209.0,1,0.0,False
realAWSCloudwatch/elb_request_count_8c0756.csv,C_iforest_contextual,3168,3168,2014-04-23 23:34:00,2014-04-23 23:34:00,3168,2014-04-23 23:34:00,0.6505407052950912,261.0,1,0.0,False
realAWSCloudwatch/grok_asg_anomaly.csv,A_rolling_zscore,30,30,2014-01-19 03:05:00,2014-01-19 03:05:00,30,2014-01-19 03:05:00,40.63333206041261,35.1113,1,0.0,False
realAWSCloudwatch/grok_asg_anomaly.csv,A_rolling_zscore,131,131,2014-01-19 11:30:00,2014-01-19 11:30:00,131,2014-01-19 11:30:00,50.0,28.5714,1,0.0,False
realAWSCloudwatch/grok_asg_anomaly.csv,A_rolling_zscore,155,155,2014-01-19 13:30:00,2014-01-19 13:30:00,155,2014-01-19 13:30:00,50.0,38.0187,1,0.0,False
realAWSCloudwatch/grok_asg_anomaly.csv,A_rolling_zscore,218,218,2014-01-19 18:45:00,2014-01-19 18:45:00,218,2014-01-19 18:45:00,50.0,37.7947,1,0.0,False
realAWSCloudwatch/grok_asg_anomaly.csv,A_rolling_zscore,263,263,2014-01-19 22:30:00,2014-01-19 22:30:00,263,2014-01-19 22:30:00,50.0,23.3354,1,0.0,False
realAWSCloudwatch/grok_asg_anomaly.csv,A_rolling_zscore,321,321,2014-01-20 03:20:00,2014-01-20 03:20:00,321,2014-01-20 03:20:00,25.20512954453148,35.2227,1,0.0,True
realAWSCloudwatch/grok_asg_anomaly.csv,A_rolling_zscore,359,359,2014-01-20 06:30:00,2014-01-20 06:30:00,359,2014-01-20 06:30:00,26.27489410290875,35.8336,1,0.0,True
realAWSCloudwatch/grok_asg_anomaly.csv,A_rolling_zscore,1559,1559,2014-01-24 10:30:00,2014-01-24 10:30:00,1559,2014-01-24 10:30:00,21.592654106470928,30.7692,1,0.0,False
realAWSCloudwatch/grok_asg_anomaly.csv,A_rolling_zscore,1588,1588,2014-01-24 12:55:00,2014-01-24 12:55:00,1588,2014-01-24 12:55:00,50.0,30.7692,1,0.0,False
realAWSCloudwatch/grok_asg_anomaly.csv,A_rolling_zscore,1672,1672,2014-01-24 19:55:00,2014-01-24 19:55:00,1672,2014-01-24 19:55:00,50.0,35.7143,1,0.0,False
realAWSCloudwatch/grok_asg_anomaly.csv,A_rolling_zscore,1704,1704,2014-01-24 22:35:00,2014-01-24 22:35:00,1704,2014-01-24 22:35:00,40.90098547096223,35.9529,1,0.0,False
realAWSCloudwatch/grok_asg_anomaly.csv,A_rolling_zscore,1850,1850,2014-01-25 10:45:00,2014-01-25 10:45:00,1850,2014-01-25 10:45:00,41.52387801124304,35.7143,1,0.0,False
realAWSCloudwatch/grok_asg_anomaly.csv,A_rolling_zscore,1906,1906,2014-01-25 15:25:00,2014-01-25 15:25:00,1906,2014-01-25 15:25:00,26.796149340129574,35.7143,1,0.0,False
realAWSCloudwatch/grok_asg_anomaly.csv,A_rolling_zscore,2386,2386,2014-01-27 07:25:00,2014-01-27 07:25:00,2386,2014-01-27 07:25:00,50.0,40.005,1,0.0,False
realAWSCloudwatch/grok_asg_anomaly.csv,A_rolling_zscore,2525,2525,2014-01-27 19:00:00,2014-01-27 19:00:00,2525,2014-01-27 19:00:00,50.0,38.0007,1,0.0,False
realAWSCloudwatch/grok_asg_anomaly.csv,A_rolling_zscore,2747,2747,2014-01-28 13:30:00,2014-01-28 13:30:00,2747,2014-01-28 13:30:00,39.35169158776172,35.8314,1,0.0,False
realAWSCloudwatch/grok_asg_anomaly.csv,A_rolling_zscore,2829,2829,2014-01-28 20:20:00,2014-01-28 20:20:00,2829,2014-01-28 20:20:00,50.0,40.5943,1,0.0,True
realAWSCloudwatch/grok_asg_anomaly.csv,A_rolling_zscore,2854,2854,2014-01-28 22:25:00,2014-01-28 22:25:00,2854,2014-01-28 22:25:00,28.595372941199646,39.9893,1,0.0,True
realAWSCloudwatch/grok_asg_anomaly.csv,A_rolling_zscore,2878,2878,2014-01-29 00:25:00,2014-01-29 00:25:00,2878,2014-01-29 00:25:00,50.0,37.1229,1,0.0,True
realAWSCloudwatch/grok_asg_anomaly.csv,A_rolling_zscore,2953,2953,2014-01-29 12:20:00,2014-01-29 12:20:00,2953,2014-01-29 12:20:00,50.0,10.39,1,0.0,False
realAWSCloudwatch/grok_asg_anomaly.csv,A_rolling_zscore,2965,2965,2014-01-29 14:20:00,2014-01-29 14:20:00,2965,2014-01-29 14:20:00,26.25324921054686,12.328,1,0.0,False
realAWSCloudwatch/grok_asg_anomaly.csv,A_rolling_zscore,2992,2992,2014-01-29 18:20:00,2014-01-29 18:20:00,2992,2014-01-29 18:20:00,26.579267532755892,11.996,1,0.0,False
realAWSCloudwatch/grok_asg_anomaly.csv,A_rolling_zscore,3004,3004,2014-01-29 20:20:00,2014-01-29 20:20:00,3004,2014-01-29 20:20:00,50.0,13.34,1,0.0,False
realAWSCloudwatch/grok_asg_anomaly.csv,A_rolling_zscore,3017,3017,2014-01-29 22:20:00,2014-01-29 22:20:00,3017,2014-01-29 22:20:00,21.430833811386538,11.662,1,0.0,False
realAWSCloudwatch/grok_asg_anomaly.csv,A_rolling_zscore,3039,3039,2014-01-30 02:15:00,2014-01-30 02:15:00,3039,2014-01-30 02:15:00,32.90666252465971,5.612,1,0.0,False
realAWSCloudwatch/grok_asg_anomaly.csv,A_rolling_zscore,3052,3052,2014-01-30 04:15:00,2014-01-30 04:15:00,3052,2014-01-30 04:15:00,50.0,13.652,1,0.0,False
realAWSCloudwatch/grok_asg_anomaly.csv,A_rolling_zscore,3063,3063,2014-01-30 06:10:00,2014-01-30 06:10:00,3063,2014-01-30 06:10:00,50.0,11.612,1,0.0,False
realAWSCloudwatch/grok_asg_anomaly.csv,A_rolling_zscore,3084,3084,2014-01-30 09:55:00,2014-01-30 09:55:00,3084,2014-01-30 09:55:00,40.69381501752208,6.95,1,0.0,False
realAWSCloudwatch/grok_asg_anomaly.csv,A_rolling_zscore,3119,3119,2014-01-30 15:35:00,2014-01-30 15:35:00,3119,2014-01-30 15:35:00,34.857593558436115,10.334,1,0.0,False
realAWSCloudwatch/grok_asg_anomaly.csv,A_rolling_zscore,3131,3131,2014-01-30 17:40:00,2014-01-30 17:40:00,3131,2014-01-30 17:40:00,43.12323444874456,7.34,1,0.0,False
realAWSCloudwatch/grok_asg_anomaly.csv,A_rolling_zscore,3142,3142,2014-01-30 19:20:00,2014-01-30 19:20:00,3142,2014-01-30 19:20:00,33.2591825231416,5.716,1,0.0,False
realAWSCloudwatch/grok_asg_anomaly.csv,A_rolling_zscore,3216,3216,2014-01-31 08:40:00,2014-01-31 08:40:00,3216,2014-01-31 08:40:00,30.632040194103542,11.62,1,0.0,False
realAWSCloudwatch/grok_asg_anomaly.csv,A_rolling_zscore,3228,3228,2014-01-31 10:30:00,2014-01-31 10:30:00,3228,2014-01-31 10:30:00,24.84358340134827,4.215,1,0.0,False
realAWSCloudwatch/grok_asg_anomaly.csv,B_iforest_raw,3,3,2014-01-19 00:50:00,2014-01-19 00:50:00,3,2014-01-19 00:50:00,0.8086022793195793,39.91,1,0.0,False
realAWSCloudwatch/grok_asg_anomaly.csv,B_iforest_raw,219,219,2014-01-19 18:50:00,2014-01-19 18:50:00,219,2014-01-19 18:50:00,0.8086022793195793,38.556,1,0.0,False
realAWSCloudwatch/grok_asg_anomaly.csv,B_iforest_raw,224,224,2014-01-19 19:15:00,2014-01-19 19:15:00,224,2014-01-19 19:15:00,0.8086022793195793,38.8913,1,0.0,False
realAWSCloudwatch/grok_asg_anomaly.csv,B_iforest_raw,698,698,2014-01-21 10:45:00,2014-01-21 10:45:00,698,2014-01-21 10:45:00,0.8086022793195793,45.6229,1,0.0,True
realAWSCloudwatch/grok_asg_anomaly.csv,B_iforest_raw,858,858,2014-01-22 00:05:00,2014-01-22 00:05:00,858,2014-01-22 00:05:00,0.8086022793195793,39.0314,1,0.0,False
realAWSCloudwatch/grok_asg_anomaly.csv,B_iforest_raw,1044,1044,2014-01-22 15:35:00,2014-01-22 15:35:00,1044,2014-01-22 15:35:00,0.8086022793195793,41.3333,1,0.0,False
realAWSCloudwatch/grok_asg_anomaly.csv,B_iforest_raw,1260,1261,2014-01-23 09:35:00,2014-01-23 09:40:00,1260,2014-01-23 09:35:00,0.8086022793195793,40.5943,2,5.0,False
realAWSCloudwatch/grok_asg_anomaly.csv,B_iforest_raw,1387,1387,2014-01-23 20:10:00,2014-01-23 20:10:00,1387,2014-01-23 20:10:00,0.8086022793195793,44.4864,1,0.0,False
realAWSCloudwatch/grok_asg_anomaly.csv,B_iforest_raw,1457,1457,2014-01-24 02:00:00,2014-01-24 02:00:00,1457,2014-01-24 02:00:00,0.8086022793195793,38.575,1,0.0,False
realAWSCloudwatch/grok_asg_anomaly.csv,B_iforest_raw,1908,1909,2014-01-25 15:35:00,2014-01-25 15:40:00,1908,2014-01-25 15:35:00,0.8086022793195793,38.5714,2,5.0,False
realAWSCloudwatch/grok_asg_anomaly.csv,B_iforest_raw,1932,1932,2014-01-25 17:35:00,2014-01-25 17:35:00,1932,2014-01-25 17:35:00,0.8086022793195793,39.5043,1,0.0,False
realAWSCloudwatch/grok_asg_anomaly.csv,B_iforest_raw,1953,1953,2014-01-25 19:20:00,2014-01-25 19:20:00,1953,2014-01-25 19:20:00,0.8086022793195793,40.3379,1,0.0,False
realAWSCloudwatch/grok_asg_anomaly.csv,B_iforest_raw,1969,1969,2014-01-25 20:40:00,2014-01-25 20:40:00,1969,2014-01-25 20:40:00,0.8086022793195793,38.9414,1,0.0,False
realAWSCloudwatch/grok_asg_anomaly.csv,B_iforest_raw,1987,1987,2014-01-25 22:10:00,2014-01-25 22:10:00,1987,2014-01-25 22:10:00,0.8086022793195793,39.405,1,0.0,False
realAWSCloudwatch/grok_asg_anomaly.csv,B_iforest_raw,2007,2007,2014-01-25 23:50:00,2014-01-25 23:50:00,2007,2014-01-25 23:50:00,0.8086022793195793,39.8614,1,0.0,False
realAWSCloudwatch/grok_asg_anomaly.csv,B_iforest_raw,2048,2048,2014-01-26 03:15:00,2014-01-26 03:15:00,2048,2014-01-26 03:15:00,0.8086022793195793,39.7621,1,0.0,False
realAWSCloudwatch/grok_asg_anomaly.csv,B_iforest_raw,2068,2068,2014-01-26 04:55:00,2014-01-26 04:55:00,2068,2014-01-26 04:55:00,0.8086022793195793,38.9314,1,0.0,False
realAWSCloudwatch/grok_asg_anomaly.csv,B_iforest_raw,2286,2286,2014-01-26 23:05:00,2014-01-26 23:05:00,2286,2014-01-26 23:05:00,0.8086022793195793,39.5279,1,0.0,False
realAWSCloudwatch/grok_asg_anomaly.csv,B_iforest_raw,2346,2346,2014-01-27 04:05:00,2014-01-27 04:05:00,2346,2014-01-27 04:05:00,0.8086022793195793,38.5921,1,0.0,False
realAWSCloudwatch/grok_asg_anomaly.csv,B_iforest_raw,2366,2366,2014-01-27 05:45:00,2014-01-27 05:45:00,2366,2014-01-27 05:45:00,0.8086022793195793,39.3814,1,0.0,False
realAWSCloudwatch/grok_asg_anomaly.csv,B_iforest_raw,2386,2386,2014-01-27 07:25:00,2014-01-27 07:25:00,2386,2014-01-27 07:25:00,0.8086022793195793,40.005,1,0.0,False
realAWSCloudwatch/grok_asg_anomaly.csv,B_iforest_raw,2426,2426,2014-01-27 10:45:00,2014-01-27 10:45:00,2426,2014-01-27 10:45:00,0.8086022793195793,38.9286,1,0.0,False
realAWSCloudwatch/grok_asg_anomaly.csv,B_iforest_raw,2505,2505,2014-01-27 17:20:00,2014-01-27 17:20:00,2505,2014-01-27 17:20:00,0.8086022793195793,39.3857,1,0.0,False
realAWSCloudwatch/grok_asg_anomaly.csv,B_iforest_raw,2728,2729,2014-01-28 11:55:00,2014-01-28 12:00:00,2728,2014-01-28 11:55:00,0.8086022793195793,39.1786,2,5.0,False
realAWSCloudwatch/grok_asg_anomaly.csv,B_iforest_raw,2753,2754,2014-01-28 14:00:00,2014-01-28 14:05:00,2753,2014-01-28 14:00:00,0.8086022793195793,39.0207,2,5.0,False
realAWSCloudwatch/grok_asg_anomaly.csv,B_iforest_raw,2829,2829,2014-01-28 20:20:00,2014-01-28 20:20:00,2829,2014-01-28 20:20:00,0.8086022793195793,40.5943,1,0.0,True
realAWSCloudwatch/grok_asg_anomaly.csv,B_iforest_raw,2854,2854,2014-01-28 22:25:00,2014-01-28 22:25:00,2854,2014-01-28 22:25:00,0.8086022793195793,39.9893,1,0.0,True
realAWSCloudwatch/grok_asg_anomaly.csv,B_iforest_raw,2879,2880,2014-01-29 00:30:00,2014-01-29 00:35:00,2879,2014-01-29 00:30:00,0.8086022793195793,39.3043,2,5.0,True
realAWSCloudwatch/grok_asg_anomaly.csv,C_iforest_contextual,3,3,2014-01-19 00:50:00,2014-01-19 00:50:00,3,2014-01-19 00:50:00,0.7523869354906413,39.91,1,0.0,False
realAWSCloudwatch/grok_asg_anomaly.csv,C_iforest_contextual,155,155,2014-01-19 13:30:00,2014-01-19 13:30:00,155,2014-01-19 13:30:00,0.7824602924939238,38.0187,1,0.0,False
realAWSCloudwatch/grok_asg_anomaly.csv,C_iforest_contextual,218,218,2014-01-19 18:45:00,2014-01-19 18:45:00,218,2014-01-19 18:45:00,0.7772831964605488,37.7947,1,0.0,False
realAWSCloudwatch/grok_asg_anomaly.csv,C_iforest_contextual,330,330,2014-01-20 04:05:00,2014-01-20 04:05:00,330,2014-01-20 04:05:00,0.7463490788237958,37.5,1,0.0,True
realAWSCloudwatch/grok_asg_anomaly.csv,C_iforest_contextual,698,698,2014-01-21 10:45:00,2014-01-21 10:45:00,698,2014-01-21 10:45:00,0.7656857352580368,45.6229,1,0.0,True
realAWSCloudwatch/grok_asg_anomaly.csv,C_iforest_contextual,1044,1044,2014-01-22 15:35:00,2014-01-22 15:35:00,1044,2014-01-22 15:35:00,0.7566201910048995,41.3333,1,0.0,False
realAWSCloudwatch/grok_asg_anomaly.csv,C_iforest_contextual,1260,1260,2014-01-23 09:35:00,2014-01-23 09:35:00,1260,2014-01-23 09:35:00,0.7513386510019254,40.5943,1,0.0,False
realAWSCloudwatch/grok_asg_anomaly.csv,C_iforest_contextual,1387,1387,2014-01-23 20:10:00,2014-01-23 20:10:00,1387,2014-01-23 20:10:00,0.7462506519177482,44.4864,1,0.0,False
realAWSCloudwatch/grok_asg_anomaly.csv,C_iforest_contextual,2068,2068,2014-01-26 04:55:00,2014-01-26 04:55:00,2068,2014-01-26 04:55:00,0.754936519113571,38.9314,1,0.0,False
realAWSCloudwatch/grok_asg_anomaly.csv,C_iforest_contextual,2129,2129,2014-01-26 10:00:00,2014-01-26 10:00:00,2129,2014-01-26 10:00:00,0.7559436694364613,38.46,1,0.0,False
realAWSCloudwatch/grok_asg_anomaly.csv,C_iforest_contextual,2149,2149,2014-01-26 11:40:00,2014-01-26 11:40:00,2149,2014-01-26 11:40:00,0.7549744056411359,37.8707,1,0.0,False
realAWSCloudwatch/grok_asg_anomaly.csv,C_iforest_contextual,2230,2230,2014-01-26 18:25:00,2014-01-26 18:25:00,2230,2014-01-26 18:25:00,0.7487612751780408,37.906,1,0.0,False
realAWSCloudwatch/grok_asg_anomaly.csv,C_iforest_contextual,2250,2250,2014-01-26 20:05:00,2014-01-26 20:05:00,2250,2014-01-26 20:05:00,0.7466731177348714,38.111999999999995,1,0.0,False
realAWSCloudwatch/grok_asg_anomaly.csv,C_iforest_contextual,2270,2270,2014-01-26 21:45:00,2014-01-26 21:45:00,2270,2014-01-26 21:45:00,0.7465676219535471,37.908,1,0.0,False
realAWSCloudwatch/grok_asg_anomaly.csv,C_iforest_contextual,2286,2286,2014-01-26 23:05:00,2014-01-26 23:05:00,2286,2014-01-26 23:05:00,0.7448636490978495,39.5279,1,0.0,False
realAWSCloudwatch/grok_asg_anomaly.csv,C_iforest_contextual,2366,2366,2014-01-27 05:45:00,2014-01-27 05:45:00,2366,2014-01-27 05:45:00,0.7468106685323537,39.3814,1,0.0,False
realAWSCloudwatch/grok_asg_anomaly.csv,C_iforest_contextual,2386,2386,2014-01-27 07:25:00,2014-01-27 07:25:00,2386,2014-01-27 07:25:00,0.7848300666718342,40.005,1,0.0,False
realAWSCloudwatch/grok_asg_anomaly.csv,C_iforest_contextual,2426,2426,2014-01-27 10:45:00,2014-01-27 10:45:00,2426,2014-01-27 10:45:00,0.7579922848832471,38.9286,1,0.0,False
realAWSCloudwatch/grok_asg_anomaly.csv,C_iforest_contextual,2445,2445,2014-01-27 12:20:00,2014-01-27 12:20:00,2445,2014-01-27 12:20:00,0.7495477244335881,37.28,1,0.0,False
realAWSCloudwatch/grok_asg_anomaly.csv,C_iforest_contextual,2505,2505,2014-01-27 17:20:00,2014-01-27 17:20:00,2505,2014-01-27 17:20:00,0.7538700815953765,39.3857,1,0.0,False
realAWSCloudwatch/grok_asg_anomaly.csv,C_iforest_contextual,2525,2525,2014-01-27 19:00:00,2014-01-27 19:00:00,2525,2014-01-27 19:00:00,0.7811294062426686,38.0007,1,0.0,False
realAWSCloudwatch/grok_asg_anomaly.csv,C_iforest_contextual,2565,2565,2014-01-27 22:20:00,2014-01-27 22:20:00,2565,2014-01-27 22:20:00,0.7455495805652462,38.4343,1,0.0,False
realAWSCloudwatch/grok_asg_anomaly.csv,C_iforest_contextual,2679,2679,2014-01-28 07:50:00,2014-01-28 07:50:00,2679,2014-01-28 07:50:00,0.7452266423573424,37.4447,1,0.0,False
realAWSCloudwatch/grok_asg_anomaly.csv,C_iforest_contextual,2704,2704,2014-01-28 09:55:00,2014-01-28 09:55:00,2704,2014-01-28 09:55:00,0.7555970456732687,38.004,1,0.0,False
realAWSCloudwatch/grok_asg_anomaly.csv,C_iforest_contextual,2729,2729,2014-01-28 12:00:00,2014-01-28 12:00:00,2729,2014-01-28 12:00:00,0.753607774633211,42.1307,1,0.0,False
realAWSCloudwatch/grok_asg_anomaly.csv,C_iforest_contextual,2754,2754,2014-01-28 14:05:00,2014-01-28 14:05:00,2754,2014-01-28 14:05:00,0.7513168008137879,41.7907,1,0.0,False
realAWSCloudwatch/grok_asg_anomaly.csv,C_iforest_contextual,2804,2804,2014-01-28 18:15:00,2014-01-28 18:15:00,2804,2014-01-28 18:15:00,0.7419863971954379,37.33,1,0.0,False
realAWSCloudwatch/grok_asg_anomaly.csv,C_iforest_contextual,2829,2829,2014-01-28 20:20:00,2014-01-28 20:20:00,2829,2014-01-28 20:20:00,0.7848851318222239,40.5943,1,0.0,True
realAWSCloudwatch/grok_asg_anomaly.csv,C_iforest_contextual,2854,2854,2014-01-28 22:25:00,2014-01-28 22:25:00,2854,2014-01-28 22:25:00,0.7686705344332598,39.9893,1,0.0,True
realAWSCloudwatch/grok_asg_anomaly.csv,C_iforest_contextual,3004,3004,2014-01-29 20:20:00,2014-01-29 20:20:00,3004,2014-01-29 20:20:00,0.7440736922738849,13.34,1,0.0,False
realAWSCloudwatch/grok_asg_anomaly.csv,C_iforest_contextual,3084,3084,2014-01-30 09:55:00,2014-01-30 09:55:00,3084,2014-01-30 09:55:00,0.7410770970300296,6.95,1,0.0,False
realAWSCloudwatch/grok_asg_anomaly.csv,C_iforest_contextual,3119,3119,2014-01-30 15:35:00,2014-01-30 15:35:00,3119,2014-01-30 15:35:00,0.7464739031537128,10.334,1,0.0,False
realAWSCloudwatch/grok_asg_anomaly.csv,C_iforest_contextual,3216,3216,2014-01-31 08:40:00,2014-01-31 08:40:00,3216,2014-01-31 08:40:00,0.739769978652559,11.62,1,0.0,False
realAWSCloudwatch/iio_us-east-1_i-a2eb1cd9_NetworkIn.csv,A_rolling_zscore,83,83,2013-10-11 11:20:00,2013-10-11 11:20:00,83,2013-10-11 11:20:00,6.8106716720906615,2411798.8,1,0.0,False
realAWSCloudwatch/iio_us-east-1_i-a2eb1cd9_NetworkIn.csv,A_rolling_zscore,195,195,2013-10-11 20:40:00,2013-10-11 20:40:00,195,2013-10-11 20:40:00,7.276199053549628,10412561.6,1,0.0,False
realAWSCloudwatch/iio_us-east-1_i-a2eb1cd9_NetworkIn.csv,A_rolling_zscore,470,470,2013-10-12 19:35:00,2013-10-12 19:35:00,470,2013-10-12 19:35:00,7.992813400372692,7170114.6,1,0.0,False
realAWSCloudwatch/iio_us-east-1_i-a2eb1cd9_NetworkIn.csv,A_rolling_zscore,489,490,2013-10-12 21:10:00,2013-10-12 21:15:00,489,2013-10-12 21:10:00,10.435142263945142,5178590.8,2,5.0,False
realAWSCloudwatch/iio_us-east-1_i-a2eb1cd9_NetworkIn.csv,A_rolling_zscore,538,538,2013-10-13 01:15:00,2013-10-13 01:15:00,538,2013-10-13 01:15:00,6.469268590506081,3108940.6,1,0.0,False
realAWSCloudwatch/iio_us-east-1_i-a2eb1cd9_NetworkIn.csv,A_rolling_zscore,560,561,2013-10-13 03:05:00,2013-10-13 03:10:00,560,2013-10-13 03:05:00,7.826145318008803,5549813.8,2,5.0,False
realAWSCloudwatch/iio_us-east-1_i-a2eb1cd9_NetworkIn.csv,B_iforest_raw,195,195,2013-10-11 20:40:00,2013-10-11 20:40:00,195,2013-10-11 20:40:00,0.8130701963116024,10412561.6,1,0.0,False
realAWSCloudwatch/iio_us-east-1_i-a2eb1cd9_NetworkIn.csv,B_iforest_raw,201,201,2013-10-11 21:10:00,2013-10-11 21:10:00,201,2013-10-11 21:10:00,0.7983320400708497,9307313.4,1,0.0,False
realAWSCloudwatch/iio_us-east-1_i-a2eb1cd9_NetworkIn.csv,B_iforest_raw,757,757,2013-10-13 19:30:00,2013-10-13 19:30:00,757,2013-10-13 19:30:00,0.7577198810620529,8036983.2,1,0.0,False
realAWSCloudwatch/iio_us-east-1_i-a2eb1cd9_NetworkIn.csv,B_iforest_raw,801,809,2013-10-13 23:10:00,2013-10-13 23:50:00,802,2013-10-13 23:15:00,0.7614831768730345,8124689.4,5,40.0,False
realAWSCloudwatch/iio_us-east-1_i-a2eb1cd9_NetworkIn.csv,C_iforest_contextual,129,129,2013-10-11 15:10:00,2013-10-11 15:10:00,129,2013-10-11 15:10:00,0.6724692409484095,7135374.6,1,0.0,False
realAWSCloudwatch/iio_us-east-1_i-a2eb1cd9_NetworkIn.csv,C_iforest_contextual,195,195,2013-10-11 20:40:00,2013-10-11 20:40:00,195,2013-10-11 20:40:00,0.7123385477822904,10412561.6,1,0.0,False
realAWSCloudwatch/iio_us-east-1_i-a2eb1cd9_NetworkIn.csv,C_iforest_contextual,201,201,2013-10-11 21:10:00,2013-10-11 21:10:00,201,2013-10-11 21:10:00,0.7138436063372507,9307313.4,1,0.0,False
realAWSCloudwatch/iio_us-east-1_i-a2eb1cd9_NetworkIn.csv,C_iforest_contextual,417,417,2013-10-12 15:10:00,2013-10-12 15:10:00,417,2013-10-12 15:10:00,0.6603412879500827,5731243.0,1,0.0,False
realAWSCloudwatch/iio_us-east-1_i-a2eb1cd9_NetworkIn.csv,C_iforest_contextual,470,470,2013-10-12 19:35:00,2013-10-12 19:35:00,470,2013-10-12 19:35:00,0.7202738529892772,7170114.6,1,0.0,False
realAWSCloudwatch/iio_us-east-1_i-a2eb1cd9_NetworkIn.csv,C_iforest_contextual,489,490,2013-10-12 21:10:00,2013-10-12 21:15:00,489,2013-10-12 21:10:00,0.673395147789277,5178590.8,2,5.0,False
realAWSCloudwatch/iio_us-east-1_i-a2eb1cd9_NetworkIn.csv,C_iforest_contextual,636,636,2013-10-13 09:25:00,2013-10-13 09:25:00,636,2013-10-13 09:25:00,0.6638385507763542,4149789.2,1,0.0,False
realAWSCloudwatch/rds_cpu_utilization_cc0c53.csv,A_rolling_zscore,70,70,2014-02-17 19:10:00,2014-02-17 19:10:00,70,2014-02-17 19:10:00,5.698448977768918,7.532,1,0.0,False
realAWSCloudwatch/rds_cpu_utilization_cc0c53.csv,A_rolling_zscore,87,87,2014-02-17 20:35:00,2014-02-17 20:35:00,87,2014-02-17 20:35:00,5.660780521765013,6.892,1,0.0,False
realAWSCloudwatch/rds_cpu_utilization_cc0c53.csv,A_rolling_zscore,112,112,2014-02-17 22:40:00,2014-02-17 22:40:00,112,2014-02-17 22:40:00,8.406082576424403,7.084,1,0.0,False
realAWSCloudwatch/rds_cpu_utilization_cc0c53.csv,A_rolling_zscore,142,142,2014-02-18 01:10:00,2014-02-18 01:10:00,142,2014-02-18 01:10:00,5.640025074946845,7.88,1,0.0,False
realAWSCloudwatch/rds_cpu_utilization_cc0c53.csv,A_rolling_zscore,156,156,2014-02-18 02:20:00,2014-02-18 02:20:00,156,2014-02-18 02:20:00,6.964573818230615,7.76,1,0.0,False
realAWSCloudwatch/rds_cpu_utilization_cc0c53.csv,A_rolling_zscore,193,193,2014-02-18 05:25:00,2014-02-18 05:25:00,193,2014-02-18 05:25:00,6.703382439414643,7.0520000000000005,1,0.0,False
realAWSCloudwatch/rds_cpu_utilization_cc0c53.csv,A_rolling_zscore,373,373,2014-02-18 20:25:00,2014-02-18 20:25:00,373,2014-02-18 20:25:00,5.390847590090797,6.876,1,0.0,False
realAWSCloudwatch/rds_cpu_utilization_cc0c53.csv,A_rolling_zscore,419,419,2014-02-19 00:15:00,2014-02-19 00:15:00,419,2014-02-19 00:15:00,5.399952088647712,7.114,1,0.0,False
realAWSCloudwatch/rds_cpu_utilization_cc0c53.csv,A_rolling_zscore,459,459,2014-02-19 03:35:00,2014-02-19 03:35:00,459,2014-02-19 03:35:00,5.655117931529147,7.296,1,0.0,False
realAWSCloudwatch/rds_cpu_utilization_cc0c53.csv,A_rolling_zscore,554,554,2014-02-19 11:30:00,2014-02-19 11:30:00,554,2014-02-19 11:30:00,8.989575488907308,7.254,1,0.0,False
realAWSCloudwatch/rds_cpu_utilization_cc0c53.csv,A_rolling_zscore,684,684,2014-02-19 22:20:00,2014-02-19 22:20:00,684,2014-02-19 22:20:00,10.341784622547317,7.502000000000003,1,0.0,False
realAWSCloudwatch/rds_cpu_utilization_cc0c53.csv,A_rolling_zscore,799,799,2014-02-20 07:55:00,2014-02-20 07:55:00,799,2014-02-20 07:55:00,6.6281826262230945,7.077999999999999,1,0.0,False
realAWSCloudwatch/rds_cpu_utilization_cc0c53.csv,A_rolling_zscore,982,982,2014-02-20 23:10:00,2014-02-20 23:10:00,982,2014-02-20 23:10:00,9.249263275646728,7.292000000000003,1,0.0,False
realAWSCloudwatch/rds_cpu_utilization_cc0c53.csv,A_rolling_zscore,995,995,2014-02-21 00:15:00,2014-02-21 00:15:00,995,2014-02-21 00:15:00,9.47413253717576,7.0760000000000005,1,0.0,False
realAWSCloudwatch/rds_cpu_utilization_cc0c53.csv,A_rolling_zscore,1087,1087,2014-02-21 07:55:00,2014-02-21 07:55:00,1087,2014-02-21 07:55:00,5.229113984995327,6.874,1,0.0,False
realAWSCloudwatch/rds_cpu_utilization_cc0c53.csv,A_rolling_zscore,1200,1200,2014-02-21 17:20:00,2014-02-21 17:20:00,1200,2014-02-21 17:20:00,6.990470618198458,6.852,1,0.0,False
realAWSCloudwatch/rds_cpu_utilization_cc0c53.csv,A_rolling_zscore,1214,1214,2014-02-21 18:30:00,2014-02-21 18:30:00,1214,2014-02-21 18:30:00,9.902821621640271,7.087999999999999,1,0.0,False
realAWSCloudwatch/rds_cpu_utilization_cc0c53.csv,A_rolling_zscore,1358,1358,2014-02-22 06:30:00,2014-02-22 06:30:00,1358,2014-02-22 06:30:00,6.6828847286249236,6.8839999999999995,1,0.0,False
realAWSCloudwatch/rds_cpu_utilization_cc0c53.csv,A_rolling_zscore,1375,1375,2014-02-22 07:55:00,2014-02-22 07:55:00,1375,2014-02-22 07:55:00,5.081132445461136,6.854,1,0.0,False
realAWSCloudwatch/rds_cpu_utilization_cc0c53.csv,A_rolling_zscore,1528,1528,2014-02-22 20:40:00,2014-02-22 20:40:00,1528,2014-02-22 20:40:00,10.169726290417403,6.894,1,0.0,False
realAWSCloudwatch/rds_cpu_utilization_cc0c53.csv,A_rolling_zscore,1576,1576,2014-02-23 00:40:00,2014-02-23 00:40:00,1576,2014-02-23 00:40:00,5.339994735095685,7.916,1,0.0,False
realAWSCloudwatch/rds_cpu_utilization_cc0c53.csv,A_rolling_zscore,1663,1663,2014-02-23 07:55:00,2014-02-23 07:55:00,1663,2014-02-23 07:55:00,6.653506923522861,7.074,1,0.0,False
realAWSCloudwatch/rds_cpu_utilization_cc0c53.csv,A_rolling_zscore,1726,1726,2014-02-23 13:10:00,2014-02-23 13:10:00,1726,2014-02-23 13:10:00,5.690090645510146,6.87,1,0.0,False
realAWSCloudwatch/rds_cpu_utilization_cc0c53.csv,A_rolling_zscore,1813,1813,2014-02-23 20:25:00,2014-02-23 20:25:00,1813,2014-02-23 20:25:00,5.8225687798959935,7.087999999999999,1,0.0,False
realAWSCloudwatch/rds_cpu_utilization_cc0c53.csv,A_rolling_zscore,1828,1828,2014-02-23 21:40:00,2014-02-23 21:40:00,1828,2014-02-23 21:40:00,5.274681394449176,7.07,1,0.0,False
realAWSCloudwatch/rds_cpu_utilization_cc0c53.csv,A_rolling_zscore,1920,1920,2014-02-24 05:20:00,2014-02-24 05:20:00,1920,2014-02-24 05:20:00,5.324333410240634,6.694,1,0.0,False
realAWSCloudwatch/rds_cpu_utilization_cc0c53.csv,A_rolling_zscore,1951,1951,2014-02-24 07:55:00,2014-02-24 07:55:00,1951,2014-02-24 07:55:00,6.057046691672728,7.29,1,0.0,False
realAWSCloudwatch/rds_cpu_utilization_cc0c53.csv,A_rolling_zscore,2090,2090,2014-02-24 19:30:00,2014-02-24 19:30:00,2090,2014-02-24 19:30:00,5.963135113355384,6.91,1,0.0,False
realAWSCloudwatch/rds_cpu_utilization_cc0c53.csv,A_rolling_zscore,2121,2121,2014-02-24 22:05:00,2014-02-24 22:05:00,2121,2014-02-24 22:05:00,6.749100594803917,7.3,1,0.0,False
realAWSCloudwatch/rds_cpu_utilization_cc0c53.csv,A_rolling_zscore,2230,2230,2014-02-25 07:15:00,2014-02-25 07:15:00,2230,2014-02-25 07:15:00,50.0,25.1033,1,0.0,True
realAWSCloudwatch/rds_cpu_utilization_cc0c53.csv,A_rolling_zscore,2729,2729,2014-02-27 00:50:00,2014-02-27 00:50:00,2729,2014-02-27 00:50:00,5.548639225712129,19.165,1,0.0,True
realAWSCloudwatch/rds_cpu_utilization_cc0c53.csv,B_iforest_raw,142,142,2014-02-18 01:10:00,2014-02-18 01:10:00,142,2014-02-18 01:10:00,0.7618636329766193,7.88,1,0.0,False
realAWSCloudwatch/rds_cpu_utilization_cc0c53.csv,B_iforest_raw,156,156,2014-02-18 02:20:00,2014-02-18 02:20:00,156,2014-02-18 02:20:00,0.7618636329766193,7.76,1,0.0,False
realAWSCloudwatch/rds_cpu_utilization_cc0c53.csv,B_iforest_raw,429,429,2014-02-19 01:05:00,2014-02-19 01:05:00,429,2014-02-19 01:05:00,0.7668148169708704,5.232,1,0.0,False
realAWSCloudwatch/rds_cpu_utilization_cc0c53.csv,B_iforest_raw,503,503,2014-02-19 07:15:00,2014-02-19 07:15:00,503,2014-02-19 07:15:00,0.7675934366236267,5.222,1,0.0,False
realAWSCloudwatch/rds_cpu_utilization_cc0c53.csv,B_iforest_raw,1161,1161,2014-02-21 14:05:00,2014-02-21 14:05:00,1161,2014-02-21 14:05:00,0.7701945499109112,5.21,1,0.0,False
realAWSCloudwatch/rds_cpu_utilization_cc0c53.csv,B_iforest_raw,1576,1576,2014-02-23 00:40:00,2014-02-23 00:40:00,1576,2014-02-23 00:40:00,0.7618636329766193,7.916,1,0.0,False
realAWSCloudwatch/rds_cpu_utilization_cc0c53.csv,B_iforest_raw,1635,1635,2014-02-23 05:35:00,2014-02-23 05:35:00,1635,2014-02-23 05:35:00,0.7728044774871283,5.204,1,0.0,False
realAWSCloudwatch/rds_cpu_utilization_cc0c53.csv,B_iforest_raw,1727,1727,2014-02-23 13:15:00,2014-02-23 13:15:00,1727,2014-02-23 13:15:00,0.7701945499109112,5.2120000000000015,1,0.0,False
realAWSCloudwatch/rds_cpu_utilization_cc0c53.csv,B_iforest_raw,1745,1745,2014-02-23 14:45:00,2014-02-23 14:45:00,1745,2014-02-23 14:45:00,0.7681129555682711,5.228,1,0.0,False
realAWSCloudwatch/rds_cpu_utilization_cc0c53.csv,B_iforest_raw,2077,2077,2014-02-24 18:25:00,2014-02-24 18:25:00,2077,2014-02-24 18:25:00,0.7688928933439974,5.218,1,0.0,False
realAWSCloudwatch/rds_cpu_utilization_cc0c53.csv,B_iforest_raw,2230,2250,2014-02-25 07:15:00,2014-02-25 08:55:00,2230,2014-02-25 07:15:00,0.7618636329766193,25.1033,21,100.0,True
realAWSCloudwatch/rds_cpu_utilization_cc0c53.csv,C_iforest_contextual,70,70,2014-02-17 19:10:00,2014-02-17 19:10:00,70,2014-02-17 19:10:00,0.7025020499396633,7.532,1,0.0,False
realAWSCloudwatch/rds_cpu_utilization_cc0c53.csv,C_iforest_contextual,142,142,2014-02-18 01:10:00,2014-02-18 01:10:00,142,2014-02-18 01:10:00,0.7030798375295421,7.88,1,0.0,False
realAWSCloudwatch/rds_cpu_utilization_cc0c53.csv,C_iforest_contextual,156,156,2014-02-18 02:20:00,2014-02-18 02:20:00,156,2014-02-18 02:20:00,0.7108781488965774,7.76,1,0.0,False
realAWSCloudwatch/rds_cpu_utilization_cc0c53.csv,C_iforest_contextual,684,684,2014-02-19 22:20:00,2014-02-19 22:20:00,684,2014-02-19 22:20:00,0.7184046403048548,7.502000000000003,1,0.0,False
realAWSCloudwatch/rds_cpu_utilization_cc0c53.csv,C_iforest_contextual,982,982,2014-02-20 23:10:00,2014-02-20 23:10:00,982,2014-02-20 23:10:00,0.7052614948471826,7.292000000000003,1,0.0,False
realAWSCloudwatch/rds_cpu_utilization_cc0c53.csv,C_iforest_contextual,2230,2231,2014-02-25 07:15:00,2014-02-25 07:20:00,2230,2014-02-25 07:15:00,0.7323464139646394,25.1033,2,5.0,True
realAWSCloudwatch/rds_cpu_utilization_cc0c53.csv,C_iforest_contextual,2308,2308,2014-02-25 13:45:00,2014-02-25 13:45:00,2308,2014-02-25 13:45:00,0.7017829209123314,11.6467,1,0.0,True
realAWSCloudwatch/rds_cpu_utilization_cc0c53.csv,C_iforest_contextual,2470,2470,2014-02-26 03:15:00,2014-02-26 03:15:00,2470,2014-02-26 03:15:00,0.7037686284110167,11.7067,1,0.0,False
realAWSCloudwatch/rds_cpu_utilization_cc0c53.csv,C_iforest_contextual,2526,2526,2014-02-26 07:55:00,2014-02-26 07:55:00,2526,2014-02-26 07:55:00,0.709098487148212,16.6667,1,0.0,False
realAWSCloudwatch/rds_cpu_utilization_cc0c53.csv,C_iforest_contextual,2567,2569,2014-02-26 11:20:00,2014-02-26 11:30:00,2569,2014-02-26 11:30:00,0.7238625930115448,17.22,2,10.0,False
realAWSCloudwatch/rds_cpu_utilization_cc0c53.csv,C_iforest_contextual,2596,2597,2014-02-26 13:45:00,2014-02-26 13:50:00,2596,2014-02-26 13:45:00,0.7103831925714668,12.22,2,5.0,False
realAWSCloudwatch/rds_cpu_utilization_cc0c53.csv,C_iforest_contextual,2612,2612,2014-02-26 15:05:00,2014-02-26 15:05:00,2612,2014-02-26 15:05:00,0.7083031666107046,11.6667,1,0.0,False
realAWSCloudwatch/rds_cpu_utilization_cc0c53.csv,C_iforest_contextual,2619,2619,2014-02-26 15:40:00,2014-02-26 15:40:00,2619,2014-02-26 15:40:00,0.6970168400776188,15.5567,1,0.0,False
realAWSCloudwatch/rds_cpu_utilization_cc0c53.csv,C_iforest_contextual,2663,2665,2014-02-26 19:20:00,2014-02-26 19:30:00,2663,2014-02-26 19:20:00,0.7120404045691134,16.1133,3,10.0,True
realAWSCloudwatch/rds_cpu_utilization_cc0c53.csv,C_iforest_contextual,2673,2673,2014-02-26 20:10:00,2014-02-26 20:10:00,2673,2014-02-26 20:10:00,0.6993853046917121,15.5567,1,0.0,True
realAWSCloudwatch/rds_cpu_utilization_cc0c53.csv,C_iforest_contextual,2728,2730,2014-02-27 00:45:00,2014-02-27 00:55:00,2729,2014-02-27 00:50:00,0.7177263403901069,19.165,3,10.0,True
realAWSCloudwatch/rds_cpu_utilization_cc0c53.csv,C_iforest_contextual,2814,2814,2014-02-27 07:55:00,2014-02-27 07:55:00,2814,2014-02-27 07:55:00,0.7054980578012578,16.64,1,0.0,True
realAWSCloudwatch/rds_cpu_utilization_cc0c53.csv,C_iforest_contextual,2818,2818,2014-02-27 08:15:00,2014-02-27 08:15:00,2818,2014-02-27 08:15:00,0.7086986478518569,11.1233,1,0.0,True
realAWSCloudwatch/rds_cpu_utilization_cc0c53.csv,C_iforest_contextual,2822,2822,2014-02-27 08:35:00,2014-02-27 08:35:00,2822,2014-02-27 08:35:00,0.7022120726304432,11.6467,1,0.0,True
realAWSCloudwatch/rds_cpu_utilization_cc0c53.csv,C_iforest_contextual,2836,2836,2014-02-27 09:45:00,2014-02-27 09:45:00,2836,2014-02-27 09:45:00,0.6996908217142345,12.22,1,0.0,False
realAWSCloudwatch/rds_cpu_utilization_cc0c53.csv,C_iforest_contextual,2861,2861,2014-02-27 11:50:00,2014-02-27 11:50:00,2861,2014-02-27 11:50:00,0.7022401159303181,15.6267,1,0.0,False
realAWSCloudwatch/rds_cpu_utilization_cc0c53.csv,C_iforest_contextual,2925,2925,2014-02-27 17:10:00,2014-02-27 17:10:00,2925,2014-02-27 17:10:00,0.7014299575515847,16.1233,1,0.0,False
realAWSCloudwatch/rds_cpu_utilization_cc0c53.csv,C_iforest_contextual,2999,2999,2014-02-27 23:20:00,2014-02-27 23:20:00,2999,2014-02-27 23:20:00,0.7002469142594874,16.11,1,0.0,False
realAWSCloudwatch/rds_cpu_utilization_cc0c53.csv,C_iforest_contextual,3102,3102,2014-02-28 07:55:00,2014-02-28 07:55:00,3102,2014-02-28 07:55:00,0.7019896419946584,17.2667,1,0.0,False
realAWSCloudwatch/rds_cpu_utilization_e47b3b.csv,A_rolling_zscore,10,10,2014-04-12 23:42:00,2014-04-12 23:42:00,10,2014-04-12 23:42:00,3.709903701396106,14.71,1,0.0,True
realAWSCloudwatch/rds_cpu_utilization_e47b3b.csv,A_rolling_zscore,96,96,2014-04-13 06:52:00,2014-04-13 06:52:00,96,2014-04-13 06:52:00,50.0,76.23,1,0.0,True
realAWSCloudwatch/rds_cpu_utilization_e47b3b.csv,A_rolling_zscore,292,292,2014-04-13 23:12:00,2014-04-13 23:12:00,292,2014-04-13 23:12:00,3.7624144825107617,18.334,1,0.0,False
realAWSCloudwatch/rds_cpu_utilization_e47b3b.csv,A_rolling_zscore,385,385,2014-04-14 06:57:00,2014-04-14 06:57:00,385,2014-04-14 06:57:00,3.691747901078422,17.3,1,0.0,False
realAWSCloudwatch/rds_cpu_utilization_e47b3b.csv,A_rolling_zscore,397,397,2014-04-14 07:57:00,2014-04-14 07:57:00,397,2014-04-14 07:57:00,7.363478576870148,19.0,1,0.0,False
realAWSCloudwatch/rds_cpu_utilization_e47b3b.csv,A_rolling_zscore,415,415,2014-04-14 09:27:00,2014-04-14 09:27:00,415,2014-04-14 09:27:00,3.7630112712095523,17.334,1,0.0,False
realAWSCloudwatch/rds_cpu_utilization_e47b3b.csv,A_rolling_zscore,427,427,2014-04-14 10:27:00,2014-04-14 10:27:00,427,2014-04-14 10:27:00,3.7890238092694104,18.332,1,0.0,False
realAWSCloudwatch/rds_cpu_utilization_e47b3b.csv,A_rolling_zscore,488,488,2014-04-14 15:32:00,2014-04-14 15:32:00,488,2014-04-14 15:32:00,4.289277621752173,17.334,1,0.0,False
realAWSCloudwatch/rds_cpu_utilization_e47b3b.csv,A_rolling_zscore,630,630,2014-04-15 03:22:00,2014-04-15 03:22:00,630,2014-04-15 03:22:00,4.224926514747736,18.668,1,0.0,False
realAWSCloudwatch/rds_cpu_utilization_e47b3b.csv,A_rolling_zscore,685,685,2014-04-15 07:57:00,2014-04-15 07:57:00,685,2014-04-15 07:57:00,8.696695593487316,18.668,1,0.0,False
realAWSCloudwatch/rds_cpu_utilization_e47b3b.csv,A_rolling_zscore,699,699,2014-04-15 09:07:00,2014-04-15 09:07:00,699,2014-04-15 09:07:00,3.485244826912071,17.332,1,0.0,False
realAWSCloudwatch/rds_cpu_utilization_e47b3b.csv,A_rolling_zscore,792,792,2014-04-15 16:52:00,2014-04-15 16:52:00,792,2014-04-15 16:52:00,3.4750027128403045,18.0,1,0.0,False
realAWSCloudwatch/rds_cpu_utilization_e47b3b.csv,A_rolling_zscore,973,973,2014-04-16 07:57:00,2014-04-16 07:57:00,973,2014-04-16 07:57:00,6.2419464528477056,18.668,1,0.0,False
realAWSCloudwatch/rds_cpu_utilization_e47b3b.csv,A_rolling_zscore,1261,1261,2014-04-17 07:57:00,2014-04-17 07:57:00,1261,2014-04-17 07:57:00,4.154620996491343,19.16,1,0.0,False
realAWSCloudwatch/rds_cpu_utilization_e47b3b.csv,A_rolling_zscore,1349,1349,2014-04-17 15:17:00,2014-04-17 15:17:00,1349,2014-04-17 15:17:00,3.5308638166272357,18.335,1,0.0,False
realAWSCloudwatch/rds_cpu_utilization_e47b3b.csv,A_rolling_zscore,1549,1549,2014-04-18 07:57:00,2014-04-18 07:57:00,1549,2014-04-18 07:57:00,5.095077159635226,20.0,1,0.0,False
realAWSCloudwatch/rds_cpu_utilization_e47b3b.csv,A_rolling_zscore,1693,1693,2014-04-18 19:57:00,2014-04-18 19:57:00,1693,2014-04-18 19:57:00,5.180997431253045,19.2575,1,0.0,True
realAWSCloudwatch/rds_cpu_utilization_e47b3b.csv,A_rolling_zscore,1735,1736,2014-04-18 23:27:00,2014-04-18 23:32:00,1735,2014-04-18 23:27:00,10.79569637352398,25.11,2,5.0,True
realAWSCloudwatch/rds_cpu_utilization_e47b3b.csv,A_rolling_zscore,1891,1892,2014-04-19 12:27:00,2014-04-19 12:32:00,1891,2014-04-19 12:27:00,3.6870632664256457,30.0,2,5.0,False
realAWSCloudwatch/rds_cpu_utilization_e47b3b.csv,A_rolling_zscore,1995,1995,2014-04-19 21:07:00,2014-04-19 21:07:00,1995,2014-04-19 21:07:00,7.238101039834989,31.5225,1,0.0,False
realAWSCloudwatch/rds_cpu_utilization_e47b3b.csv,A_rolling_zscore,2067,2067,2014-04-20 03:07:00,2014-04-20 03:07:00,2067,2014-04-20 03:07:00,3.829334808463507,30.7625,1,0.0,False
realAWSCloudwatch/rds_cpu_utilization_e47b3b.csv,A_rolling_zscore,2125,2125,2014-04-20 07:57:00,2014-04-20 07:57:00,2125,2014-04-20 07:57:00,6.890548215587837,32.5,1,0.0,False
realAWSCloudwatch/rds_cpu_utilization_e47b3b.csv,A_rolling_zscore,2215,2215,2014-04-20 15:27:00,2014-04-20 15:27:00,2215,2014-04-20 15:27:00,3.687755095871505,30.4175,1,0.0,False
realAWSCloudwatch/rds_cpu_utilization_e47b3b.csv,A_rolling_zscore,2596,2596,2014-04-21 23:12:00,2014-04-21 23:12:00,2596,2014-04-21 23:12:00,3.8725143863475497,31.7125,1,0.0,False
realAWSCloudwatch/rds_cpu_utilization_e47b3b.csv,A_rolling_zscore,2701,2701,2014-04-22 07:57:00,2014-04-22 07:57:00,2701,2014-04-22 07:57:00,4.176144230363054,30.8325,1,0.0,False
realAWSCloudwatch/rds_cpu_utilization_e47b3b.csv,A_rolling_zscore,2743,2744,2014-04-22 11:27:00,2014-04-22 11:32:00,2743,2014-04-22 11:27:00,8.526003488460592,21.245,2,5.0,False
realAWSCloudwatch/rds_cpu_utilization_e47b3b.csv,A_rolling_zscore,2894,2894,2014-04-23 00:02:00,2014-04-23 00:02:00,2894,2014-04-23 00:02:00,3.82433251567924,19.5825,1,0.0,False
realAWSCloudwatch/rds_cpu_utilization_e47b3b.csv,A_rolling_zscore,2989,2989,2014-04-23 07:57:00,2014-04-23 07:57:00,2989,2014-04-23 07:57:00,6.178027539438253,20.835,1,0.0,False
realAWSCloudwatch/rds_cpu_utilization_e47b3b.csv,B_iforest_raw,96,129,2014-04-13 06:52:00,2014-04-13 09:37:00,96,2014-04-13 06:52:00,0.827678170683911,76.23,31,165.0,True
realAWSCloudwatch/rds_cpu_utilization_e47b3b.csv,C_iforest_contextual,96,97,2014-04-13 06:52:00,2014-04-13 06:57:00,96,2014-04-13 06:52:00,0.7463855276652847,76.23,2,5.0,True
realAWSCloudwatch/rds_cpu_utilization_e47b3b.csv,C_iforest_contextual,397,397,2014-04-14 07:57:00,2014-04-14 07:57:00,397,2014-04-14 07:57:00,0.74060360669457,19.0,1,0.0,False
realAWSCloudwatch/rds_cpu_utilization_e47b3b.csv,C_iforest_contextual,630,630,2014-04-15 03:22:00,2014-04-15 03:22:00,630,2014-04-15 03:22:00,0.6968426477859611,18.668,1,0.0,False
realAWSCloudwatch/rds_cpu_utilization_e47b3b.csv,C_iforest_contextual,685,685,2014-04-15 07:57:00,2014-04-15 07:57:00,685,2014-04-15 07:57:00,0.7312578024661915,18.668,1,0.0,False
realAWSCloudwatch/rds_cpu_utilization_e47b3b.csv,C_iforest_contextual,973,973,2014-04-16 07:57:00,2014-04-16 07:57:00,973,2014-04-16 07:57:00,0.7306214061415112,18.668,1,0.0,False
realAWSCloudwatch/rds_cpu_utilization_e47b3b.csv,C_iforest_contextual,1091,1091,2014-04-16 17:47:00,2014-04-16 17:47:00,1091,2014-04-16 17:47:00,0.7028789355356763,19.085,1,0.0,False
realAWSCloudwatch/rds_cpu_utilization_e47b3b.csv,C_iforest_contextual,1261,1261,2014-04-17 07:57:00,2014-04-17 07:57:00,1261,2014-04-17 07:57:00,0.7096218217161482,19.16,1,0.0,False
realAWSCloudwatch/rds_cpu_utilization_e47b3b.csv,C_iforest_contextual,1549,1549,2014-04-18 07:57:00,2014-04-18 07:57:00,1549,2014-04-18 07:57:00,0.7300287321063943,20.0,1,0.0,False
realAWSCloudwatch/rds_cpu_utilization_e47b3b.csv,C_iforest_contextual,1693,1693,2014-04-18 19:57:00,2014-04-18 19:57:00,1693,2014-04-18 19:57:00,0.7155512466988011,19.2575,1,0.0,True
realAWSCloudwatch/rds_cpu_utilization_e47b3b.csv,C_iforest_contextual,1735,1736,2014-04-18 23:27:00,2014-04-18 23:32:00,1735,2014-04-18 23:27:00,0.7284351195412188,25.11,2,5.0,True
realAWSCloudwatch/rds_cpu_utilization_e47b3b.csv,C_iforest_contextual,1742,1742,2014-04-19 00:02:00,2014-04-19 00:02:00,1742,2014-04-19 00:02:00,0.699839960987927,27.5,1,0.0,True
realAWSCloudwatch/rds_cpu_utilization_e47b3b.csv,C_iforest_contextual,1817,1817,2014-04-19 06:17:00,2014-04-19 06:17:00,1817,2014-04-19 06:17:00,0.7007023337307421,29.5825,1,0.0,True
realAWSCloudwatch/rds_cpu_utilization_e47b3b.csv,C_iforest_contextual,1952,1952,2014-04-19 17:32:00,2014-04-19 17:32:00,1952,2014-04-19 17:32:00,0.6956288285646915,25.8325,1,0.0,False
realAWSCloudwatch/rds_cpu_utilization_e47b3b.csv,C_iforest_contextual,1963,1963,2014-04-19 18:27:00,2014-04-19 18:27:00,1963,2014-04-19 18:27:00,0.6966730951574203,30.1025,1,0.0,False
realAWSCloudwatch/rds_cpu_utilization_e47b3b.csv,C_iforest_contextual,1995,1995,2014-04-19 21:07:00,2014-04-19 21:07:00,1995,2014-04-19 21:07:00,0.7278611994630988,31.5225,1,0.0,False
realAWSCloudwatch/rds_cpu_utilization_e47b3b.csv,C_iforest_contextual,2067,2067,2014-04-20 03:07:00,2014-04-20 03:07:00,2067,2014-04-20 03:07:00,0.7186191192122207,30.7625,1,0.0,False
realAWSCloudwatch/rds_cpu_utilization_e47b3b.csv,C_iforest_contextual,2125,2125,2014-04-20 07:57:00,2014-04-20 07:57:00,2125,2014-04-20 07:57:00,0.7558767089549189,32.5,1,0.0,False
realAWSCloudwatch/rds_cpu_utilization_e47b3b.csv,C_iforest_contextual,2215,2215,2014-04-20 15:27:00,2014-04-20 15:27:00,2215,2014-04-20 15:27:00,0.7146756270969267,30.4175,1,0.0,False
realAWSCloudwatch/rds_cpu_utilization_e47b3b.csv,C_iforest_contextual,2319,2319,2014-04-21 00:07:00,2014-04-21 00:07:00,2319,2014-04-21 00:07:00,0.7041917069055376,29.8325,1,0.0,False
realAWSCloudwatch/rds_cpu_utilization_e47b3b.csv,C_iforest_contextual,2431,2431,2014-04-21 09:27:00,2014-04-21 09:27:00,2431,2014-04-21 09:27:00,0.7015727596434903,29.99,1,0.0,False
realAWSCloudwatch/rds_cpu_utilization_e47b3b.csv,C_iforest_contextual,2563,2563,2014-04-21 20:27:00,2014-04-21 20:27:00,2563,2014-04-21 20:27:00,0.7106794657456668,30.12,1,0.0,False
realAWSCloudwatch/rds_cpu_utilization_e47b3b.csv,C_iforest_contextual,2587,2587,2014-04-21 22:27:00,2014-04-21 22:27:00,2587,2014-04-21 22:27:00,0.698980258915724,29.9975,1,0.0,False
realAWSCloudwatch/rds_cpu_utilization_e47b3b.csv,C_iforest_contextual,2596,2596,2014-04-21 23:12:00,2014-04-21 23:12:00,2596,2014-04-21 23:12:00,0.7213585403452157,31.7125,1,0.0,False
realAWSCloudwatch/rds_cpu_utilization_e47b3b.csv,C_iforest_contextual,2651,2651,2014-04-22 03:47:00,2014-04-22 03:47:00,2651,2014-04-22 03:47:00,0.7025119073059489,30.4175,1,0.0,False
realAWSCloudwatch/rds_cpu_utilization_e47b3b.csv,C_iforest_contextual,2701,2701,2014-04-22 07:57:00,2014-04-22 07:57:00,2701,2014-04-22 07:57:00,0.7308302300537427,30.8325,1,0.0,False
realAWSCloudwatch/rds_cpu_utilization_e47b3b.csv,C_iforest_contextual,2731,2731,2014-04-22 10:27:00,2014-04-22 10:27:00,2731,2014-04-22 10:27:00,0.6979925726989187,29.5825,1,0.0,False
realAWSCloudwatch/rds_cpu_utilization_e47b3b.csv,C_iforest_contextual,2743,2744,2014-04-22 11:27:00,2014-04-22 11:32:00,2743,2014-04-22 11:27:00,0.7034179047388978,21.245,2,5.0,False
realAWSCloudwatch/rds_cpu_utilization_e47b3b.csv,C_iforest_contextual,2989,2989,2014-04-23 07:57:00,2014-04-23 07:57:00,2989,2014-04-23 07:57:00,0.7476423395203943,20.835,1,0.0,False
realKnownCause/ambient_temperature_system_failure.csv,A_rolling_zscore,44,44,2013-08-08 10:00:00,2013-08-08 10:00:00,44,2013-08-08 10:00:00,19.356481342234158,70.79634920000002,1,0.0,False
realKnownCause/ambient_temperature_system_failure.csv,A_rolling_zscore,122,122,2013-08-11 16:00:00,2013-08-11 16:00:00,122,2013-08-11 16:00:00,37.289908210656655,64.94337424,1,0.0,False
realKnownCause/ambient_temperature_system_failure.csv,A_rolling_zscore,227,227,2013-08-16 01:00:00,2013-08-16 01:00:00,227,2013-08-16 01:00:00,32.43744289241231,71.3147316,1,0.0,False
realKnownCause/ambient_temperature_system_failure.csv,A_rolling_zscore,362,362,2013-08-21 16:00:00,2013-08-21 16:00:00,362,2013-08-21 16:00:00,18.42480328265892,69.7284424,1,0.0,False
realKnownCause/ambient_temperature_system_failure.csv,A_rolling_zscore,452,452,2013-08-25 10:00:00,2013-08-25 10:00:00,452,2013-08-25 10:00:00,24.969480922533105,64.05518099,1,0.0,False
realKnownCause/ambient_temperature_system_failure.csv,A_rolling_zscore,517,517,2013-08-30 02:00:00,2013-08-30 02:00:00,517,2013-08-30 02:00:00,21.45518085348836,68.94715476,1,0.0,False
realKnownCause/ambient_temperature_system_failure.csv,A_rolling_zscore,605,605,2013-09-02 18:00:00,2013-09-02 18:00:00,605,2013-09-02 18:00:00,30.80661272264203,70.62377265,1,0.0,False
realKnownCause/ambient_temperature_system_failure.csv,A_rolling_zscore,639,639,2013-09-04 04:00:00,2013-09-04 04:00:00,639,2013-09-04 04:00:00,33.909443614070994,69.64750524,1,0.0,False
realKnownCause/ambient_temperature_system_failure.csv,A_rolling_zscore,783,783,2013-09-16 19:00:00,2013-09-16 19:00:00,783,2013-09-16 19:00:00,24.118115961183975,74.71764725,1,0.0,False
realKnownCause/ambient_temperature_system_failure.csv,A_rolling_zscore,914,914,2013-09-22 06:00:00,2013-09-22 06:00:00,914,2013-09-22 06:00:00,21.794140559620466,68.70555692,1,0.0,False
realKnownCause/ambient_temperature_system_failure.csv,A_rolling_zscore,1139,1139,2013-10-05 14:00:00,2013-10-05 14:00:00,1139,2013-10-05 14:00:00,18.011129211885997,74.59539903,1,0.0,False
realKnownCause/ambient_temperature_system_failure.csv,A_rolling_zscore,1145,1145,2013-10-05 20:00:00,2013-10-05 20:00:00,1145,2013-10-05 20:00:00,22.267646325781843,76.0742703,1,0.0,False
realKnownCause/ambient_temperature_system_failure.csv,A_rolling_zscore,1164,1164,2013-10-06 15:00:00,2013-10-06 15:00:00,1164,2013-10-06 15:00:00,50.0,75.338712,1,0.0,False
realKnownCause/ambient_temperature_system_failure.csv,A_rolling_zscore,1314,1314,2013-10-15 19:00:00,2013-10-15 19:00:00,1314,2013-10-15 19:00:00,19.164808637766214,72.72460722,1,0.0,False
realKnownCause/ambient_temperature_system_failure.csv,A_rolling_zscore,1433,1433,2013-10-20 18:00:00,2013-10-20 18:00:00,1433,2013-10-20 18:00:00,20.714377831104542,72.14843798,1,0.0,False
realKnownCause/ambient_temperature_system_failure.csv,A_rolling_zscore,1664,1664,2013-10-30 09:00:00,2013-10-30 09:00:00,1664,2013-10-30 09:00:00,17.566690739481523,74.13143498,1,0.0,False
realKnownCause/ambient_temperature_system_failure.csv,A_rolling_zscore,1876,1876,2013-11-08 05:00:00,2013-11-08 05:00:00,1876,2013-11-08 05:00:00,19.56330868451367,74.18157735,1,0.0,False
realKnownCause/ambient_temperature_system_failure.csv,A_rolling_zscore,1883,1883,2013-11-08 12:00:00,2013-11-08 12:00:00,1883,2013-11-08 12:00:00,50.0,75.80192985,1,0.0,False
realKnownCause/ambient_temperature_system_failure.csv,A_rolling_zscore,2001,2001,2013-11-13 10:00:00,2013-11-13 10:00:00,2001,2013-11-13 10:00:00,33.03985966196891,73.63776206,1,0.0,False
realKnownCause/ambient_temperature_system_failure.csv,A_rolling_zscore,2152,2152,2013-11-19 17:00:00,2013-11-19 17:00:00,2152,2013-11-19 17:00:00,16.72126388342324,75.62033656,1,0.0,False
realKnownCause/ambient_temperature_system_failure.csv,A_rolling_zscore,2178,2178,2013-11-20 19:00:00,2013-11-20 19:00:00,2178,2013-11-20 19:00:00,50.0,76.8861063,1,0.0,False
realKnownCause/ambient_temperature_system_failure.csv,A_rolling_zscore,2225,2225,2013-11-22 18:00:00,2013-11-22 18:00:00,2225,2013-11-22 18:00:00,19.324590985246104,74.55135899,1,0.0,False
realKnownCause/ambient_temperature_system_failure.csv,A_rolling_zscore,2298,2298,2013-11-25 19:00:00,2013-11-25 19:00:00,2298,2013-11-25 19:00:00,20.176443951749345,76.12426881,1,0.0,False
realKnownCause/ambient_temperature_system_failure.csv,A_rolling_zscore,2337,2337,2013-11-27 10:00:00,2013-11-27 10:00:00,2337,2013-11-27 10:00:00,31.96660817909683,74.98788383,1,0.0,False
realKnownCause/ambient_temperature_system_failure.csv,A_rolling_zscore,2382,2382,2013-11-29 07:00:00,2013-11-29 07:00:00,2382,2013-11-29 07:00:00,50.0,77.56230513,1,0.0,False
realKnownCause/ambient_temperature_system_failure.csv,A_rolling_zscore,2469,2470,2013-12-02 22:00:00,2013-12-02 23:00:00,2469,2013-12-02 22:00:00,18.687179605980646,74.8350368,2,60.0,False
realKnownCause/ambient_temperature_system_failure.csv,A_rolling_zscore,2618,2618,2013-12-09 03:00:00,2013-12-09 03:00:00,2618,2013-12-09 03:00:00,25.163844047144487,73.93566312,1,0.0,False
realKnownCause/ambient_temperature_system_failure.csv,A_rolling_zscore,2622,2622,2013-12-09 07:00:00,2013-12-09 07:00:00,2622,2013-12-09 07:00:00,50.0,72.37641122,1,0.0,False
realKnownCause/ambient_temperature_system_failure.csv,A_rolling_zscore,2631,2631,2013-12-09 16:00:00,2013-12-09 16:00:00,2631,2013-12-09 16:00:00,18.570123995454704,73.2791445,1,0.0,False
realKnownCause/ambient_temperature_system_failure.csv,A_rolling_zscore,2649,2649,2013-12-10 10:00:00,2013-12-10 10:00:00,2649,2013-12-10 10:00:00,25.62763539382429,73.73304064,1,0.0,False
realKnownCause/ambient_temperature_system_failure.csv,A_rolling_zscore,2706,2706,2013-12-12 19:00:00,2013-12-12 19:00:00,2706,2013-12-12 19:00:00,27.05644667905566,75.38155998,1,0.0,False
realKnownCause/ambient_temperature_system_failure.csv,A_rolling_zscore,2714,2714,2013-12-13 03:00:00,2013-12-13 03:00:00,2714,2013-12-13 03:00:00,22.68157683359433,74.54095745,1,0.0,False
realKnownCause/ambient_temperature_system_failure.csv,A_rolling_zscore,2852,2852,2013-12-18 21:00:00,2013-12-18 21:00:00,2852,2013-12-18 21:00:00,18.462442348926437,75.87615507,1,0.0,True
realKnownCause/ambient_temperature_system_failure.csv,A_rolling_zscore,3328,3328,2014-01-07 17:00:00,2014-01-07 17:00:00,3328,2014-01-07 17:00:00,19.596399577455628,77.03472136,1,0.0,False
realKnownCause/ambient_temperature_system_failure.csv,A_rolling_zscore,3374,3374,2014-01-09 15:00:00,2014-01-09 15:00:00,3374,2014-01-09 15:00:00,50.0,75.4479466,1,0.0,False
realKnownCause/ambient_temperature_system_failure.csv,A_rolling_zscore,3431,3431,2014-01-12 00:00:00,2014-01-12 00:00:00,3431,2014-01-12 00:00:00,35.350615301566386,76.58082694,1,0.0,False
realKnownCause/ambient_temperature_system_failure.csv,A_rolling_zscore,3528,3528,2014-01-16 01:00:00,2014-01-16 01:00:00,3528,2014-01-16 01:00:00,18.27887264447523,73.94180609,1,0.0,False
realKnownCause/ambient_temperature_system_failure.csv,A_rolling_zscore,3654,3654,2014-01-21 07:00:00,2014-01-21 07:00:00,3654,2014-01-21 07:00:00,17.697586948668025,74.2393244,1,0.0,False
realKnownCause/ambient_temperature_system_failure.csv,A_rolling_zscore,3740,3740,2014-01-24 21:00:00,2014-01-24 21:00:00,3740,2014-01-24 21:00:00,23.27488898395975,73.33607329,1,0.0,False
realKnownCause/ambient_temperature_system_failure.csv,A_rolling_zscore,3926,3926,2014-02-01 15:00:00,2014-02-01 15:00:00,3926,2014-02-01 15:00:00,17.412218953105356,71.92974532,1,0.0,False
realKnownCause/ambient_temperature_system_failure.csv,A_rolling_zscore,3939,3939,2014-02-02 04:00:00,2014-02-02 04:00:00,3939,2014-02-02 04:00:00,40.86794362952651,69.9892031,1,0.0,False
realKnownCause/ambient_temperature_system_failure.csv,A_rolling_zscore,3947,3947,2014-02-02 12:00:00,2014-02-02 12:00:00,3947,2014-02-02 12:00:00,25.96744233002748,69.00452108,1,0.0,False
realKnownCause/ambient_temperature_system_failure.csv,A_rolling_zscore,4294,4294,2014-02-16 23:00:00,2014-02-16 23:00:00,4294,2014-02-16 23:00:00,20.438758886603612,64.32817118,1,0.0,False
realKnownCause/ambient_temperature_system_failure.csv,A_rolling_zscore,4316,4316,2014-02-17 21:00:00,2014-02-17 21:00:00,4316,2014-02-17 21:00:00,23.021796511145766,71.38697638,1,0.0,False
realKnownCause/ambient_temperature_system_failure.csv,A_rolling_zscore,4583,4583,2014-03-01 00:00:00,2014-03-01 00:00:00,4583,2014-03-01 00:00:00,21.521914767728948,71.39694912,1,0.0,False
realKnownCause/ambient_temperature_system_failure.csv,A_rolling_zscore,4661,4661,2014-03-05 11:00:00,2014-03-05 11:00:00,4661,2014-03-05 11:00:00,40.482746441473466,70.01662351,1,0.0,False
realKnownCause/ambient_temperature_system_failure.csv,A_rolling_zscore,4708,4708,2014-03-07 10:00:00,2014-03-07 10:00:00,4708,2014-03-07 10:00:00,18.023096226137564,64.14762913,1,0.0,False
realKnownCause/ambient_temperature_system_failure.csv,A_rolling_zscore,4745,4745,2014-03-08 23:00:00,2014-03-08 23:00:00,4745,2014-03-08 23:00:00,22.459045565838657,65.67719536,1,0.0,False
realKnownCause/ambient_temperature_system_failure.csv,A_rolling_zscore,4775,4775,2014-03-10 05:00:00,2014-03-10 05:00:00,4775,2014-03-10 05:00:00,26.994510797485685,61.28489989,1,0.0,False
realKnownCause/ambient_temperature_system_failure.csv,A_rolling_zscore,4864,4864,2014-03-13 22:00:00,2014-03-13 22:00:00,4864,2014-03-13 22:00:00,17.8196757574112,71.69910104,1,0.0,False
realKnownCause/ambient_temperature_system_failure.csv,A_rolling_zscore,4910,4910,2014-03-15 20:00:00,2014-03-15 20:00:00,4910,2014-03-15 20:00:00,16.841308282675193,67.29328776,1,0.0,False
realKnownCause/ambient_temperature_system_failure.csv,A_rolling_zscore,4989,4989,2014-03-19 05:00:00,2014-03-19 05:00:00,4989,2014-03-19 05:00:00,24.75456379183666,65.93843117,1,0.0,False
realKnownCause/ambient_temperature_system_failure.csv,A_rolling_zscore,5041,5041,2014-03-21 09:00:00,2014-03-21 09:00:00,5041,2014-03-21 09:00:00,30.436709134856727,68.22384891,1,0.0,False
realKnownCause/ambient_temperature_system_failure.csv,A_rolling_zscore,5086,5086,2014-03-23 06:00:00,2014-03-23 06:00:00,5086,2014-03-23 06:00:00,17.924184038250125,65.44047774,1,0.0,False
realKnownCause/ambient_temperature_system_failure.csv,A_rolling_zscore,5109,5109,2014-03-24 19:00:00,2014-03-24 19:00:00,5109,2014-03-24 19:00:00,33.70521115998304,71.94336325,1,0.0,False
realKnownCause/ambient_temperature_system_failure.csv,A_rolling_zscore,5174,5174,2014-03-27 12:00:00,2014-03-27 12:00:00,5174,2014-03-27 12:00:00,19.229859233838013,72.22574727,1,0.0,False
realKnownCause/ambient_temperature_system_failure.csv,A_rolling_zscore,5710,5710,2014-04-26 01:00:00,2014-04-26 01:00:00,5710,2014-04-26 01:00:00,24.004455285630407,67.24793666,1,0.0,False
realKnownCause/ambient_temperature_system_failure.csv,A_rolling_zscore,5876,5876,2014-05-02 23:00:00,2014-05-02 23:00:00,5876,2014-05-02 23:00:00,33.42116325607552,66.69875824,1,0.0,False
realKnownCause/ambient_temperature_system_failure.csv,A_rolling_zscore,6051,6051,2014-05-10 06:00:00,2014-05-10 06:00:00,6051,2014-05-10 06:00:00,47.28492537467068,67.0775277,1,0.0,False
realKnownCause/ambient_temperature_system_failure.csv,A_rolling_zscore,6069,6069,2014-05-11 00:00:00,2014-05-11 00:00:00,6069,2014-05-11 00:00:00,16.82012874030489,63.91974669,1,0.0,False
realKnownCause/ambient_temperature_system_failure.csv,A_rolling_zscore,6207,6207,2014-05-16 18:00:00,2014-05-16 18:00:00,6207,2014-05-16 18:00:00,33.38150450074813,71.48839758,1,0.0,False
realKnownCause/ambient_temperature_system_failure.csv,A_rolling_zscore,6229,6229,2014-05-17 16:00:00,2014-05-17 16:00:00,6229,2014-05-17 16:00:00,28.23326272213157,62.79405286,1,0.0,False
realKnownCause/ambient_temperature_system_failure.csv,A_rolling_zscore,6270,6270,2014-05-19 09:00:00,2014-05-19 09:00:00,6270,2014-05-19 09:00:00,20.772384696128686,62.032778,1,0.0,False
realKnownCause/ambient_temperature_system_failure.csv,B_iforest_raw,4775,4775,2014-03-10 05:00:00,2014-03-10 05:00:00,4775,2014-03-10 05:00:00,0.7557996739011166,61.28489989,1,0.0,False
realKnownCause/ambient_temperature_system_failure.csv,B_iforest_raw,4942,4944,2014-03-17 04:00:00,2014-03-17 06:00:00,4942,2014-03-17 04:00:00,0.7557996739011166,61.25053172,3,120.0,False
realKnownCause/ambient_temperature_system_failure.csv,B_iforest_raw,5393,5428,2014-04-12 20:00:00,2014-04-14 07:00:00,5393,2014-04-12 20:00:00,0.7557996739011166,60.33080311,36,2100.0,True
realKnownCause/ambient_temperature_system_failure.csv,B_iforest_raw,5570,5596,2014-04-20 05:00:00,2014-04-21 07:00:00,5570,2014-04-20 05:00:00,0.7557996739011166,61.32938908,23,1560.0,True
realKnownCause/ambient_temperature_system_failure.csv,B_iforest_raw,5929,5929,2014-05-05 04:00:00,2014-05-05 04:00:00,5929,2014-05-05 04:00:00,0.7557996739011166,60.6068837,1,0.0,False
realKnownCause/ambient_temperature_system_failure.csv,C_iforest_contextual,6,8,2013-08-06 20:00:00,2013-08-06 22:00:00,7,2013-08-06 21:00:00,0.6330687042220919,74.76223447,3,120.0,False
realKnownCause/ambient_temperature_system_failure.csv,C_iforest_contextual,140,140,2013-08-12 10:00:00,2013-08-12 10:00:00,140,2013-08-12 10:00:00,0.6096410694085088,66.95784817,1,0.0,False
realKnownCause/ambient_temperature_system_failure.csv,C_iforest_contextual,362,362,2013-08-21 16:00:00,2013-08-21 16:00:00,362,2013-08-21 16:00:00,0.6170104981457509,69.7284424,1,0.0,False
realKnownCause/ambient_temperature_system_failure.csv,C_iforest_contextual,605,605,2013-09-02 18:00:00,2013-09-02 18:00:00,605,2013-09-02 18:00:00,0.6189178211171016,70.62377265,1,0.0,False
realKnownCause/ambient_temperature_system_failure.csv,C_iforest_contextual,783,783,2013-09-16 19:00:00,2013-09-16 19:00:00,783,2013-09-16 19:00:00,0.6202594545465253,74.71764725,1,0.0,False
realKnownCause/ambient_temperature_system_failure.csv,C_iforest_contextual,1341,1342,2013-10-16 22:00:00,2013-10-16 23:00:00,1341,2013-10-16 22:00:00,0.6259397755263818,67.59220788,2,60.0,False
realKnownCause/ambient_temperature_system_failure.csv,C_iforest_contextual,1876,1876,2013-11-08 05:00:00,2013-11-08 05:00:00,1876,2013-11-08 05:00:00,0.6007486978062281,74.18157735,1,0.0,False
realKnownCause/ambient_temperature_system_failure.csv,C_iforest_contextual,2152,2152,2013-11-19 17:00:00,2013-11-19 17:00:00,2152,2013-11-19 17:00:00,0.6049073377306345,75.62033656,1,0.0,False
realKnownCause/ambient_temperature_system_failure.csv,C_iforest_contextual,2178,2178,2013-11-20 19:00:00,2013-11-20 19:00:00,2178,2013-11-20 19:00:00,0.6326142417861154,76.8861063,1,0.0,False
realKnownCause/ambient_temperature_system_failure.csv,C_iforest_contextual,2298,2298,2013-11-25 19:00:00,2013-11-25 19:00:00,2298,2013-11-25 19:00:00,0.6055606462034852,76.12426881,1,0.0,False
realKnownCause/ambient_temperature_system_failure.csv,C_iforest_contextual,2375,2375,2013-11-29 00:00:00,2013-11-29 00:00:00,2375,2013-11-29 00:00:00,0.6123686331649474,79.02591263,1,0.0,False
realKnownCause/ambient_temperature_system_failure.csv,C_iforest_contextual,2622,2622,2013-12-09 07:00:00,2013-12-09 07:00:00,2622,2013-12-09 07:00:00,0.6230147707332939,72.37641122,1,0.0,False
realKnownCause/ambient_temperature_system_failure.csv,C_iforest_contextual,2885,2885,2013-12-20 06:00:00,2013-12-20 06:00:00,2885,2013-12-20 06:00:00,0.603081404054133,77.39653919999998,1,0.0,True
realKnownCause/ambient_temperature_system_failure.csv,C_iforest_contextual,2923,2925,2013-12-21 20:00:00,2013-12-21 22:00:00,2923,2013-12-21 20:00:00,0.6223019471104542,82.28923988,2,120.0,True
realKnownCause/ambient_temperature_system_failure.csv,C_iforest_contextual,3325,3325,2014-01-07 14:00:00,2014-01-07 14:00:00,3325,2014-01-07 14:00:00,0.6000302770991316,75.89900009,1,0.0,False
realKnownCause/ambient_temperature_system_failure.csv,C_iforest_contextual,3426,3426,2014-01-11 19:00:00,2014-01-11 19:00:00,3426,2014-01-11 19:00:00,0.6012958548951195,77.67158003,1,0.0,False
realKnownCause/ambient_temperature_system_failure.csv,C_iforest_contextual,3451,3451,2014-01-12 20:00:00,2014-01-12 20:00:00,3451,2014-01-12 20:00:00,0.5997211347441123,81.37618811,1,0.0,False
realKnownCause/ambient_temperature_system_failure.csv,C_iforest_contextual,4661,4661,2014-03-05 11:00:00,2014-03-05 11:00:00,4661,2014-03-05 11:00:00,0.599081242009279,70.01662351,1,0.0,False
realKnownCause/ambient_temperature_system_failure.csv,C_iforest_contextual,4708,4709,2014-03-07 10:00:00,2014-03-07 11:00:00,4708,2014-03-07 10:00:00,0.6166160922268659,64.14762913,2,60.0,False
realKnownCause/ambient_temperature_system_failure.csv,C_iforest_contextual,4780,4781,2014-03-10 10:00:00,2014-03-10 11:00:00,4780,2014-03-10 10:00:00,0.6359322216420279,65.36263572,2,60.0,False
realKnownCause/ambient_temperature_system_failure.csv,C_iforest_contextual,5041,5041,2014-03-21 09:00:00,2014-03-21 09:00:00,5041,2014-03-21 09:00:00,0.6198622209242011,68.22384891,1,0.0,False
realKnownCause/ambient_temperature_system_failure.csv,C_iforest_contextual,5086,5086,2014-03-23 06:00:00,2014-03-23 06:00:00,5086,2014-03-23 06:00:00,0.6181686876620689,65.44047774,1,0.0,False
realKnownCause/ambient_temperature_system_failure.csv,C_iforest_contextual,5109,5110,2014-03-24 19:00:00,2014-03-24 20:00:00,5109,2014-03-24 19:00:00,0.6568200555434722,71.94336325,2,60.0,False
realKnownCause/ambient_temperature_system_failure.csv,C_iforest_contextual,5174,5174,2014-03-27 12:00:00,2014-03-27 12:00:00,5174,2014-03-27 12:00:00,0.627008684066002,72.22574727,1,0.0,False
realKnownCause/ambient_temperature_system_failure.csv,C_iforest_contextual,5266,5266,2014-03-31 08:00:00,2014-03-31 08:00:00,5266,2014-03-31 08:00:00,0.6123751616819023,64.28414943,1,0.0,True
realKnownCause/ambient_temperature_system_failure.csv,C_iforest_contextual,5358,5358,2014-04-11 09:00:00,2014-04-11 09:00:00,5358,2014-04-11 09:00:00,0.6037100137808544,65.37565585,1,0.0,True
realKnownCause/ambient_temperature_system_failure.csv,C_iforest_contextual,5391,5391,2014-04-12 18:00:00,2014-04-12 18:00:00,5391,2014-04-12 18:00:00,0.6022446261954761,62.85879831,1,0.0,True
realKnownCause/ambient_temperature_system_failure.csv,C_iforest_contextual,5434,5434,2014-04-14 13:00:00,2014-04-14 13:00:00,5434,2014-04-14 13:00:00,0.6542491259175132,66.89048639,1,0.0,True
realKnownCause/ambient_temperature_system_failure.csv,C_iforest_contextual,5494,5494,2014-04-17 01:00:00,2014-04-17 01:00:00,5494,2014-04-17 01:00:00,0.6143703666395248,65.22016644,1,0.0,True
realKnownCause/ambient_temperature_system_failure.csv,C_iforest_contextual,5599,5599,2014-04-21 10:00:00,2014-04-21 10:00:00,5599,2014-04-21 10:00:00,0.6157548119095868,64.91681271,1,0.0,False
realKnownCause/ambient_temperature_system_failure.csv,C_iforest_contextual,5710,5710,2014-04-26 01:00:00,2014-04-26 01:00:00,5710,2014-04-26 01:00:00,0.624468957491863,67.24793666,1,0.0,False
realKnownCause/ambient_temperature_system_failure.csv,C_iforest_contextual,5766,5766,2014-04-28 09:00:00,2014-04-28 09:00:00,5766,2014-04-28 09:00:00,0.6212088705169526,66.39555183,1,0.0,False
realKnownCause/ambient_temperature_system_failure.csv,C_iforest_contextual,6069,6069,2014-05-11 00:00:00,2014-05-11 00:00:00,6069,2014-05-11 00:00:00,0.5989217489872162,63.91974669,1,0.0,False
realKnownCause/ambient_temperature_system_failure.csv,C_iforest_contextual,6171,6171,2014-05-15 06:00:00,2014-05-15 06:00:00,6171,2014-05-15 06:00:00,0.6020365906623785,64.81152604,1,0.0,False
realKnownCause/ambient_temperature_system_failure.csv,C_iforest_contextual,6175,6175,2014-05-15 10:00:00,2014-05-15 10:00:00,6175,2014-05-15 10:00:00,0.612450557419949,69.47031702,1,0.0,False
realKnownCause/ambient_temperature_system_failure.csv,C_iforest_contextual,6225,6225,2014-05-17 12:00:00,2014-05-17 12:00:00,6225,2014-05-17 12:00:00,0.6214588459556242,63.77248723,1,0.0,False
realKnownCause/ambient_temperature_system_failure.csv,C_iforest_contextual,6229,6229,2014-05-17 16:00:00,2014-05-17 16:00:00,6229,2014-05-17 16:00:00,0.6525707383667058,62.79405286,1,0.0,False
realKnownCause/ambient_temperature_system_failure.csv,C_iforest_contextual,6270,6275,2014-05-19 09:00:00,2014-05-19 14:00:00,6272,2014-05-19 11:00:00,0.657020552970271,66.46108503,5,300.0,False
realKnownCause/ambient_temperature_system_failure.csv,C_iforest_contextual,6282,6286,2014-05-19 21:00:00,2014-05-20 01:00:00,6286,2014-05-20 01:00:00,0.6351936889596196,61.42920712,3,240.0,False
realKnownCause/ambient_temperature_system_failure.csv,C_iforest_contextual,6296,6297,2014-05-20 11:00:00,2014-05-20 12:00:00,6297,2014-05-20 12:00:00,0.6296406862569263,69.71421777,2,60.0,False
realKnownCause/ambient_temperature_system_failure.csv,C_iforest_contextual,6320,6320,2014-05-21 11:00:00,2014-05-21 11:00:00,6320,2014-05-21 11:00:00,0.6238130333921049,71.45729537,1,0.0,False
realKnownCause/ambient_temperature_system_failure.csv,C_iforest_contextual,6360,6360,2014-05-23 03:00:00,2014-05-23 03:00:00,6360,2014-05-23 03:00:00,0.6022853270518932,65.7499409,1,0.0,False
realKnownCause/ambient_temperature_system_failure.csv,C_iforest_contextual,6437,6441,2014-05-26 08:00:00,2014-05-26 12:00:00,6441,2014-05-26 12:00:00,0.6505524064592013,72.0269253,5,240.0,False
realKnownCause/ambient_temperature_system_failure.csv,C_iforest_contextual,6462,6463,2014-05-27 09:00:00,2014-05-27 10:00:00,6463,2014-05-27 10:00:00,0.6221800493473509,70.10010407,2,60.0,False
realKnownCause/ambient_temperature_system_failure.csv,C_iforest_contextual,6488,6488,2014-05-28 11:00:00,2014-05-28 11:00:00,6488,2014-05-28 11:00:00,0.6002425702677483,72.37020644,1,0.0,False
realKnownCause/cpu_utilization_asg_misconfiguration.csv,A_rolling_zscore,677,677,2014-05-20 00:09:00,2014-05-20 00:09:00,677,2014-05-20 00:09:00,6.360955912472349,100.0,1,0.0,False
realKnownCause/cpu_utilization_asg_misconfiguration.csv,A_rolling_zscore,1433,1433,2014-05-22 15:09:00,2014-05-22 15:09:00,1433,2014-05-22 15:09:00,6.059273501178589,100.0,1,0.0,False
realKnownCause/cpu_utilization_asg_misconfiguration.csv,A_rolling_zscore,1879,1879,2014-05-24 04:19:00,2014-05-24 04:19:00,1879,2014-05-24 04:19:00,5.5517918308814505,57.832,1,0.0,False
realKnownCause/cpu_utilization_asg_misconfiguration.csv,A_rolling_zscore,2357,2357,2014-05-25 20:09:00,2014-05-25 20:09:00,2357,2014-05-25 20:09:00,3.8616763162972503,59.381,1,0.0,False
realKnownCause/cpu_utilization_asg_misconfiguration.csv,A_rolling_zscore,2477,2477,2014-05-26 06:09:00,2014-05-26 06:09:00,2477,2014-05-26 06:09:00,4.6415802515049265,59.668,1,0.0,False
realKnownCause/cpu_utilization_asg_misconfiguration.csv,A_rolling_zscore,2717,2717,2014-05-27 02:09:00,2014-05-27 02:09:00,2717,2014-05-27 02:09:00,4.766903737978565,73.429,1,0.0,False
realKnownCause/cpu_utilization_asg_misconfiguration.csv,A_rolling_zscore,2753,2753,2014-05-27 05:09:00,2014-05-27 05:09:00,2753,2014-05-27 05:09:00,3.8498028353800855,72.834,1,0.0,False
realKnownCause/cpu_utilization_asg_misconfiguration.csv,A_rolling_zscore,2777,2777,2014-05-27 07:09:00,2014-05-27 07:09:00,2777,2014-05-27 07:09:00,4.614471719889833,72.668,1,0.0,False
realKnownCause/cpu_utilization_asg_misconfiguration.csv,A_rolling_zscore,2813,2813,2014-05-27 10:09:00,2014-05-27 10:09:00,2813,2014-05-27 10:09:00,5.759910776267474,72.472,1,0.0,False
realKnownCause/cpu_utilization_asg_misconfiguration.csv,A_rolling_zscore,3101,3101,2014-05-28 10:09:00,2014-05-28 10:09:00,3101,2014-05-28 10:09:00,4.338395989500101,85.5,1,0.0,False
realKnownCause/cpu_utilization_asg_misconfiguration.csv,A_rolling_zscore,3185,3185,2014-05-28 17:09:00,2014-05-28 17:09:00,3185,2014-05-28 17:09:00,4.184039890679266,86.28200000000002,1,0.0,False
realKnownCause/cpu_utilization_asg_misconfiguration.csv,A_rolling_zscore,3593,3593,2014-05-30 03:09:00,2014-05-30 03:09:00,3593,2014-05-30 03:09:00,5.553354991423416,100.0,1,0.0,False
realKnownCause/cpu_utilization_asg_misconfiguration.csv,A_rolling_zscore,3941,3941,2014-05-31 08:09:00,2014-05-31 08:09:00,3941,2014-05-31 08:09:00,4.294767421107734,79.053,1,0.0,False
realKnownCause/cpu_utilization_asg_misconfiguration.csv,A_rolling_zscore,4085,4085,2014-05-31 20:09:00,2014-05-31 20:09:00,4085,2014-05-31 20:09:00,4.420140463672303,78.94800000000002,1,0.0,False
realKnownCause/cpu_utilization_asg_misconfiguration.csv,A_rolling_zscore,4169,4169,2014-06-01 03:09:00,2014-06-01 03:09:00,4169,2014-06-01 03:09:00,4.354814311318584,79.0,1,0.0,False
realKnownCause/cpu_utilization_asg_misconfiguration.csv,A_rolling_zscore,4277,4277,2014-06-01 12:09:00,2014-06-01 12:09:00,4277,2014-06-01 12:09:00,4.176562778852105,78.78399999999998,1,0.0,False
realKnownCause/cpu_utilization_asg_misconfiguration.csv,A_rolling_zscore,4445,4445,2014-06-02 02:09:00,2014-06-02 02:09:00,4445,2014-06-02 02:09:00,4.873282690598891,85.833,1,0.0,False
realKnownCause/cpu_utilization_asg_misconfiguration.csv,A_rolling_zscore,4553,4553,2014-06-02 11:09:00,2014-06-02 11:09:00,4553,2014-06-02 11:09:00,4.817708333342948,85.666,1,0.0,False
realKnownCause/cpu_utilization_asg_misconfiguration.csv,A_rolling_zscore,4745,4745,2014-06-03 03:09:00,2014-06-03 03:09:00,4745,2014-06-03 03:09:00,4.597631579701449,86.051,1,0.0,False
realKnownCause/cpu_utilization_asg_misconfiguration.csv,A_rolling_zscore,4793,4793,2014-06-03 07:09:00,2014-06-03 07:09:00,4793,2014-06-03 07:09:00,5.269872640534855,93.0,1,0.0,False
realKnownCause/cpu_utilization_asg_misconfiguration.csv,A_rolling_zscore,4829,4829,2014-06-03 10:09:00,2014-06-03 10:09:00,4829,2014-06-03 10:09:00,4.663047538244903,85.667,1,0.0,False
realKnownCause/cpu_utilization_asg_misconfiguration.csv,A_rolling_zscore,5196,5196,2014-06-04 16:44:00,2014-06-04 16:44:00,5196,2014-06-04 16:44:00,5.914944050709105,71.93,1,0.0,False
realKnownCause/cpu_utilization_asg_misconfiguration.csv,A_rolling_zscore,5321,5321,2014-06-05 03:09:00,2014-06-05 03:09:00,5321,2014-06-05 03:09:00,3.9587659867763447,56.667,1,0.0,False
realKnownCause/cpu_utilization_asg_misconfiguration.csv,A_rolling_zscore,5609,5609,2014-06-06 03:09:00,2014-06-06 03:09:00,5609,2014-06-06 03:09:00,4.344979783737395,73.833,1,0.0,False
realKnownCause/cpu_utilization_asg_misconfiguration.csv,A_rolling_zscore,5763,5764,2014-06-06 15:59:00,2014-06-06 16:04:00,5764,2014-06-06 16:04:00,4.6621296094262785,100.0,2,5.0,False
realKnownCause/cpu_utilization_asg_misconfiguration.csv,A_rolling_zscore,6065,6065,2014-06-07 17:09:00,2014-06-07 17:09:00,6065,2014-06-07 17:09:00,3.8741211055258313,81.252,1,0.0,False
realKnownCause/cpu_utilization_asg_misconfiguration.csv,A_rolling_zscore,8501,8501,2014-06-16 04:09:00,2014-06-16 04:09:00,8501,2014-06-16 04:09:00,4.815175625238574,51.714,1,0.0,False
realKnownCause/cpu_utilization_asg_misconfiguration.csv,A_rolling_zscore,8825,8825,2014-06-17 07:09:00,2014-06-17 07:09:00,8825,2014-06-17 07:09:00,5.26328484634917,58.833,1,0.0,False
realKnownCause/cpu_utilization_asg_misconfiguration.csv,A_rolling_zscore,8933,8933,2014-06-17 16:09:00,2014-06-17 16:09:00,8933,2014-06-17 16:09:00,4.730795152925945,64.834,1,0.0,False
realKnownCause/cpu_utilization_asg_misconfiguration.csv,A_rolling_zscore,9005,9005,2014-06-17 22:09:00,2014-06-17 22:09:00,9005,2014-06-17 22:09:00,3.868557522608115,72.62,1,0.0,False
realKnownCause/cpu_utilization_asg_misconfiguration.csv,A_rolling_zscore,9089,9089,2014-06-18 05:09:00,2014-06-18 05:09:00,9089,2014-06-18 05:09:00,6.75220936939969,72.12,1,0.0,False
realKnownCause/cpu_utilization_asg_misconfiguration.csv,A_rolling_zscore,9125,9125,2014-06-18 08:09:00,2014-06-18 08:09:00,9125,2014-06-18 08:09:00,5.6532453507229725,71.999,1,0.0,False
realKnownCause/cpu_utilization_asg_misconfiguration.csv,A_rolling_zscore,9161,9161,2014-06-18 11:09:00,2014-06-18 11:09:00,9161,2014-06-18 11:09:00,5.353541182960319,70.832,1,0.0,False
realKnownCause/cpu_utilization_asg_misconfiguration.csv,A_rolling_zscore,9233,9233,2014-06-18 17:09:00,2014-06-18 17:09:00,9233,2014-06-18 17:09:00,6.764931532516323,78.547,1,0.0,False
realKnownCause/cpu_utilization_asg_misconfiguration.csv,A_rolling_zscore,9257,9257,2014-06-18 19:09:00,2014-06-18 19:09:00,9257,2014-06-18 19:09:00,6.664149349879345,79.123,1,0.0,False
realKnownCause/cpu_utilization_asg_misconfiguration.csv,A_rolling_zscore,9341,9341,2014-06-19 02:09:00,2014-06-19 02:09:00,9341,2014-06-19 02:09:00,5.483565227131279,78.833,1,0.0,False
realKnownCause/cpu_utilization_asg_misconfiguration.csv,A_rolling_zscore,9377,9377,2014-06-19 05:09:00,2014-06-19 05:09:00,9377,2014-06-19 05:09:00,6.58196091625823,78.717,1,0.0,False
realKnownCause/cpu_utilization_asg_misconfiguration.csv,A_rolling_zscore,9413,9413,2014-06-19 08:09:00,2014-06-19 08:09:00,9413,2014-06-19 08:09:00,7.7302070229701325,85.833,1,0.0,False
realKnownCause/cpu_utilization_asg_misconfiguration.csv,A_rolling_zscore,9449,9449,2014-06-19 11:09:00,2014-06-19 11:09:00,9449,2014-06-19 11:09:00,5.515510220142778,78.999,1,0.0,False
realKnownCause/cpu_utilization_asg_misconfiguration.csv,A_rolling_zscore,9521,9521,2014-06-19 17:09:00,2014-06-19 17:09:00,9521,2014-06-19 17:09:00,7.738323327099104,86.0,1,0.0,False
realKnownCause/cpu_utilization_asg_misconfiguration.csv,A_rolling_zscore,9581,9581,2014-06-19 22:09:00,2014-06-19 22:09:00,9581,2014-06-19 22:09:00,6.292919788990348,86.0,1,0.0,False
realKnownCause/cpu_utilization_asg_misconfiguration.csv,A_rolling_zscore,9665,9665,2014-06-20 05:09:00,2014-06-20 05:09:00,9665,2014-06-20 05:09:00,5.156348377067903,86.0,1,0.0,False
realKnownCause/cpu_utilization_asg_misconfiguration.csv,A_rolling_zscore,9689,9689,2014-06-20 07:09:00,2014-06-20 07:09:00,9689,2014-06-20 07:09:00,5.8700660320235,86.0,1,0.0,False
realKnownCause/cpu_utilization_asg_misconfiguration.csv,A_rolling_zscore,9713,9713,2014-06-20 09:09:00,2014-06-20 09:09:00,9713,2014-06-20 09:09:00,5.770777872467676,92.833,1,0.0,False
realKnownCause/cpu_utilization_asg_misconfiguration.csv,A_rolling_zscore,9749,9749,2014-06-20 12:09:00,2014-06-20 12:09:00,9749,2014-06-20 12:09:00,5.393608909496328,86.833,1,0.0,False
realKnownCause/cpu_utilization_asg_misconfiguration.csv,A_rolling_zscore,9773,9773,2014-06-20 14:09:00,2014-06-20 14:09:00,9773,2014-06-20 14:09:00,5.883696791921431,92.833,1,0.0,False
realKnownCause/cpu_utilization_asg_misconfiguration.csv,A_rolling_zscore,9833,9833,2014-06-20 19:09:00,2014-06-20 19:09:00,9833,2014-06-20 19:09:00,5.939778302993918,92.833,1,0.0,False
realKnownCause/cpu_utilization_asg_misconfiguration.csv,A_rolling_zscore,9881,9881,2014-06-20 23:09:00,2014-06-20 23:09:00,9881,2014-06-20 23:09:00,5.906948417073909,92.833,1,0.0,False
realKnownCause/cpu_utilization_asg_misconfiguration.csv,A_rolling_zscore,9929,9929,2014-06-21 03:09:00,2014-06-21 03:09:00,9929,2014-06-21 03:09:00,6.557873717939518,100.0,1,0.0,False
realKnownCause/cpu_utilization_asg_misconfiguration.csv,A_rolling_zscore,10013,10013,2014-06-21 10:09:00,2014-06-21 10:09:00,10013,2014-06-21 10:09:00,6.511502162903728,100.0,1,0.0,False
realKnownCause/cpu_utilization_asg_misconfiguration.csv,A_rolling_zscore,10049,10049,2014-06-21 13:09:00,2014-06-21 13:09:00,10049,2014-06-21 13:09:00,6.591115773962486,100.0,1,0.0,False
realKnownCause/cpu_utilization_asg_misconfiguration.csv,A_rolling_zscore,10145,10145,2014-06-21 21:09:00,2014-06-21 21:09:00,10145,2014-06-21 21:09:00,6.64731535974033,100.0,1,0.0,False
realKnownCause/cpu_utilization_asg_misconfiguration.csv,A_rolling_zscore,10205,10205,2014-06-22 02:09:00,2014-06-22 02:09:00,10205,2014-06-22 02:09:00,6.508330395475085,100.0,1,0.0,False
realKnownCause/cpu_utilization_asg_misconfiguration.csv,A_rolling_zscore,10289,10289,2014-06-22 09:09:00,2014-06-22 09:09:00,10289,2014-06-22 09:09:00,6.178091052472195,100.0,1,0.0,False
realKnownCause/cpu_utilization_asg_misconfiguration.csv,A_rolling_zscore,10313,10313,2014-06-22 11:09:00,2014-06-22 11:09:00,10313,2014-06-22 11:09:00,17.253871126086594,100.0,1,0.0,False
realKnownCause/cpu_utilization_asg_misconfiguration.csv,A_rolling_zscore,10421,10421,2014-06-22 20:09:00,2014-06-22 20:09:00,10421,2014-06-22 20:09:00,6.176860998894631,100.0,1,0.0,False
realKnownCause/cpu_utilization_asg_misconfiguration.csv,A_rolling_zscore,10505,10505,2014-06-23 03:09:00,2014-06-23 03:09:00,10505,2014-06-23 03:09:00,6.607271548151125,100.0,1,0.0,False
realKnownCause/cpu_utilization_asg_misconfiguration.csv,A_rolling_zscore,10553,10553,2014-06-23 07:09:00,2014-06-23 07:09:00,10553,2014-06-23 07:09:00,6.29644845828252,100.0,1,0.0,False
realKnownCause/cpu_utilization_asg_misconfiguration.csv,A_rolling_zscore,10589,10589,2014-06-23 10:09:00,2014-06-23 10:09:00,10589,2014-06-23 10:09:00,6.149950628453978,100.0,1,0.0,False
realKnownCause/cpu_utilization_asg_misconfiguration.csv,A_rolling_zscore,10696,10696,2014-06-23 19:04:00,2014-06-23 19:04:00,10696,2014-06-23 19:04:00,4.30343913663037,100.0,1,0.0,False
realKnownCause/cpu_utilization_asg_misconfiguration.csv,A_rolling_zscore,10721,10721,2014-06-23 21:09:00,2014-06-23 21:09:00,10721,2014-06-23 21:09:00,6.8295039385641845,66.615,1,0.0,False
realKnownCause/cpu_utilization_asg_misconfiguration.csv,A_rolling_zscore,10769,10769,2014-06-24 01:09:00,2014-06-24 01:09:00,10769,2014-06-24 01:09:00,9.104871886288917,65.167,1,0.0,False
realKnownCause/cpu_utilization_asg_misconfiguration.csv,A_rolling_zscore,10889,10889,2014-06-24 11:09:00,2014-06-24 11:09:00,10889,2014-06-24 11:09:00,8.692518931162112,68.428,1,0.0,False
realKnownCause/cpu_utilization_asg_misconfiguration.csv,A_rolling_zscore,10913,10913,2014-06-24 13:09:00,2014-06-24 13:09:00,10913,2014-06-24 13:09:00,10.793414770525224,73.334,1,0.0,False
realKnownCause/cpu_utilization_asg_misconfiguration.csv,A_rolling_zscore,10937,10937,2014-06-24 15:09:00,2014-06-24 15:09:00,10937,2014-06-24 15:09:00,9.492813390629372,69.666,1,0.0,False
realKnownCause/cpu_utilization_asg_misconfiguration.csv,A_rolling_zscore,10960,10960,2014-06-24 17:04:00,2014-06-24 17:04:00,10960,2014-06-24 17:04:00,3.9265607161159197,45.456,1,0.0,False
realKnownCause/cpu_utilization_asg_misconfiguration.csv,A_rolling_zscore,10985,10985,2014-06-24 19:09:00,2014-06-24 19:09:00,10985,2014-06-24 19:09:00,8.473682615190466,67.5,1,0.0,False
realKnownCause/cpu_utilization_asg_misconfiguration.csv,A_rolling_zscore,11045,11045,2014-06-25 00:09:00,2014-06-25 00:09:00,11045,2014-06-25 00:09:00,9.385168051543609,72.167,1,0.0,False
realKnownCause/cpu_utilization_asg_misconfiguration.csv,A_rolling_zscore,11129,11129,2014-06-25 07:09:00,2014-06-25 07:09:00,11129,2014-06-25 07:09:00,9.908065159295314,73.321,1,0.0,False
realKnownCause/cpu_utilization_asg_misconfiguration.csv,A_rolling_zscore,11153,11153,2014-06-25 09:09:00,2014-06-25 09:09:00,11153,2014-06-25 09:09:00,9.497827877174634,71.373,1,0.0,False
realKnownCause/cpu_utilization_asg_misconfiguration.csv,A_rolling_zscore,11201,11201,2014-06-25 13:09:00,2014-06-25 13:09:00,11201,2014-06-25 13:09:00,8.474185597980968,66.834,1,0.0,False
realKnownCause/cpu_utilization_asg_misconfiguration.csv,A_rolling_zscore,11261,11261,2014-06-25 18:09:00,2014-06-25 18:09:00,11261,2014-06-25 18:09:00,9.875522142113965,72.334,1,0.0,False
realKnownCause/cpu_utilization_asg_misconfiguration.csv,A_rolling_zscore,11285,11285,2014-06-25 20:09:00,2014-06-25 20:09:00,11285,2014-06-25 20:09:00,8.390541880566193,67.333,1,0.0,False
realKnownCause/cpu_utilization_asg_misconfiguration.csv,A_rolling_zscore,11309,11309,2014-06-25 22:09:00,2014-06-25 22:09:00,11309,2014-06-25 22:09:00,9.898788862989907,73.667,1,0.0,False
realKnownCause/cpu_utilization_asg_misconfiguration.csv,A_rolling_zscore,11429,11429,2014-06-26 08:09:00,2014-06-26 08:09:00,11429,2014-06-26 08:09:00,3.8377738332190043,79.5,1,0.0,False
realKnownCause/cpu_utilization_asg_misconfiguration.csv,A_rolling_zscore,11669,11669,2014-06-27 04:09:00,2014-06-27 04:09:00,11669,2014-06-27 04:09:00,6.496239067198953,66.44,1,0.0,False
realKnownCause/cpu_utilization_asg_misconfiguration.csv,A_rolling_zscore,11753,11753,2014-06-27 11:09:00,2014-06-27 11:09:00,11753,2014-06-27 11:09:00,9.170874147128108,79.274,1,0.0,False
realKnownCause/cpu_utilization_asg_misconfiguration.csv,A_rolling_zscore,11813,11813,2014-06-27 16:09:00,2014-06-27 16:09:00,11813,2014-06-27 16:09:00,4.486554971881933,86.333,1,0.0,False
realKnownCause/cpu_utilization_asg_misconfiguration.csv,A_rolling_zscore,11909,11909,2014-06-28 00:09:00,2014-06-28 00:09:00,11909,2014-06-28 00:09:00,8.208452416456302,86.666,1,0.0,False
realKnownCause/cpu_utilization_asg_misconfiguration.csv,A_rolling_zscore,11933,11933,2014-06-28 02:09:00,2014-06-28 02:09:00,11933,2014-06-28 02:09:00,7.883691140141749,85.787,1,0.0,False
realKnownCause/cpu_utilization_asg_misconfiguration.csv,A_rolling_zscore,11969,11969,2014-06-28 05:09:00,2014-06-28 05:09:00,11969,2014-06-28 05:09:00,7.62153387606426,85.333,1,0.0,False
realKnownCause/cpu_utilization_asg_misconfiguration.csv,A_rolling_zscore,11993,11993,2014-06-28 07:09:00,2014-06-28 07:09:00,11993,2014-06-28 07:09:00,7.674634939646702,85.833,1,0.0,False
realKnownCause/cpu_utilization_asg_misconfiguration.csv,A_rolling_zscore,12053,12053,2014-06-28 12:09:00,2014-06-28 12:09:00,12053,2014-06-28 12:09:00,13.891554052525603,86.21799999999998,1,0.0,False
realKnownCause/cpu_utilization_asg_misconfiguration.csv,A_rolling_zscore,12089,12089,2014-06-28 15:09:00,2014-06-28 15:09:00,12089,2014-06-28 15:09:00,7.947628363415629,86.334,1,0.0,False
realKnownCause/cpu_utilization_asg_misconfiguration.csv,A_rolling_zscore,12209,12209,2014-06-29 01:09:00,2014-06-29 01:09:00,12209,2014-06-29 01:09:00,4.448702859878479,86.279,1,0.0,False
realKnownCause/cpu_utilization_asg_misconfiguration.csv,A_rolling_zscore,12233,12233,2014-06-29 03:09:00,2014-06-29 03:09:00,12233,2014-06-29 03:09:00,6.357004424474084,86.167,1,0.0,False
realKnownCause/cpu_utilization_asg_misconfiguration.csv,A_rolling_zscore,12269,12269,2014-06-29 06:09:00,2014-06-29 06:09:00,12269,2014-06-29 06:09:00,4.666950017079041,65.988,1,0.0,False
realKnownCause/cpu_utilization_asg_misconfiguration.csv,A_rolling_zscore,12281,12281,2014-06-29 07:09:00,2014-06-29 07:09:00,12281,2014-06-29 07:09:00,5.094477197564922,93.0,1,0.0,False
realKnownCause/cpu_utilization_asg_misconfiguration.csv,A_rolling_zscore,12341,12341,2014-06-29 12:09:00,2014-06-29 12:09:00,12341,2014-06-29 12:09:00,5.060404087472847,93.833,1,0.0,False
realKnownCause/cpu_utilization_asg_misconfiguration.csv,A_rolling_zscore,12365,12365,2014-06-29 14:09:00,2014-06-29 14:09:00,12365,2014-06-29 14:09:00,5.134631555553273,93.833,1,0.0,False
realKnownCause/cpu_utilization_asg_misconfiguration.csv,A_rolling_zscore,12401,12401,2014-06-29 17:09:00,2014-06-29 17:09:00,12401,2014-06-29 17:09:00,7.223932735365397,93.167,1,0.0,False
realKnownCause/cpu_utilization_asg_misconfiguration.csv,A_rolling_zscore,12425,12425,2014-06-29 19:09:00,2014-06-29 19:09:00,12425,2014-06-29 19:09:00,7.190792439616723,91.864,1,0.0,False
realKnownCause/cpu_utilization_asg_misconfiguration.csv,A_rolling_zscore,12485,12485,2014-06-30 00:09:00,2014-06-30 00:09:00,12485,2014-06-30 00:09:00,7.187322023695134,93.051,1,0.0,False
realKnownCause/cpu_utilization_asg_misconfiguration.csv,A_rolling_zscore,12533,12533,2014-06-30 04:09:00,2014-06-30 04:09:00,12533,2014-06-30 04:09:00,5.114397908007459,94.098,1,0.0,False
realKnownCause/cpu_utilization_asg_misconfiguration.csv,A_rolling_zscore,12557,12557,2014-06-30 06:09:00,2014-06-30 06:09:00,12557,2014-06-30 06:09:00,7.263750067661498,92.667,1,0.0,False
realKnownCause/cpu_utilization_asg_misconfiguration.csv,A_rolling_zscore,12617,12617,2014-06-30 11:09:00,2014-06-30 11:09:00,12617,2014-06-30 11:09:00,5.845631522103149,93.115,1,0.0,False
realKnownCause/cpu_utilization_asg_misconfiguration.csv,A_rolling_zscore,12665,12665,2014-06-30 15:09:00,2014-06-30 15:09:00,12665,2014-06-30 15:09:00,8.415528771162277,100.0,1,0.0,False
realKnownCause/cpu_utilization_asg_misconfiguration.csv,A_rolling_zscore,12773,12773,2014-07-01 00:09:00,2014-07-01 00:09:00,12773,2014-07-01 00:09:00,6.5636051976528424,100.0,1,0.0,False
realKnownCause/cpu_utilization_asg_misconfiguration.csv,A_rolling_zscore,12833,12833,2014-07-01 05:09:00,2014-07-01 05:09:00,12833,2014-07-01 05:09:00,17.167623174181998,100.0,1,0.0,False
realKnownCause/cpu_utilization_asg_misconfiguration.csv,A_rolling_zscore,12857,12857,2014-07-01 07:09:00,2014-07-01 07:09:00,12857,2014-07-01 07:09:00,6.654115868270238,100.0,1,0.0,False
realKnownCause/cpu_utilization_asg_misconfiguration.csv,A_rolling_zscore,12893,12893,2014-07-01 10:09:00,2014-07-01 10:09:00,12893,2014-07-01 10:09:00,5.607651030005344,100.0,1,0.0,False
realKnownCause/cpu_utilization_asg_misconfiguration.csv,A_rolling_zscore,12917,12917,2014-07-01 12:09:00,2014-07-01 12:09:00,12917,2014-07-01 12:09:00,5.690720866729009,100.0,1,0.0,False
realKnownCause/cpu_utilization_asg_misconfiguration.csv,A_rolling_zscore,12965,12965,2014-07-01 16:09:00,2014-07-01 16:09:00,12965,2014-07-01 16:09:00,16.931742469826425,100.0,1,0.0,False
realKnownCause/cpu_utilization_asg_misconfiguration.csv,A_rolling_zscore,12984,12985,2014-07-01 17:44:00,2014-07-01 17:49:00,12985,2014-07-01 17:49:00,4.322144433095144,100.0,2,5.0,False
realKnownCause/cpu_utilization_asg_misconfiguration.csv,A_rolling_zscore,13109,13109,2014-07-02 04:09:00,2014-07-02 04:09:00,13109,2014-07-02 04:09:00,17.615364837982987,100.0,1,0.0,False
realKnownCause/cpu_utilization_asg_misconfiguration.csv,A_rolling_zscore,13217,13217,2014-07-02 13:09:00,2014-07-02 13:09:00,13217,2014-07-02 13:09:00,6.598668947053519,100.0,1,0.0,False
realKnownCause/cpu_utilization_asg_misconfiguration.csv,A_rolling_zscore,13277,13277,2014-07-02 18:09:00,2014-07-02 18:09:00,13277,2014-07-02 18:09:00,5.560089447241145,100.0,1,0.0,False
realKnownCause/cpu_utilization_asg_misconfiguration.csv,A_rolling_zscore,13349,13349,2014-07-03 00:09:00,2014-07-03 00:09:00,13349,2014-07-03 00:09:00,6.563568542115883,100.0,1,0.0,False
realKnownCause/cpu_utilization_asg_misconfiguration.csv,A_rolling_zscore,13373,13373,2014-07-03 02:09:00,2014-07-03 02:09:00,13373,2014-07-03 02:09:00,6.435227908375561,100.0,1,0.0,False
realKnownCause/cpu_utilization_asg_misconfiguration.csv,A_rolling_zscore,13445,13445,2014-07-03 08:09:00,2014-07-03 08:09:00,13445,2014-07-03 08:09:00,6.505852363223429,100.0,1,0.0,False
realKnownCause/cpu_utilization_asg_misconfiguration.csv,A_rolling_zscore,13529,13529,2014-07-03 15:09:00,2014-07-03 15:09:00,13529,2014-07-03 15:09:00,5.600974181351301,100.0,1,0.0,False
realKnownCause/cpu_utilization_asg_misconfiguration.csv,A_rolling_zscore,13577,13577,2014-07-03 19:09:00,2014-07-03 19:09:00,13577,2014-07-03 19:09:00,5.684857283967224,100.0,1,0.0,False
realKnownCause/cpu_utilization_asg_misconfiguration.csv,A_rolling_zscore,13637,13637,2014-07-04 00:09:00,2014-07-04 00:09:00,13637,2014-07-04 00:09:00,6.172159243168874,100.0,1,0.0,False
realKnownCause/cpu_utilization_asg_misconfiguration.csv,A_rolling_zscore,13685,13685,2014-07-04 04:09:00,2014-07-04 04:09:00,13685,2014-07-04 04:09:00,5.685381331687212,100.0,1,0.0,False
realKnownCause/cpu_utilization_asg_misconfiguration.csv,A_rolling_zscore,13781,13781,2014-07-04 12:09:00,2014-07-04 12:09:00,13781,2014-07-04 12:09:00,6.234936416175785,100.0,1,0.0,False
realKnownCause/cpu_utilization_asg_misconfiguration.csv,A_rolling_zscore,13829,13829,2014-07-04 16:09:00,2014-07-04 16:09:00,13829,2014-07-04 16:09:00,6.299637500608291,100.0,1,0.0,False
realKnownCause/cpu_utilization_asg_misconfiguration.csv,A_rolling_zscore,13961,13961,2014-07-05 03:09:00,2014-07-05 03:09:00,13961,2014-07-05 03:09:00,5.418996099414257,100.0,1,0.0,False
realKnownCause/cpu_utilization_asg_misconfiguration.csv,A_rolling_zscore,13985,13985,2014-07-05 05:09:00,2014-07-05 05:09:00,13985,2014-07-05 05:09:00,5.5749894391092045,100.0,1,0.0,False
realKnownCause/cpu_utilization_asg_misconfiguration.csv,A_rolling_zscore,14009,14009,2014-07-05 07:09:00,2014-07-05 07:09:00,14009,2014-07-05 07:09:00,5.600691020165807,100.0,1,0.0,False
realKnownCause/cpu_utilization_asg_misconfiguration.csv,A_rolling_zscore,14165,14165,2014-07-05 20:09:00,2014-07-05 20:09:00,14165,2014-07-05 20:09:00,5.893294301984587,100.0,1,0.0,False
realKnownCause/cpu_utilization_asg_misconfiguration.csv,A_rolling_zscore,14189,14189,2014-07-05 22:09:00,2014-07-05 22:09:00,14189,2014-07-05 22:09:00,5.687684967279912,100.0,1,0.0,False
realKnownCause/cpu_utilization_asg_misconfiguration.csv,A_rolling_zscore,14225,14225,2014-07-06 01:09:00,2014-07-06 01:09:00,14225,2014-07-06 01:09:00,5.5339780482461896,100.0,1,0.0,False
realKnownCause/cpu_utilization_asg_misconfiguration.csv,A_rolling_zscore,14249,14249,2014-07-06 03:09:00,2014-07-06 03:09:00,14249,2014-07-06 03:09:00,5.907523694748517,100.0,1,0.0,False
realKnownCause/cpu_utilization_asg_misconfiguration.csv,A_rolling_zscore,14321,14321,2014-07-06 09:09:00,2014-07-06 09:09:00,14321,2014-07-06 09:09:00,17.260470009680056,100.0,1,0.0,False
realKnownCause/cpu_utilization_asg_misconfiguration.csv,A_rolling_zscore,14405,14405,2014-07-06 16:09:00,2014-07-06 16:09:00,14405,2014-07-06 16:09:00,5.92700055368743,100.0,1,0.0,False
realKnownCause/cpu_utilization_asg_misconfiguration.csv,A_rolling_zscore,14429,14429,2014-07-06 18:09:00,2014-07-06 18:09:00,14429,2014-07-06 18:09:00,5.866296225087479,100.0,1,0.0,False
realKnownCause/cpu_utilization_asg_misconfiguration.csv,A_rolling_zscore,14477,14477,2014-07-06 22:09:00,2014-07-06 22:09:00,14477,2014-07-06 22:09:00,5.741609573146027,100.0,1,0.0,False
realKnownCause/cpu_utilization_asg_misconfiguration.csv,A_rolling_zscore,14537,14537,2014-07-07 03:09:00,2014-07-07 03:09:00,14537,2014-07-07 03:09:00,5.83914547059182,100.0,1,0.0,False
realKnownCause/cpu_utilization_asg_misconfiguration.csv,A_rolling_zscore,14597,14597,2014-07-07 08:09:00,2014-07-07 08:09:00,14597,2014-07-07 08:09:00,5.778921919448921,100.0,1,0.0,False
realKnownCause/cpu_utilization_asg_misconfiguration.csv,A_rolling_zscore,14621,14621,2014-07-07 10:09:00,2014-07-07 10:09:00,14621,2014-07-07 10:09:00,5.8781326333886845,100.0,1,0.0,False
realKnownCause/cpu_utilization_asg_misconfiguration.csv,A_rolling_zscore,14705,14705,2014-07-07 17:09:00,2014-07-07 17:09:00,14705,2014-07-07 17:09:00,5.8131703887006525,100.0,1,0.0,False
realKnownCause/cpu_utilization_asg_misconfiguration.csv,A_rolling_zscore,14729,14729,2014-07-07 19:09:00,2014-07-07 19:09:00,14729,2014-07-07 19:09:00,5.689001089802001,100.0,1,0.0,False
realKnownCause/cpu_utilization_asg_misconfiguration.csv,A_rolling_zscore,14777,14777,2014-07-07 23:09:00,2014-07-07 23:09:00,14777,2014-07-07 23:09:00,5.568052869109629,100.0,1,0.0,False
realKnownCause/cpu_utilization_asg_misconfiguration.csv,A_rolling_zscore,14837,14837,2014-07-08 04:09:00,2014-07-08 04:09:00,14837,2014-07-08 04:09:00,5.674696902292014,100.0,1,0.0,False
realKnownCause/cpu_utilization_asg_misconfiguration.csv,A_rolling_zscore,14897,14897,2014-07-08 09:09:00,2014-07-08 09:09:00,14897,2014-07-08 09:09:00,5.969413624554462,100.0,1,0.0,False
realKnownCause/cpu_utilization_asg_misconfiguration.csv,A_rolling_zscore,14993,14993,2014-07-08 17:09:00,2014-07-08 17:09:00,14993,2014-07-08 17:09:00,9.058246696344257,66.999,1,0.0,False
realKnownCause/cpu_utilization_asg_misconfiguration.csv,A_rolling_zscore,15005,15005,2014-07-08 18:09:00,2014-07-08 18:09:00,15005,2014-07-08 18:09:00,5.618563445352209,100.0,1,0.0,False
realKnownCause/cpu_utilization_asg_misconfiguration.csv,A_rolling_zscore,15065,15065,2014-07-08 23:09:00,2014-07-08 23:09:00,15065,2014-07-08 23:09:00,5.6293774872790765,100.0,1,0.0,False
realKnownCause/cpu_utilization_asg_misconfiguration.csv,A_rolling_zscore,15137,15137,2014-07-09 05:09:00,2014-07-09 05:09:00,15137,2014-07-09 05:09:00,5.643797867347795,100.0,1,0.0,False
realKnownCause/cpu_utilization_asg_misconfiguration.csv,A_rolling_zscore,15257,15257,2014-07-09 15:09:00,2014-07-09 15:09:00,15257,2014-07-09 15:09:00,5.497184611383671,100.0,1,0.0,False
realKnownCause/cpu_utilization_asg_misconfiguration.csv,A_rolling_zscore,15305,15305,2014-07-09 19:09:00,2014-07-09 19:09:00,15305,2014-07-09 19:09:00,5.978552059741922,100.0,1,0.0,False
realKnownCause/cpu_utilization_asg_misconfiguration.csv,A_rolling_zscore,15329,15329,2014-07-09 21:09:00,2014-07-09 21:09:00,15329,2014-07-09 21:09:00,5.935331081569246,100.0,1,0.0,False
realKnownCause/cpu_utilization_asg_misconfiguration.csv,A_rolling_zscore,15377,15377,2014-07-10 01:09:00,2014-07-10 01:09:00,15377,2014-07-10 01:09:00,5.904578057087526,100.0,1,0.0,False
realKnownCause/cpu_utilization_asg_misconfiguration.csv,A_rolling_zscore,15401,15401,2014-07-10 03:09:00,2014-07-10 03:09:00,15401,2014-07-10 03:09:00,5.870884682342075,100.0,1,0.0,False
realKnownCause/cpu_utilization_asg_misconfiguration.csv,A_rolling_zscore,15425,15425,2014-07-10 05:09:00,2014-07-10 05:09:00,15425,2014-07-10 05:09:00,5.863197319858137,100.0,1,0.0,False
realKnownCause/cpu_utilization_asg_misconfiguration.csv,A_rolling_zscore,15461,15461,2014-07-10 08:09:00,2014-07-10 08:09:00,15461,2014-07-10 08:09:00,5.930444874137967,100.0,1,0.0,False
realKnownCause/cpu_utilization_asg_misconfiguration.csv,A_rolling_zscore,15485,15485,2014-07-10 10:09:00,2014-07-10 10:09:00,15485,2014-07-10 10:09:00,5.957909615164441,100.0,1,0.0,False
realKnownCause/cpu_utilization_asg_misconfiguration.csv,A_rolling_zscore,15521,15521,2014-07-10 13:09:00,2014-07-10 13:09:00,15521,2014-07-10 13:09:00,5.9622985110539855,100.0,1,0.0,True
realKnownCause/cpu_utilization_asg_misconfiguration.csv,A_rolling_zscore,15545,15545,2014-07-10 15:09:00,2014-07-10 15:09:00,15545,2014-07-10 15:09:00,5.893976124185245,100.0,1,0.0,True
realKnownCause/cpu_utilization_asg_misconfiguration.csv,A_rolling_zscore,15605,15605,2014-07-10 20:09:00,2014-07-10 20:09:00,15605,2014-07-10 20:09:00,5.707745728891037,100.0,1,0.0,True
realKnownCause/cpu_utilization_asg_misconfiguration.csv,A_rolling_zscore,15629,15629,2014-07-10 22:09:00,2014-07-10 22:09:00,15629,2014-07-10 22:09:00,5.531655887411297,100.0,1,0.0,True
realKnownCause/cpu_utilization_asg_misconfiguration.csv,A_rolling_zscore,15701,15701,2014-07-11 04:09:00,2014-07-11 04:09:00,15701,2014-07-11 04:09:00,5.9826713142510375,100.0,1,0.0,True
realKnownCause/cpu_utilization_asg_misconfiguration.csv,A_rolling_zscore,15737,15737,2014-07-11 07:09:00,2014-07-11 07:09:00,15737,2014-07-11 07:09:00,5.555584508281912,100.0,1,0.0,True
realKnownCause/cpu_utilization_asg_misconfiguration.csv,A_rolling_zscore,15761,15761,2014-07-11 09:09:00,2014-07-11 09:09:00,15761,2014-07-11 09:09:00,16.960940463698535,100.0,1,0.0,True
realKnownCause/cpu_utilization_asg_misconfiguration.csv,A_rolling_zscore,15857,15857,2014-07-11 17:09:00,2014-07-11 17:09:00,15857,2014-07-11 17:09:00,4.669344201661761,100.0,1,0.0,True
realKnownCause/cpu_utilization_asg_misconfiguration.csv,A_rolling_zscore,15881,15881,2014-07-11 19:09:00,2014-07-11 19:09:00,15881,2014-07-11 19:09:00,4.797224668901447,100.0,1,0.0,True
realKnownCause/cpu_utilization_asg_misconfiguration.csv,A_rolling_zscore,15905,15905,2014-07-11 21:09:00,2014-07-11 21:09:00,15905,2014-07-11 21:09:00,5.113876522263006,100.0,1,0.0,True
realKnownCause/cpu_utilization_asg_misconfiguration.csv,A_rolling_zscore,15929,15929,2014-07-11 23:09:00,2014-07-11 23:09:00,15929,2014-07-11 23:09:00,4.717348350732728,100.0,1,0.0,True
realKnownCause/cpu_utilization_asg_misconfiguration.csv,A_rolling_zscore,16025,16025,2014-07-12 07:09:00,2014-07-12 07:09:00,16025,2014-07-12 07:09:00,3.995217417362245,99.0,1,0.0,True
realKnownCause/cpu_utilization_asg_misconfiguration.csv,A_rolling_zscore,16061,16061,2014-07-12 10:09:00,2014-07-12 10:09:00,16061,2014-07-12 10:09:00,5.543196141095052,100.0,1,0.0,True
realKnownCause/cpu_utilization_asg_misconfiguration.csv,A_rolling_zscore,16181,16181,2014-07-12 20:09:00,2014-07-12 20:09:00,16181,2014-07-12 20:09:00,3.8347272862669213,93.833,1,0.0,True
realKnownCause/cpu_utilization_asg_misconfiguration.csv,A_rolling_zscore,16397,16397,2014-07-13 14:09:00,2014-07-13 14:09:00,16397,2014-07-13 14:09:00,3.9017145024861604,88.667,1,0.0,True
realKnownCause/cpu_utilization_asg_misconfiguration.csv,A_rolling_zscore,16433,16433,2014-07-13 17:09:00,2014-07-13 17:09:00,16433,2014-07-13 17:09:00,4.432892932365011,91.6663,1,0.0,True
realKnownCause/cpu_utilization_asg_misconfiguration.csv,A_rolling_zscore,16634,16634,2014-07-14 09:54:00,2014-07-14 09:54:00,16634,2014-07-14 09:54:00,4.036880239285243,28.45300000000001,1,0.0,True
realKnownCause/cpu_utilization_asg_misconfiguration.csv,A_rolling_zscore,16697,16697,2014-07-14 15:09:00,2014-07-14 15:09:00,16697,2014-07-14 15:09:00,3.97054998891853,93.0088,1,0.0,True
realKnownCause/cpu_utilization_asg_misconfiguration.csv,A_rolling_zscore,16755,16755,2014-07-14 19:59:00,2014-07-14 19:59:00,16755,2014-07-14 19:59:00,5.671712591039583,22.276,1,0.0,True
realKnownCause/cpu_utilization_asg_misconfiguration.csv,A_rolling_zscore,16841,16841,2014-07-15 03:09:00,2014-07-15 03:09:00,16841,2014-07-15 03:09:00,5.5971249254016495,29.671,1,0.0,True
realKnownCause/cpu_utilization_asg_misconfiguration.csv,A_rolling_zscore,17009,17009,2014-07-15 17:09:00,2014-07-15 17:09:00,17009,2014-07-15 17:09:00,4.902271853271941,27.165,1,0.0,True
realKnownCause/cpu_utilization_asg_misconfiguration.csv,B_iforest_raw,593,593,2014-05-19 17:09:00,2014-05-19 17:09:00,593,2014-05-19 17:09:00,0.7840889720850053,100.0,1,0.0,False
realKnownCause/cpu_utilization_asg_misconfiguration.csv,B_iforest_raw,641,641,2014-05-19 21:09:00,2014-05-19 21:09:00,641,2014-05-19 21:09:00,0.7840889720850053,100.0,1,0.0,False
realKnownCause/cpu_utilization_asg_misconfiguration.csv,B_iforest_raw,653,653,2014-05-19 22:09:00,2014-05-19 22:09:00,653,2014-05-19 22:09:00,0.7840889720850053,100.0,1,0.0,False
realKnownCause/cpu_utilization_asg_misconfiguration.csv,B_iforest_raw,677,677,2014-05-20 00:09:00,2014-05-20 00:09:00,677,2014-05-20 00:09:00,0.7840889720850053,100.0,1,0.0,False
realKnownCause/cpu_utilization_asg_misconfiguration.csv,B_iforest_raw,689,689,2014-05-20 01:09:00,2014-05-20 01:09:00,689,2014-05-20 01:09:00,0.7840889720850053,100.0,1,0.0,False
realKnownCause/cpu_utilization_asg_misconfiguration.csv,B_iforest_raw,701,701,2014-05-20 02:09:00,2014-05-20 02:09:00,701,2014-05-20 02:09:00,0.7840889720850053,100.0,1,0.0,False
realKnownCause/cpu_utilization_asg_misconfiguration.csv,B_iforest_raw,713,713,2014-05-20 03:09:00,2014-05-20 03:09:00,713,2014-05-20 03:09:00,0.7840889720850053,100.0,1,0.0,False
realKnownCause/cpu_utilization_asg_misconfiguration.csv,B_iforest_raw,725,725,2014-05-20 04:09:00,2014-05-20 04:09:00,725,2014-05-20 04:09:00,0.7840889720850053,100.0,1,0.0,False
realKnownCause/cpu_utilization_asg_misconfiguration.csv,B_iforest_raw,737,737,2014-05-20 05:09:00,2014-05-20 05:09:00,737,2014-05-20 05:09:00,0.7840889720850053,100.0,1,0.0,False
realKnownCause/cpu_utilization_asg_misconfiguration.csv,B_iforest_raw,749,749,2014-05-20 06:09:00,2014-05-20 06:09:00,749,2014-05-20 06:09:00,0.7840889720850053,100.0,1,0.0,False
realKnownCause/cpu_utilization_asg_misconfiguration.csv,B_iforest_raw,761,761,2014-05-20 07:09:00,2014-05-20 07:09:00,761,2014-05-20 07:09:00,0.7840889720850053,100.0,1,0.0,False
realKnownCause/cpu_utilization_asg_misconfiguration.csv,B_iforest_raw,773,773,2014-05-20 08:09:00,2014-05-20 08:09:00,773,2014-05-20 08:09:00,0.7840889720850053,100.0,1,0.0,False
realKnownCause/cpu_utilization_asg_misconfiguration.csv,B_iforest_raw,785,785,2014-05-20 09:09:00,2014-05-20 09:09:00,785,2014-05-20 09:09:00,0.7840889720850053,100.0,1,0.0,False
realKnownCause/cpu_utilization_asg_misconfiguration.csv,B_iforest_raw,797,797,2014-05-20 10:09:00,2014-05-20 10:09:00,797,2014-05-20 10:09:00,0.7840889720850053,100.0,1,0.0,False
realKnownCause/cpu_utilization_asg_misconfiguration.csv,B_iforest_raw,809,809,2014-05-20 11:09:00,2014-05-20 11:09:00,809,2014-05-20 11:09:00,0.7840889720850053,100.0,1,0.0,False
realKnownCause/cpu_utilization_asg_misconfiguration.csv,B_iforest_raw,821,821,2014-05-20 12:09:00,2014-05-20 12:09:00,821,2014-05-20 12:09:00,0.7840889720850053,100.0,1,0.0,False
realKnownCause/cpu_utilization_asg_misconfiguration.csv,B_iforest_raw,833,833,2014-05-20 13:09:00,2014-05-20 13:09:00,833,2014-05-20 13:09:00,0.7840889720850053,100.0,1,0.0,False
realKnownCause/cpu_utilization_asg_misconfiguration.csv,B_iforest_raw,845,845,2014-05-20 14:09:00,2014-05-20 14:09:00,845,2014-05-20 14:09:00,0.7840889720850053,100.0,1,0.0,False
realKnownCause/cpu_utilization_asg_misconfiguration.csv,B_iforest_raw,857,857,2014-05-20 15:09:00,2014-05-20 15:09:00,857,2014-05-20 15:09:00,0.7840889720850053,100.0,1,0.0,False
realKnownCause/cpu_utilization_asg_misconfiguration.csv,B_iforest_raw,869,869,2014-05-20 16:09:00,2014-05-20 16:09:00,869,2014-05-20 16:09:00,0.7840889720850053,100.0,1,0.0,False
realKnownCause/cpu_utilization_asg_misconfiguration.csv,B_iforest_raw,881,881,2014-05-20 17:09:00,2014-05-20 17:09:00,881,2014-05-20 17:09:00,0.7840889720850053,100.0,1,0.0,False
realKnownCause/cpu_utilization_asg_misconfiguration.csv,B_iforest_raw,893,893,2014-05-20 18:09:00,2014-05-20 18:09:00,893,2014-05-20 18:09:00,0.7840889720850053,100.0,1,0.0,False
realKnownCause/cpu_utilization_asg_misconfiguration.csv,B_iforest_raw,905,905,2014-05-20 19:09:00,2014-05-20 19:09:00,905,2014-05-20 19:09:00,0.7840889720850053,100.0,1,0.0,False
realKnownCause/cpu_utilization_asg_misconfiguration.csv,B_iforest_raw,917,917,2014-05-20 20:09:00,2014-05-20 20:09:00,917,2014-05-20 20:09:00,0.7840889720850053,100.0,1,0.0,False
realKnownCause/cpu_utilization_asg_misconfiguration.csv,B_iforest_raw,929,929,2014-05-20 21:09:00,2014-05-20 21:09:00,929,2014-05-20 21:09:00,0.7840889720850053,100.0,1,0.0,False
realKnownCause/cpu_utilization_asg_misconfiguration.csv,B_iforest_raw,941,941,2014-05-20 22:09:00,2014-05-20 22:09:00,941,2014-05-20 22:09:00,0.7840889720850053,100.0,1,0.0,False
realKnownCause/cpu_utilization_asg_misconfiguration.csv,B_iforest_raw,953,953,2014-05-20 23:09:00,2014-05-20 23:09:00,953,2014-05-20 23:09:00,0.7840889720850053,100.0,1,0.0,False
realKnownCause/cpu_utilization_asg_misconfiguration.csv,B_iforest_raw,965,965,2014-05-21 00:09:00,2014-05-21 00:09:00,965,2014-05-21 00:09:00,0.7840889720850053,100.0,1,0.0,False
realKnownCause/cpu_utilization_asg_misconfiguration.csv,B_iforest_raw,977,977,2014-05-21 01:09:00,2014-05-21 01:09:00,977,2014-05-21 01:09:00,0.7840889720850053,100.0,1,0.0,False
realKnownCause/cpu_utilization_asg_misconfiguration.csv,B_iforest_raw,989,989,2014-05-21 02:09:00,2014-05-21 02:09:00,989,2014-05-21 02:09:00,0.7840889720850053,100.0,1,0.0,False
realKnownCause/cpu_utilization_asg_misconfiguration.csv,B_iforest_raw,1001,1001,2014-05-21 03:09:00,2014-05-21 03:09:00,1001,2014-05-21 03:09:00,0.7840889720850053,100.0,1,0.0,False
realKnownCause/cpu_utilization_asg_misconfiguration.csv,B_iforest_raw,1013,1013,2014-05-21 04:09:00,2014-05-21 04:09:00,1013,2014-05-21 04:09:00,0.7840889720850053,100.0,1,0.0,False
realKnownCause/cpu_utilization_asg_misconfiguration.csv,B_iforest_raw,1025,1025,2014-05-21 05:09:00,2014-05-21 05:09:00,1025,2014-05-21 05:09:00,0.7840889720850053,100.0,1,0.0,False
realKnownCause/cpu_utilization_asg_misconfiguration.csv,B_iforest_raw,1037,1037,2014-05-21 06:09:00,2014-05-21 06:09:00,1037,2014-05-21 06:09:00,0.7840889720850053,100.0,1,0.0,False
realKnownCause/cpu_utilization_asg_misconfiguration.csv,B_iforest_raw,1049,1049,2014-05-21 07:09:00,2014-05-21 07:09:00,1049,2014-05-21 07:09:00,0.7840889720850053,100.0,1,0.0,False
realKnownCause/cpu_utilization_asg_misconfiguration.csv,B_iforest_raw,1061,1061,2014-05-21 08:09:00,2014-05-21 08:09:00,1061,2014-05-21 08:09:00,0.7840889720850053,100.0,1,0.0,False
realKnownCause/cpu_utilization_asg_misconfiguration.csv,B_iforest_raw,1073,1073,2014-05-21 09:09:00,2014-05-21 09:09:00,1073,2014-05-21 09:09:00,0.7840889720850053,100.0,1,0.0,False
realKnownCause/cpu_utilization_asg_misconfiguration.csv,B_iforest_raw,1085,1085,2014-05-21 10:09:00,2014-05-21 10:09:00,1085,2014-05-21 10:09:00,0.7840889720850053,100.0,1,0.0,False
realKnownCause/cpu_utilization_asg_misconfiguration.csv,B_iforest_raw,1097,1097,2014-05-21 11:09:00,2014-05-21 11:09:00,1097,2014-05-21 11:09:00,0.7840889720850053,100.0,1,0.0,False
realKnownCause/cpu_utilization_asg_misconfiguration.csv,B_iforest_raw,1109,1109,2014-05-21 12:09:00,2014-05-21 12:09:00,1109,2014-05-21 12:09:00,0.7840889720850053,100.0,1,0.0,False
realKnownCause/cpu_utilization_asg_misconfiguration.csv,B_iforest_raw,1121,1121,2014-05-21 13:09:00,2014-05-21 13:09:00,1121,2014-05-21 13:09:00,0.7840889720850053,100.0,1,0.0,False
realKnownCause/cpu_utilization_asg_misconfiguration.csv,B_iforest_raw,1133,1133,2014-05-21 14:09:00,2014-05-21 14:09:00,1133,2014-05-21 14:09:00,0.7840889720850053,100.0,1,0.0,False
realKnownCause/cpu_utilization_asg_misconfiguration.csv,B_iforest_raw,1145,1145,2014-05-21 15:09:00,2014-05-21 15:09:00,1145,2014-05-21 15:09:00,0.7840889720850053,100.0,1,0.0,False
realKnownCause/cpu_utilization_asg_misconfiguration.csv,B_iforest_raw,1157,1157,2014-05-21 16:09:00,2014-05-21 16:09:00,1157,2014-05-21 16:09:00,0.7840889720850053,100.0,1,0.0,False
realKnownCause/cpu_utilization_asg_misconfiguration.csv,B_iforest_raw,1169,1169,2014-05-21 17:09:00,2014-05-21 17:09:00,1169,2014-05-21 17:09:00,0.7840889720850053,100.0,1,0.0,False
realKnownCause/cpu_utilization_asg_misconfiguration.csv,B_iforest_raw,1181,1181,2014-05-21 18:09:00,2014-05-21 18:09:00,1181,2014-05-21 18:09:00,0.7840889720850053,100.0,1,0.0,False
realKnownCause/cpu_utilization_asg_misconfiguration.csv,B_iforest_raw,1193,1193,2014-05-21 19:09:00,2014-05-21 19:09:00,1193,2014-05-21 19:09:00,0.7840889720850053,100.0,1,0.0,False
realKnownCause/cpu_utilization_asg_misconfiguration.csv,B_iforest_raw,1205,1205,2014-05-21 20:09:00,2014-05-21 20:09:00,1205,2014-05-21 20:09:00,0.7840889720850053,100.0,1,0.0,False
realKnownCause/cpu_utilization_asg_misconfiguration.csv,B_iforest_raw,1217,1217,2014-05-21 21:09:00,2014-05-21 21:09:00,1217,2014-05-21 21:09:00,0.7840889720850053,100.0,1,0.0,False
realKnownCause/cpu_utilization_asg_misconfiguration.csv,B_iforest_raw,1229,1229,2014-05-21 22:09:00,2014-05-21 22:09:00,1229,2014-05-21 22:09:00,0.7840889720850053,100.0,1,0.0,False
realKnownCause/cpu_utilization_asg_misconfiguration.csv,B_iforest_raw,1241,1241,2014-05-21 23:09:00,2014-05-21 23:09:00,1241,2014-05-21 23:09:00,0.7840889720850053,100.0,1,0.0,False
realKnownCause/cpu_utilization_asg_misconfiguration.csv,B_iforest_raw,1253,1253,2014-05-22 00:09:00,2014-05-22 00:09:00,1253,2014-05-22 00:09:00,0.7840889720850053,100.0,1,0.0,False
realKnownCause/cpu_utilization_asg_misconfiguration.csv,B_iforest_raw,1265,1265,2014-05-22 01:09:00,2014-05-22 01:09:00,1265,2014-05-22 01:09:00,0.7840889720850053,100.0,1,0.0,False
realKnownCause/cpu_utilization_asg_misconfiguration.csv,B_iforest_raw,1277,1277,2014-05-22 02:09:00,2014-05-22 02:09:00,1277,2014-05-22 02:09:00,0.7840889720850053,100.0,1,0.0,False
realKnownCause/cpu_utilization_asg_misconfiguration.csv,B_iforest_raw,1289,1289,2014-05-22 03:09:00,2014-05-22 03:09:00,1289,2014-05-22 03:09:00,0.7840889720850053,100.0,1,0.0,False
realKnownCause/cpu_utilization_asg_misconfiguration.csv,B_iforest_raw,1301,1301,2014-05-22 04:09:00,2014-05-22 04:09:00,1301,2014-05-22 04:09:00,0.7840889720850053,100.0,1,0.0,False
realKnownCause/cpu_utilization_asg_misconfiguration.csv,B_iforest_raw,1313,1313,2014-05-22 05:09:00,2014-05-22 05:09:00,1313,2014-05-22 05:09:00,0.7840889720850053,100.0,1,0.0,False
realKnownCause/cpu_utilization_asg_misconfiguration.csv,B_iforest_raw,1325,1325,2014-05-22 06:09:00,2014-05-22 06:09:00,1325,2014-05-22 06:09:00,0.7840889720850053,100.0,1,0.0,False
realKnownCause/cpu_utilization_asg_misconfiguration.csv,B_iforest_raw,1337,1337,2014-05-22 07:09:00,2014-05-22 07:09:00,1337,2014-05-22 07:09:00,0.7840889720850053,100.0,1,0.0,False
realKnownCause/cpu_utilization_asg_misconfiguration.csv,B_iforest_raw,1349,1349,2014-05-22 08:09:00,2014-05-22 08:09:00,1349,2014-05-22 08:09:00,0.7840889720850053,100.0,1,0.0,False
realKnownCause/cpu_utilization_asg_misconfiguration.csv,B_iforest_raw,1361,1361,2014-05-22 09:09:00,2014-05-22 09:09:00,1361,2014-05-22 09:09:00,0.7840889720850053,100.0,1,0.0,False
realKnownCause/cpu_utilization_asg_misconfiguration.csv,B_iforest_raw,1373,1373,2014-05-22 10:09:00,2014-05-22 10:09:00,1373,2014-05-22 10:09:00,0.7840889720850053,100.0,1,0.0,False
realKnownCause/cpu_utilization_asg_misconfiguration.csv,B_iforest_raw,1385,1385,2014-05-22 11:09:00,2014-05-22 11:09:00,1385,2014-05-22 11:09:00,0.7840889720850053,100.0,1,0.0,False
realKnownCause/cpu_utilization_asg_misconfiguration.csv,B_iforest_raw,1397,1397,2014-05-22 12:09:00,2014-05-22 12:09:00,1397,2014-05-22 12:09:00,0.7840889720850053,100.0,1,0.0,False
realKnownCause/cpu_utilization_asg_misconfiguration.csv,B_iforest_raw,1409,1409,2014-05-22 13:09:00,2014-05-22 13:09:00,1409,2014-05-22 13:09:00,0.7840889720850053,100.0,1,0.0,False
realKnownCause/cpu_utilization_asg_misconfiguration.csv,B_iforest_raw,1433,1433,2014-05-22 15:09:00,2014-05-22 15:09:00,1433,2014-05-22 15:09:00,0.7840889720850053,100.0,1,0.0,False
realKnownCause/cpu_utilization_asg_misconfiguration.csv,B_iforest_raw,1445,1445,2014-05-22 16:09:00,2014-05-22 16:09:00,1445,2014-05-22 16:09:00,0.7840889720850053,100.0,1,0.0,False
realKnownCause/cpu_utilization_asg_misconfiguration.csv,B_iforest_raw,1457,1457,2014-05-22 17:09:00,2014-05-22 17:09:00,1457,2014-05-22 17:09:00,0.7840889720850053,100.0,1,0.0,False
realKnownCause/cpu_utilization_asg_misconfiguration.csv,B_iforest_raw,1469,1469,2014-05-22 18:09:00,2014-05-22 18:09:00,1469,2014-05-22 18:09:00,0.7840889720850053,100.0,1,0.0,False
realKnownCause/cpu_utilization_asg_misconfiguration.csv,B_iforest_raw,1481,1481,2014-05-22 19:09:00,2014-05-22 19:09:00,1481,2014-05-22 19:09:00,0.7840889720850053,100.0,1,0.0,False
realKnownCause/cpu_utilization_asg_misconfiguration.csv,B_iforest_raw,1493,1493,2014-05-22 20:09:00,2014-05-22 20:09:00,1493,2014-05-22 20:09:00,0.7840889720850053,100.0,1,0.0,False
realKnownCause/cpu_utilization_asg_misconfiguration.csv,B_iforest_raw,1505,1505,2014-05-22 21:09:00,2014-05-22 21:09:00,1505,2014-05-22 21:09:00,0.7840889720850053,100.0,1,0.0,False
realKnownCause/cpu_utilization_asg_misconfiguration.csv,B_iforest_raw,1517,1517,2014-05-22 22:09:00,2014-05-22 22:09:00,1517,2014-05-22 22:09:00,0.7840889720850053,100.0,1,0.0,False
realKnownCause/cpu_utilization_asg_misconfiguration.csv,B_iforest_raw,1529,1529,2014-05-22 23:09:00,2014-05-22 23:09:00,1529,2014-05-22 23:09:00,0.7840889720850053,100.0,1,0.0,False
realKnownCause/cpu_utilization_asg_misconfiguration.csv,B_iforest_raw,1541,1541,2014-05-23 00:09:00,2014-05-23 00:09:00,1541,2014-05-23 00:09:00,0.7840889720850053,100.0,1,0.0,False
realKnownCause/cpu_utilization_asg_misconfiguration.csv,B_iforest_raw,1553,1553,2014-05-23 01:09:00,2014-05-23 01:09:00,1553,2014-05-23 01:09:00,0.7840889720850053,100.0,1,0.0,False
realKnownCause/cpu_utilization_asg_misconfiguration.csv,B_iforest_raw,1565,1565,2014-05-23 02:09:00,2014-05-23 02:09:00,1565,2014-05-23 02:09:00,0.7840889720850053,100.0,1,0.0,False
realKnownCause/cpu_utilization_asg_misconfiguration.csv,B_iforest_raw,1577,1577,2014-05-23 03:09:00,2014-05-23 03:09:00,1577,2014-05-23 03:09:00,0.7840889720850053,100.0,1,0.0,False
realKnownCause/cpu_utilization_asg_misconfiguration.csv,B_iforest_raw,1589,1589,2014-05-23 04:09:00,2014-05-23 04:09:00,1589,2014-05-23 04:09:00,0.7840889720850053,100.0,1,0.0,False
realKnownCause/cpu_utilization_asg_misconfiguration.csv,B_iforest_raw,1601,1601,2014-05-23 05:09:00,2014-05-23 05:09:00,1601,2014-05-23 05:09:00,0.7840889720850053,100.0,1,0.0,False
realKnownCause/cpu_utilization_asg_misconfiguration.csv,B_iforest_raw,1613,1613,2014-05-23 06:09:00,2014-05-23 06:09:00,1613,2014-05-23 06:09:00,0.7840889720850053,100.0,1,0.0,False
realKnownCause/cpu_utilization_asg_misconfiguration.csv,B_iforest_raw,1625,1625,2014-05-23 07:09:00,2014-05-23 07:09:00,1625,2014-05-23 07:09:00,0.7840889720850053,100.0,1,0.0,False
realKnownCause/cpu_utilization_asg_misconfiguration.csv,B_iforest_raw,1637,1637,2014-05-23 08:09:00,2014-05-23 08:09:00,1637,2014-05-23 08:09:00,0.7840889720850053,100.0,1,0.0,False
realKnownCause/cpu_utilization_asg_misconfiguration.csv,B_iforest_raw,1649,1649,2014-05-23 09:09:00,2014-05-23 09:09:00,1649,2014-05-23 09:09:00,0.7840889720850053,100.0,1,0.0,False
realKnownCause/cpu_utilization_asg_misconfiguration.csv,B_iforest_raw,1661,1661,2014-05-23 10:09:00,2014-05-23 10:09:00,1661,2014-05-23 10:09:00,0.7840889720850053,100.0,1,0.0,False
realKnownCause/cpu_utilization_asg_misconfiguration.csv,B_iforest_raw,1673,1673,2014-05-23 11:09:00,2014-05-23 11:09:00,1673,2014-05-23 11:09:00,0.7840889720850053,100.0,1,0.0,False
realKnownCause/cpu_utilization_asg_misconfiguration.csv,B_iforest_raw,1685,1685,2014-05-23 12:09:00,2014-05-23 12:09:00,1685,2014-05-23 12:09:00,0.7840889720850053,100.0,1,0.0,False
realKnownCause/cpu_utilization_asg_misconfiguration.csv,B_iforest_raw,1697,1697,2014-05-23 13:09:00,2014-05-23 13:09:00,1697,2014-05-23 13:09:00,0.7840889720850053,100.0,1,0.0,False
realKnownCause/cpu_utilization_asg_misconfiguration.csv,B_iforest_raw,1709,1709,2014-05-23 14:09:00,2014-05-23 14:09:00,1709,2014-05-23 14:09:00,0.7840889720850053,100.0,1,0.0,False
realKnownCause/cpu_utilization_asg_misconfiguration.csv,B_iforest_raw,1721,1721,2014-05-23 15:09:00,2014-05-23 15:09:00,1721,2014-05-23 15:09:00,0.7840889720850053,100.0,1,0.0,False
realKnownCause/cpu_utilization_asg_misconfiguration.csv,B_iforest_raw,1733,1733,2014-05-23 16:09:00,2014-05-23 16:09:00,1733,2014-05-23 16:09:00,0.7840889720850053,100.0,1,0.0,False
realKnownCause/cpu_utilization_asg_misconfiguration.csv,B_iforest_raw,1745,1745,2014-05-23 17:09:00,2014-05-23 17:09:00,1745,2014-05-23 17:09:00,0.7840889720850053,100.0,1,0.0,False
realKnownCause/cpu_utilization_asg_misconfiguration.csv,B_iforest_raw,1757,1757,2014-05-23 18:09:00,2014-05-23 18:09:00,1757,2014-05-23 18:09:00,0.7840889720850053,100.0,1,0.0,False
realKnownCause/cpu_utilization_asg_misconfiguration.csv,B_iforest_raw,1769,1769,2014-05-23 19:09:00,2014-05-23 19:09:00,1769,2014-05-23 19:09:00,0.7840889720850053,100.0,1,0.0,False
realKnownCause/cpu_utilization_asg_misconfiguration.csv,B_iforest_raw,1781,1781,2014-05-23 20:09:00,2014-05-23 20:09:00,1781,2014-05-23 20:09:00,0.7840889720850053,100.0,1,0.0,False
realKnownCause/cpu_utilization_asg_misconfiguration.csv,B_iforest_raw,1792,1793,2014-05-23 21:04:00,2014-05-23 21:09:00,1792,2014-05-23 21:04:00,0.7840889720850053,100.0,2,5.0,False
realKnownCause/cpu_utilization_asg_misconfiguration.csv,B_iforest_raw,3556,3557,2014-05-30 00:04:00,2014-05-30 00:09:00,3556,2014-05-30 00:04:00,0.7840889720850053,100.0,2,5.0,False
realKnownCause/cpu_utilization_asg_misconfiguration.csv,B_iforest_raw,3593,3593,2014-05-30 03:09:00,2014-05-30 03:09:00,3593,2014-05-30 03:09:00,0.7840889720850053,100.0,1,0.0,False
realKnownCause/cpu_utilization_asg_misconfiguration.csv,B_iforest_raw,4912,4913,2014-06-03 17:04:00,2014-06-03 17:09:00,4912,2014-06-03 17:04:00,0.7840889720850053,100.0,2,5.0,False
realKnownCause/cpu_utilization_asg_misconfiguration.csv,B_iforest_raw,5764,5764,2014-06-06 16:04:00,2014-06-06 16:04:00,5764,2014-06-06 16:04:00,0.7840889720850053,100.0,1,0.0,False
realKnownCause/cpu_utilization_asg_misconfiguration.csv,B_iforest_raw,6605,6605,2014-06-09 14:09:00,2014-06-09 14:09:00,6605,2014-06-09 14:09:00,0.7840889720850053,100.0,1,0.0,False
realKnownCause/cpu_utilization_asg_misconfiguration.csv,B_iforest_raw,6629,6629,2014-06-09 16:09:00,2014-06-09 16:09:00,6629,2014-06-09 16:09:00,0.7840889720850053,100.0,1,0.0,False
realKnownCause/cpu_utilization_asg_misconfiguration.csv,B_iforest_raw,6641,6641,2014-06-09 17:09:00,2014-06-09 17:09:00,6641,2014-06-09 17:09:00,0.7840889720850053,100.0,1,0.0,False
realKnownCause/cpu_utilization_asg_misconfiguration.csv,B_iforest_raw,6653,6653,2014-06-09 18:09:00,2014-06-09 18:09:00,6653,2014-06-09 18:09:00,0.7840889720850053,100.0,1,0.0,False
realKnownCause/cpu_utilization_asg_misconfiguration.csv,B_iforest_raw,6665,6665,2014-06-09 19:09:00,2014-06-09 19:09:00,6665,2014-06-09 19:09:00,0.7840889720850053,100.0,1,0.0,False
realKnownCause/cpu_utilization_asg_misconfiguration.csv,B_iforest_raw,6677,6677,2014-06-09 20:09:00,2014-06-09 20:09:00,6677,2014-06-09 20:09:00,0.7840889720850053,100.0,1,0.0,False
realKnownCause/cpu_utilization_asg_misconfiguration.csv,B_iforest_raw,6689,6689,2014-06-09 21:09:00,2014-06-09 21:09:00,6689,2014-06-09 21:09:00,0.7840889720850053,100.0,1,0.0,False
realKnownCause/cpu_utilization_asg_misconfiguration.csv,B_iforest_raw,6701,6701,2014-06-09 22:09:00,2014-06-09 22:09:00,6701,2014-06-09 22:09:00,0.7840889720850053,100.0,1,0.0,False
realKnownCause/cpu_utilization_asg_misconfiguration.csv,B_iforest_raw,6713,6713,2014-06-09 23:09:00,2014-06-09 23:09:00,6713,2014-06-09 23:09:00,0.7840889720850053,100.0,1,0.0,False
realKnownCause/cpu_utilization_asg_misconfiguration.csv,B_iforest_raw,6725,6725,2014-06-10 00:09:00,2014-06-10 00:09:00,6725,2014-06-10 00:09:00,0.7840889720850053,100.0,1,0.0,False
realKnownCause/cpu_utilization_asg_misconfiguration.csv,B_iforest_raw,6737,6737,2014-06-10 01:09:00,2014-06-10 01:09:00,6737,2014-06-10 01:09:00,0.7840889720850053,100.0,1,0.0,False
realKnownCause/cpu_utilization_asg_misconfiguration.csv,B_iforest_raw,6749,6749,2014-06-10 02:09:00,2014-06-10 02:09:00,6749,2014-06-10 02:09:00,0.7840889720850053,100.0,1,0.0,False
realKnownCause/cpu_utilization_asg_misconfiguration.csv,B_iforest_raw,6761,6761,2014-06-10 03:09:00,2014-06-10 03:09:00,6761,2014-06-10 03:09:00,0.7840889720850053,100.0,1,0.0,False
realKnownCause/cpu_utilization_asg_misconfiguration.csv,B_iforest_raw,6773,6773,2014-06-10 04:09:00,2014-06-10 04:09:00,6773,2014-06-10 04:09:00,0.7840889720850053,100.0,1,0.0,False
realKnownCause/cpu_utilization_asg_misconfiguration.csv,B_iforest_raw,6785,6785,2014-06-10 05:09:00,2014-06-10 05:09:00,6785,2014-06-10 05:09:00,0.7840889720850053,100.0,1,0.0,False
realKnownCause/cpu_utilization_asg_misconfiguration.csv,B_iforest_raw,6797,6797,2014-06-10 06:09:00,2014-06-10 06:09:00,6797,2014-06-10 06:09:00,0.7840889720850053,100.0,1,0.0,False
realKnownCause/cpu_utilization_asg_misconfiguration.csv,B_iforest_raw,6809,6809,2014-06-10 07:09:00,2014-06-10 07:09:00,6809,2014-06-10 07:09:00,0.7840889720850053,100.0,1,0.0,False
realKnownCause/cpu_utilization_asg_misconfiguration.csv,B_iforest_raw,6821,6821,2014-06-10 08:09:00,2014-06-10 08:09:00,6821,2014-06-10 08:09:00,0.7840889720850053,100.0,1,0.0,False
realKnownCause/cpu_utilization_asg_misconfiguration.csv,B_iforest_raw,6833,6833,2014-06-10 09:09:00,2014-06-10 09:09:00,6833,2014-06-10 09:09:00,0.7840889720850053,100.0,1,0.0,False
realKnownCause/cpu_utilization_asg_misconfiguration.csv,B_iforest_raw,6845,6845,2014-06-10 10:09:00,2014-06-10 10:09:00,6845,2014-06-10 10:09:00,0.7840889720850053,100.0,1,0.0,False
realKnownCause/cpu_utilization_asg_misconfiguration.csv,B_iforest_raw,6857,6857,2014-06-10 11:09:00,2014-06-10 11:09:00,6857,2014-06-10 11:09:00,0.7840889720850053,100.0,1,0.0,False
realKnownCause/cpu_utilization_asg_misconfiguration.csv,B_iforest_raw,6869,6869,2014-06-10 12:09:00,2014-06-10 12:09:00,6869,2014-06-10 12:09:00,0.7840889720850053,100.0,1,0.0,False
realKnownCause/cpu_utilization_asg_misconfiguration.csv,B_iforest_raw,6881,6881,2014-06-10 13:09:00,2014-06-10 13:09:00,6881,2014-06-10 13:09:00,0.7840889720850053,100.0,1,0.0,False
realKnownCause/cpu_utilization_asg_misconfiguration.csv,B_iforest_raw,6893,6893,2014-06-10 14:09:00,2014-06-10 14:09:00,6893,2014-06-10 14:09:00,0.7840889720850053,100.0,1,0.0,False
realKnownCause/cpu_utilization_asg_misconfiguration.csv,B_iforest_raw,6905,6905,2014-06-10 15:09:00,2014-06-10 15:09:00,6905,2014-06-10 15:09:00,0.7840889720850053,100.0,1,0.0,False
realKnownCause/cpu_utilization_asg_misconfiguration.csv,B_iforest_raw,6917,6917,2014-06-10 16:09:00,2014-06-10 16:09:00,6917,2014-06-10 16:09:00,0.7840889720850053,100.0,1,0.0,False
realKnownCause/cpu_utilization_asg_misconfiguration.csv,B_iforest_raw,6929,6929,2014-06-10 17:09:00,2014-06-10 17:09:00,6929,2014-06-10 17:09:00,0.7840889720850053,100.0,1,0.0,False
realKnownCause/cpu_utilization_asg_misconfiguration.csv,B_iforest_raw,6941,6941,2014-06-10 18:09:00,2014-06-10 18:09:00,6941,2014-06-10 18:09:00,0.7840889720850053,100.0,1,0.0,False
realKnownCause/cpu_utilization_asg_misconfiguration.csv,B_iforest_raw,6953,6953,2014-06-10 19:09:00,2014-06-10 19:09:00,6953,2014-06-10 19:09:00,0.7840889720850053,100.0,1,0.0,False
realKnownCause/cpu_utilization_asg_misconfiguration.csv,B_iforest_raw,6965,6965,2014-06-10 20:09:00,2014-06-10 20:09:00,6965,2014-06-10 20:09:00,0.7840889720850053,100.0,1,0.0,False
realKnownCause/cpu_utilization_asg_misconfiguration.csv,B_iforest_raw,6970,6974,2014-06-10 20:34:00,2014-06-10 20:54:00,6970,2014-06-10 20:34:00,0.7840889720850053,100.0,3,20.0,False
realKnownCause/cpu_utilization_asg_misconfiguration.csv,B_iforest_raw,6989,6989,2014-06-10 22:09:00,2014-06-10 22:09:00,6989,2014-06-10 22:09:00,0.7840889720850053,100.0,1,0.0,False
realKnownCause/cpu_utilization_asg_misconfiguration.csv,B_iforest_raw,7001,7001,2014-06-10 23:09:00,2014-06-10 23:09:00,7001,2014-06-10 23:09:00,0.7840889720850053,100.0,1,0.0,False
realKnownCause/cpu_utilization_asg_misconfiguration.csv,B_iforest_raw,7013,7013,2014-06-11 00:09:00,2014-06-11 00:09:00,7013,2014-06-11 00:09:00,0.7840889720850053,100.0,1,0.0,False
realKnownCause/cpu_utilization_asg_misconfiguration.csv,B_iforest_raw,7025,7025,2014-06-11 01:09:00,2014-06-11 01:09:00,7025,2014-06-11 01:09:00,0.7840889720850053,100.0,1,0.0,False
realKnownCause/cpu_utilization_asg_misconfiguration.csv,B_iforest_raw,7037,7037,2014-06-11 02:09:00,2014-06-11 02:09:00,7037,2014-06-11 02:09:00,0.7840889720850053,100.0,1,0.0,False
realKnownCause/cpu_utilization_asg_misconfiguration.csv,B_iforest_raw,7049,7049,2014-06-11 03:09:00,2014-06-11 03:09:00,7049,2014-06-11 03:09:00,0.7840889720850053,100.0,1,0.0,False
realKnownCause/cpu_utilization_asg_misconfiguration.csv,B_iforest_raw,7061,7061,2014-06-11 04:09:00,2014-06-11 04:09:00,7061,2014-06-11 04:09:00,0.7840889720850053,100.0,1,0.0,False
realKnownCause/cpu_utilization_asg_misconfiguration.csv,B_iforest_raw,7073,7073,2014-06-11 05:09:00,2014-06-11 05:09:00,7073,2014-06-11 05:09:00,0.7840889720850053,100.0,1,0.0,False
realKnownCause/cpu_utilization_asg_misconfiguration.csv,B_iforest_raw,7085,7085,2014-06-11 06:09:00,2014-06-11 06:09:00,7085,2014-06-11 06:09:00,0.7840889720850053,100.0,1,0.0,False
realKnownCause/cpu_utilization_asg_misconfiguration.csv,B_iforest_raw,7097,7097,2014-06-11 07:09:00,2014-06-11 07:09:00,7097,2014-06-11 07:09:00,0.7840889720850053,100.0,1,0.0,False
realKnownCause/cpu_utilization_asg_misconfiguration.csv,B_iforest_raw,7109,7109,2014-06-11 08:09:00,2014-06-11 08:09:00,7109,2014-06-11 08:09:00,0.7840889720850053,100.0,1,0.0,False
realKnownCause/cpu_utilization_asg_misconfiguration.csv,B_iforest_raw,7121,7121,2014-06-11 09:09:00,2014-06-11 09:09:00,7121,2014-06-11 09:09:00,0.7840889720850053,100.0,1,0.0,False
realKnownCause/cpu_utilization_asg_misconfiguration.csv,B_iforest_raw,7133,7133,2014-06-11 10:09:00,2014-06-11 10:09:00,7133,2014-06-11 10:09:00,0.7840889720850053,100.0,1,0.0,False
realKnownCause/cpu_utilization_asg_misconfiguration.csv,B_iforest_raw,7145,7145,2014-06-11 11:09:00,2014-06-11 11:09:00,7145,2014-06-11 11:09:00,0.7840889720850053,100.0,1,0.0,False
realKnownCause/cpu_utilization_asg_misconfiguration.csv,B_iforest_raw,7157,7157,2014-06-11 12:09:00,2014-06-11 12:09:00,7157,2014-06-11 12:09:00,0.7840889720850053,100.0,1,0.0,False
realKnownCause/cpu_utilization_asg_misconfiguration.csv,B_iforest_raw,7169,7169,2014-06-11 13:09:00,2014-06-11 13:09:00,7169,2014-06-11 13:09:00,0.7840889720850053,100.0,1,0.0,False
realKnownCause/cpu_utilization_asg_misconfiguration.csv,B_iforest_raw,7181,7181,2014-06-11 14:09:00,2014-06-11 14:09:00,7181,2014-06-11 14:09:00,0.7840889720850053,100.0,1,0.0,False
realKnownCause/cpu_utilization_asg_misconfiguration.csv,B_iforest_raw,9100,9100,2014-06-18 06:04:00,2014-06-18 06:04:00,9100,2014-06-18 06:04:00,0.7840889720850053,100.0,1,0.0,False
realKnownCause/cpu_utilization_asg_misconfiguration.csv,B_iforest_raw,9838,9838,2014-06-20 19:34:00,2014-06-20 19:34:00,9838,2014-06-20 19:34:00,0.7840889720850053,100.0,1,0.0,False
realKnownCause/cpu_utilization_asg_misconfiguration.csv,B_iforest_raw,9845,9845,2014-06-20 20:09:00,2014-06-20 20:09:00,9845,2014-06-20 20:09:00,0.7840889720850053,100.0,1,0.0,False
realKnownCause/cpu_utilization_asg_misconfiguration.csv,B_iforest_raw,9905,9905,2014-06-21 01:09:00,2014-06-21 01:09:00,9905,2014-06-21 01:09:00,0.7840889720850053,100.0,1,0.0,False
realKnownCause/cpu_utilization_asg_misconfiguration.csv,B_iforest_raw,9929,9929,2014-06-21 03:09:00,2014-06-21 03:09:00,9929,2014-06-21 03:09:00,0.7840889720850053,100.0,1,0.0,False
realKnownCause/cpu_utilization_asg_misconfiguration.csv,B_iforest_raw,9953,9953,2014-06-21 05:09:00,2014-06-21 05:09:00,9953,2014-06-21 05:09:00,0.7840889720850053,100.0,1,0.0,False
realKnownCause/cpu_utilization_asg_misconfiguration.csv,B_iforest_raw,9965,9965,2014-06-21 06:09:00,2014-06-21 06:09:00,9965,2014-06-21 06:09:00,0.7840889720850053,100.0,1,0.0,False
realKnownCause/cpu_utilization_asg_misconfiguration.csv,B_iforest_raw,9977,9977,2014-06-21 07:09:00,2014-06-21 07:09:00,9977,2014-06-21 07:09:00,0.7840889720850053,100.0,1,0.0,False
realKnownCause/cpu_utilization_asg_misconfiguration.csv,B_iforest_raw,9989,9989,2014-06-21 08:09:00,2014-06-21 08:09:00,9989,2014-06-21 08:09:00,0.7840889720850053,100.0,1,0.0,False
realKnownCause/cpu_utilization_asg_misconfiguration.csv,B_iforest_raw,10013,10013,2014-06-21 10:09:00,2014-06-21 10:09:00,10013,2014-06-21 10:09:00,0.7840889720850053,100.0,1,0.0,False
realKnownCause/cpu_utilization_asg_misconfiguration.csv,B_iforest_raw,10049,10049,2014-06-21 13:09:00,2014-06-21 13:09:00,10049,2014-06-21 13:09:00,0.7840889720850053,100.0,1,0.0,False
realKnownCause/cpu_utilization_asg_misconfiguration.csv,B_iforest_raw,10061,10061,2014-06-21 14:09:00,2014-06-21 14:09:00,10061,2014-06-21 14:09:00,0.7840889720850053,100.0,1,0.0,False
realKnownCause/cpu_utilization_asg_misconfiguration.csv,B_iforest_raw,10073,10073,2014-06-21 15:09:00,2014-06-21 15:09:00,10073,2014-06-21 15:09:00,0.7840889720850053,100.0,1,0.0,False
realKnownCause/cpu_utilization_asg_misconfiguration.csv,B_iforest_raw,10085,10085,2014-06-21 16:09:00,2014-06-21 16:09:00,10085,2014-06-21 16:09:00,0.7840889720850053,100.0,1,0.0,False
realKnownCause/cpu_utilization_asg_misconfiguration.csv,B_iforest_raw,10097,10097,2014-06-21 17:09:00,2014-06-21 17:09:00,10097,2014-06-21 17:09:00,0.7840889720850053,100.0,1,0.0,False
realKnownCause/cpu_utilization_asg_misconfiguration.csv,B_iforest_raw,10109,10109,2014-06-21 18:09:00,2014-06-21 18:09:00,10109,2014-06-21 18:09:00,0.7840889720850053,100.0,1,0.0,False
realKnownCause/cpu_utilization_asg_misconfiguration.csv,B_iforest_raw,10121,10121,2014-06-21 19:09:00,2014-06-21 19:09:00,10121,2014-06-21 19:09:00,0.7840889720850053,100.0,1,0.0,False
realKnownCause/cpu_utilization_asg_misconfiguration.csv,C_iforest_contextual,593,593,2014-05-19 17:09:00,2014-05-19 17:09:00,593,2014-05-19 17:09:00,0.7392612120715595,100.0,1,0.0,False
realKnownCause/cpu_utilization_asg_misconfiguration.csv,C_iforest_contextual,677,677,2014-05-20 00:09:00,2014-05-20 00:09:00,677,2014-05-20 00:09:00,0.7436918361915297,100.0,1,0.0,False
realKnownCause/cpu_utilization_asg_misconfiguration.csv,C_iforest_contextual,689,689,2014-05-20 01:09:00,2014-05-20 01:09:00,689,2014-05-20 01:09:00,0.7385826054517285,100.0,1,0.0,False
realKnownCause/cpu_utilization_asg_misconfiguration.csv,C_iforest_contextual,737,737,2014-05-20 05:09:00,2014-05-20 05:09:00,737,2014-05-20 05:09:00,0.7388325051607254,100.0,1,0.0,False
realKnownCause/cpu_utilization_asg_misconfiguration.csv,C_iforest_contextual,749,749,2014-05-20 06:09:00,2014-05-20 06:09:00,749,2014-05-20 06:09:00,0.7393325582683165,100.0,1,0.0,False
realKnownCause/cpu_utilization_asg_misconfiguration.csv,C_iforest_contextual,761,761,2014-05-20 07:09:00,2014-05-20 07:09:00,761,2014-05-20 07:09:00,0.7387868311334486,100.0,1,0.0,False
realKnownCause/cpu_utilization_asg_misconfiguration.csv,C_iforest_contextual,821,821,2014-05-20 12:09:00,2014-05-20 12:09:00,821,2014-05-20 12:09:00,0.738670477606024,100.0,1,0.0,False
realKnownCause/cpu_utilization_asg_misconfiguration.csv,C_iforest_contextual,833,833,2014-05-20 13:09:00,2014-05-20 13:09:00,833,2014-05-20 13:09:00,0.7395691475299747,100.0,1,0.0,False
realKnownCause/cpu_utilization_asg_misconfiguration.csv,C_iforest_contextual,857,857,2014-05-20 15:09:00,2014-05-20 15:09:00,857,2014-05-20 15:09:00,0.7397674775612962,100.0,1,0.0,False
realKnownCause/cpu_utilization_asg_misconfiguration.csv,C_iforest_contextual,869,869,2014-05-20 16:09:00,2014-05-20 16:09:00,869,2014-05-20 16:09:00,0.7397674775612962,100.0,1,0.0,False
realKnownCause/cpu_utilization_asg_misconfiguration.csv,C_iforest_contextual,881,881,2014-05-20 17:09:00,2014-05-20 17:09:00,881,2014-05-20 17:09:00,0.7405127052505023,100.0,1,0.0,False
realKnownCause/cpu_utilization_asg_misconfiguration.csv,C_iforest_contextual,893,893,2014-05-20 18:09:00,2014-05-20 18:09:00,893,2014-05-20 18:09:00,0.7415154250490098,100.0,1,0.0,False
realKnownCause/cpu_utilization_asg_misconfiguration.csv,C_iforest_contextual,905,905,2014-05-20 19:09:00,2014-05-20 19:09:00,905,2014-05-20 19:09:00,0.7435102052765675,100.0,1,0.0,False
realKnownCause/cpu_utilization_asg_misconfiguration.csv,C_iforest_contextual,917,917,2014-05-20 20:09:00,2014-05-20 20:09:00,917,2014-05-20 20:09:00,0.7388629326135217,100.0,1,0.0,False
realKnownCause/cpu_utilization_asg_misconfiguration.csv,C_iforest_contextual,929,929,2014-05-20 21:09:00,2014-05-20 21:09:00,929,2014-05-20 21:09:00,0.7384668106707237,100.0,1,0.0,False
realKnownCause/cpu_utilization_asg_misconfiguration.csv,C_iforest_contextual,941,941,2014-05-20 22:09:00,2014-05-20 22:09:00,941,2014-05-20 22:09:00,0.7395038703236674,100.0,1,0.0,False
realKnownCause/cpu_utilization_asg_misconfiguration.csv,C_iforest_contextual,953,953,2014-05-20 23:09:00,2014-05-20 23:09:00,953,2014-05-20 23:09:00,0.7397540817429886,100.0,1,0.0,False
realKnownCause/cpu_utilization_asg_misconfiguration.csv,C_iforest_contextual,965,965,2014-05-21 00:09:00,2014-05-21 00:09:00,965,2014-05-21 00:09:00,0.7396259949283658,100.0,1,0.0,False
realKnownCause/cpu_utilization_asg_misconfiguration.csv,C_iforest_contextual,1037,1037,2014-05-21 06:09:00,2014-05-21 06:09:00,1037,2014-05-21 06:09:00,0.7393325582683165,100.0,1,0.0,False
realKnownCause/cpu_utilization_asg_misconfiguration.csv,C_iforest_contextual,1145,1145,2014-05-21 15:09:00,2014-05-21 15:09:00,1145,2014-05-21 15:09:00,0.7385172438440254,100.0,1,0.0,False
realKnownCause/cpu_utilization_asg_misconfiguration.csv,C_iforest_contextual,1157,1157,2014-05-21 16:09:00,2014-05-21 16:09:00,1157,2014-05-21 16:09:00,0.7387671214378971,100.0,1,0.0,False
realKnownCause/cpu_utilization_asg_misconfiguration.csv,C_iforest_contextual,1169,1169,2014-05-21 17:09:00,2014-05-21 17:09:00,1169,2014-05-21 17:09:00,0.7392612120715595,100.0,1,0.0,False
realKnownCause/cpu_utilization_asg_misconfiguration.csv,C_iforest_contextual,1181,1181,2014-05-21 18:09:00,2014-05-21 18:09:00,1181,2014-05-21 18:09:00,0.7402622372374438,100.0,1,0.0,False
realKnownCause/cpu_utilization_asg_misconfiguration.csv,C_iforest_contextual,1193,1193,2014-05-21 19:09:00,2014-05-21 19:09:00,1193,2014-05-21 19:09:00,0.7420025893526071,100.0,1,0.0,False
realKnownCause/cpu_utilization_asg_misconfiguration.csv,C_iforest_contextual,1253,1253,2014-05-22 00:09:00,2014-05-22 00:09:00,1253,2014-05-22 00:09:00,0.7401268665653601,100.0,1,0.0,False
realKnownCause/cpu_utilization_asg_misconfiguration.csv,C_iforest_contextual,1301,1301,2014-05-22 04:09:00,2014-05-22 04:09:00,1301,2014-05-22 04:09:00,0.7389364655787626,100.0,1,0.0,False
realKnownCause/cpu_utilization_asg_misconfiguration.csv,C_iforest_contextual,1313,1313,2014-05-22 05:09:00,2014-05-22 05:09:00,1313,2014-05-22 05:09:00,0.7434497817515654,100.0,1,0.0,False
realKnownCause/cpu_utilization_asg_misconfiguration.csv,C_iforest_contextual,1325,1325,2014-05-22 06:09:00,2014-05-22 06:09:00,1325,2014-05-22 06:09:00,0.7444564786118255,100.0,1,0.0,False
realKnownCause/cpu_utilization_asg_misconfiguration.csv,C_iforest_contextual,1337,1337,2014-05-22 07:09:00,2014-05-22 07:09:00,1337,2014-05-22 07:09:00,0.7446623284798473,100.0,1,0.0,False
realKnownCause/cpu_utilization_asg_misconfiguration.csv,C_iforest_contextual,1349,1349,2014-05-22 08:09:00,2014-05-22 08:09:00,1349,2014-05-22 08:09:00,0.7396709841751606,100.0,1,0.0,False
realKnownCause/cpu_utilization_asg_misconfiguration.csv,C_iforest_contextual,1361,1361,2014-05-22 09:09:00,2014-05-22 09:09:00,1361,2014-05-22 09:09:00,0.7387225850623695,100.0,1,0.0,False
realKnownCause/cpu_utilization_asg_misconfiguration.csv,C_iforest_contextual,1373,1373,2014-05-22 10:09:00,2014-05-22 10:09:00,1373,2014-05-22 10:09:00,0.7398047199470746,100.0,1,0.0,False
realKnownCause/cpu_utilization_asg_misconfiguration.csv,C_iforest_contextual,1385,1385,2014-05-22 11:09:00,2014-05-22 11:09:00,1385,2014-05-22 11:09:00,0.741558691998732,100.0,1,0.0,False
realKnownCause/cpu_utilization_asg_misconfiguration.csv,C_iforest_contextual,1397,1397,2014-05-22 12:09:00,2014-05-22 12:09:00,1397,2014-05-22 12:09:00,0.7418095986677583,100.0,1,0.0,False
realKnownCause/cpu_utilization_asg_misconfiguration.csv,C_iforest_contextual,1409,1409,2014-05-22 13:09:00,2014-05-22 13:09:00,1409,2014-05-22 13:09:00,0.7425628281559515,100.0,1,0.0,False
realKnownCause/cpu_utilization_asg_misconfiguration.csv,C_iforest_contextual,1433,1433,2014-05-22 15:09:00,2014-05-22 15:09:00,1433,2014-05-22 15:09:00,0.7420177175040603,100.0,1,0.0,False
realKnownCause/cpu_utilization_asg_misconfiguration.csv,C_iforest_contextual,1445,1445,2014-05-22 16:09:00,2014-05-22 16:09:00,1445,2014-05-22 16:09:00,0.742709851084672,100.0,1,0.0,False
realKnownCause/cpu_utilization_asg_misconfiguration.csv,C_iforest_contextual,1457,1457,2014-05-22 17:09:00,2014-05-22 17:09:00,1457,2014-05-22 17:09:00,0.7417142770129764,100.0,1,0.0,False
realKnownCause/cpu_utilization_asg_misconfiguration.csv,C_iforest_contextual,1469,1469,2014-05-22 18:09:00,2014-05-22 18:09:00,1469,2014-05-22 18:09:00,0.7444647509115517,100.0,1,0.0,False
realKnownCause/cpu_utilization_asg_misconfiguration.csv,C_iforest_contextual,1481,1481,2014-05-22 19:09:00,2014-05-22 19:09:00,1481,2014-05-22 19:09:00,0.7434058841130129,100.0,1,0.0,False
realKnownCause/cpu_utilization_asg_misconfiguration.csv,C_iforest_contextual,1505,1505,2014-05-22 21:09:00,2014-05-22 21:09:00,1505,2014-05-22 21:09:00,0.7394519889843706,100.0,1,0.0,False
realKnownCause/cpu_utilization_asg_misconfiguration.csv,C_iforest_contextual,1517,1517,2014-05-22 22:09:00,2014-05-22 22:09:00,1517,2014-05-22 22:09:00,0.7386871591372198,100.0,1,0.0,False
realKnownCause/cpu_utilization_asg_misconfiguration.csv,C_iforest_contextual,1529,1529,2014-05-22 23:09:00,2014-05-22 23:09:00,1529,2014-05-22 23:09:00,0.7386201979490493,100.0,1,0.0,False
realKnownCause/cpu_utilization_asg_misconfiguration.csv,C_iforest_contextual,3485,3485,2014-05-29 18:09:00,2014-05-29 18:09:00,3485,2014-05-29 18:09:00,0.7394594595239238,93.5,1,0.0,False
realKnownCause/cpu_utilization_asg_misconfiguration.csv,C_iforest_contextual,4793,4793,2014-06-03 07:09:00,2014-06-03 07:09:00,4793,2014-06-03 07:09:00,0.7401344610926054,93.0,1,0.0,False
realKnownCause/cpu_utilization_asg_misconfiguration.csv,C_iforest_contextual,6629,6629,2014-06-09 16:09:00,2014-06-09 16:09:00,6629,2014-06-09 16:09:00,0.7385172438440254,100.0,1,0.0,False
realKnownCause/cpu_utilization_asg_misconfiguration.csv,C_iforest_contextual,6653,6653,2014-06-09 18:09:00,2014-06-09 18:09:00,6653,2014-06-09 18:09:00,0.7387612072195026,100.0,1,0.0,False
realKnownCause/cpu_utilization_asg_misconfiguration.csv,C_iforest_contextual,6665,6665,2014-06-09 19:09:00,2014-06-09 19:09:00,6665,2014-06-09 19:09:00,0.7386648450887081,100.0,1,0.0,False
realKnownCause/cpu_utilization_asg_misconfiguration.csv,C_iforest_contextual,6725,6725,2014-06-10 00:09:00,2014-06-10 00:09:00,6725,2014-06-10 00:09:00,0.7396259949283658,100.0,1,0.0,False
realKnownCause/cpu_utilization_asg_misconfiguration.csv,C_iforest_contextual,6905,6905,2014-06-10 15:09:00,2014-06-10 15:09:00,6905,2014-06-10 15:09:00,0.7385172438440254,100.0,1,0.0,False
realKnownCause/cpu_utilization_asg_misconfiguration.csv,C_iforest_contextual,6917,6917,2014-06-10 16:09:00,2014-06-10 16:09:00,6917,2014-06-10 16:09:00,0.7385172438440254,100.0,1,0.0,False
realKnownCause/cpu_utilization_asg_misconfiguration.csv,C_iforest_contextual,6929,6929,2014-06-10 17:09:00,2014-06-10 17:09:00,6929,2014-06-10 17:09:00,0.7392612120715595,100.0,1,0.0,False
realKnownCause/cpu_utilization_asg_misconfiguration.csv,C_iforest_contextual,6941,6941,2014-06-10 18:09:00,2014-06-10 18:09:00,6941,2014-06-10 18:09:00,0.7402622372374438,100.0,1,0.0,False
realKnownCause/cpu_utilization_asg_misconfiguration.csv,C_iforest_contextual,6953,6953,2014-06-10 19:09:00,2014-06-10 19:09:00,6953,2014-06-10 19:09:00,0.742253646214474,100.0,1,0.0,False
realKnownCause/cpu_utilization_asg_misconfiguration.csv,C_iforest_contextual,7013,7013,2014-06-11 00:09:00,2014-06-11 00:09:00,7013,2014-06-11 00:09:00,0.7388757444600009,100.0,1,0.0,False
realKnownCause/cpu_utilization_asg_misconfiguration.csv,C_iforest_contextual,7085,7085,2014-06-11 06:09:00,2014-06-11 06:09:00,7085,2014-06-11 06:09:00,0.7383327902677953,100.0,1,0.0,False
realKnownCause/cpu_utilization_asg_misconfiguration.csv,C_iforest_contextual,10313,10313,2014-06-22 11:09:00,2014-06-22 11:09:00,10313,2014-06-22 11:09:00,0.7470083908275943,100.0,1,0.0,False
realKnownCause/cpu_utilization_asg_misconfiguration.csv,C_iforest_contextual,10469,10469,2014-06-23 00:09:00,2014-06-23 00:09:00,10469,2014-06-23 00:09:00,0.739375826832609,100.0,1,0.0,False
realKnownCause/cpu_utilization_asg_misconfiguration.csv,C_iforest_contextual,10481,10481,2014-06-23 01:09:00,2014-06-23 01:09:00,10481,2014-06-23 01:09:00,0.7388325051607254,100.0,1,0.0,False
realKnownCause/cpu_utilization_asg_misconfiguration.csv,C_iforest_contextual,10505,10505,2014-06-23 03:09:00,2014-06-23 03:09:00,10505,2014-06-23 03:09:00,0.7399647402782517,100.0,1,0.0,False
realKnownCause/cpu_utilization_asg_misconfiguration.csv,C_iforest_contextual,10553,10553,2014-06-23 07:09:00,2014-06-23 07:09:00,10553,2014-06-23 07:09:00,0.7431824518085988,100.0,1,0.0,False
realKnownCause/cpu_utilization_asg_misconfiguration.csv,C_iforest_contextual,10625,10625,2014-06-23 13:09:00,2014-06-23 13:09:00,10625,2014-06-23 13:09:00,0.7390542881863676,100.0,1,0.0,False
realKnownCause/cpu_utilization_asg_misconfiguration.csv,C_iforest_contextual,10637,10637,2014-06-23 14:09:00,2014-06-23 14:09:00,10637,2014-06-23 14:09:00,0.7395026065093755,100.0,1,0.0,False
realKnownCause/cpu_utilization_asg_misconfiguration.csv,C_iforest_contextual,10649,10649,2014-06-23 15:09:00,2014-06-23 15:09:00,10649,2014-06-23 15:09:00,0.7400031131517791,100.0,1,0.0,False
realKnownCause/cpu_utilization_asg_misconfiguration.csv,C_iforest_contextual,10661,10661,2014-06-23 16:09:00,2014-06-23 16:09:00,10661,2014-06-23 16:09:00,0.7400031131517791,100.0,1,0.0,False
realKnownCause/cpu_utilization_asg_misconfiguration.csv,C_iforest_contextual,10673,10673,2014-06-23 17:09:00,2014-06-23 17:09:00,10673,2014-06-23 17:09:00,0.7402475673725207,100.0,1,0.0,False
realKnownCause/cpu_utilization_asg_misconfiguration.csv,C_iforest_contextual,12401,12401,2014-06-29 17:09:00,2014-06-29 17:09:00,12401,2014-06-29 17:09:00,0.7387723982027129,93.167,1,0.0,False
realKnownCause/cpu_utilization_asg_misconfiguration.csv,C_iforest_contextual,12425,12425,2014-06-29 19:09:00,2014-06-29 19:09:00,12425,2014-06-29 19:09:00,0.7387723982027129,91.864,1,0.0,False
realKnownCause/cpu_utilization_asg_misconfiguration.csv,C_iforest_contextual,12557,12557,2014-06-30 06:09:00,2014-06-30 06:09:00,12557,2014-06-30 06:09:00,0.7417275378155046,92.667,1,0.0,False
realKnownCause/cpu_utilization_asg_misconfiguration.csv,C_iforest_contextual,12641,12641,2014-06-30 13:09:00,2014-06-30 13:09:00,12641,2014-06-30 13:09:00,0.7390689344034663,100.0,1,0.0,False
realKnownCause/cpu_utilization_asg_misconfiguration.csv,C_iforest_contextual,12665,12665,2014-06-30 15:09:00,2014-06-30 15:09:00,12665,2014-06-30 15:09:00,0.746714528714607,100.0,1,0.0,False
realKnownCause/cpu_utilization_asg_misconfiguration.csv,C_iforest_contextual,12689,12689,2014-06-30 17:09:00,2014-06-30 17:09:00,12689,2014-06-30 17:09:00,0.7412646178800748,100.0,1,0.0,False
realKnownCause/cpu_utilization_asg_misconfiguration.csv,C_iforest_contextual,12701,12701,2014-06-30 18:09:00,2014-06-30 18:09:00,12701,2014-06-30 18:09:00,0.7415007303495146,100.0,1,0.0,False
realKnownCause/cpu_utilization_asg_misconfiguration.csv,C_iforest_contextual,12713,12713,2014-06-30 19:09:00,2014-06-30 19:09:00,12713,2014-06-30 19:09:00,0.7414187036650547,100.0,1,0.0,False
realKnownCause/cpu_utilization_asg_misconfiguration.csv,C_iforest_contextual,12773,12773,2014-07-01 00:09:00,2014-07-01 00:09:00,12773,2014-07-01 00:09:00,0.7449508299612975,100.0,1,0.0,False
realKnownCause/cpu_utilization_asg_misconfiguration.csv,C_iforest_contextual,12785,12785,2014-07-01 01:09:00,2014-07-01 01:09:00,12785,2014-07-01 01:09:00,0.7395827117241377,100.0,1,0.0,False
realKnownCause/cpu_utilization_asg_misconfiguration.csv,C_iforest_contextual,12833,12833,2014-07-01 05:09:00,2014-07-01 05:09:00,12833,2014-07-01 05:09:00,0.7562145489747049,100.0,1,0.0,False
realKnownCause/cpu_utilization_asg_misconfiguration.csv,C_iforest_contextual,12857,12857,2014-07-01 07:09:00,2014-07-01 07:09:00,12857,2014-07-01 07:09:00,0.7497630125069729,100.0,1,0.0,False
realKnownCause/cpu_utilization_asg_misconfiguration.csv,C_iforest_contextual,12893,12893,2014-07-01 10:09:00,2014-07-01 10:09:00,12893,2014-07-01 10:09:00,0.7416903160493133,100.0,1,0.0,False
realKnownCause/cpu_utilization_asg_misconfiguration.csv,C_iforest_contextual,12917,12917,2014-07-01 12:09:00,2014-07-01 12:09:00,12917,2014-07-01 12:09:00,0.7426946304371568,100.0,1,0.0,False
realKnownCause/cpu_utilization_asg_misconfiguration.csv,C_iforest_contextual,12929,12929,2014-07-01 13:09:00,2014-07-01 13:09:00,12929,2014-07-01 13:09:00,0.7425628281559515,100.0,1,0.0,False
realKnownCause/cpu_utilization_asg_misconfiguration.csv,C_iforest_contextual,12941,12941,2014-07-01 14:09:00,2014-07-01 14:09:00,12941,2014-07-01 14:09:00,0.7405039585447116,100.0,1,0.0,False
realKnownCause/cpu_utilization_asg_misconfiguration.csv,C_iforest_contextual,12965,12965,2014-07-01 16:09:00,2014-07-01 16:09:00,12965,2014-07-01 16:09:00,0.7557030776063858,100.0,1,0.0,False
realKnownCause/cpu_utilization_asg_misconfiguration.csv,C_iforest_contextual,12989,12989,2014-07-01 18:09:00,2014-07-01 18:09:00,12989,2014-07-01 18:09:00,0.7450948250758256,100.0,1,0.0,False
realKnownCause/cpu_utilization_asg_misconfiguration.csv,C_iforest_contextual,13001,13001,2014-07-01 19:09:00,2014-07-01 19:09:00,13001,2014-07-01 19:09:00,0.744768891563882,100.0,1,0.0,False
realKnownCause/cpu_utilization_asg_misconfiguration.csv,C_iforest_contextual,13013,13013,2014-07-01 20:09:00,2014-07-01 20:09:00,13013,2014-07-01 20:09:00,0.7401137515463159,100.0,1,0.0,False
realKnownCause/cpu_utilization_asg_misconfiguration.csv,C_iforest_contextual,13025,13025,2014-07-01 21:09:00,2014-07-01 21:09:00,13025,2014-07-01 21:09:00,0.7407186012974301,100.0,1,0.0,False
realKnownCause/cpu_utilization_asg_misconfiguration.csv,C_iforest_contextual,13037,13037,2014-07-01 22:09:00,2014-07-01 22:09:00,13037,2014-07-01 22:09:00,0.7427632303862358,100.0,1,0.0,False
realKnownCause/cpu_utilization_asg_misconfiguration.csv,C_iforest_contextual,13049,13049,2014-07-01 23:09:00,2014-07-01 23:09:00,13049,2014-07-01 23:09:00,0.7410064092995801,100.0,1,0.0,False
realKnownCause/cpu_utilization_asg_misconfiguration.csv,C_iforest_contextual,13061,13061,2014-07-02 00:09:00,2014-07-02 00:09:00,13061,2014-07-02 00:09:00,0.7406275140425511,100.0,1,0.0,False
realKnownCause/cpu_utilization_asg_misconfiguration.csv,C_iforest_contextual,13109,13109,2014-07-02 04:09:00,2014-07-02 04:09:00,13109,2014-07-02 04:09:00,0.7571854049114661,100.0,1,0.0,False
realKnownCause/cpu_utilization_asg_misconfiguration.csv,C_iforest_contextual,13121,13121,2014-07-02 05:09:00,2014-07-02 05:09:00,13121,2014-07-02 05:09:00,0.7385826054517285,100.0,1,0.0,False
realKnownCause/cpu_utilization_asg_misconfiguration.csv,C_iforest_contextual,13133,13133,2014-07-02 06:09:00,2014-07-02 06:09:00,13133,2014-07-02 06:09:00,0.7420889061842849,100.0,1,0.0,False
realKnownCause/cpu_utilization_asg_misconfiguration.csv,C_iforest_contextual,13145,13145,2014-07-02 07:09:00,2014-07-02 07:09:00,13145,2014-07-02 07:09:00,0.7402879132145783,100.0,1,0.0,False
realKnownCause/cpu_utilization_asg_misconfiguration.csv,C_iforest_contextual,13217,13217,2014-07-02 13:09:00,2014-07-02 13:09:00,13217,2014-07-02 13:09:00,0.7467255057221135,100.0,1,0.0,False
realKnownCause/cpu_utilization_asg_misconfiguration.csv,C_iforest_contextual,13229,13229,2014-07-02 14:09:00,2014-07-02 14:09:00,13229,2014-07-02 14:09:00,0.7402534934901034,100.0,1,0.0,False
realKnownCause/cpu_utilization_asg_misconfiguration.csv,C_iforest_contextual,13241,13241,2014-07-02 15:09:00,2014-07-02 15:09:00,13241,2014-07-02 15:09:00,0.7430132747972447,100.0,1,0.0,False
realKnownCause/cpu_utilization_asg_misconfiguration.csv,C_iforest_contextual,13253,13253,2014-07-02 16:09:00,2014-07-02 16:09:00,13253,2014-07-02 16:09:00,0.7427619610016879,100.0,1,0.0,False
realKnownCause/cpu_utilization_asg_misconfiguration.csv,C_iforest_contextual,13277,13277,2014-07-02 18:09:00,2014-07-02 18:09:00,13277,2014-07-02 18:09:00,0.7408401546518797,100.0,1,0.0,False
realKnownCause/cpu_utilization_asg_misconfiguration.csv,C_iforest_contextual,13289,13289,2014-07-02 19:09:00,2014-07-02 19:09:00,13289,2014-07-02 19:09:00,0.7437617722408629,100.0,1,0.0,False
realKnownCause/cpu_utilization_asg_misconfiguration.csv,C_iforest_contextual,13301,13301,2014-07-02 20:09:00,2014-07-02 20:09:00,13301,2014-07-02 20:09:00,0.7396131700728062,100.0,1,0.0,False
realKnownCause/cpu_utilization_asg_misconfiguration.csv,C_iforest_contextual,13313,13313,2014-07-02 21:09:00,2014-07-02 21:09:00,13313,2014-07-02 21:09:00,0.739216645909912,100.0,1,0.0,False
realKnownCause/cpu_utilization_asg_misconfiguration.csv,C_iforest_contextual,13325,13325,2014-07-02 22:09:00,2014-07-02 22:09:00,13325,2014-07-02 22:09:00,0.7395038703236674,100.0,1,0.0,False
realKnownCause/cpu_utilization_asg_misconfiguration.csv,C_iforest_contextual,13349,13349,2014-07-03 00:09:00,2014-07-03 00:09:00,13349,2014-07-03 00:09:00,0.7402133454013937,100.0,1,0.0,False
realKnownCause/cpu_utilization_asg_misconfiguration.csv,C_iforest_contextual,13373,13373,2014-07-03 02:09:00,2014-07-03 02:09:00,13373,2014-07-03 02:09:00,0.7408482574967111,100.0,1,0.0,False
realKnownCause/cpu_utilization_asg_misconfiguration.csv,C_iforest_contextual,13385,13385,2014-07-03 03:09:00,2014-07-03 03:09:00,13385,2014-07-03 03:09:00,0.7396867777030257,100.0,1,0.0,False
realKnownCause/cpu_utilization_asg_misconfiguration.csv,C_iforest_contextual,13397,13397,2014-07-03 04:09:00,2014-07-03 04:09:00,13397,2014-07-03 04:09:00,0.73943658904835,100.0,1,0.0,False
realKnownCause/cpu_utilization_asg_misconfiguration.csv,C_iforest_contextual,13445,13445,2014-07-03 08:09:00,2014-07-03 08:09:00,13445,2014-07-03 08:09:00,0.7428506008683307,100.0,1,0.0,False
realKnownCause/cpu_utilization_asg_misconfiguration.csv,C_iforest_contextual,13457,13457,2014-07-03 09:09:00,2014-07-03 09:09:00,13457,2014-07-03 09:09:00,0.7404739915257131,100.0,1,0.0,False
realKnownCause/cpu_utilization_asg_misconfiguration.csv,C_iforest_contextual,13469,13469,2014-07-03 10:09:00,2014-07-03 10:09:00,13469,2014-07-03 10:09:00,0.7428140745748333,100.0,1,0.0,False
realKnownCause/cpu_utilization_asg_misconfiguration.csv,C_iforest_contextual,13481,13481,2014-07-03 11:09:00,2014-07-03 11:09:00,13481,2014-07-03 11:09:00,0.7420605902311527,100.0,1,0.0,False
realKnownCause/cpu_utilization_asg_misconfiguration.csv,C_iforest_contextual,13493,13493,2014-07-03 12:09:00,2014-07-03 12:09:00,13493,2014-07-03 12:09:00,0.7430654060030377,100.0,1,0.0,False
realKnownCause/cpu_utilization_asg_misconfiguration.csv,C_iforest_contextual,13505,13505,2014-07-03 13:09:00,2014-07-03 13:09:00,13505,2014-07-03 13:09:00,0.7443233392909417,100.0,1,0.0,False
realKnownCause/cpu_utilization_asg_misconfiguration.csv,C_iforest_contextual,13529,13529,2014-07-03 15:09:00,2014-07-03 15:09:00,13529,2014-07-03 15:09:00,0.743525364165706,100.0,1,0.0,False
realKnownCause/cpu_utilization_asg_misconfiguration.csv,C_iforest_contextual,13541,13541,2014-07-03 16:09:00,2014-07-03 16:09:00,13541,2014-07-03 16:09:00,0.744974579921322,100.0,1,0.0,False
realKnownCause/cpu_utilization_asg_misconfiguration.csv,C_iforest_contextual,13553,13553,2014-07-03 17:09:00,2014-07-03 17:09:00,13553,2014-07-03 17:09:00,0.7454728221299618,100.0,1,0.0,False
realKnownCause/cpu_utilization_asg_misconfiguration.csv,C_iforest_contextual,13577,13577,2014-07-03 19:09:00,2014-07-03 19:09:00,13577,2014-07-03 19:09:00,0.7454229640529808,100.0,1,0.0,False
realKnownCause/cpu_utilization_asg_misconfiguration.csv,C_iforest_contextual,13589,13589,2014-07-03 20:09:00,2014-07-03 20:09:00,13589,2014-07-03 20:09:00,0.7398486393879496,100.0,1,0.0,False
realKnownCause/cpu_utilization_asg_misconfiguration.csv,C_iforest_contextual,13601,13601,2014-07-03 21:09:00,2014-07-03 21:09:00,13601,2014-07-03 21:09:00,0.7407038051290002,100.0,1,0.0,False
realKnownCause/cpu_utilization_asg_misconfiguration.csv,C_iforest_contextual,13613,13613,2014-07-03 22:09:00,2014-07-03 22:09:00,13613,2014-07-03 22:09:00,0.7404384816107201,100.0,1,0.0,False
realKnownCause/cpu_utilization_asg_misconfiguration.csv,C_iforest_contextual,14321,14321,2014-07-06 09:09:00,2014-07-06 09:09:00,14321,2014-07-06 09:09:00,0.742776798283476,100.0,1,0.0,False
realKnownCause/cpu_utilization_asg_misconfiguration.csv,C_iforest_contextual,14501,14501,2014-07-07 00:09:00,2014-07-07 00:09:00,14501,2014-07-07 00:09:00,0.7403770071970326,100.0,1,0.0,False
realKnownCause/cpu_utilization_asg_misconfiguration.csv,C_iforest_contextual,14561,14561,2014-07-07 05:09:00,2014-07-07 05:09:00,14561,2014-07-07 05:09:00,0.7405841722290304,100.0,1,0.0,False
realKnownCause/cpu_utilization_asg_misconfiguration.csv,C_iforest_contextual,14573,14573,2014-07-07 06:09:00,2014-07-07 06:09:00,14573,2014-07-07 06:09:00,0.7420889061842849,100.0,1,0.0,False
realKnownCause/cpu_utilization_asg_misconfiguration.csv,C_iforest_contextual,14645,14645,2014-07-07 12:09:00,2014-07-07 12:09:00,14645,2014-07-07 12:09:00,0.738670477606024,100.0,1,0.0,False
realKnownCause/cpu_utilization_asg_misconfiguration.csv,C_iforest_contextual,14657,14657,2014-07-07 13:09:00,2014-07-07 13:09:00,14657,2014-07-07 13:09:00,0.7408064810707671,100.0,1,0.0,False
realKnownCause/cpu_utilization_asg_misconfiguration.csv,C_iforest_contextual,14729,14729,2014-07-07 19:09:00,2014-07-07 19:09:00,14729,2014-07-07 19:09:00,0.7386388490453766,100.0,1,0.0,False
realKnownCause/cpu_utilization_asg_misconfiguration.csv,C_iforest_contextual,14741,14741,2014-07-07 20:09:00,2014-07-07 20:09:00,14741,2014-07-07 20:09:00,0.7390311646316831,100.0,1,0.0,False
realKnownCause/cpu_utilization_asg_misconfiguration.csv,C_iforest_contextual,14753,14753,2014-07-07 21:09:00,2014-07-07 21:09:00,14753,2014-07-07 21:09:00,0.7401357259867405,100.0,1,0.0,False
realKnownCause/cpu_utilization_asg_misconfiguration.csv,C_iforest_contextual,14789,14789,2014-07-08 00:09:00,2014-07-08 00:09:00,14789,2014-07-08 00:09:00,0.7446471703311065,100.0,1,0.0,False
realKnownCause/cpu_utilization_asg_misconfiguration.csv,C_iforest_contextual,14801,14801,2014-07-08 01:09:00,2014-07-08 01:09:00,14801,2014-07-08 01:09:00,0.740333680043271,100.0,1,0.0,False
realKnownCause/cpu_utilization_asg_misconfiguration.csv,C_iforest_contextual,14837,14837,2014-07-08 04:09:00,2014-07-08 04:09:00,14837,2014-07-08 04:09:00,0.7447073408462442,100.0,1,0.0,False
realKnownCause/cpu_utilization_asg_misconfiguration.csv,C_iforest_contextual,14849,14849,2014-07-08 05:09:00,2014-07-08 05:09:00,14849,2014-07-08 05:09:00,0.7438482937175049,100.0,1,0.0,False
realKnownCause/cpu_utilization_asg_misconfiguration.csv,C_iforest_contextual,14861,14861,2014-07-08 06:09:00,2014-07-08 06:09:00,14861,2014-07-08 06:09:00,0.7446035932857182,100.0,1,0.0,False
realKnownCause/cpu_utilization_asg_misconfiguration.csv,C_iforest_contextual,14873,14873,2014-07-08 07:09:00,2014-07-08 07:09:00,14873,2014-07-08 07:09:00,0.7425452568892745,100.0,1,0.0,False
realKnownCause/cpu_utilization_asg_misconfiguration.csv,C_iforest_contextual,14897,14897,2014-07-08 09:09:00,2014-07-08 09:09:00,14897,2014-07-08 09:09:00,0.7426946304371568,100.0,1,0.0,False
realKnownCause/cpu_utilization_asg_misconfiguration.csv,C_iforest_contextual,14909,14909,2014-07-08 10:09:00,2014-07-08 10:09:00,14909,2014-07-08 10:09:00,0.7391185631053835,100.0,1,0.0,False
realKnownCause/cpu_utilization_asg_misconfiguration.csv,C_iforest_contextual,14921,14921,2014-07-08 11:09:00,2014-07-08 11:09:00,14921,2014-07-08 11:09:00,0.740922889269843,100.0,1,0.0,False
realKnownCause/cpu_utilization_asg_misconfiguration.csv,C_iforest_contextual,14933,14933,2014-07-08 12:09:00,2014-07-08 12:09:00,14933,2014-07-08 12:09:00,0.7434336251362283,100.0,1,0.0,False
realKnownCause/cpu_utilization_asg_misconfiguration.csv,C_iforest_contextual,14945,14945,2014-07-08 13:09:00,2014-07-08 13:09:00,14945,2014-07-08 13:09:00,0.7443233392909417,100.0,1,0.0,False
realKnownCause/cpu_utilization_asg_misconfiguration.csv,C_iforest_contextual,14957,14957,2014-07-08 14:09:00,2014-07-08 14:09:00,14957,2014-07-08 14:09:00,0.7427619610016879,100.0,1,0.0,False
realKnownCause/cpu_utilization_asg_misconfiguration.csv,C_iforest_contextual,14969,14969,2014-07-08 15:09:00,2014-07-08 15:09:00,14969,2014-07-08 15:09:00,0.7450268487359634,100.0,1,0.0,False
realKnownCause/cpu_utilization_asg_misconfiguration.csv,C_iforest_contextual,15005,15005,2014-07-08 18:09:00,2014-07-08 18:09:00,15005,2014-07-08 18:09:00,0.7403390818701946,100.0,1,0.0,False
realKnownCause/cpu_utilization_asg_misconfiguration.csv,C_iforest_contextual,15017,15017,2014-07-08 19:09:00,2014-07-08 19:09:00,15017,2014-07-08 19:09:00,0.7462821281168324,100.0,1,0.0,False
realKnownCause/cpu_utilization_asg_misconfiguration.csv,C_iforest_contextual,15029,15029,2014-07-08 20:09:00,2014-07-08 20:09:00,15029,2014-07-08 20:09:00,0.7418684562680596,100.0,1,0.0,False
realKnownCause/cpu_utilization_asg_misconfiguration.csv,C_iforest_contextual,15077,15077,2014-07-09 00:09:00,2014-07-09 00:09:00,15077,2014-07-09 00:09:00,0.7443953038933532,100.0,1,0.0,False
realKnownCause/cpu_utilization_asg_misconfiguration.csv,C_iforest_contextual,15089,15089,2014-07-09 01:09:00,2014-07-09 01:09:00,15089,2014-07-09 01:09:00,0.739832949819477,100.0,1,0.0,False
realKnownCause/cpu_utilization_asg_misconfiguration.csv,C_iforest_contextual,15101,15101,2014-07-09 02:09:00,2014-07-09 02:09:00,15101,2014-07-09 02:09:00,0.739832949819477,100.0,1,0.0,False
realKnownCause/cpu_utilization_asg_misconfiguration.csv,C_iforest_contextual,15137,15137,2014-07-09 05:09:00,2014-07-09 05:09:00,15137,2014-07-09 05:09:00,0.745463512686305,100.0,1,0.0,False
realKnownCause/cpu_utilization_asg_misconfiguration.csv,C_iforest_contextual,15149,15149,2014-07-09 06:09:00,2014-07-09 06:09:00,15149,2014-07-09 06:09:00,0.7453596597810626,100.0,1,0.0,False
realKnownCause/cpu_utilization_asg_misconfiguration.csv,C_iforest_contextual,15161,15161,2014-07-09 07:09:00,2014-07-09 07:09:00,15161,2014-07-09 07:09:00,0.7440539754161524,100.0,1,0.0,False
realKnownCause/cpu_utilization_asg_misconfiguration.csv,C_iforest_contextual,15197,15197,2014-07-09 10:09:00,2014-07-09 10:09:00,15197,2014-07-09 10:09:00,0.7391185631053835,100.0,1,0.0,False
realKnownCause/cpu_utilization_asg_misconfiguration.csv,C_iforest_contextual,15209,15209,2014-07-09 11:09:00,2014-07-09 11:09:00,15209,2014-07-09 11:09:00,0.7414243571812799,100.0,1,0.0,False
realKnownCause/cpu_utilization_asg_misconfiguration.csv,C_iforest_contextual,15221,15221,2014-07-09 12:09:00,2014-07-09 12:09:00,15221,2014-07-09 12:09:00,0.7419261644938473,100.0,1,0.0,False
realKnownCause/cpu_utilization_asg_misconfiguration.csv,C_iforest_contextual,15233,15233,2014-07-09 13:09:00,2014-07-09 13:09:00,15233,2014-07-09 13:09:00,0.7438199106312643,100.0,1,0.0,False
realKnownCause/cpu_utilization_asg_misconfiguration.csv,C_iforest_contextual,15305,15305,2014-07-09 19:09:00,2014-07-09 19:09:00,15305,2014-07-09 19:09:00,0.7441202684999353,100.0,1,0.0,False
realKnownCause/cpu_utilization_asg_misconfiguration.csv,C_iforest_contextual,15341,15341,2014-07-09 22:09:00,2014-07-09 22:09:00,15341,2014-07-09 22:09:00,0.7412571291035424,100.0,1,0.0,False
realKnownCause/cpu_utilization_asg_misconfiguration.csv,C_iforest_contextual,15353,15353,2014-07-09 23:09:00,2014-07-09 23:09:00,15353,2014-07-09 23:09:00,0.7442723917960897,100.0,1,0.0,False
realKnownCause/cpu_utilization_asg_misconfiguration.csv,C_iforest_contextual,15377,15377,2014-07-10 01:09:00,2014-07-10 01:09:00,15377,2014-07-10 01:09:00,0.7415704994495067,100.0,1,0.0,False
realKnownCause/cpu_utilization_asg_misconfiguration.csv,C_iforest_contextual,15401,15401,2014-07-10 03:09:00,2014-07-10 03:09:00,15401,2014-07-10 03:09:00,0.7407363253547855,100.0,1,0.0,False
realKnownCause/cpu_utilization_asg_misconfiguration.csv,C_iforest_contextual,15425,15425,2014-07-10 05:09:00,2014-07-10 05:09:00,15425,2014-07-10 05:09:00,0.7450031819865928,100.0,1,0.0,False
realKnownCause/cpu_utilization_asg_misconfiguration.csv,C_iforest_contextual,15437,15437,2014-07-10 06:09:00,2014-07-10 06:09:00,15437,2014-07-10 06:09:00,0.7477376672736855,100.0,1,0.0,False
realKnownCause/cpu_utilization_asg_misconfiguration.csv,C_iforest_contextual,15461,15461,2014-07-10 08:09:00,2014-07-10 08:09:00,15461,2014-07-10 08:09:00,0.7433533734843774,100.0,1,0.0,False
realKnownCause/cpu_utilization_asg_misconfiguration.csv,C_iforest_contextual,15485,15485,2014-07-10 10:09:00,2014-07-10 10:09:00,15485,2014-07-10 10:09:00,0.7458271776820734,100.0,1,0.0,False
realKnownCause/cpu_utilization_asg_misconfiguration.csv,C_iforest_contextual,15497,15497,2014-07-10 11:09:00,2014-07-10 11:09:00,15497,2014-07-10 11:09:00,0.7438199106312643,100.0,1,0.0,False
realKnownCause/cpu_utilization_asg_misconfiguration.csv,C_iforest_contextual,15521,15521,2014-07-10 13:09:00,2014-07-10 13:09:00,15521,2014-07-10 13:09:00,0.7433817508186199,100.0,1,0.0,True
realKnownCause/cpu_utilization_asg_misconfiguration.csv,C_iforest_contextual,15545,15545,2014-07-10 15:09:00,2014-07-10 15:09:00,15545,2014-07-10 15:09:00,0.743525364165706,100.0,1,0.0,True
realKnownCause/cpu_utilization_asg_misconfiguration.csv,C_iforest_contextual,15557,15557,2014-07-10 16:09:00,2014-07-10 16:09:00,15557,2014-07-10 16:09:00,0.7485112255125304,100.0,1,0.0,True
realKnownCause/cpu_utilization_asg_misconfiguration.csv,C_iforest_contextual,15569,15569,2014-07-10 17:09:00,2014-07-10 17:09:00,15569,2014-07-10 17:09:00,0.7464822583660978,100.0,1,0.0,True
realKnownCause/cpu_utilization_asg_misconfiguration.csv,C_iforest_contextual,15641,15641,2014-07-10 23:09:00,2014-07-10 23:09:00,15641,2014-07-10 23:09:00,0.7413738900738458,100.0,1,0.0,True
realKnownCause/ec2_request_latency_system_failure.csv,A_rolling_zscore,74,74,2014-03-10 09:26:00,2014-03-10 09:26:00,74,2014-03-10 09:26:00,4.4369831662032055,50.212,1,0.0,False
realKnownCause/ec2_request_latency_system_failure.csv,A_rolling_zscore,224,224,2014-03-10 21:56:00,2014-03-10 21:56:00,224,2014-03-10 21:56:00,4.256345899355252,49.718,1,0.0,False
realKnownCause/ec2_request_latency_system_failure.csv,A_rolling_zscore,437,437,2014-03-11 15:41:00,2014-03-11 15:41:00,437,2014-03-11 15:41:00,3.6810967814293165,51.972,1,0.0,False
realKnownCause/ec2_request_latency_system_failure.csv,A_rolling_zscore,582,582,2014-03-12 03:46:00,2014-03-12 03:46:00,582,2014-03-12 03:46:00,4.09995753695016,39.474,1,0.0,False
realKnownCause/ec2_request_latency_system_failure.csv,A_rolling_zscore,616,616,2014-03-12 06:36:00,2014-03-12 06:36:00,616,2014-03-12 06:36:00,3.60418621022027,48.43600000000001,1,0.0,False
realKnownCause/ec2_request_latency_system_failure.csv,A_rolling_zscore,647,647,2014-03-12 09:11:00,2014-03-12 09:11:00,647,2014-03-12 09:11:00,3.483080474359387,49.51600000000001,1,0.0,False
realKnownCause/ec2_request_latency_system_failure.csv,A_rolling_zscore,739,739,2014-03-12 16:51:00,2014-03-12 16:51:00,739,2014-03-12 16:51:00,3.510215402432978,47.236,1,0.0,False
realKnownCause/ec2_request_latency_system_failure.csv,A_rolling_zscore,923,923,2014-03-13 08:11:00,2014-03-13 08:11:00,923,2014-03-13 08:11:00,3.948808493453018,48.428,1,0.0,False
realKnownCause/ec2_request_latency_system_failure.csv,A_rolling_zscore,1002,1002,2014-03-13 14:46:00,2014-03-13 14:46:00,1002,2014-03-13 14:46:00,3.642361908433264,48.438,1,0.0,False
realKnownCause/ec2_request_latency_system_failure.csv,A_rolling_zscore,1036,1036,2014-03-13 17:36:00,2014-03-13 17:36:00,1036,2014-03-13 17:36:00,4.8263922289375145,49.623999999999995,1,0.0,False
realKnownCause/ec2_request_latency_system_failure.csv,A_rolling_zscore,1123,1123,2014-03-14 00:51:00,2014-03-14 00:51:00,1123,2014-03-14 00:51:00,3.672683861861617,48.802,1,0.0,False
realKnownCause/ec2_request_latency_system_failure.csv,A_rolling_zscore,1188,1189,2014-03-14 06:16:00,2014-03-14 06:21:00,1189,2014-03-14 06:21:00,4.0128513181407595,38.216,2,5.0,True
realKnownCause/ec2_request_latency_system_failure.csv,A_rolling_zscore,1222,1222,2014-03-14 09:06:00,2014-03-14 09:06:00,1222,2014-03-14 09:06:00,9.227052437895159,30.482,1,0.0,True
realKnownCause/ec2_request_latency_system_failure.csv,A_rolling_zscore,1355,1355,2014-03-14 20:11:00,2014-03-14 20:11:00,1355,2014-03-14 20:11:00,3.7018493042586718,50.596,1,0.0,False
realKnownCause/ec2_request_latency_system_failure.csv,A_rolling_zscore,1373,1373,2014-03-14 21:41:00,2014-03-14 21:41:00,1373,2014-03-14 21:41:00,4.62358436229338,51.768,1,0.0,False
realKnownCause/ec2_request_latency_system_failure.csv,A_rolling_zscore,1409,1409,2014-03-15 00:41:00,2014-03-15 00:41:00,1409,2014-03-15 00:41:00,6.517921110546375,50.032,1,0.0,False
realKnownCause/ec2_request_latency_system_failure.csv,A_rolling_zscore,1525,1525,2014-03-15 10:21:00,2014-03-15 10:21:00,1525,2014-03-15 10:21:00,4.148884932594073,47.558,1,0.0,False
realKnownCause/ec2_request_latency_system_failure.csv,A_rolling_zscore,1580,1580,2014-03-15 14:56:00,2014-03-15 14:56:00,1580,2014-03-15 14:56:00,6.17027414593108,50.892,1,0.0,False
realKnownCause/ec2_request_latency_system_failure.csv,A_rolling_zscore,1799,1799,2014-03-16 09:11:00,2014-03-16 09:11:00,1799,2014-03-16 09:11:00,5.9007229870839994,48.83,1,0.0,False
realKnownCause/ec2_request_latency_system_failure.csv,A_rolling_zscore,1842,1842,2014-03-16 12:46:00,2014-03-16 12:46:00,1842,2014-03-16 12:46:00,3.5091360195398646,50.71,1,0.0,False
realKnownCause/ec2_request_latency_system_failure.csv,A_rolling_zscore,1994,1994,2014-03-17 01:31:00,2014-03-17 01:31:00,1994,2014-03-17 01:31:00,4.5667306681854605,51.878,1,0.0,False
realKnownCause/ec2_request_latency_system_failure.csv,A_rolling_zscore,2117,2117,2014-03-17 11:46:00,2014-03-17 11:46:00,2117,2014-03-17 11:46:00,4.0502964870659435,41.444,1,0.0,False
realKnownCause/ec2_request_latency_system_failure.csv,A_rolling_zscore,2247,2247,2014-03-17 22:36:00,2014-03-17 22:36:00,2247,2014-03-17 22:36:00,3.7869633551800597,49.43600000000001,1,0.0,False
realKnownCause/ec2_request_latency_system_failure.csv,A_rolling_zscore,2532,2536,2014-03-18 22:21:00,2014-03-18 22:41:00,2536,2014-03-18 22:41:00,8.394436918650284,99.248,3,20.0,True
realKnownCause/ec2_request_latency_system_failure.csv,A_rolling_zscore,2635,2635,2014-03-19 06:56:00,2014-03-19 06:56:00,2635,2014-03-19 06:56:00,4.067512552186995,51.074,1,0.0,False
realKnownCause/ec2_request_latency_system_failure.csv,A_rolling_zscore,2681,2681,2014-03-19 10:46:00,2014-03-19 10:46:00,2681,2014-03-19 10:46:00,4.833424444266517,40.586,1,0.0,False
realKnownCause/ec2_request_latency_system_failure.csv,A_rolling_zscore,3121,3121,2014-03-20 23:26:00,2014-03-20 23:26:00,3121,2014-03-20 23:26:00,5.540122888164243,53.732,1,0.0,True
realKnownCause/ec2_request_latency_system_failure.csv,A_rolling_zscore,3164,3164,2014-03-21 03:01:00,2014-03-21 03:01:00,3164,2014-03-21 03:01:00,15.192228402336612,25.421999999999997,1,0.0,True
realKnownCause/ec2_request_latency_system_failure.csv,B_iforest_raw,75,75,2014-03-10 09:31:00,2014-03-10 09:31:00,75,2014-03-10 09:31:00,0.7610145528108782,38.49800000000001,1,0.0,False
realKnownCause/ec2_request_latency_system_failure.csv,B_iforest_raw,234,236,2014-03-10 22:46:00,2014-03-10 22:56:00,234,2014-03-10 22:46:00,0.7761716576155349,50.992,2,10.0,False
realKnownCause/ec2_request_latency_system_failure.csv,B_iforest_raw,260,260,2014-03-11 00:56:00,2014-03-11 00:56:00,260,2014-03-11 00:56:00,0.7817053351751826,51.056,1,0.0,False
realKnownCause/ec2_request_latency_system_failure.csv,B_iforest_raw,315,315,2014-03-11 05:31:00,2014-03-11 05:31:00,315,2014-03-11 05:31:00,0.7678146193428441,50.846,1,0.0,False
realKnownCause/ec2_request_latency_system_failure.csv,B_iforest_raw,437,437,2014-03-11 15:41:00,2014-03-11 15:41:00,437,2014-03-11 15:41:00,0.7856820999757699,51.972,1,0.0,False
realKnownCause/ec2_request_latency_system_failure.csv,B_iforest_raw,582,582,2014-03-12 03:46:00,2014-03-12 03:46:00,582,2014-03-12 03:46:00,0.7610145528108782,39.474,1,0.0,False
realKnownCause/ec2_request_latency_system_failure.csv,B_iforest_raw,617,617,2014-03-12 06:41:00,2014-03-12 06:41:00,617,2014-03-12 06:41:00,0.7610145528108782,39.414,1,0.0,False
realKnownCause/ec2_request_latency_system_failure.csv,B_iforest_raw,761,761,2014-03-12 18:41:00,2014-03-12 18:41:00,761,2014-03-12 18:41:00,0.7610145528108782,39.436,1,0.0,False
realKnownCause/ec2_request_latency_system_failure.csv,B_iforest_raw,1003,1003,2014-03-13 14:51:00,2014-03-13 14:51:00,1003,2014-03-13 14:51:00,0.7610145528108782,39.611999999999995,1,0.0,False
realKnownCause/ec2_request_latency_system_failure.csv,B_iforest_raw,1189,1189,2014-03-14 06:21:00,2014-03-14 06:21:00,1189,2014-03-14 06:21:00,0.7610145528108782,38.216,1,0.0,True
realKnownCause/ec2_request_latency_system_failure.csv,B_iforest_raw,1222,1223,2014-03-14 09:06:00,2014-03-14 09:11:00,1223,2014-03-14 09:11:00,0.7856820999757699,51.6,2,5.0,True
realKnownCause/ec2_request_latency_system_failure.csv,B_iforest_raw,1373,1373,2014-03-14 21:41:00,2014-03-14 21:41:00,1373,2014-03-14 21:41:00,0.7856820999757699,51.768,1,0.0,False
realKnownCause/ec2_request_latency_system_failure.csv,B_iforest_raw,1580,1580,2014-03-15 14:56:00,2014-03-15 14:56:00,1580,2014-03-15 14:56:00,0.7717207179892026,50.892,1,0.0,False
realKnownCause/ec2_request_latency_system_failure.csv,B_iforest_raw,1915,1915,2014-03-16 18:56:00,2014-03-16 18:56:00,1915,2014-03-16 18:56:00,0.7761716576155349,51.026,1,0.0,False
realKnownCause/ec2_request_latency_system_failure.csv,B_iforest_raw,1927,1927,2014-03-16 19:56:00,2014-03-16 19:56:00,1927,2014-03-16 19:56:00,0.7856820999757699,51.822,1,0.0,False
realKnownCause/ec2_request_latency_system_failure.csv,B_iforest_raw,1994,1994,2014-03-17 01:31:00,2014-03-17 01:31:00,1994,2014-03-17 01:31:00,0.7856820999757699,51.878,1,0.0,False
realKnownCause/ec2_request_latency_system_failure.csv,B_iforest_raw,2014,2014,2014-03-17 03:11:00,2014-03-17 03:11:00,2014,2014-03-17 03:11:00,0.7647423569865148,50.75,1,0.0,False
realKnownCause/ec2_request_latency_system_failure.csv,B_iforest_raw,2333,2333,2014-03-18 05:46:00,2014-03-18 05:46:00,2333,2014-03-18 05:46:00,0.7832936199440851,51.104,1,0.0,False
realKnownCause/ec2_request_latency_system_failure.csv,B_iforest_raw,2399,2399,2014-03-18 11:16:00,2014-03-18 11:16:00,2399,2014-03-18 11:16:00,0.7761716576155349,50.994,1,0.0,False
realKnownCause/ec2_request_latency_system_failure.csv,B_iforest_raw,2428,2428,2014-03-18 13:41:00,2014-03-18 13:41:00,2428,2014-03-18 13:41:00,0.7743358172303634,50.916,1,0.0,False
realKnownCause/ec2_request_latency_system_failure.csv,B_iforest_raw,2532,2537,2014-03-18 22:21:00,2014-03-18 22:46:00,2532,2014-03-18 22:21:00,0.7856820999757699,54.508,4,25.0,True
realKnownCause/ec2_request_latency_system_failure.csv,B_iforest_raw,2635,2635,2014-03-19 06:56:00,2014-03-19 06:56:00,2635,2014-03-19 06:56:00,0.7824990745802662,51.074,1,0.0,False
realKnownCause/ec2_request_latency_system_failure.csv,B_iforest_raw,3121,3121,2014-03-20 23:26:00,2014-03-20 23:26:00,3121,2014-03-20 23:26:00,0.7856820999757699,53.732,1,0.0,True
realKnownCause/ec2_request_latency_system_failure.csv,B_iforest_raw,3165,3167,2014-03-21 03:06:00,2014-03-21 03:16:00,3165,2014-03-21 03:06:00,0.7856820999757699,57.958,2,10.0,True
realKnownCause/ec2_request_latency_system_failure.csv,B_iforest_raw,3171,3171,2014-03-21 03:36:00,2014-03-21 03:36:00,3171,2014-03-21 03:36:00,0.7856820999757699,66.26,1,0.0,True
realKnownCause/ec2_request_latency_system_failure.csv,C_iforest_contextual,74,75,2014-03-10 09:26:00,2014-03-10 09:31:00,74,2014-03-10 09:26:00,0.703606307496668,50.212,2,5.0,False
realKnownCause/ec2_request_latency_system_failure.csv,C_iforest_contextual,234,234,2014-03-10 22:46:00,2014-03-10 22:46:00,234,2014-03-10 22:46:00,0.6904816946924599,50.992,1,0.0,False
realKnownCause/ec2_request_latency_system_failure.csv,C_iforest_contextual,582,582,2014-03-12 03:46:00,2014-03-12 03:46:00,582,2014-03-12 03:46:00,0.6948679408978887,39.474,1,0.0,False
realKnownCause/ec2_request_latency_system_failure.csv,C_iforest_contextual,617,617,2014-03-12 06:41:00,2014-03-12 06:41:00,617,2014-03-12 06:41:00,0.6888525225700103,39.414,1,0.0,False
realKnownCause/ec2_request_latency_system_failure.csv,C_iforest_contextual,1036,1036,2014-03-13 17:36:00,2014-03-13 17:36:00,1036,2014-03-13 17:36:00,0.6881146421625922,49.623999999999995,1,0.0,False
realKnownCause/ec2_request_latency_system_failure.csv,C_iforest_contextual,1223,1223,2014-03-14 09:11:00,2014-03-14 09:11:00,1223,2014-03-14 09:11:00,0.6992025549824138,51.6,1,0.0,True
realKnownCause/ec2_request_latency_system_failure.csv,C_iforest_contextual,1338,1338,2014-03-14 18:46:00,2014-03-14 18:46:00,1338,2014-03-14 18:46:00,0.6918655324797851,36.89,1,0.0,False
realKnownCause/ec2_request_latency_system_failure.csv,C_iforest_contextual,1374,1374,2014-03-14 21:46:00,2014-03-14 21:46:00,1374,2014-03-14 21:46:00,0.6850756191885569,38.474,1,0.0,False
realKnownCause/ec2_request_latency_system_failure.csv,C_iforest_contextual,1580,1580,2014-03-15 14:56:00,2014-03-15 14:56:00,1580,2014-03-15 14:56:00,0.6835989270806632,50.892,1,0.0,False
realKnownCause/ec2_request_latency_system_failure.csv,C_iforest_contextual,1994,1995,2014-03-17 01:31:00,2014-03-17 01:36:00,1994,2014-03-17 01:31:00,0.7024721126226784,51.878,2,5.0,False
realKnownCause/ec2_request_latency_system_failure.csv,C_iforest_contextual,2023,2023,2014-03-17 03:56:00,2014-03-17 03:56:00,2023,2014-03-17 03:56:00,0.6833166384606282,50.163999999999994,1,0.0,False
realKnownCause/ec2_request_latency_system_failure.csv,C_iforest_contextual,2079,2079,2014-03-17 08:36:00,2014-03-17 08:36:00,2079,2014-03-17 08:36:00,0.6851273810881597,40.52,1,0.0,False
realKnownCause/ec2_request_latency_system_failure.csv,C_iforest_contextual,2173,2173,2014-03-17 16:26:00,2014-03-17 16:26:00,2173,2014-03-17 16:26:00,0.6961149117451608,39.712,1,0.0,False
realKnownCause/ec2_request_latency_system_failure.csv,C_iforest_contextual,2247,2248,2014-03-17 22:36:00,2014-03-17 22:41:00,2248,2014-03-17 22:41:00,0.6882073533662671,40.234,2,5.0,False
realKnownCause/ec2_request_latency_system_failure.csv,C_iforest_contextual,2334,2334,2014-03-18 05:51:00,2014-03-18 05:51:00,2334,2014-03-18 05:51:00,0.684405294961906,40.436,1,0.0,False
realKnownCause/ec2_request_latency_system_failure.csv,C_iforest_contextual,2446,2446,2014-03-18 15:11:00,2014-03-18 15:11:00,2446,2014-03-18 15:11:00,0.6846976316586502,50.06399999999999,1,0.0,False
realKnownCause/ec2_request_latency_system_failure.csv,C_iforest_contextual,2532,2536,2014-03-18 22:21:00,2014-03-18 22:41:00,2535,2014-03-18 22:36:00,0.7178047400813352,65.68,3,20.0,True
realKnownCause/ec2_request_latency_system_failure.csv,C_iforest_contextual,2635,2635,2014-03-19 06:56:00,2014-03-19 06:56:00,2635,2014-03-19 06:56:00,0.6862741473269756,51.074,1,0.0,False
realKnownCause/ec2_request_latency_system_failure.csv,C_iforest_contextual,3121,3121,2014-03-20 23:26:00,2014-03-20 23:26:00,3121,2014-03-20 23:26:00,0.7015556760018703,53.732,1,0.0,True
realKnownCause/ec2_request_latency_system_failure.csv,C_iforest_contextual,3164,3171,2014-03-21 03:01:00,2014-03-21 03:36:00,3165,2014-03-21 03:06:00,0.7018183531944036,57.958,7,35.0,True
realKnownCause/machine_temperature_system_failure.csv,A_rolling_zscore,644,646,2013-12-08 17:25:00,2013-12-08 17:35:00,644,2013-12-08 17:25:00,5.124437082085476,71.26380942,3,10.0,False
realKnownCause/machine_temperature_system_failure.csv,A_rolling_zscore,663,663,2013-12-08 19:00:00,2013-12-08 19:00:00,663,2013-12-08 19:00:00,3.741366847552063,69.86502370000001,1,0.0,False
realKnownCause/machine_temperature_system_failure.csv,A_rolling_zscore,728,731,2013-12-09 00:25:00,2013-12-09 00:40:00,729,2013-12-09 00:30:00,6.907176609895598,74.0120626,3,15.0,False
realKnownCause/machine_temperature_system_failure.csv,A_rolling_zscore,747,747,2013-12-09 02:00:00,2013-12-09 02:00:00,747,2013-12-09 02:00:00,3.6648293987178415,83.71409756,1,0.0,False
realKnownCause/machine_temperature_system_failure.csv,A_rolling_zscore,775,775,2013-12-09 04:20:00,2013-12-09 04:20:00,775,2013-12-09 04:20:00,4.104154996692159,82.35852343,1,0.0,False
realKnownCause/machine_temperature_system_failure.csv,A_rolling_zscore,883,883,2013-12-09 13:20:00,2013-12-09 13:20:00,883,2013-12-09 13:20:00,4.058153037884065,69.99643194,1,0.0,False
realKnownCause/machine_temperature_system_failure.csv,A_rolling_zscore,980,982,2013-12-09 21:25:00,2013-12-09 21:35:00,980,2013-12-09 21:25:00,9.143590623585881,64.08813968,3,10.0,False
realKnownCause/machine_temperature_system_failure.csv,A_rolling_zscore,1015,1015,2013-12-10 00:20:00,2013-12-10 00:20:00,1015,2013-12-10 00:20:00,4.706093601161633,75.34787891,1,0.0,False
realKnownCause/machine_temperature_system_failure.csv,A_rolling_zscore,1088,1088,2013-12-10 06:25:00,2013-12-10 06:25:00,1088,2013-12-10 06:25:00,4.718358105273,53.88619592,1,0.0,True
realKnownCause/machine_temperature_system_failure.csv,A_rolling_zscore,1280,1281,2013-12-10 22:25:00,2013-12-10 22:30:00,1280,2013-12-10 22:25:00,4.417131220548393,65.16753626,2,5.0,True
realKnownCause/machine_temperature_system_failure.csv,A_rolling_zscore,1360,1360,2013-12-11 05:05:00,2013-12-11 05:05:00,1360,2013-12-11 05:05:00,3.5663730854455467,101.2026128,1,0.0,True
realKnownCause/machine_temperature_system_failure.csv,A_rolling_zscore,1380,1380,2013-12-11 06:45:00,2013-12-11 06:45:00,1380,2013-12-11 06:45:00,4.5320661655329655,100.0537852,1,0.0,True
realKnownCause/machine_temperature_system_failure.csv,A_rolling_zscore,2192,2192,2013-12-14 02:25:00,2013-12-14 02:25:00,2192,2013-12-14 02:25:00,3.8772574411662326,102.2787276,1,0.0,False
realKnownCause/machine_temperature_system_failure.csv,A_rolling_zscore,2685,2685,2013-12-15 19:30:00,2013-12-15 19:30:00,2685,2013-12-15 19:30:00,3.5917399734504682,102.9240808,1,0.0,True
realKnownCause/machine_temperature_system_failure.csv,A_rolling_zscore,2799,2799,2013-12-16 05:00:00,2013-12-16 05:00:00,2799,2013-12-16 05:00:00,4.3910282090291775,55.01842643,1,0.0,True
realKnownCause/machine_temperature_system_failure.csv,A_rolling_zscore,2924,2925,2013-12-16 15:25:00,2013-12-16 15:30:00,2925,2013-12-16 15:30:00,4.074803802964789,41.30898865,2,5.0,True
realKnownCause/machine_temperature_system_failure.csv,A_rolling_zscore,2950,2951,2013-12-16 17:35:00,2013-12-16 17:40:00,2950,2013-12-16 17:35:00,3.935384752799998,32.00170328,2,5.0,True
realKnownCause/machine_temperature_system_failure.csv,A_rolling_zscore,2963,2965,2013-12-16 18:40:00,2013-12-16 18:50:00,2963,2013-12-16 18:40:00,6.764412216384193,60.53594765,3,10.0,True
realKnownCause/machine_temperature_system_failure.csv,A_rolling_zscore,3513,3513,2013-12-18 16:30:00,2013-12-18 16:30:00,3513,2013-12-18 16:30:00,5.800914146975661,101.5922902,1,0.0,False
realKnownCause/machine_temperature_system_failure.csv,A_rolling_zscore,4065,4065,2013-12-20 14:30:00,2013-12-20 14:30:00,4065,2013-12-20 14:30:00,3.771131672441565,97.4444738,1,0.0,False
realKnownCause/machine_temperature_system_failure.csv,A_rolling_zscore,4250,4250,2013-12-21 05:55:00,2013-12-21 05:55:00,4250,2013-12-21 05:55:00,3.61970377622182,89.80828144,1,0.0,False
realKnownCause/machine_temperature_system_failure.csv,A_rolling_zscore,4287,4287,2013-12-21 09:00:00,2013-12-21 09:00:00,4287,2013-12-21 09:00:00,3.8554123392865742,85.71608226,1,0.0,False
realKnownCause/machine_temperature_system_failure.csv,A_rolling_zscore,4331,4331,2013-12-21 12:40:00,2013-12-21 12:40:00,4331,2013-12-21 12:40:00,3.6030086685767517,89.33332669,1,0.0,False
realKnownCause/machine_temperature_system_failure.csv,A_rolling_zscore,4425,4425,2013-12-21 20:30:00,2013-12-21 20:30:00,4425,2013-12-21 20:30:00,3.843013268757815,92.01572713,1,0.0,False
realKnownCause/machine_temperature_system_failure.csv,A_rolling_zscore,4882,4883,2013-12-23 10:35:00,2013-12-23 10:40:00,4882,2013-12-23 10:35:00,3.9624413047710227,82.31456172,2,5.0,False
realKnownCause/machine_temperature_system_failure.csv,A_rolling_zscore,4913,4913,2013-12-23 13:10:00,2013-12-23 13:10:00,4913,2013-12-23 13:10:00,3.82792327397041,75.66032144,1,0.0,False
realKnownCause/machine_temperature_system_failure.csv,A_rolling_zscore,4932,4932,2013-12-23 14:45:00,2013-12-23 14:45:00,4932,2013-12-23 14:45:00,3.6930631133818737,81.02946553,1,0.0,False
realKnownCause/machine_temperature_system_failure.csv,A_rolling_zscore,5018,5018,2013-12-23 21:55:00,2013-12-23 21:55:00,5018,2013-12-23 21:55:00,4.249055078412842,97.90539664,1,0.0,False
realKnownCause/machine_temperature_system_failure.csv,A_rolling_zscore,5165,5165,2013-12-24 10:10:00,2013-12-24 10:10:00,5165,2013-12-24 10:10:00,4.475085413891991,84.74916752,1,0.0,False
realKnownCause/machine_temperature_system_failure.csv,A_rolling_zscore,5218,5218,2013-12-24 14:35:00,2013-12-24 14:35:00,5218,2013-12-24 14:35:00,3.9965017033383012,74.11797440000002,1,0.0,False
realKnownCause/machine_temperature_system_failure.csv,A_rolling_zscore,5321,5322,2013-12-24 23:10:00,2013-12-24 23:15:00,5321,2013-12-24 23:10:00,3.9859326553034506,75.11623986,2,5.0,False
realKnownCause/machine_temperature_system_failure.csv,A_rolling_zscore,5389,5389,2013-12-25 04:50:00,2013-12-25 04:50:00,5389,2013-12-25 04:50:00,3.794191123915299,90.46726141,1,0.0,False
realKnownCause/machine_temperature_system_failure.csv,A_rolling_zscore,5490,5490,2013-12-25 13:15:00,2013-12-25 13:15:00,5490,2013-12-25 13:15:00,4.388138370261259,91.29613726,1,0.0,False
realKnownCause/machine_temperature_system_failure.csv,A_rolling_zscore,5516,5516,2013-12-25 15:25:00,2013-12-25 15:25:00,5516,2013-12-25 15:25:00,3.7128828747052256,96.564505,1,0.0,False
realKnownCause/machine_temperature_system_failure.csv,A_rolling_zscore,5679,5679,2013-12-26 05:00:00,2013-12-26 05:00:00,5679,2013-12-26 05:00:00,3.719658223387493,99.10278029,1,0.0,False
realKnownCause/machine_temperature_system_failure.csv,A_rolling_zscore,5876,5876,2013-12-26 21:25:00,2013-12-26 21:25:00,5876,2013-12-26 21:25:00,4.6613353801965,98.54049377,1,0.0,False
realKnownCause/machine_temperature_system_failure.csv,A_rolling_zscore,6090,6090,2013-12-27 15:15:00,2013-12-27 15:15:00,6090,2013-12-27 15:15:00,4.515196099775944,91.50192675,1,0.0,False
realKnownCause/machine_temperature_system_failure.csv,A_rolling_zscore,6100,6101,2013-12-27 16:05:00,2013-12-27 16:10:00,6101,2013-12-27 16:10:00,3.760963545852969,88.16452018,2,5.0,False
realKnownCause/machine_temperature_system_failure.csv,A_rolling_zscore,6140,6141,2013-12-27 19:25:00,2013-12-27 19:30:00,6140,2013-12-27 19:25:00,6.567489760020841,73.90275684,2,5.0,False
realKnownCause/machine_temperature_system_failure.csv,A_rolling_zscore,6166,6166,2013-12-27 21:35:00,2013-12-27 21:35:00,6166,2013-12-27 21:35:00,4.330911890017576,83.91669303,1,0.0,False
realKnownCause/machine_temperature_system_failure.csv,A_rolling_zscore,6186,6186,2013-12-27 23:15:00,2013-12-27 23:15:00,6186,2013-12-27 23:15:00,5.287072312026062,75.67487922,1,0.0,False
realKnownCause/machine_temperature_system_failure.csv,A_rolling_zscore,6246,6246,2013-12-28 04:15:00,2013-12-28 04:15:00,6246,2013-12-28 04:15:00,3.935442155482901,78.64081353,1,0.0,False
realKnownCause/machine_temperature_system_failure.csv,A_rolling_zscore,6374,6374,2013-12-28 14:55:00,2013-12-28 14:55:00,6374,2013-12-28 14:55:00,3.921166099126002,83.54574105,1,0.0,False
realKnownCause/machine_temperature_system_failure.csv,A_rolling_zscore,6506,6506,2013-12-29 01:55:00,2013-12-29 01:55:00,6506,2013-12-29 01:55:00,4.490448747611842,85.57077618,1,0.0,False
realKnownCause/machine_temperature_system_failure.csv,A_rolling_zscore,6535,6535,2013-12-29 04:20:00,2013-12-29 04:20:00,6535,2013-12-29 04:20:00,3.5775020983989982,88.48201284,1,0.0,False
realKnownCause/machine_temperature_system_failure.csv,A_rolling_zscore,6713,6713,2013-12-29 19:10:00,2013-12-29 19:10:00,6713,2013-12-29 19:10:00,3.7127973102967537,86.6833781,1,0.0,False
realKnownCause/machine_temperature_system_failure.csv,A_rolling_zscore,6883,6886,2013-12-30 09:20:00,2013-12-30 09:35:00,6886,2013-12-30 09:35:00,3.8785723078294985,86.67683317,2,15.0,False
realKnownCause/machine_temperature_system_failure.csv,A_rolling_zscore,6913,6913,2013-12-30 11:50:00,2013-12-30 11:50:00,6913,2013-12-30 11:50:00,4.734796444702188,86.15663301,1,0.0,False
realKnownCause/machine_temperature_system_failure.csv,A_rolling_zscore,6945,6945,2013-12-30 14:30:00,2013-12-30 14:30:00,6945,2013-12-30 14:30:00,3.632662045196677,90.75953337,1,0.0,False
realKnownCause/machine_temperature_system_failure.csv,A_rolling_zscore,7241,7241,2013-12-31 15:10:00,2013-12-31 15:10:00,7241,2013-12-31 15:10:00,3.73592521744721,87.70399198,1,0.0,False
realKnownCause/machine_temperature_system_failure.csv,A_rolling_zscore,7313,7313,2013-12-31 21:10:00,2013-12-31 21:10:00,7313,2013-12-31 21:10:00,3.8269573706357747,96.12586836,1,0.0,False
realKnownCause/machine_temperature_system_failure.csv,A_rolling_zscore,7717,7717,2014-01-02 06:50:00,2014-01-02 06:50:00,7717,2014-01-02 06:50:00,4.524234095107921,90.00476208,1,0.0,False
realKnownCause/machine_temperature_system_failure.csv,A_rolling_zscore,7734,7734,2014-01-02 08:15:00,2014-01-02 08:15:00,7734,2014-01-02 08:15:00,3.7984031025854366,83.95560999,1,0.0,False
realKnownCause/machine_temperature_system_failure.csv,A_rolling_zscore,7756,7757,2014-01-02 10:05:00,2014-01-02 10:10:00,7757,2014-01-02 10:10:00,3.897101924851823,82.54602534,2,5.0,False
realKnownCause/machine_temperature_system_failure.csv,A_rolling_zscore,7844,7844,2014-01-02 17:25:00,2014-01-02 17:25:00,7844,2014-01-02 17:25:00,3.9663212690566065,76.98506040000002,1,0.0,False
realKnownCause/machine_temperature_system_failure.csv,A_rolling_zscore,8169,8169,2014-01-03 20:30:00,2014-01-03 20:30:00,8169,2014-01-03 20:30:00,3.9636432268351673,93.1153972,1,0.0,False
realKnownCause/machine_temperature_system_failure.csv,A_rolling_zscore,8634,8634,2014-01-05 11:15:00,2014-01-05 11:15:00,8634,2014-01-05 11:15:00,3.567086344232488,78.54257431,1,0.0,False
realKnownCause/machine_temperature_system_failure.csv,A_rolling_zscore,8712,8714,2014-01-05 17:45:00,2014-01-05 17:55:00,8712,2014-01-05 17:45:00,8.838178113317982,61.76616859,3,10.0,False
realKnownCause/machine_temperature_system_failure.csv,A_rolling_zscore,8793,8793,2014-01-06 00:30:00,2014-01-06 00:30:00,8793,2014-01-06 00:30:00,4.6087688964839995,76.44159512,1,0.0,False
realKnownCause/machine_temperature_system_failure.csv,A_rolling_zscore,8933,8933,2014-01-06 12:10:00,2014-01-06 12:10:00,8933,2014-01-06 12:10:00,3.82844983625802,83.3553848,1,0.0,False
realKnownCause/machine_temperature_system_failure.csv,A_rolling_zscore,9062,9062,2014-01-06 22:55:00,2014-01-06 22:55:00,9062,2014-01-06 22:55:00,3.983553422432487,92.50914884,1,0.0,False
realKnownCause/machine_temperature_system_failure.csv,A_rolling_zscore,9111,9111,2014-01-07 03:00:00,2014-01-07 03:00:00,9111,2014-01-07 03:00:00,4.821625051099456,91.4571636,1,0.0,False
realKnownCause/machine_temperature_system_failure.csv,A_rolling_zscore,9115,9115,2014-01-07 03:20:00,2014-01-07 03:20:00,9115,2014-01-07 03:20:00,4.480067285888435,89.92288714,1,0.0,False
realKnownCause/machine_temperature_system_failure.csv,A_rolling_zscore,9659,9659,2014-01-09 00:40:00,2014-01-09 00:40:00,9659,2014-01-09 00:40:00,3.953592479987237,99.06263317,1,0.0,False
realKnownCause/machine_temperature_system_failure.csv,A_rolling_zscore,9737,9737,2014-01-09 07:10:00,2014-01-09 07:10:00,9737,2014-01-09 07:10:00,4.048306996016359,88.38557926,1,0.0,False
realKnownCause/machine_temperature_system_failure.csv,A_rolling_zscore,9876,9876,2014-01-09 18:45:00,2014-01-09 18:45:00,9876,2014-01-09 18:45:00,4.179526298696239,84.17476024,1,0.0,False
realKnownCause/machine_temperature_system_failure.csv,A_rolling_zscore,10418,10418,2014-01-11 15:55:00,2014-01-11 15:55:00,10418,2014-01-11 15:55:00,3.58130935901367,96.41472363,1,0.0,False
realKnownCause/machine_temperature_system_failure.csv,A_rolling_zscore,10555,10555,2014-01-12 03:20:00,2014-01-12 03:20:00,10555,2014-01-12 03:20:00,3.671623832085155,99.54107439,1,0.0,False
realKnownCause/machine_temperature_system_failure.csv,A_rolling_zscore,10609,10609,2014-01-12 07:50:00,2014-01-12 07:50:00,10609,2014-01-12 07:50:00,5.888587482118639,93.67527532,1,0.0,False
realKnownCause/machine_temperature_system_failure.csv,A_rolling_zscore,10628,10628,2014-01-12 09:25:00,2014-01-12 09:25:00,10628,2014-01-12 09:25:00,3.580872403215651,90.3962641,1,0.0,False
realKnownCause/machine_temperature_system_failure.csv,A_rolling_zscore,10830,10830,2014-01-13 02:15:00,2014-01-13 02:15:00,10830,2014-01-13 02:15:00,4.245973516701731,89.32274038,1,0.0,False
realKnownCause/machine_temperature_system_failure.csv,A_rolling_zscore,10921,10924,2014-01-13 09:50:00,2014-01-13 10:05:00,10921,2014-01-13 09:50:00,5.5313256802992825,78.90022126,2,15.0,False
realKnownCause/machine_temperature_system_failure.csv,A_rolling_zscore,10939,10939,2014-01-13 11:20:00,2014-01-13 11:20:00,10939,2014-01-13 11:20:00,3.9201196558904825,76.24424226,1,0.0,False
realKnownCause/machine_temperature_system_failure.csv,A_rolling_zscore,10983,10986,2014-01-13 15:00:00,2014-01-13 15:15:00,10983,2014-01-13 15:00:00,4.4570877867715275,66.34994201,2,15.0,False
realKnownCause/machine_temperature_system_failure.csv,A_rolling_zscore,11058,11059,2014-01-13 21:15:00,2014-01-13 21:20:00,11058,2014-01-13 21:15:00,4.622070344781796,66.59543434,2,5.0,False
realKnownCause/machine_temperature_system_failure.csv,A_rolling_zscore,11335,11335,2014-01-14 20:20:00,2014-01-14 20:20:00,11335,2014-01-14 20:20:00,4.064932171392646,93.33431868,1,0.0,False
realKnownCause/machine_temperature_system_failure.csv,A_rolling_zscore,11402,11402,2014-01-15 01:55:00,2014-01-15 01:55:00,11402,2014-01-15 01:55:00,3.853620126703223,100.3675723,1,0.0,False
realKnownCause/machine_temperature_system_failure.csv,A_rolling_zscore,11485,11485,2014-01-15 08:50:00,2014-01-15 08:50:00,11485,2014-01-15 08:50:00,3.8641232243787607,89.07262641,1,0.0,False
realKnownCause/machine_temperature_system_failure.csv,A_rolling_zscore,11509,11509,2014-01-15 10:50:00,2014-01-15 10:50:00,11509,2014-01-15 10:50:00,4.262713456170638,92.33197291,1,0.0,False
realKnownCause/machine_temperature_system_failure.csv,A_rolling_zscore,11618,11618,2014-01-15 19:55:00,2014-01-15 19:55:00,11618,2014-01-15 19:55:00,3.9898986062991084,91.56063807,1,0.0,False
realKnownCause/machine_temperature_system_failure.csv,A_rolling_zscore,11666,11666,2014-01-15 23:55:00,2014-01-15 23:55:00,11666,2014-01-15 23:55:00,5.097225302233313,88.76895024,1,0.0,False
realKnownCause/machine_temperature_system_failure.csv,A_rolling_zscore,11736,11736,2014-01-16 05:45:00,2014-01-16 05:45:00,11736,2014-01-16 05:45:00,3.821106781045772,94.10119205,1,0.0,False
realKnownCause/machine_temperature_system_failure.csv,A_rolling_zscore,11766,11768,2014-01-16 08:15:00,2014-01-16 08:25:00,11768,2014-01-16 08:25:00,4.389454298638291,85.42370319,3,10.0,False
realKnownCause/machine_temperature_system_failure.csv,A_rolling_zscore,11819,11821,2014-01-16 12:40:00,2014-01-16 12:50:00,11820,2014-01-16 12:45:00,5.921833795102809,70.20186963,3,10.0,False
realKnownCause/machine_temperature_system_failure.csv,A_rolling_zscore,11885,11885,2014-01-16 18:10:00,2014-01-16 18:10:00,11885,2014-01-16 18:10:00,5.018788609517539,91.95087412,1,0.0,False
realKnownCause/machine_temperature_system_failure.csv,A_rolling_zscore,11953,11953,2014-01-16 23:50:00,2014-01-16 23:50:00,11953,2014-01-16 23:50:00,4.552691491334888,91.95132366,1,0.0,False
realKnownCause/machine_temperature_system_failure.csv,A_rolling_zscore,11999,11999,2014-01-17 03:40:00,2014-01-17 03:40:00,11999,2014-01-17 03:40:00,4.2403564535038285,88.0751395,1,0.0,False
realKnownCause/machine_temperature_system_failure.csv,A_rolling_zscore,12181,12181,2014-01-17 18:50:00,2014-01-17 18:50:00,12181,2014-01-17 18:50:00,3.8770751563074533,88.46702759,1,0.0,False
realKnownCause/machine_temperature_system_failure.csv,A_rolling_zscore,12327,12327,2014-01-18 07:00:00,2014-01-18 07:00:00,12327,2014-01-18 07:00:00,3.860741853654766,81.47754563,1,0.0,False
realKnownCause/machine_temperature_system_failure.csv,A_rolling_zscore,12407,12407,2014-01-18 13:40:00,2014-01-18 13:40:00,12407,2014-01-18 13:40:00,3.6895808735216007,77.63993827,1,0.0,False
realKnownCause/machine_temperature_system_failure.csv,A_rolling_zscore,12502,12502,2014-01-18 21:35:00,2014-01-18 21:35:00,12502,2014-01-18 21:35:00,4.507950744956189,90.02799201,1,0.0,False
realKnownCause/machine_temperature_system_failure.csv,A_rolling_zscore,12970,12971,2014-01-20 12:35:00,2014-01-20 12:40:00,12971,2014-01-20 12:40:00,5.0020096386080874,77.50819244,2,5.0,False
realKnownCause/machine_temperature_system_failure.csv,A_rolling_zscore,13005,13005,2014-01-20 15:30:00,2014-01-20 15:30:00,13005,2014-01-20 15:30:00,4.323530598909196,73.12806433,1,0.0,False
realKnownCause/machine_temperature_system_failure.csv,A_rolling_zscore,13028,13029,2014-01-20 17:25:00,2014-01-20 17:30:00,13028,2014-01-20 17:25:00,4.528980440852355,70.43482298,2,5.0,False
realKnownCause/machine_temperature_system_failure.csv,A_rolling_zscore,13143,13143,2014-01-21 03:00:00,2014-01-21 03:00:00,13143,2014-01-21 03:00:00,3.7897290416296223,80.3948072,1,0.0,False
realKnownCause/machine_temperature_system_failure.csv,A_rolling_zscore,13402,13402,2014-01-22 00:35:00,2014-01-22 00:35:00,13402,2014-01-22 00:35:00,3.8396102108719505,83.53021422,1,0.0,False
realKnownCause/machine_temperature_system_failure.csv,A_rolling_zscore,13414,13414,2014-01-22 01:35:00,2014-01-22 01:35:00,13414,2014-01-22 01:35:00,4.7485658212348145,78.87034479,1,0.0,False
realKnownCause/machine_temperature_system_failure.csv,A_rolling_zscore,13450,13450,2014-01-22 04:35:00,2014-01-22 04:35:00,13450,2014-01-22 04:35:00,3.9321681537212774,80.50358496,1,0.0,False
realKnownCause/machine_temperature_system_failure.csv,A_rolling_zscore,13557,13558,2014-01-22 13:30:00,2014-01-22 13:35:00,13557,2014-01-22 13:30:00,3.903055591213096,70.68921377,2,5.0,False
realKnownCause/machine_temperature_system_failure.csv,A_rolling_zscore,13595,13595,2014-01-22 16:40:00,2014-01-22 16:40:00,13595,2014-01-22 16:40:00,4.777853117161218,84.98704999,1,0.0,False
realKnownCause/machine_temperature_system_failure.csv,A_rolling_zscore,13711,13711,2014-01-23 02:20:00,2014-01-23 02:20:00,13711,2014-01-23 02:20:00,4.022829199986493,93.0947782,1,0.0,False
realKnownCause/machine_temperature_system_failure.csv,A_rolling_zscore,13745,13745,2014-01-23 05:10:00,2014-01-23 05:10:00,13745,2014-01-23 05:10:00,5.293256655116474,91.92031453,1,0.0,False
realKnownCause/machine_temperature_system_failure.csv,A_rolling_zscore,13867,13868,2014-01-23 15:20:00,2014-01-23 15:25:00,13867,2014-01-23 15:20:00,3.858190478709165,80.56368562,2,5.0,False
realKnownCause/machine_temperature_system_failure.csv,A_rolling_zscore,13888,13889,2014-01-23 17:05:00,2014-01-23 17:10:00,13888,2014-01-23 17:05:00,5.050873988158068,77.35914745,2,5.0,False
realKnownCause/machine_temperature_system_failure.csv,A_rolling_zscore,13928,13928,2014-01-23 20:25:00,2014-01-23 20:25:00,13928,2014-01-23 20:25:00,4.614632092051252,90.25509543,1,0.0,False
realKnownCause/machine_temperature_system_failure.csv,A_rolling_zscore,13988,13988,2014-01-24 01:25:00,2014-01-24 01:25:00,13988,2014-01-24 01:25:00,3.6555494382163003,87.93392257,1,0.0,False
realKnownCause/machine_temperature_system_failure.csv,A_rolling_zscore,14124,14126,2014-01-24 12:45:00,2014-01-24 12:55:00,14124,2014-01-24 12:45:00,6.343691595746346,59.50969268,3,10.0,False
realKnownCause/machine_temperature_system_failure.csv,A_rolling_zscore,14164,14164,2014-01-24 16:05:00,2014-01-24 16:05:00,14164,2014-01-24 16:05:00,4.068841081579506,82.40615211,1,0.0,False
realKnownCause/machine_temperature_system_failure.csv,A_rolling_zscore,14413,14413,2014-01-25 12:50:00,2014-01-25 12:50:00,14413,2014-01-25 12:50:00,3.98529702094441,75.71857447,1,0.0,False
realKnownCause/machine_temperature_system_failure.csv,A_rolling_zscore,14969,14972,2014-01-27 11:10:00,2014-01-27 11:25:00,14972,2014-01-27 11:25:00,3.8825483255199598,76.59651746,2,15.0,False
realKnownCause/machine_temperature_system_failure.csv,A_rolling_zscore,15047,15049,2014-01-27 17:40:00,2014-01-27 17:50:00,15047,2014-01-27 17:40:00,6.8974667915527075,67.46342078,3,10.0,True
realKnownCause/machine_temperature_system_failure.csv,A_rolling_zscore,15103,15103,2014-01-27 22:20:00,2014-01-27 22:20:00,15103,2014-01-27 22:20:00,4.370878802741123,60.92892473,1,0.0,True
realKnownCause/machine_temperature_system_failure.csv,A_rolling_zscore,15164,15165,2014-01-28 03:25:00,2014-01-28 03:30:00,15164,2014-01-28 03:25:00,4.369966715290705,67.10757126,2,5.0,True
realKnownCause/machine_temperature_system_failure.csv,A_rolling_zscore,15240,15240,2014-01-28 09:45:00,2014-01-28 09:45:00,15240,2014-01-28 09:45:00,3.7559855508219915,64.26113668,1,0.0,True
realKnownCause/machine_temperature_system_failure.csv,A_rolling_zscore,15300,15300,2014-01-28 14:45:00,2014-01-28 14:45:00,15300,2014-01-28 14:45:00,3.5856924112277726,54.35181093,1,0.0,True
realKnownCause/machine_temperature_system_failure.csv,A_rolling_zscore,15330,15330,2014-01-28 17:15:00,2014-01-28 17:15:00,15330,2014-01-28 17:15:00,3.5679407863751473,54.17767777,1,0.0,True
realKnownCause/machine_temperature_system_failure.csv,A_rolling_zscore,15353,15356,2014-01-28 19:10:00,2014-01-28 19:25:00,15354,2014-01-28 19:15:00,4.428126655141676,60.93058624,3,15.0,True
realKnownCause/machine_temperature_system_failure.csv,A_rolling_zscore,15386,15386,2014-01-28 21:55:00,2014-01-28 21:55:00,15386,2014-01-28 21:55:00,6.206944142551477,63.7005295,1,0.0,True
realKnownCause/machine_temperature_system_failure.csv,A_rolling_zscore,15517,15518,2014-01-29 08:50:00,2014-01-29 08:55:00,15517,2014-01-29 08:50:00,5.127496312530919,72.34275322,2,5.0,True
realKnownCause/machine_temperature_system_failure.csv,A_rolling_zscore,15619,15619,2014-01-29 17:20:00,2014-01-29 17:20:00,15619,2014-01-29 17:20:00,3.7274158096722285,57.74253294,1,0.0,False
realKnownCause/machine_temperature_system_failure.csv,A_rolling_zscore,15634,15636,2014-01-29 18:35:00,2014-01-29 18:45:00,15634,2014-01-29 18:35:00,3.8801143969368073,65.35357815,2,10.0,False
realKnownCause/machine_temperature_system_failure.csv,A_rolling_zscore,15689,15689,2014-01-29 23:10:00,2014-01-29 23:10:00,15689,2014-01-29 23:10:00,3.782599549392356,86.7396788,1,0.0,False
realKnownCause/machine_temperature_system_failure.csv,A_rolling_zscore,15786,15786,2014-01-30 07:15:00,2014-01-30 07:15:00,15786,2014-01-30 07:15:00,4.470188175931703,70.528828,1,0.0,False
realKnownCause/machine_temperature_system_failure.csv,A_rolling_zscore,15840,15840,2014-01-30 11:45:00,2014-01-30 11:45:00,15840,2014-01-30 11:45:00,4.009052367014825,74.65540973,1,0.0,False
realKnownCause/machine_temperature_system_failure.csv,A_rolling_zscore,15982,15984,2014-01-30 23:35:00,2014-01-30 23:45:00,15982,2014-01-30 23:35:00,7.978887779586713,64.43061487,3,10.0,False
realKnownCause/machine_temperature_system_failure.csv,A_rolling_zscore,15999,15999,2014-01-31 01:00:00,2014-01-31 01:00:00,15999,2014-01-31 01:00:00,4.384689707637268,74.50390235,1,0.0,False
realKnownCause/machine_temperature_system_failure.csv,A_rolling_zscore,16070,16070,2014-01-31 06:55:00,2014-01-31 06:55:00,16070,2014-01-31 06:55:00,3.6747836712271216,87.37280958,1,0.0,False
realKnownCause/machine_temperature_system_failure.csv,A_rolling_zscore,16102,16102,2014-01-31 09:35:00,2014-01-31 09:35:00,16102,2014-01-31 09:35:00,4.381336978745152,77.05648302,1,0.0,False
realKnownCause/machine_temperature_system_failure.csv,A_rolling_zscore,16255,16255,2014-01-31 22:20:00,2014-01-31 22:20:00,16255,2014-01-31 22:20:00,3.5908599992013395,93.09735332,1,0.0,False
realKnownCause/machine_temperature_system_failure.csv,A_rolling_zscore,16332,16332,2014-02-01 04:45:00,2014-02-01 04:45:00,16332,2014-02-01 04:45:00,4.107814237475058,93.12089094,1,0.0,False
realKnownCause/machine_temperature_system_failure.csv,A_rolling_zscore,16538,16538,2014-02-01 21:55:00,2014-02-01 21:55:00,16538,2014-02-01 21:55:00,5.103559744489999,88.72273746,1,0.0,False
realKnownCause/machine_temperature_system_failure.csv,A_rolling_zscore,16662,16662,2014-02-02 08:15:00,2014-02-02 08:15:00,16662,2014-02-02 08:15:00,4.228824361590845,95.31888297,1,0.0,False
realKnownCause/machine_temperature_system_failure.csv,A_rolling_zscore,16723,16723,2014-02-02 13:20:00,2014-02-02 13:20:00,16723,2014-02-02 13:20:00,3.6044023606327102,95.40884925,1,0.0,False
realKnownCause/machine_temperature_system_failure.csv,A_rolling_zscore,16847,16848,2014-02-02 23:40:00,2014-02-02 23:45:00,16847,2014-02-02 23:40:00,4.941972666732895,87.96739664,2,5.0,False
realKnownCause/machine_temperature_system_failure.csv,A_rolling_zscore,16891,16891,2014-02-03 03:20:00,2014-02-03 03:20:00,16891,2014-02-03 03:20:00,3.56551927547298,57.44314814,1,0.0,False
realKnownCause/machine_temperature_system_failure.csv,A_rolling_zscore,16993,16996,2014-02-03 11:50:00,2014-02-03 12:05:00,16994,2014-02-03 11:55:00,9.018267593010867,60.11197269,4,15.0,False
realKnownCause/machine_temperature_system_failure.csv,A_rolling_zscore,17040,17040,2014-02-03 15:45:00,2014-02-03 15:45:00,17040,2014-02-03 15:45:00,4.097298240522457,99.83148903,1,0.0,False
realKnownCause/machine_temperature_system_failure.csv,A_rolling_zscore,17227,17227,2014-02-04 07:20:00,2014-02-04 07:20:00,17227,2014-02-04 07:20:00,3.6416381613646003,98.10352445,1,0.0,False
realKnownCause/machine_temperature_system_failure.csv,A_rolling_zscore,17453,17453,2014-02-05 02:10:00,2014-02-05 02:10:00,17453,2014-02-05 02:10:00,3.6472478333325453,80.64534436,1,0.0,False
realKnownCause/machine_temperature_system_failure.csv,A_rolling_zscore,17488,17490,2014-02-05 05:05:00,2014-02-05 05:15:00,17489,2014-02-05 05:10:00,4.450591808871461,73.78692264,3,10.0,False
realKnownCause/machine_temperature_system_failure.csv,A_rolling_zscore,17672,17672,2014-02-05 20:25:00,2014-02-05 20:25:00,17672,2014-02-05 20:25:00,3.5964110728032983,93.07927278,1,0.0,False
realKnownCause/machine_temperature_system_failure.csv,A_rolling_zscore,17955,17955,2014-02-06 20:00:00,2014-02-06 20:00:00,17955,2014-02-06 20:00:00,3.83277881106753,97.28878069,1,0.0,False
realKnownCause/machine_temperature_system_failure.csv,A_rolling_zscore,18267,18267,2014-02-07 22:00:00,2014-02-07 22:00:00,18267,2014-02-07 22:00:00,4.359841718000234,47.52361042,1,0.0,True
realKnownCause/machine_temperature_system_failure.csv,A_rolling_zscore,18456,18456,2014-02-08 13:45:00,2014-02-08 13:45:00,18456,2014-02-08 13:45:00,4.156306044354493,26.90880571,1,0.0,True
realKnownCause/machine_temperature_system_failure.csv,A_rolling_zscore,18478,18478,2014-02-08 15:35:00,2014-02-08 15:35:00,18478,2014-02-08 15:35:00,4.283994271554981,29.25443175,1,0.0,True
realKnownCause/machine_temperature_system_failure.csv,A_rolling_zscore,18721,18724,2014-02-09 11:50:00,2014-02-09 12:05:00,18722,2014-02-09 11:55:00,8.532899644297752,43.97130304,4,15.0,True
realKnownCause/machine_temperature_system_failure.csv,A_rolling_zscore,18765,18765,2014-02-09 15:30:00,2014-02-09 15:30:00,18765,2014-02-09 15:30:00,3.8090734477072203,90.27314745,1,0.0,False
realKnownCause/machine_temperature_system_failure.csv,A_rolling_zscore,18881,18881,2014-02-10 01:10:00,2014-02-10 01:10:00,18881,2014-02-10 01:10:00,3.765405418620009,93.12128877,1,0.0,False
realKnownCause/machine_temperature_system_failure.csv,A_rolling_zscore,18887,18887,2014-02-10 01:40:00,2014-02-10 01:40:00,18887,2014-02-10 01:40:00,3.5885869864810482,94.68770186,1,0.0,False
realKnownCause/machine_temperature_system_failure.csv,A_rolling_zscore,19111,19111,2014-02-10 20:20:00,2014-02-10 20:20:00,19111,2014-02-10 20:20:00,4.8949794996111535,90.51819557,1,0.0,False
realKnownCause/machine_temperature_system_failure.csv,A_rolling_zscore,19422,19422,2014-02-11 22:15:00,2014-02-11 22:15:00,19422,2014-02-11 22:15:00,3.8869504571029148,96.13332374,1,0.0,False
realKnownCause/machine_temperature_system_failure.csv,A_rolling_zscore,19590,19590,2014-02-12 12:15:00,2014-02-12 12:15:00,19590,2014-02-12 12:15:00,3.8412053403567517,98.51242096,1,0.0,False
realKnownCause/machine_temperature_system_failure.csv,A_rolling_zscore,19609,19609,2014-02-12 13:50:00,2014-02-12 13:50:00,19609,2014-02-12 13:50:00,3.8060980902553503,102.9023094,1,0.0,False
realKnownCause/machine_temperature_system_failure.csv,A_rolling_zscore,19961,19961,2014-02-13 19:10:00,2014-02-13 19:10:00,19961,2014-02-13 19:10:00,3.92318103062639,86.49423358,1,0.0,False
realKnownCause/machine_temperature_system_failure.csv,A_rolling_zscore,20374,20374,2014-02-15 05:35:00,2014-02-15 05:35:00,20374,2014-02-15 05:35:00,4.042607627394584,87.95835624,1,0.0,False
realKnownCause/machine_temperature_system_failure.csv,A_rolling_zscore,20467,20467,2014-02-15 13:20:00,2014-02-15 13:20:00,20467,2014-02-15 13:20:00,3.703261402427087,96.63334714,1,0.0,False
realKnownCause/machine_temperature_system_failure.csv,A_rolling_zscore,20697,20697,2014-02-16 08:30:00,2014-02-16 08:30:00,20697,2014-02-16 08:30:00,5.029204209390503,97.1555224,1,0.0,False
realKnownCause/machine_temperature_system_failure.csv,A_rolling_zscore,20742,20742,2014-02-16 12:15:00,2014-02-16 12:15:00,20742,2014-02-16 12:15:00,4.133798592443009,100.4903167,1,0.0,False
realKnownCause/machine_temperature_system_failure.csv,A_rolling_zscore,20910,20910,2014-02-17 02:15:00,2014-02-17 02:15:00,20910,2014-02-17 02:15:00,3.69619550718643,94.0966893,1,0.0,False
realKnownCause/machine_temperature_system_failure.csv,A_rolling_zscore,21131,21131,2014-02-17 20:40:00,2014-02-17 20:40:00,21131,2014-02-17 20:40:00,3.65069253511904,91.11223748,1,0.0,False
realKnownCause/machine_temperature_system_failure.csv,A_rolling_zscore,21152,21152,2014-02-17 22:25:00,2014-02-17 22:25:00,21152,2014-02-17 22:25:00,3.9236514037450543,94.46290998,1,0.0,False
realKnownCause/machine_temperature_system_failure.csv,A_rolling_zscore,21291,21291,2014-02-18 10:00:00,2014-02-18 10:00:00,21291,2014-02-18 10:00:00,3.5835507725957476,89.47570086,1,0.0,False
realKnownCause/machine_temperature_system_failure.csv,A_rolling_zscore,21347,21347,2014-02-18 14:40:00,2014-02-18 14:40:00,21347,2014-02-18 14:40:00,4.869045251173694,83.73185038,1,0.0,False
realKnownCause/machine_temperature_system_failure.csv,A_rolling_zscore,21625,21625,2014-02-19 13:50:00,2014-02-19 13:50:00,21625,2014-02-19 13:50:00,3.777861852116437,96.8205562,1,0.0,False
realKnownCause/machine_temperature_system_failure.csv,B_iforest_raw,1340,1404,2013-12-11 03:25:00,2013-12-11 08:45:00,1340,2013-12-11 03:25:00,0.7245823757052602,94.55009546,63,320.0,True
realKnownCause/machine_temperature_system_failure.csv,B_iforest_raw,1479,1578,2013-12-11 15:00:00,2013-12-11 23:15:00,1479,2013-12-11 15:00:00,0.7245823757052602,94.61894712,84,495.0,True
realKnownCause/machine_temperature_system_failure.csv,B_iforest_raw,1582,1615,2013-12-11 23:35:00,2013-12-12 02:20:00,1582,2013-12-11 23:35:00,0.7245823757052602,95.73703352,25,165.0,True
realKnownCause/machine_temperature_system_failure.csv,B_iforest_raw,1619,1619,2013-12-12 02:40:00,2013-12-12 02:40:00,1619,2013-12-12 02:40:00,0.7245823757052602,94.81807379,1,0.0,True
realKnownCause/machine_temperature_system_failure.csv,B_iforest_raw,1754,1765,2013-12-12 13:55:00,2013-12-12 14:50:00,1754,2013-12-12 13:55:00,0.7245823757052602,94.36105527,8,55.0,False
realKnownCause/machine_temperature_system_failure.csv,B_iforest_raw,1771,1778,2013-12-12 15:20:00,2013-12-12 15:55:00,1771,2013-12-12 15:20:00,0.7245823757052602,94.84423494,4,35.0,False
realKnownCause/machine_temperature_system_failure.csv,B_iforest_raw,1782,1817,2013-12-12 16:15:00,2013-12-12 19:10:00,1782,2013-12-12 16:15:00,0.7245823757052602,95.80639926,30,175.0,False
realKnownCause/machine_temperature_system_failure.csv,B_iforest_raw,1821,1821,2013-12-12 19:30:00,2013-12-12 19:30:00,1821,2013-12-12 19:30:00,0.7245823757052602,94.43416726,1,0.0,False
realKnownCause/machine_temperature_system_failure.csv,C_iforest_contextual,644,644,2013-12-08 17:25:00,2013-12-08 17:25:00,644,2013-12-08 17:25:00,0.6328249777463854,71.26380942,1,0.0,False
realKnownCause/machine_temperature_system_failure.csv,C_iforest_contextual,729,731,2013-12-09 00:30:00,2013-12-09 00:40:00,731,2013-12-09 00:40:00,0.6645355639972588,78.5637997,2,10.0,False
realKnownCause/machine_temperature_system_failure.csv,C_iforest_contextual,980,991,2013-12-09 21:25:00,2013-12-09 22:20:00,982,2013-12-09 21:35:00,0.6917185927858559,74.42274033,10,55.0,False
realKnownCause/machine_temperature_system_failure.csv,C_iforest_contextual,1280,1289,2013-12-10 22:25:00,2013-12-10 23:10:00,1284,2013-12-10 22:45:00,0.6872726708803316,76.1408429,7,45.0,True
realKnownCause/machine_temperature_system_failure.csv,C_iforest_contextual,2698,2698,2013-12-15 20:35:00,2013-12-15 20:35:00,2698,2013-12-15 20:35:00,0.6457220444686632,89.52758026,1,0.0,True
realKnownCause/machine_temperature_system_failure.csv,C_iforest_contextual,2702,2702,2013-12-15 20:55:00,2013-12-15 20:55:00,2702,2013-12-15 20:55:00,0.6346545119630986,85.56430111,1,0.0,True
realKnownCause/machine_temperature_system_failure.csv,C_iforest_contextual,2799,2799,2013-12-16 05:00:00,2013-12-16 05:00:00,2799,2013-12-16 05:00:00,0.6331537585028378,55.01842643,1,0.0,True
realKnownCause/machine_temperature_system_failure.csv,C_iforest_contextual,2924,2976,2013-12-16 15:25:00,2013-12-16 19:45:00,2951,2013-12-16 17:40:00,0.726412314552936,41.29106488,51,260.0,True
realKnownCause/machine_temperature_system_failure.csv,C_iforest_contextual,3062,3062,2013-12-17 02:55:00,2013-12-17 02:55:00,3062,2013-12-17 02:55:00,0.6413935181742695,79.7333571,1,0.0,True
realKnownCause/machine_temperature_system_failure.csv,C_iforest_contextual,3098,3098,2013-12-17 05:55:00,2013-12-17 05:55:00,3098,2013-12-17 05:55:00,0.6389457150820269,78.83362503,1,0.0,True
realKnownCause/machine_temperature_system_failure.csv,C_iforest_contextual,6115,6118,2013-12-27 17:20:00,2013-12-27 17:35:00,6118,2013-12-27 17:35:00,0.6396143511172345,67.89905429999999,3,15.0,False
realKnownCause/machine_temperature_system_failure.csv,C_iforest_contextual,6139,6147,2013-12-27 19:20:00,2013-12-27 20:00:00,6141,2013-12-27 19:30:00,0.6855995820003602,78.82136428,8,40.0,False
realKnownCause/machine_temperature_system_failure.csv,C_iforest_contextual,6195,6195,2013-12-28 00:00:00,2013-12-28 00:00:00,6195,2013-12-28 00:00:00,0.6393388706564095,74.50700962,1,0.0,False
realKnownCause/machine_temperature_system_failure.csv,C_iforest_contextual,6245,6252,2013-12-28 04:10:00,2013-12-28 04:45:00,6248,2013-12-28 04:25:00,0.6880564769485199,84.91454895,8,35.0,False
realKnownCause/machine_temperature_system_failure.csv,C_iforest_contextual,6270,6282,2013-12-28 06:15:00,2013-12-28 07:15:00,6274,2013-12-28 06:35:00,0.661302620811659,79.54324706,7,60.0,False
realKnownCause/machine_temperature_system_failure.csv,C_iforest_contextual,7756,7759,2014-01-02 10:05:00,2014-01-02 10:20:00,7757,2014-01-02 10:10:00,0.6733311510717015,82.54602534,3,15.0,False
realKnownCause/machine_temperature_system_failure.csv,C_iforest_contextual,8645,8648,2014-01-05 12:10:00,2014-01-05 12:25:00,8645,2014-01-05 12:10:00,0.641962500633102,69.61036102,2,15.0,False
realKnownCause/machine_temperature_system_failure.csv,C_iforest_contextual,8654,8654,2014-01-05 12:55:00,2014-01-05 12:55:00,8654,2014-01-05 12:55:00,0.6390624927607029,63.29321309,1,0.0,False
realKnownCause/machine_temperature_system_failure.csv,C_iforest_contextual,8705,8705,2014-01-05 17:10:00,2014-01-05 17:10:00,8705,2014-01-05 17:10:00,0.6436699742328188,55.01586888,1,0.0,False
realKnownCause/machine_temperature_system_failure.csv,C_iforest_contextual,8711,8723,2014-01-05 17:40:00,2014-01-05 18:40:00,8714,2014-01-05 17:55:00,0.7080122327750537,68.30337843,13,60.0,False
realKnownCause/machine_temperature_system_failure.csv,C_iforest_contextual,9023,9023,2014-01-06 19:40:00,2014-01-06 19:40:00,9023,2014-01-06 19:40:00,0.6470032012073526,84.40833595,1,0.0,False
realKnownCause/machine_temperature_system_failure.csv,C_iforest_contextual,10612,10620,2014-01-12 08:05:00,2014-01-12 08:45:00,10620,2014-01-12 08:45:00,0.6542607523745095,79.01787179,4,40.0,False
realKnownCause/machine_temperature_system_failure.csv,C_iforest_contextual,10626,10636,2014-01-12 09:15:00,2014-01-12 10:05:00,10628,2014-01-12 09:25:00,0.6758324454623462,90.3962641,9,50.0,False
realKnownCause/machine_temperature_system_failure.csv,C_iforest_contextual,10941,10941,2014-01-13 11:30:00,2014-01-13 11:30:00,10941,2014-01-13 11:30:00,0.6436281745008556,79.27899599,1,0.0,False
realKnownCause/machine_temperature_system_failure.csv,C_iforest_contextual,10986,10986,2014-01-13 15:15:00,2014-01-13 15:15:00,10986,2014-01-13 15:15:00,0.6367785154141209,69.05746904,1,0.0,False
realKnownCause/machine_temperature_system_failure.csv,C_iforest_contextual,11058,11063,2014-01-13 21:15:00,2014-01-13 21:40:00,11063,2014-01-13 21:40:00,0.6783089379782615,79.2515267,4,25.0,False
realKnownCause/machine_temperature_system_failure.csv,C_iforest_contextual,11067,11067,2014-01-13 22:00:00,2014-01-13 22:00:00,11067,2014-01-13 22:00:00,0.6339876071875057,79.82844942,1,0.0,False
realKnownCause/machine_temperature_system_failure.csv,C_iforest_contextual,11819,11822,2014-01-16 12:40:00,2014-01-16 12:55:00,11822,2014-01-16 12:55:00,0.6652511124427544,77.93259931,4,15.0,False
realKnownCause/machine_temperature_system_failure.csv,C_iforest_contextual,12974,12974,2014-01-20 12:55:00,2014-01-20 12:55:00,12974,2014-01-20 12:55:00,0.6311860870340572,78.01281553,1,0.0,False
realKnownCause/machine_temperature_system_failure.csv,C_iforest_contextual,13032,13033,2014-01-20 17:45:00,2014-01-20 17:50:00,13033,2014-01-20 17:50:00,0.6650831652743432,80.97173417,2,5.0,False
realKnownCause/machine_temperature_system_failure.csv,C_iforest_contextual,13038,13038,2014-01-20 18:15:00,2014-01-20 18:15:00,13038,2014-01-20 18:15:00,0.6351332229590729,82.71591877,1,0.0,False
realKnownCause/machine_temperature_system_failure.csv,C_iforest_contextual,14077,14079,2014-01-24 08:50:00,2014-01-24 09:00:00,14079,2014-01-24 09:00:00,0.6422513827328303,73.04721391,2,10.0,False
realKnownCause/machine_temperature_system_failure.csv,C_iforest_contextual,14124,14133,2014-01-24 12:45:00,2014-01-24 13:30:00,14126,2014-01-24 12:55:00,0.6821739545934303,69.57042962,7,45.0,False
realKnownCause/machine_temperature_system_failure.csv,C_iforest_contextual,15047,15049,2014-01-27 17:40:00,2014-01-27 17:50:00,15048,2014-01-27 17:45:00,0.667026350520214,71.0185338,3,10.0,True
realKnownCause/machine_temperature_system_failure.csv,C_iforest_contextual,15167,15167,2014-01-28 03:40:00,2014-01-28 03:40:00,15167,2014-01-28 03:40:00,0.6392571890580984,73.47914394,1,0.0,True
realKnownCause/machine_temperature_system_failure.csv,C_iforest_contextual,15359,15359,2014-01-28 19:40:00,2014-01-28 19:40:00,15359,2014-01-28 19:40:00,0.6678326950559522,70.43517209,1,0.0,True
realKnownCause/machine_temperature_system_failure.csv,C_iforest_contextual,15386,15386,2014-01-28 21:55:00,2014-01-28 21:55:00,15386,2014-01-28 21:55:00,0.6592846353035372,63.7005295,1,0.0,True
realKnownCause/machine_temperature_system_failure.csv,C_iforest_contextual,15636,15636,2014-01-29 18:45:00,2014-01-29 18:45:00,15636,2014-01-29 18:45:00,0.6420608770488553,70.54857907,1,0.0,False
realKnownCause/machine_temperature_system_failure.csv,C_iforest_contextual,15984,15984,2014-01-30 23:45:00,2014-01-30 23:45:00,15984,2014-01-30 23:45:00,0.6375246940187776,70.57282363,1,0.0,False
realKnownCause/machine_temperature_system_failure.csv,C_iforest_contextual,16110,16110,2014-01-31 10:15:00,2014-01-31 10:15:00,16110,2014-01-31 10:15:00,0.6314757993395385,66.79788601,1,0.0,False
realKnownCause/machine_temperature_system_failure.csv,C_iforest_contextual,16152,16154,2014-01-31 13:45:00,2014-01-31 13:55:00,16152,2014-01-31 13:45:00,0.6499205863962939,76.44230390000001,2,10.0,False
realKnownCause/machine_temperature_system_failure.csv,C_iforest_contextual,16662,16662,2014-02-02 08:15:00,2014-02-02 08:15:00,16662,2014-02-02 08:15:00,0.6384526424799829,95.31888297,1,0.0,False
realKnownCause/machine_temperature_system_failure.csv,C_iforest_contextual,16850,16850,2014-02-02 23:55:00,2014-02-02 23:55:00,16850,2014-02-02 23:55:00,0.636677137539126,82.20848783,1,0.0,False
realKnownCause/machine_temperature_system_failure.csv,C_iforest_contextual,16856,16856,2014-02-03 00:25:00,2014-02-03 00:25:00,16856,2014-02-03 00:25:00,0.6454144885956127,70.96892826,1,0.0,False
realKnownCause/machine_temperature_system_failure.csv,C_iforest_contextual,16860,16862,2014-02-03 00:45:00,2014-02-03 00:55:00,16860,2014-02-03 00:45:00,0.6415841159778106,68.36768599999999,2,10.0,False
realKnownCause/machine_temperature_system_failure.csv,C_iforest_contextual,16954,16954,2014-02-03 08:35:00,2014-02-03 08:35:00,16954,2014-02-03 08:35:00,0.6344454450007514,48.93508502,1,0.0,False
realKnownCause/machine_temperature_system_failure.csv,C_iforest_contextual,16993,17008,2014-02-03 11:50:00,2014-02-03 13:05:00,16996,2014-02-03 12:05:00,0.7046048490982908,77.27662004,16,75.0,False
realKnownCause/machine_temperature_system_failure.csv,C_iforest_contextual,17040,17040,2014-02-03 15:45:00,2014-02-03 15:45:00,17040,2014-02-03 15:45:00,0.6328203342137076,99.83148903,1,0.0,False
realKnownCause/machine_temperature_system_failure.csv,C_iforest_contextual,17488,17490,2014-02-05 05:05:00,2014-02-05 05:15:00,17490,2014-02-05 05:15:00,0.6570251462981944,77.66883176,2,10.0,False
realKnownCause/machine_temperature_system_failure.csv,C_iforest_contextual,18096,18099,2014-02-07 07:45:00,2014-02-07 08:00:00,18097,2014-02-07 07:50:00,0.651236418468035,72.97256412,3,15.0,False
realKnownCause/machine_temperature_system_failure.csv,C_iforest_contextual,18721,18736,2014-02-09 11:50:00,2014-02-09 13:05:00,18724,2014-02-09 12:05:00,0.7230712514520388,64.13476858,16,75.0,True
realKnownCause/nyc_taxi.csv,A_rolling_zscore,63,63,2014-07-18 22:30:00,2014-07-18 22:30:00,63,2014-07-18 22:30:00,26.45985621339969,26040.0,1,0.0,False
realKnownCause/nyc_taxi.csv,A_rolling_zscore,97,97,2014-07-19 15:30:00,2014-07-19 15:30:00,97,2014-07-19 15:30:00,16.02744877517816,18027.0,1,0.0,False
realKnownCause/nyc_taxi.csv,A_rolling_zscore,201,201,2014-07-21 19:30:00,2014-07-21 19:30:00,201,2014-07-21 19:30:00,50.0,21849.0,1,0.0,False
realKnownCause/nyc_taxi.csv,A_rolling_zscore,269,269,2014-07-23 05:30:00,2014-07-23 05:30:00,269,2014-07-23 05:30:00,19.04706075603746,4483.0,1,0.0,False
realKnownCause/nyc_taxi.csv,A_rolling_zscore,281,281,2014-07-23 11:30:00,2014-07-23 11:30:00,281,2014-07-23 11:30:00,14.471597821034791,19378.0,1,0.0,False
realKnownCause/nyc_taxi.csv,A_rolling_zscore,317,317,2014-07-24 05:30:00,2014-07-24 05:30:00,317,2014-07-24 05:30:00,15.528370312901544,4445.0,1,0.0,False
realKnownCause/nyc_taxi.csv,A_rolling_zscore,385,385,2014-07-25 15:30:00,2014-07-25 15:30:00,385,2014-07-25 15:30:00,50.0,15842.0,1,0.0,False
realKnownCause/nyc_taxi.csv,A_rolling_zscore,557,557,2014-07-29 05:30:00,2014-07-29 05:30:00,557,2014-07-29 05:30:00,21.222635011668853,4533.0,1,0.0,False
realKnownCause/nyc_taxi.csv,A_rolling_zscore,605,605,2014-07-30 05:30:00,2014-07-30 05:30:00,605,2014-07-30 05:30:00,24.5632601367888,4449.0,1,0.0,False
realKnownCause/nyc_taxi.csv,A_rolling_zscore,639,639,2014-07-30 22:30:00,2014-07-30 22:30:00,639,2014-07-30 22:30:00,14.7253533557263,23605.0,1,0.0,False
realKnownCause/nyc_taxi.csv,A_rolling_zscore,845,845,2014-08-04 05:30:00,2014-08-04 05:30:00,845,2014-08-04 05:30:00,18.613026711998902,4420.0,1,0.0,False
realKnownCause/nyc_taxi.csv,A_rolling_zscore,861,861,2014-08-04 13:30:00,2014-08-04 13:30:00,861,2014-08-04 13:30:00,22.010753431386412,16640.0,1,0.0,False
realKnownCause/nyc_taxi.csv,A_rolling_zscore,893,893,2014-08-05 05:30:00,2014-08-05 05:30:00,893,2014-08-05 05:30:00,33.18886950837663,4131.0,1,0.0,False
realKnownCause/nyc_taxi.csv,A_rolling_zscore,912,912,2014-08-05 15:00:00,2014-08-05 15:00:00,912,2014-08-05 15:00:00,18.462676726051978,17373.0,1,0.0,False
realKnownCause/nyc_taxi.csv,A_rolling_zscore,1001,1001,2014-08-07 11:30:00,2014-08-07 11:30:00,1001,2014-08-07 11:30:00,28.26722712483327,18205.0,1,0.0,False
realKnownCause/nyc_taxi.csv,A_rolling_zscore,1106,1106,2014-08-09 16:00:00,2014-08-09 16:00:00,1106,2014-08-09 16:00:00,18.466112244858085,16376.0,1,0.0,False
realKnownCause/nyc_taxi.csv,A_rolling_zscore,1156,1156,2014-08-10 17:00:00,2014-08-10 17:00:00,1156,2014-08-10 17:00:00,16.964455707424346,16410.0,1,0.0,False
realKnownCause/nyc_taxi.csv,A_rolling_zscore,1410,1410,2014-08-16 00:00:00,2014-08-16 00:00:00,1410,2014-08-16 00:00:00,23.874246995233342,23174.0,1,0.0,False
realKnownCause/nyc_taxi.csv,A_rolling_zscore,1502,1502,2014-08-17 22:00:00,2014-08-17 22:00:00,1502,2014-08-17 22:00:00,16.137503269836944,15480.0,1,0.0,False
realKnownCause/nyc_taxi.csv,A_rolling_zscore,1598,1598,2014-08-19 22:00:00,2014-08-19 22:00:00,1598,2014-08-19 22:00:00,19.79653590754697,21436.0,1,0.0,False
realKnownCause/nyc_taxi.csv,A_rolling_zscore,1647,1647,2014-08-20 22:30:00,2014-08-20 22:30:00,1647,2014-08-20 22:30:00,23.560453240365945,21546.0,1,0.0,False
realKnownCause/nyc_taxi.csv,A_rolling_zscore,1695,1695,2014-08-21 22:30:00,2014-08-21 22:30:00,1695,2014-08-21 22:30:00,30.05346409587023,25949.0,1,0.0,False
realKnownCause/nyc_taxi.csv,A_rolling_zscore,1747,1747,2014-08-23 00:30:00,2014-08-23 00:30:00,1747,2014-08-23 00:30:00,32.31516125093014,21079.0,1,0.0,False
realKnownCause/nyc_taxi.csv,A_rolling_zscore,1833,1833,2014-08-24 19:30:00,2014-08-24 19:30:00,1833,2014-08-24 19:30:00,16.715351556104476,16103.0,1,0.0,False
realKnownCause/nyc_taxi.csv,A_rolling_zscore,1853,1853,2014-08-25 05:30:00,2014-08-25 05:30:00,1853,2014-08-25 05:30:00,14.941679501650412,3829.0,1,0.0,False
realKnownCause/nyc_taxi.csv,A_rolling_zscore,1901,1901,2014-08-26 05:30:00,2014-08-26 05:30:00,1901,2014-08-26 05:30:00,18.246343495978277,3547.0,1,0.0,False
realKnownCause/nyc_taxi.csv,A_rolling_zscore,1961,1961,2014-08-27 11:30:00,2014-08-27 11:30:00,1961,2014-08-27 11:30:00,18.725195355506894,16870.0,1,0.0,False
realKnownCause/nyc_taxi.csv,A_rolling_zscore,2191,2191,2014-09-01 06:30:00,2014-09-01 06:30:00,2191,2014-09-01 06:30:00,15.495162264001996,3708.0,1,0.0,False
realKnownCause/nyc_taxi.csv,A_rolling_zscore,2285,2285,2014-09-03 05:30:00,2014-09-03 05:30:00,2285,2014-09-03 05:30:00,14.521172282870772,4206.0,1,0.0,False
realKnownCause/nyc_taxi.csv,A_rolling_zscore,2367,2367,2014-09-04 22:30:00,2014-09-04 22:30:00,2367,2014-09-04 22:30:00,16.640138583676265,23610.0,1,0.0,False
realKnownCause/nyc_taxi.csv,A_rolling_zscore,2418,2418,2014-09-06 00:00:00,2014-09-06 00:00:00,2418,2014-09-06 00:00:00,17.607381522017082,25721.0,1,0.0,False
realKnownCause/nyc_taxi.csv,A_rolling_zscore,2573,2573,2014-09-09 05:30:00,2014-09-09 05:30:00,2573,2014-09-09 05:30:00,31.4463507013696,4427.0,1,0.0,False
realKnownCause/nyc_taxi.csv,A_rolling_zscore,2580,2580,2014-09-09 09:00:00,2014-09-09 09:00:00,2580,2014-09-09 09:00:00,28.431983801650887,18719.0,1,0.0,False
realKnownCause/nyc_taxi.csv,A_rolling_zscore,2795,2795,2014-09-13 20:30:00,2014-09-13 20:30:00,2795,2014-09-13 20:30:00,24.449409930930408,24954.0,1,0.0,False
realKnownCause/nyc_taxi.csv,A_rolling_zscore,2876,2876,2014-09-15 13:00:00,2014-09-15 13:00:00,2876,2014-09-15 13:00:00,20.762995368715806,15824.0,1,0.0,False
realKnownCause/nyc_taxi.csv,A_rolling_zscore,2891,2891,2014-09-15 20:30:00,2014-09-15 20:30:00,2891,2014-09-15 20:30:00,17.424828827684195,22725.0,1,0.0,False
realKnownCause/nyc_taxi.csv,A_rolling_zscore,2909,2909,2014-09-16 05:30:00,2014-09-16 05:30:00,2909,2014-09-16 05:30:00,14.808422149706793,4141.0,1,0.0,False
realKnownCause/nyc_taxi.csv,A_rolling_zscore,2957,2957,2014-09-17 05:30:00,2014-09-17 05:30:00,2957,2014-09-17 05:30:00,18.53018240047752,4554.0,1,0.0,False
realKnownCause/nyc_taxi.csv,A_rolling_zscore,3005,3005,2014-09-18 05:30:00,2014-09-18 05:30:00,3005,2014-09-18 05:30:00,15.238367863886277,4506.0,1,0.0,False
realKnownCause/nyc_taxi.csv,A_rolling_zscore,3122,3122,2014-09-20 16:00:00,2014-09-20 16:00:00,3122,2014-09-20 16:00:00,20.954575090160507,18174.0,1,0.0,False
realKnownCause/nyc_taxi.csv,A_rolling_zscore,3214,3217,2014-09-22 14:00:00,2014-09-22 15:30:00,3214,2014-09-22 14:00:00,15.062372620127926,16167.0,2,90.0,False
realKnownCause/nyc_taxi.csv,A_rolling_zscore,3245,3245,2014-09-23 05:30:00,2014-09-23 05:30:00,3245,2014-09-23 05:30:00,16.320389120016344,4443.0,1,0.0,False
realKnownCause/nyc_taxi.csv,A_rolling_zscore,3278,3278,2014-09-23 22:00:00,2014-09-23 22:00:00,3278,2014-09-23 22:00:00,20.671902276330623,21882.0,1,0.0,False
realKnownCause/nyc_taxi.csv,A_rolling_zscore,3313,3313,2014-09-24 15:30:00,2014-09-24 15:30:00,3313,2014-09-24 15:30:00,24.972042322901217,14845.0,1,0.0,False
realKnownCause/nyc_taxi.csv,A_rolling_zscore,3352,3352,2014-09-25 11:00:00,2014-09-25 11:00:00,3352,2014-09-25 11:00:00,21.563664913523972,16311.0,1,0.0,False
realKnownCause/nyc_taxi.csv,A_rolling_zscore,3422,3422,2014-09-26 22:00:00,2014-09-26 22:00:00,3422,2014-09-26 22:00:00,21.012813926918835,25932.0,1,0.0,False
realKnownCause/nyc_taxi.csv,A_rolling_zscore,3601,3601,2014-09-30 15:30:00,2014-09-30 15:30:00,3601,2014-09-30 15:30:00,23.587541788178072,16495.0,1,0.0,False
realKnownCause/nyc_taxi.csv,A_rolling_zscore,3917,3917,2014-10-07 05:30:00,2014-10-07 05:30:00,3917,2014-10-07 05:30:00,17.317592701234382,4305.0,1,0.0,False
realKnownCause/nyc_taxi.csv,A_rolling_zscore,3953,3953,2014-10-07 23:30:00,2014-10-07 23:30:00,3953,2014-10-07 23:30:00,18.153175449811453,15974.0,1,0.0,False
realKnownCause/nyc_taxi.csv,A_rolling_zscore,4173,4173,2014-10-12 13:30:00,2014-10-12 13:30:00,4173,2014-10-12 13:30:00,16.947190112782728,19242.0,1,0.0,False
realKnownCause/nyc_taxi.csv,A_rolling_zscore,4217,4217,2014-10-13 11:30:00,2014-10-13 11:30:00,4217,2014-10-13 11:30:00,18.40560118002436,15699.0,1,0.0,False
realKnownCause/nyc_taxi.csv,A_rolling_zscore,4301,4301,2014-10-15 05:30:00,2014-10-15 05:30:00,4301,2014-10-15 05:30:00,20.716557033746106,4569.0,1,0.0,False
realKnownCause/nyc_taxi.csv,A_rolling_zscore,4349,4349,2014-10-16 05:30:00,2014-10-16 05:30:00,4349,2014-10-16 05:30:00,17.76360094363538,4767.0,1,0.0,False
realKnownCause/nyc_taxi.csv,A_rolling_zscore,4556,4556,2014-10-20 13:00:00,2014-10-20 13:00:00,4556,2014-10-20 13:00:00,15.977540351891895,16199.0,1,0.0,False
realKnownCause/nyc_taxi.csv,A_rolling_zscore,4637,4637,2014-10-22 05:30:00,2014-10-22 05:30:00,4637,2014-10-22 05:30:00,19.7918720254751,5081.0,1,0.0,False
realKnownCause/nyc_taxi.csv,A_rolling_zscore,4769,4769,2014-10-24 23:30:00,2014-10-24 23:30:00,4769,2014-10-24 23:30:00,14.765799617722896,27283.0,1,0.0,False
realKnownCause/nyc_taxi.csv,A_rolling_zscore,4973,4973,2014-10-29 05:30:00,2014-10-29 05:30:00,4973,2014-10-29 05:30:00,15.00357583044551,4313.0,1,0.0,False
realKnownCause/nyc_taxi.csv,A_rolling_zscore,5054,5057,2014-10-30 22:00:00,2014-10-30 23:30:00,5054,2014-10-30 22:00:00,50.0,24877.0,2,90.0,True
realKnownCause/nyc_taxi.csv,A_rolling_zscore,5099,5099,2014-10-31 20:30:00,2014-10-31 20:30:00,5099,2014-10-31 20:30:00,50.0,26996.0,1,0.0,True
realKnownCause/nyc_taxi.csv,A_rolling_zscore,5597,5597,2014-11-11 05:30:00,2014-11-11 05:30:00,5597,2014-11-11 05:30:00,17.356515154919357,3860.0,1,0.0,False
realKnownCause/nyc_taxi.csv,A_rolling_zscore,5652,5652,2014-11-12 09:00:00,2014-11-12 09:00:00,5652,2014-11-12 09:00:00,15.478430730960536,18444.0,1,0.0,False
realKnownCause/nyc_taxi.csv,A_rolling_zscore,5705,5705,2014-11-13 11:30:00,2014-11-13 11:30:00,5705,2014-11-13 11:30:00,24.324118716480527,18936.0,1,0.0,False
realKnownCause/nyc_taxi.csv,A_rolling_zscore,5777,5777,2014-11-14 23:30:00,2014-11-14 23:30:00,5777,2014-11-14 23:30:00,14.547763778226592,26107.0,1,0.0,False
realKnownCause/nyc_taxi.csv,A_rolling_zscore,5953,5953,2014-11-18 15:30:00,2014-11-18 15:30:00,5953,2014-11-18 15:30:00,25.488050322287833,17013.0,1,0.0,False
realKnownCause/nyc_taxi.csv,A_rolling_zscore,6269,6269,2014-11-25 05:30:00,2014-11-25 05:30:00,6269,2014-11-25 05:30:00,18.133549616564856,4380.0,1,0.0,False
realKnownCause/nyc_taxi.csv,A_rolling_zscore,6289,6289,2014-11-25 15:30:00,2014-11-25 15:30:00,6289,2014-11-25 15:30:00,37.56197766333836,15729.0,1,0.0,True
realKnownCause/nyc_taxi.csv,A_rolling_zscore,6317,6317,2014-11-26 05:30:00,2014-11-26 05:30:00,6317,2014-11-26 05:30:00,28.53365416597013,4987.0,1,0.0,True
realKnownCause/nyc_taxi.csv,A_rolling_zscore,6411,6411,2014-11-28 04:30:00,2014-11-28 04:30:00,6411,2014-11-28 04:30:00,23.526667568295125,2165.0,1,0.0,True
realKnownCause/nyc_taxi.csv,A_rolling_zscore,6605,6605,2014-12-02 05:30:00,2014-12-02 05:30:00,6605,2014-12-02 05:30:00,18.673043460961075,4537.0,1,0.0,False
realKnownCause/nyc_taxi.csv,A_rolling_zscore,6653,6653,2014-12-03 05:30:00,2014-12-03 05:30:00,6653,2014-12-03 05:30:00,14.525473257475763,4250.0,1,0.0,False
realKnownCause/nyc_taxi.csv,A_rolling_zscore,6817,6817,2014-12-06 15:30:00,2014-12-06 15:30:00,6817,2014-12-06 15:30:00,15.33782318150692,21761.0,1,0.0,False
realKnownCause/nyc_taxi.csv,A_rolling_zscore,6864,6864,2014-12-07 15:00:00,2014-12-07 15:00:00,6864,2014-12-07 15:00:00,20.653736390492455,21252.0,1,0.0,False
realKnownCause/nyc_taxi.csv,A_rolling_zscore,6879,6879,2014-12-07 22:30:00,2014-12-07 22:30:00,6879,2014-12-07 22:30:00,15.598816968080778,14661.0,1,0.0,False
realKnownCause/nyc_taxi.csv,A_rolling_zscore,6989,6989,2014-12-10 05:30:00,2014-12-10 05:30:00,6989,2014-12-10 05:30:00,38.749922507451465,4337.0,1,0.0,False
realKnownCause/nyc_taxi.csv,A_rolling_zscore,7277,7277,2014-12-16 05:30:00,2014-12-16 05:30:00,7277,2014-12-16 05:30:00,19.18313797882679,4355.0,1,0.0,False
realKnownCause/nyc_taxi.csv,A_rolling_zscore,7359,7359,2014-12-17 22:30:00,2014-12-17 22:30:00,7359,2014-12-17 22:30:00,20.580969769759587,23338.0,1,0.0,False
realKnownCause/nyc_taxi.csv,A_rolling_zscore,7393,7393,2014-12-18 15:30:00,2014-12-18 15:30:00,7393,2014-12-18 15:30:00,16.949346560111547,16419.0,1,0.0,False
realKnownCause/nyc_taxi.csv,A_rolling_zscore,7521,7521,2014-12-21 07:30:00,2014-12-21 07:30:00,7521,2014-12-21 07:30:00,48.58001209210095,5061.0,1,0.0,False
realKnownCause/nyc_taxi.csv,A_rolling_zscore,7565,7565,2014-12-22 05:30:00,2014-12-22 05:30:00,7565,2014-12-22 05:30:00,26.85498370316674,4003.0,1,0.0,False
realKnownCause/nyc_taxi.csv,A_rolling_zscore,7585,7585,2014-12-22 15:30:00,2014-12-22 15:30:00,7585,2014-12-22 15:30:00,19.20270176227001,15976.0,1,0.0,False
realKnownCause/nyc_taxi.csv,A_rolling_zscore,8318,8318,2015-01-06 22:00:00,2015-01-06 22:00:00,8318,2015-01-06 22:00:00,26.120830383689338,17170.0,1,0.0,False
realKnownCause/nyc_taxi.csv,A_rolling_zscore,8333,8333,2015-01-07 05:30:00,2015-01-07 05:30:00,8333,2015-01-07 05:30:00,21.36856991701122,3857.0,1,0.0,False
realKnownCause/nyc_taxi.csv,A_rolling_zscore,8381,8381,2015-01-08 05:30:00,2015-01-08 05:30:00,8381,2015-01-08 05:30:00,19.085797880054457,4164.0,1,0.0,False
realKnownCause/nyc_taxi.csv,A_rolling_zscore,8462,8462,2015-01-09 22:00:00,2015-01-09 22:00:00,8462,2015-01-09 22:00:00,15.28242725873962,24901.0,1,0.0,False
realKnownCause/nyc_taxi.csv,A_rolling_zscore,8551,8551,2015-01-11 18:30:00,2015-01-11 18:30:00,8551,2015-01-11 18:30:00,22.902136901042404,19586.0,1,0.0,False
realKnownCause/nyc_taxi.csv,A_rolling_zscore,8621,8621,2015-01-13 05:30:00,2015-01-13 05:30:00,8621,2015-01-13 05:30:00,16.481396128836266,4284.0,1,0.0,False
realKnownCause/nyc_taxi.csv,A_rolling_zscore,8654,8654,2015-01-13 22:00:00,2015-01-13 22:00:00,8654,2015-01-13 22:00:00,16.647982260320163,21828.0,1,0.0,False
realKnownCause/nyc_taxi.csv,A_rolling_zscore,8669,8669,2015-01-14 05:30:00,2015-01-14 05:30:00,8669,2015-01-14 05:30:00,20.205667789913473,4547.0,1,0.0,False
realKnownCause/nyc_taxi.csv,A_rolling_zscore,8703,8703,2015-01-14 22:30:00,2015-01-14 22:30:00,8703,2015-01-14 22:30:00,15.492350840795641,19647.0,1,0.0,False
realKnownCause/nyc_taxi.csv,A_rolling_zscore,8717,8717,2015-01-15 05:30:00,2015-01-15 05:30:00,8717,2015-01-15 05:30:00,16.69766583549987,4388.0,1,0.0,False
realKnownCause/nyc_taxi.csv,A_rolling_zscore,8851,8851,2015-01-18 00:30:00,2015-01-18 00:30:00,8851,2015-01-18 00:30:00,19.057712469841555,23964.0,1,0.0,False
realKnownCause/nyc_taxi.csv,A_rolling_zscore,9005,9005,2015-01-21 05:30:00,2015-01-21 05:30:00,9005,2015-01-21 05:30:00,22.267081364003637,4205.0,1,0.0,False
realKnownCause/nyc_taxi.csv,A_rolling_zscore,9221,9221,2015-01-25 17:30:00,2015-01-25 17:30:00,9221,2015-01-25 17:30:00,50.0,19079.0,1,0.0,True
realKnownCause/nyc_taxi.csv,B_iforest_raw,2408,2408,2014-09-05 19:00:00,2014-09-05 19:00:00,2408,2014-09-05 19:00:00,0.6984262601920322,27337.0,1,0.0,False
realKnownCause/nyc_taxi.csv,B_iforest_raw,2463,2465,2014-09-06 22:30:00,2014-09-06 23:30:00,2463,2014-09-06 22:30:00,0.7448086495564625,30313.0,3,60.0,False
realKnownCause/nyc_taxi.csv,B_iforest_raw,2745,2745,2014-09-12 19:30:00,2014-09-12 19:30:00,2745,2014-09-12 19:30:00,0.6909063064165901,27090.0,1,0.0,False
realKnownCause/nyc_taxi.csv,B_iforest_raw,2752,2753,2014-09-12 23:00:00,2014-09-12 23:30:00,2752,2014-09-12 23:00:00,0.6984262601920322,27379.0,2,30.0,False
realKnownCause/nyc_taxi.csv,B_iforest_raw,2792,2792,2014-09-13 19:00:00,2014-09-13 19:00:00,2792,2014-09-13 19:00:00,0.6809287107663534,26920.0,1,0.0,False
realKnownCause/nyc_taxi.csv,B_iforest_raw,2801,2802,2014-09-13 23:30:00,2014-09-14 00:00:00,2801,2014-09-13 23:30:00,0.7015045708682462,27542.0,2,30.0,False
realKnownCause/nyc_taxi.csv,B_iforest_raw,3081,3081,2014-09-19 19:30:00,2014-09-19 19:30:00,3081,2014-09-19 19:30:00,0.7015045708682462,27541.0,1,0.0,False
realKnownCause/nyc_taxi.csv,B_iforest_raw,3086,3088,2014-09-19 22:00:00,2014-09-19 23:00:00,3087,2014-09-19 22:30:00,0.7043581293409297,27681.0,3,60.0,False
realKnownCause/nyc_taxi.csv,B_iforest_raw,3472,3474,2014-09-27 23:00:00,2014-09-28 00:00:00,3473,2014-09-27 23:30:00,0.7096271163168687,28113.0,3,60.0,False
realKnownCause/nyc_taxi.csv,B_iforest_raw,3753,3753,2014-10-03 19:30:00,2014-10-03 19:30:00,3753,2014-10-03 19:30:00,0.6932475530820043,27165.0,1,0.0,False
realKnownCause/nyc_taxi.csv,B_iforest_raw,4144,4145,2014-10-11 23:00:00,2014-10-11 23:30:00,4144,2014-10-11 23:00:00,0.6911400748314476,27136.0,2,30.0,False
realKnownCause/nyc_taxi.csv,B_iforest_raw,4377,4377,2014-10-16 19:30:00,2014-10-16 19:30:00,4377,2014-10-16 19:30:00,0.6841613090156968,26990.0,1,0.0,False
realKnownCause/nyc_taxi.csv,B_iforest_raw,4381,4381,2014-10-16 21:30:00,2014-10-16 21:30:00,4381,2014-10-16 21:30:00,0.6911400748314476,27115.0,1,0.0,False
realKnownCause/nyc_taxi.csv,B_iforest_raw,4472,4473,2014-10-18 19:00:00,2014-10-18 19:30:00,4472,2014-10-18 19:00:00,0.6996086239984269,27460.0,2,30.0,False
realKnownCause/nyc_taxi.csv,B_iforest_raw,4479,4482,2014-10-18 22:30:00,2014-10-19 00:00:00,4481,2014-10-18 23:30:00,0.7202832362568486,28626.0,4,90.0,False
realKnownCause/nyc_taxi.csv,B_iforest_raw,4761,4761,2014-10-24 19:30:00,2014-10-24 19:30:00,4761,2014-10-24 19:30:00,0.6911400748314476,27104.0,1,0.0,False
realKnownCause/nyc_taxi.csv,B_iforest_raw,4769,4769,2014-10-24 23:30:00,2014-10-24 23:30:00,4769,2014-10-24 23:30:00,0.697245894623113,27283.0,1,0.0,False
realKnownCause/nyc_taxi.csv,B_iforest_raw,4808,4808,2014-10-25 19:00:00,2014-10-25 19:00:00,4808,2014-10-25 19:00:00,0.6911400748314476,27125.0,1,0.0,False
realKnownCause/nyc_taxi.csv,B_iforest_raw,4816,4817,2014-10-25 23:00:00,2014-10-25 23:30:00,4817,2014-10-25 23:30:00,0.7043581293409297,27692.0,2,30.0,False
realKnownCause/nyc_taxi.csv,B_iforest_raw,5099,5102,2014-10-31 20:30:00,2014-10-31 22:00:00,5101,2014-10-31 21:30:00,0.697245894623113,27264.0,4,90.0,True
realKnownCause/nyc_taxi.csv,B_iforest_raw,5143,5145,2014-11-01 18:30:00,2014-11-01 19:30:00,5144,2014-11-01 19:00:00,0.7168799652769314,28398.0,3,60.0,True
realKnownCause/nyc_taxi.csv,B_iforest_raw,5156,5157,2014-11-02 01:00:00,2014-11-02 01:30:00,5156,2014-11-02 01:00:00,0.7448086495564625,39197.0,2,30.0,True
realKnownCause/nyc_taxi.csv,B_iforest_raw,5433,5440,2014-11-07 19:30:00,2014-11-07 23:00:00,5439,2014-11-07 22:30:00,0.7043581293409297,27761.0,6,210.0,False
realKnownCause/nyc_taxi.csv,B_iforest_raw,5479,5480,2014-11-08 18:30:00,2014-11-08 19:00:00,5480,2014-11-08 19:00:00,0.7059926322781471,27898.0,2,30.0,False
realKnownCause/nyc_taxi.csv,B_iforest_raw,5487,5489,2014-11-08 22:30:00,2014-11-08 23:30:00,5488,2014-11-08 23:00:00,0.7096271163168687,27998.0,3,60.0,False
realKnownCause/nyc_taxi.csv,B_iforest_raw,5768,5768,2014-11-14 19:00:00,2014-11-14 19:00:00,5768,2014-11-14 19:00:00,0.6955967334366863,27196.0,1,0.0,False
realKnownCause/nyc_taxi.csv,B_iforest_raw,5773,5776,2014-11-14 21:30:00,2014-11-14 23:00:00,5773,2014-11-14 21:30:00,0.6911400748314476,27136.0,3,90.0,False
realKnownCause/nyc_taxi.csv,B_iforest_raw,5816,5816,2014-11-15 19:00:00,2014-11-15 19:00:00,5816,2014-11-15 19:00:00,0.697245894623113,27266.0,1,0.0,False
realKnownCause/nyc_taxi.csv,B_iforest_raw,5824,5825,2014-11-15 23:00:00,2014-11-15 23:30:00,5825,2014-11-15 23:30:00,0.7096271163168687,28114.0,2,30.0,False
realKnownCause/nyc_taxi.csv,B_iforest_raw,6111,6113,2014-11-21 22:30:00,2014-11-21 23:30:00,6112,2014-11-21 23:00:00,0.7019793598606114,27569.0,3,60.0,False
realKnownCause/nyc_taxi.csv,B_iforest_raw,6152,6152,2014-11-22 19:00:00,2014-11-22 19:00:00,6152,2014-11-22 19:00:00,0.6984262601920322,27377.0,1,0.0,False
realKnownCause/nyc_taxi.csv,B_iforest_raw,6159,6162,2014-11-22 22:30:00,2014-11-23 00:00:00,6161,2014-11-22 23:30:00,0.7183365365432969,28472.0,4,90.0,False
realKnownCause/nyc_taxi.csv,B_iforest_raw,6777,6777,2014-12-05 19:30:00,2014-12-05 19:30:00,6777,2014-12-05 19:30:00,0.6839299010702752,26971.0,1,0.0,False
realKnownCause/nyc_taxi.csv,B_iforest_raw,6781,6782,2014-12-05 21:30:00,2014-12-05 22:00:00,6782,2014-12-05 22:00:00,0.6841613090156968,26983.0,2,30.0,False
realKnownCause/nyc_taxi.csv,B_iforest_raw,6832,6833,2014-12-06 23:00:00,2014-12-06 23:30:00,6833,2014-12-06 23:30:00,0.7043581293409297,27636.0,2,30.0,False
realKnownCause/nyc_taxi.csv,B_iforest_raw,8028,8029,2014-12-31 21:00:00,2014-12-31 21:30:00,8028,2014-12-31 21:00:00,0.705073330808019,27804.0,2,30.0,True
realKnownCause/nyc_taxi.csv,B_iforest_raw,8035,8037,2015-01-01 00:30:00,2015-01-01 01:30:00,8036,2015-01-01 01:00:00,0.7448086495564625,30236.0,3,60.0,True
realKnownCause/nyc_taxi.csv,B_iforest_raw,8456,8457,2015-01-09 19:00:00,2015-01-09 19:30:00,8457,2015-01-09 19:30:00,0.7043581293409297,27676.0,2,30.0,False
realKnownCause/nyc_taxi.csv,B_iforest_raw,8504,8506,2015-01-10 19:00:00,2015-01-10 20:00:00,8504,2015-01-10 19:00:00,0.7096271163168687,28043.0,2,60.0,False
realKnownCause/nyc_taxi.csv,B_iforest_raw,8511,8513,2015-01-10 22:30:00,2015-01-10 23:30:00,8513,2015-01-10 23:30:00,0.717365160570726,28401.0,3,60.0,False
realKnownCause/nyc_taxi.csv,B_iforest_raw,8792,8793,2015-01-16 19:00:00,2015-01-16 19:30:00,8793,2015-01-16 19:30:00,0.7043581293409297,27681.0,2,30.0,False
realKnownCause/nyc_taxi.csv,B_iforest_raw,8840,8840,2015-01-17 19:00:00,2015-01-17 19:00:00,8840,2015-01-17 19:00:00,0.6909063064165901,27074.0,1,0.0,False
realKnownCause/nyc_taxi.csv,B_iforest_raw,9464,9466,2015-01-30 19:00:00,2015-01-30 20:00:00,9465,2015-01-30 19:30:00,0.7096271163168687,28107.0,3,60.0,False
realKnownCause/nyc_taxi.csv,B_iforest_raw,9511,9513,2015-01-31 18:30:00,2015-01-31 19:30:00,9512,2015-01-31 19:00:00,0.7205269443672311,28804.0,3,60.0,False
realKnownCause/nyc_taxi.csv,B_iforest_raw,9519,9519,2015-01-31 22:30:00,2015-01-31 22:30:00,9519,2015-01-31 22:30:00,0.697245894623113,27309.0,1,0.0,False
realKnownCause/nyc_taxi.csv,C_iforest_contextual,271,271,2014-07-23 06:30:00,2014-07-23 06:30:00,271,2014-07-23 06:30:00,0.5931693953298955,11788.0,1,0.0,False
realKnownCause/nyc_taxi.csv,C_iforest_contextual,557,557,2014-07-29 05:30:00,2014-07-29 05:30:00,557,2014-07-29 05:30:00,0.5986080772604083,4533.0,1,0.0,False
realKnownCause/nyc_taxi.csv,C_iforest_contextual,607,607,2014-07-30 06:30:00,2014-07-30 06:30:00,607,2014-07-30 06:30:00,0.5945121956340685,11909.0,1,0.0,False
realKnownCause/nyc_taxi.csv,C_iforest_contextual,845,845,2014-08-04 05:30:00,2014-08-04 05:30:00,845,2014-08-04 05:30:00,0.5940299575994326,4420.0,1,0.0,False
realKnownCause/nyc_taxi.csv,C_iforest_contextual,893,893,2014-08-05 05:30:00,2014-08-05 05:30:00,893,2014-08-05 05:30:00,0.6167970053300327,4131.0,1,0.0,False
realKnownCause/nyc_taxi.csv,C_iforest_contextual,943,943,2014-08-06 06:30:00,2014-08-06 06:30:00,943,2014-08-06 06:30:00,0.5932886445635145,11761.0,1,0.0,False
realKnownCause/nyc_taxi.csv,C_iforest_contextual,1279,1279,2014-08-13 06:30:00,2014-08-13 06:30:00,1279,2014-08-13 06:30:00,0.5958950888478632,11706.0,1,0.0,False
realKnownCause/nyc_taxi.csv,C_iforest_contextual,2287,2287,2014-09-03 06:30:00,2014-09-03 06:30:00,2287,2014-09-03 06:30:00,0.5960460727156086,11780.0,1,0.0,False
realKnownCause/nyc_taxi.csv,C_iforest_contextual,2335,2337,2014-09-04 06:30:00,2014-09-04 07:30:00,2335,2014-09-04 06:30:00,0.6067281484131549,12006.0,2,60.0,False
realKnownCause/nyc_taxi.csv,C_iforest_contextual,2383,2383,2014-09-05 06:30:00,2014-09-05 06:30:00,2383,2014-09-05 06:30:00,0.6160828021065933,12886.0,1,0.0,False
realKnownCause/nyc_taxi.csv,C_iforest_contextual,2463,2463,2014-09-06 22:30:00,2014-09-06 22:30:00,2463,2014-09-06 22:30:00,0.6237530498623718,30313.0,1,0.0,False
realKnownCause/nyc_taxi.csv,C_iforest_contextual,2527,2527,2014-09-08 06:30:00,2014-09-08 06:30:00,2527,2014-09-08 06:30:00,0.5940125809836485,11830.0,1,0.0,False
realKnownCause/nyc_taxi.csv,C_iforest_contextual,2573,2575,2014-09-09 05:30:00,2014-09-09 06:30:00,2573,2014-09-09 05:30:00,0.6142930023722988,4427.0,2,60.0,False
realKnownCause/nyc_taxi.csv,C_iforest_contextual,2623,2623,2014-09-10 06:30:00,2014-09-10 06:30:00,2623,2014-09-10 06:30:00,0.6034078114189494,12256.0,1,0.0,False
realKnownCause/nyc_taxi.csv,C_iforest_contextual,2671,2671,2014-09-11 06:30:00,2014-09-11 06:30:00,2671,2014-09-11 06:30:00,0.6153210416276629,12814.0,1,0.0,False
realKnownCause/nyc_taxi.csv,C_iforest_contextual,2719,2721,2014-09-12 06:30:00,2014-09-12 07:30:00,2721,2014-09-12 07:30:00,0.598726308370184,20385.0,2,60.0,False
realKnownCause/nyc_taxi.csv,C_iforest_contextual,2863,2863,2014-09-15 06:30:00,2014-09-15 06:30:00,2863,2014-09-15 06:30:00,0.5995628403728304,11923.0,1,0.0,False
realKnownCause/nyc_taxi.csv,C_iforest_contextual,2913,2913,2014-09-16 07:30:00,2014-09-16 07:30:00,2913,2014-09-16 07:30:00,0.6062565957928392,21253.0,1,0.0,False
realKnownCause/nyc_taxi.csv,C_iforest_contextual,2959,2959,2014-09-17 06:30:00,2014-09-17 06:30:00,2959,2014-09-17 06:30:00,0.6061224119964208,12311.0,1,0.0,False
realKnownCause/nyc_taxi.csv,C_iforest_contextual,3007,3007,2014-09-18 06:30:00,2014-09-18 06:30:00,3007,2014-09-18 06:30:00,0.599691709750875,12449.0,1,0.0,False
realKnownCause/nyc_taxi.csv,C_iforest_contextual,3295,3295,2014-09-24 06:30:00,2014-09-24 06:30:00,3295,2014-09-24 06:30:00,0.5926003161133558,12119.0,1,0.0,False
realKnownCause/nyc_taxi.csv,C_iforest_contextual,3343,3343,2014-09-25 06:30:00,2014-09-25 06:30:00,3343,2014-09-25 06:30:00,0.5998581037949434,11614.0,1,0.0,False
realKnownCause/nyc_taxi.csv,C_iforest_contextual,3631,3631,2014-10-01 06:30:00,2014-10-01 06:30:00,3631,2014-10-01 06:30:00,0.5926047028049319,11917.0,1,0.0,False
realKnownCause/nyc_taxi.csv,C_iforest_contextual,3679,3679,2014-10-02 06:30:00,2014-10-02 06:30:00,3679,2014-10-02 06:30:00,0.5971380481557436,11982.0,1,0.0,False
realKnownCause/nyc_taxi.csv,C_iforest_contextual,3727,3727,2014-10-03 06:30:00,2014-10-03 06:30:00,3727,2014-10-03 06:30:00,0.5945181016356427,11309.0,1,0.0,False
realKnownCause/nyc_taxi.csv,C_iforest_contextual,3967,3967,2014-10-08 06:30:00,2014-10-08 06:30:00,3967,2014-10-08 06:30:00,0.594695247783354,11660.0,1,0.0,False
realKnownCause/nyc_taxi.csv,C_iforest_contextual,4015,4015,2014-10-09 06:30:00,2014-10-09 06:30:00,4015,2014-10-09 06:30:00,0.6017971863376046,12140.0,1,0.0,False
realKnownCause/nyc_taxi.csv,C_iforest_contextual,4063,4063,2014-10-10 06:30:00,2014-10-10 06:30:00,4063,2014-10-10 06:30:00,0.5966779816116499,11739.0,1,0.0,False
realKnownCause/nyc_taxi.csv,C_iforest_contextual,4156,4156,2014-10-12 05:00:00,2014-10-12 05:00:00,4156,2014-10-12 05:00:00,0.5945826729491993,4311.0,1,0.0,False
realKnownCause/nyc_taxi.csv,C_iforest_contextual,4303,4303,2014-10-15 06:30:00,2014-10-15 06:30:00,4303,2014-10-15 06:30:00,0.59508689213779,11924.0,1,0.0,False
realKnownCause/nyc_taxi.csv,C_iforest_contextual,4351,4353,2014-10-16 06:30:00,2014-10-16 07:30:00,4353,2014-10-16 07:30:00,0.6067129824046585,21581.0,2,60.0,False
realKnownCause/nyc_taxi.csv,C_iforest_contextual,4399,4399,2014-10-17 06:30:00,2014-10-17 06:30:00,4399,2014-10-17 06:30:00,0.6154030704897216,11929.0,1,0.0,False
realKnownCause/nyc_taxi.csv,C_iforest_contextual,4637,4639,2014-10-22 05:30:00,2014-10-22 06:30:00,4639,2014-10-22 06:30:00,0.5969317510285749,13037.0,2,60.0,False
realKnownCause/nyc_taxi.csv,C_iforest_contextual,4687,4687,2014-10-23 06:30:00,2014-10-23 06:30:00,4687,2014-10-23 06:30:00,0.5994561924750871,12751.0,1,0.0,False
realKnownCause/nyc_taxi.csv,C_iforest_contextual,4735,4735,2014-10-24 06:30:00,2014-10-24 06:30:00,4735,2014-10-24 06:30:00,0.6073403620261861,11826.0,1,0.0,False
realKnownCause/nyc_taxi.csv,C_iforest_contextual,5071,5071,2014-10-31 06:30:00,2014-10-31 06:30:00,5071,2014-10-31 06:30:00,0.5957064003905104,11681.0,1,0.0,True
realKnownCause/nyc_taxi.csv,C_iforest_contextual,5156,5158,2014-11-02 01:00:00,2014-11-02 02:00:00,5156,2014-11-02 01:00:00,0.6661996004019569,39197.0,3,60.0,True
realKnownCause/nyc_taxi.csv,C_iforest_contextual,5215,5215,2014-11-03 06:30:00,2014-11-03 06:30:00,5215,2014-11-03 06:30:00,0.6010496852238387,12885.0,1,0.0,True
realKnownCause/nyc_taxi.csv,C_iforest_contextual,5311,5311,2014-11-05 06:30:00,2014-11-05 06:30:00,5311,2014-11-05 06:30:00,0.5941048145343883,12065.0,1,0.0,False
realKnownCause/nyc_taxi.csv,C_iforest_contextual,5359,5359,2014-11-06 06:30:00,2014-11-06 06:30:00,5359,2014-11-06 06:30:00,0.604032108602406,13803.0,1,0.0,False
realKnownCause/nyc_taxi.csv,C_iforest_contextual,5407,5407,2014-11-07 06:30:00,2014-11-07 06:30:00,5407,2014-11-07 06:30:00,0.5944890923322079,12074.0,1,0.0,False
realKnownCause/nyc_taxi.csv,C_iforest_contextual,5551,5551,2014-11-10 06:30:00,2014-11-10 06:30:00,5551,2014-11-10 06:30:00,0.6006509535237592,11738.0,1,0.0,False
realKnownCause/nyc_taxi.csv,C_iforest_contextual,5647,5647,2014-11-12 06:30:00,2014-11-12 06:30:00,5647,2014-11-12 06:30:00,0.5942632402500153,11818.0,1,0.0,False
realKnownCause/nyc_taxi.csv,C_iforest_contextual,5695,5695,2014-11-13 06:30:00,2014-11-13 06:30:00,5695,2014-11-13 06:30:00,0.6009495500566289,12333.0,1,0.0,False
realKnownCause/nyc_taxi.csv,C_iforest_contextual,5743,5743,2014-11-14 06:30:00,2014-11-14 06:30:00,5743,2014-11-14 06:30:00,0.6058389790897051,12268.0,1,0.0,False
realKnownCause/nyc_taxi.csv,C_iforest_contextual,5836,5836,2014-11-16 05:00:00,2014-11-16 05:00:00,5836,2014-11-16 05:00:00,0.5929398611929725,4624.0,1,0.0,False
realKnownCause/nyc_taxi.csv,C_iforest_contextual,5935,5935,2014-11-18 06:30:00,2014-11-18 06:30:00,5935,2014-11-18 06:30:00,0.6006518922576644,12642.0,1,0.0,False
realKnownCause/nyc_taxi.csv,C_iforest_contextual,5983,5983,2014-11-19 06:30:00,2014-11-19 06:30:00,5983,2014-11-19 06:30:00,0.6086010791947177,12903.0,1,0.0,False
realKnownCause/nyc_taxi.csv,C_iforest_contextual,6031,6031,2014-11-20 06:30:00,2014-11-20 06:30:00,6031,2014-11-20 06:30:00,0.6046790964576594,12470.0,1,0.0,False
realKnownCause/nyc_taxi.csv,C_iforest_contextual,6079,6079,2014-11-21 06:30:00,2014-11-21 06:30:00,6079,2014-11-21 06:30:00,0.6029968902535877,12167.0,1,0.0,False
realKnownCause/nyc_taxi.csv,C_iforest_contextual,6172,6172,2014-11-23 05:00:00,2014-11-23 05:00:00,6172,2014-11-23 05:00:00,0.5958206578837981,4453.0,1,0.0,False
realKnownCause/nyc_taxi.csv,C_iforest_contextual,6223,6223,2014-11-24 06:30:00,2014-11-24 06:30:00,6223,2014-11-24 06:30:00,0.5955662497120386,11863.0,1,0.0,False
realKnownCause/nyc_taxi.csv,C_iforest_contextual,6605,6605,2014-12-02 05:30:00,2014-12-02 05:30:00,6605,2014-12-02 05:30:00,0.5953725266797468,4537.0,1,0.0,False
realKnownCause/nyc_taxi.csv,C_iforest_contextual,6655,6655,2014-12-03 06:30:00,2014-12-03 06:30:00,6655,2014-12-03 06:30:00,0.6126901232025728,12185.0,1,0.0,False
realKnownCause/nyc_taxi.csv,C_iforest_contextual,6703,6703,2014-12-04 06:30:00,2014-12-04 06:30:00,6703,2014-12-04 06:30:00,0.6003581985587412,12178.0,1,0.0,False
realKnownCause/nyc_taxi.csv,C_iforest_contextual,6751,6751,2014-12-05 06:30:00,2014-12-05 06:30:00,6751,2014-12-05 06:30:00,0.5922488118095658,11832.0,1,0.0,False
realKnownCause/nyc_taxi.csv,C_iforest_contextual,6844,6844,2014-12-07 05:00:00,2014-12-07 05:00:00,6844,2014-12-07 05:00:00,0.5966274518331576,3929.0,1,0.0,False
realKnownCause/nyc_taxi.csv,C_iforest_contextual,6895,6895,2014-12-08 06:30:00,2014-12-08 06:30:00,6895,2014-12-08 06:30:00,0.604676066545295,11984.0,1,0.0,False
realKnownCause/nyc_taxi.csv,C_iforest_contextual,6943,6943,2014-12-09 06:30:00,2014-12-09 06:30:00,6943,2014-12-09 06:30:00,0.5979914910369408,13619.0,1,0.0,False
realKnownCause/nyc_taxi.csv,C_iforest_contextual,6989,6991,2014-12-10 05:30:00,2014-12-10 06:30:00,6989,2014-12-10 05:30:00,0.6123781521207274,4337.0,2,60.0,False
realKnownCause/nyc_taxi.csv,C_iforest_contextual,7039,7039,2014-12-11 06:30:00,2014-12-11 06:30:00,7039,2014-12-11 06:30:00,0.6122202999859445,12358.0,1,0.0,False
realKnownCause/nyc_taxi.csv,C_iforest_contextual,7087,7087,2014-12-12 06:30:00,2014-12-12 06:30:00,7087,2014-12-12 06:30:00,0.6095499488236578,12308.0,1,0.0,False
realKnownCause/nyc_taxi.csv,C_iforest_contextual,7327,7327,2014-12-17 06:30:00,2014-12-17 06:30:00,7327,2014-12-17 06:30:00,0.6004654696949214,11882.0,1,0.0,False
realKnownCause/nyc_taxi.csv,C_iforest_contextual,7375,7375,2014-12-18 06:30:00,2014-12-18 06:30:00,7375,2014-12-18 06:30:00,0.5961944965126944,12063.0,1,0.0,False
realKnownCause/nyc_taxi.csv,C_iforest_contextual,7521,7521,2014-12-21 07:30:00,2014-12-21 07:30:00,7521,2014-12-21 07:30:00,0.6088263785519028,5061.0,1,0.0,False
realKnownCause/nyc_taxi.csv,C_iforest_contextual,7565,7565,2014-12-22 05:30:00,2014-12-22 05:30:00,7565,2014-12-22 05:30:00,0.5932654025750884,4003.0,1,0.0,False
realKnownCause/nyc_taxi.csv,C_iforest_contextual,8034,8037,2015-01-01 00:00:00,2015-01-01 01:30:00,8035,2015-01-01 00:30:00,0.6532186510859164,29547.0,4,90.0,True
realKnownCause/nyc_taxi.csv,C_iforest_contextual,8335,8335,2015-01-07 06:30:00,2015-01-07 06:30:00,8335,2015-01-07 06:30:00,0.5958737000007276,11280.0,1,0.0,False
realKnownCause/nyc_taxi.csv,C_iforest_contextual,8383,8383,2015-01-08 06:30:00,2015-01-08 06:30:00,8383,2015-01-08 06:30:00,0.6025796311711662,12142.0,1,0.0,False
realKnownCause/nyc_taxi.csv,C_iforest_contextual,8431,8431,2015-01-09 06:30:00,2015-01-09 06:30:00,8431,2015-01-09 06:30:00,0.6090260428312823,11326.0,1,0.0,False
realKnownCause/nyc_taxi.csv,C_iforest_contextual,8575,8575,2015-01-12 06:30:00,2015-01-12 06:30:00,8575,2015-01-12 06:30:00,0.5971510213002807,11269.0,1,0.0,False
realKnownCause/nyc_taxi.csv,C_iforest_contextual,8623,8625,2015-01-13 06:30:00,2015-01-13 07:30:00,8625,2015-01-13 07:30:00,0.5940175839651611,19814.0,2,60.0,False
realKnownCause/nyc_taxi.csv,C_iforest_contextual,8671,8671,2015-01-14 06:30:00,2015-01-14 06:30:00,8671,2015-01-14 06:30:00,0.605109991851873,12004.0,1,0.0,False
realKnownCause/nyc_taxi.csv,C_iforest_contextual,8719,8719,2015-01-15 06:30:00,2015-01-15 06:30:00,8719,2015-01-15 06:30:00,0.599984848821284,11844.0,1,0.0,False
realKnownCause/nyc_taxi.csv,C_iforest_contextual,8767,8767,2015-01-16 06:30:00,2015-01-16 06:30:00,8767,2015-01-16 06:30:00,0.5956234305557121,11368.0,1,0.0,False
realKnownCause/nyc_taxi.csv,C_iforest_contextual,9005,9007,2015-01-21 05:30:00,2015-01-21 06:30:00,9005,2015-01-21 05:30:00,0.5944307148964251,4205.0,2,60.0,False
realKnownCause/nyc_taxi.csv,C_iforest_contextual,9055,9055,2015-01-22 06:30:00,2015-01-22 06:30:00,9055,2015-01-22 06:30:00,0.6026072123032498,11643.0,1,0.0,False
realKnownCause/nyc_taxi.csv,C_iforest_contextual,9103,9103,2015-01-23 06:30:00,2015-01-23 06:30:00,9103,2015-01-23 06:30:00,0.5939048720384604,11173.0,1,0.0,False
realKnownCause/nyc_taxi.csv,C_iforest_contextual,9247,9247,2015-01-26 06:30:00,2015-01-26 06:30:00,9247,2015-01-26 06:30:00,0.597403816079931,11577.0,1,0.0,True
realKnownCause/nyc_taxi.csv,C_iforest_contextual,9343,9343,2015-01-28 06:30:00,2015-01-28 06:30:00,9343,2015-01-28 06:30:00,0.60889381417423,11208.0,1,0.0,True
realKnownCause/nyc_taxi.csv,C_iforest_contextual,9391,9391,2015-01-29 06:30:00,2015-01-29 06:30:00,9391,2015-01-29 06:30:00,0.6006641575122081,11896.0,1,0.0,False
realKnownCause/nyc_taxi.csv,C_iforest_contextual,9439,9439,2015-01-30 06:30:00,2015-01-30 06:30:00,9439,2015-01-30 06:30:00,0.6076405785010056,11854.0,1,0.0,False
realKnownCause/rogue_agent_key_hold.csv,A_rolling_zscore,114,114,2014-07-15 19:40:00,2014-07-15 19:40:00,114,2014-07-15 19:40:00,17.517754178671648,0.137128337,1,0.0,False
realKnownCause/rogue_agent_key_hold.csv,A_rolling_zscore,301,301,2014-07-22 12:40:00,2014-07-22 12:40:00,301,2014-07-22 12:40:00,25.31995061278062,0.349751279,1,0.0,False
realKnownCause/rogue_agent_key_hold.csv,A_rolling_zscore,343,343,2014-07-23 11:50:00,2014-07-23 11:50:00,343,2014-07-23 11:50:00,50.0,0.8950121529999999,1,0.0,False
realKnownCause/rogue_agent_key_hold.csv,A_rolling_zscore,472,472,2014-07-24 13:30:00,2014-07-24 13:30:00,472,2014-07-24 13:30:00,38.13960182424259,0.524246935,1,0.0,False
realKnownCause/rogue_agent_key_hold.csv,A_rolling_zscore,537,537,2014-07-25 06:40:00,2014-07-25 06:40:00,537,2014-07-25 06:40:00,49.6271327077697,0.321492891,1,0.0,False
realKnownCause/rogue_agent_key_hold.csv,B_iforest_raw,12,14,2014-07-14 16:20:00,2014-07-14 16:30:00,12,2014-07-14 16:20:00,0.816200233472593,0.121088107,2,10.0,False
realKnownCause/rogue_agent_key_hold.csv,B_iforest_raw,34,34,2014-07-15 00:10:00,2014-07-15 00:10:00,34,2014-07-15 00:10:00,0.816200233472593,0.153085695,1,0.0,False
realKnownCause/rogue_agent_key_hold.csv,B_iforest_raw,50,50,2014-07-15 12:15:00,2014-07-15 12:15:00,50,2014-07-15 12:15:00,0.816200233472593,0.116034985,1,0.0,True
realKnownCause/rogue_agent_key_hold.csv,B_iforest_raw,57,57,2014-07-15 13:00:00,2014-07-15 13:00:00,57,2014-07-15 13:00:00,0.816200233472593,0.127655029,1,0.0,True
realKnownCause/rogue_agent_key_hold.csv,C_iforest_contextual,280,280,2014-07-22 09:55:00,2014-07-22 09:55:00,280,2014-07-22 09:55:00,0.6883343953827974,0.0,1,0.0,False
realKnownCause/rogue_agent_key_hold.csv,C_iforest_contextual,301,301,2014-07-22 12:40:00,2014-07-22 12:40:00,301,2014-07-22 12:40:00,0.677725271652685,0.349751279,1,0.0,False
realKnownCause/rogue_agent_key_hold.csv,C_iforest_contextual,303,303,2014-07-23 07:25:00,2014-07-23 07:25:00,303,2014-07-23 07:25:00,0.6855130984924481,0.0,1,0.0,False
realKnownCause/rogue_agent_key_hold.csv,C_iforest_contextual,344,344,2014-07-23 11:55:00,2014-07-23 11:55:00,344,2014-07-23 11:55:00,0.6869095759057606,0.084473344,1,0.0,False
realKnownCause/rogue_agent_key_hold.csv,C_iforest_contextual,379,379,2014-07-23 14:55:00,2014-07-23 14:55:00,379,2014-07-23 14:55:00,0.6917149495799415,0.0,1,0.0,False
realKnownCause/rogue_agent_key_updown.csv,A_rolling_zscore,66,66,2014-07-11 17:00:00,2014-07-11 17:00:00,66,2014-07-11 17:00:00,34.83708704280036,45.60711697,1,0.0,False
realKnownCause/rogue_agent_key_updown.csv,A_rolling_zscore,140,140,2014-07-15 11:35:00,2014-07-15 11:35:00,140,2014-07-15 11:35:00,50.0,50.88613288,1,0.0,True
realKnownCause/rogue_agent_key_updown.csv,A_rolling_zscore,342,342,2014-07-23 14:40:00,2014-07-23 14:40:00,342,2014-07-23 14:40:00,50.0,39.20383224,1,0.0,False
realKnownCause/rogue_agent_key_updown.csv,A_rolling_zscore,364,364,2014-07-24 06:00:00,2014-07-24 06:00:00,364,2014-07-24 06:00:00,44.36274690659723,10.74934889,1,0.0,False
realKnownCause/rogue_agent_key_updown.csv,B_iforest_raw,49,49,2014-07-10 22:25:00,2014-07-10 22:25:00,49,2014-07-10 22:25:00,0.756020289967217,47.1329402,1,0.0,False
realKnownCause/rogue_agent_key_updown.csv,B_iforest_raw,56,56,2014-07-10 23:20:00,2014-07-10 23:20:00,56,2014-07-10 23:20:00,0.756020289967217,12.88094926,1,0.0,False
realKnownCause/rogue_agent_key_updown.csv,B_iforest_raw,66,66,2014-07-11 17:00:00,2014-07-11 17:00:00,66,2014-07-11 17:00:00,0.756020289967217,45.60711697,1,0.0,False
realKnownCause/rogue_agent_key_updown.csv,B_iforest_raw,140,140,2014-07-15 11:35:00,2014-07-15 11:35:00,140,2014-07-15 11:35:00,0.756020289967217,50.88613288,1,0.0,True
realKnownCause/rogue_agent_key_updown.csv,C_iforest_contextual,140,140,2014-07-15 11:35:00,2014-07-15 11:35:00,140,2014-07-15 11:35:00,0.7536146514758484,50.88613288,1,0.0,True
realKnownCause/rogue_agent_key_updown.csv,C_iforest_contextual,222,222,2014-07-21 11:45:00,2014-07-21 11:45:00,222,2014-07-21 11:45:00,0.7569599718802956,8.812766262,1,0.0,False
realKnownCause/rogue_agent_key_updown.csv,C_iforest_contextual,364,364,2014-07-24 06:00:00,2014-07-24 06:00:00,364,2014-07-24 06:00:00,0.7505585800655479,10.74934889,1,0.0,False
realKnownCause/rogue_agent_key_updown.csv,C_iforest_contextual,448,448,2014-07-25 06:45:00,2014-07-25 06:45:00,448,2014-07-25 06:45:00,0.7494731865785504,10.97774536,1,0.0,False
