key,corpus,name,detector,calibration,target_rate,threshold,n_scored,n_flags,actual_rate,span_days,point_precision,point_recall,point_f1,point_tp,point_fp,point_fn,point_tn,point_recall_ceiling,pa_precision,pa_recall,pa_f1,pa_tp,pa_fp,pa_fn,n_windows,n_windows_detected,window_recall,n_incidents,n_true_incidents,n_false_incidents,incident_precision,false_alarms_per_day,alerts_per_day,mttd_minutes,mttd_window_fraction,nab_raw_standard,nab_null_standard,nab_perfect_standard,nab_norm_standard,nab_raw_low_FP_rate,nab_null_low_FP_rate,nab_perfect_low_FP_rate,nab_norm_low_FP_rate,nab_raw_low_FN_rate,nab_null_low_FN_rate,nab_perfect_low_FN_rate,nab_norm_low_FN_rate,nab_tp,nab_fp,nab_fn,nab_raw_pointwise,nab_null_pointwise,nab_perfect_pointwise,nab_fp_pointwise
artificialNoAnomaly/art_daily_no_noise.csv,artificialNoAnomaly,art_daily_no_noise,A_rolling_zscore,budget,0.0005,50.0,3182,1,0.00031426775612822125,11.04513888888889,0.0,0.0,0.0,0,1,0,3181,,0.0,0.0,0.0,0,1,0,0,0,,1,0,1,0.0,0.09053756680289217,0.09053756680289217,,,-0.11,-0.0,0.0,,-0.22,-0.0,0.0,,-0.11,-0.0,0.0,,0,1,0,-0.11,-0.0,0.0,1
artificialNoAnomaly/art_daily_no_noise.csv,artificialNoAnomaly,art_daily_no_noise,A_rolling_zscore,train,0.0005,50.0,3182,0,0.0,11.04513888888889,0.0,0.0,0.0,0,0,0,3182,,0.0,0.0,0.0,0,0,0,0,0,,0,0,0,,0.0,0.0,,,0.0,-0.0,0.0,,0.0,-0.0,0.0,,0.0,-0.0,0.0,,0,0,0,0.0,-0.0,0.0,0
artificialNoAnomaly/art_daily_no_noise.csv,artificialNoAnomaly,art_daily_no_noise,A_rolling_zscore,budget,0.001,50.0,3182,3,0.0009428032683846638,11.04513888888889,0.0,0.0,0.0,0,3,0,3179,,0.0,0.0,0.0,0,3,0,0,0,,3,0,3,0.0,0.2716127004086765,0.2716127004086765,,,-0.33,-0.0,0.0,,-0.66,-0.0,0.0,,-0.33,-0.0,0.0,,0,3,0,-0.33,-0.0,0.0,3
artificialNoAnomaly/art_daily_no_noise.csv,artificialNoAnomaly,art_daily_no_noise,A_rolling_zscore,train,0.001,50.0,3182,0,0.0,11.04513888888889,0.0,0.0,0.0,0,0,0,3182,,0.0,0.0,0.0,0,0,0,0,0,,0,0,0,,0.0,0.0,,,0.0,-0.0,0.0,,0.0,-0.0,0.0,,0.0,-0.0,0.0,,0,0,0,0.0,-0.0,0.0,0
artificialNoAnomaly/art_daily_no_noise.csv,artificialNoAnomaly,art_daily_no_noise,A_rolling_zscore,budget,0.002,50.0,3182,6,0.0018856065367693275,11.04513888888889,0.0,0.0,0.0,0,6,0,3176,,0.0,0.0,0.0,0,6,0,0,0,,6,0,6,0.0,0.543225400817353,0.543225400817353,,,-0.66,-0.0,0.0,,-1.32,-0.0,0.0,,-0.66,-0.0,0.0,,0,6,0,-0.66,-0.0,0.0,6
artificialNoAnomaly/art_daily_no_noise.csv,artificialNoAnomaly,art_daily_no_noise,A_rolling_zscore,train,0.002,50.0,3182,0,0.0,11.04513888888889,0.0,0.0,0.0,0,0,0,3182,,0.0,0.0,0.0,0,0,0,0,0,,0,0,0,,0.0,0.0,,,0.0,-0.0,0.0,,0.0,-0.0,0.0,,0.0,-0.0,0.0,,0,0,0,0.0,-0.0,0.0,0
artificialNoAnomaly/art_daily_no_noise.csv,artificialNoAnomaly,art_daily_no_noise,A_rolling_zscore,budget,0.005,50.0,3182,15,0.004714016341923318,11.04513888888889,0.0,0.0,0.0,0,15,0,3167,,0.0,0.0,0.0,0,15,0,0,0,,15,0,15,0.0,1.3580635020433824,1.3580635020433824,,,-1.6500000000000006,-0.0,0.0,,-3.300000000000001,-0.0,0.0,,-1.6500000000000006,-0.0,0.0,,0,15,0,-1.6500000000000006,-0.0,0.0,15
artificialNoAnomaly/art_daily_no_noise.csv,artificialNoAnomaly,art_daily_no_noise,A_rolling_zscore,train,0.005,50.0,3182,0,0.0,11.04513888888889,0.0,0.0,0.0,0,0,0,3182,,0.0,0.0,0.0,0,0,0,0,0,,0,0,0,,0.0,0.0,,,0.0,-0.0,0.0,,0.0,-0.0,0.0,,0.0,-0.0,0.0,,0,0,0,0.0,-0.0,0.0,0
artificialNoAnomaly/art_daily_no_noise.csv,artificialNoAnomaly,art_daily_no_noise,A_rolling_zscore,budget,0.01,50.0,3182,31,0.00974230043997486,11.04513888888889,0.0,0.0,0.0,0,31,0,3151,,0.0,0.0,0.0,0,31,0,0,0,,31,0,31,0.0,2.8066645708896574,2.8066645708896574,,,-3.4099999999999993,-0.0,0.0,,-6.8199999999999985,-0.0,0.0,,-3.4099999999999993,-0.0,0.0,,0,31,0,-3.4099999999999993,-0.0,0.0,31
artificialNoAnomaly/art_daily_no_noise.csv,artificialNoAnomaly,art_daily_no_noise,A_rolling_zscore,train,0.01,50.0,3182,0,0.0,11.04513888888889,0.0,0.0,0.0,0,0,0,3182,,0.0,0.0,0.0,0,0,0,0,0,,0,0,0,,0.0,0.0,,,0.0,-0.0,0.0,,0.0,-0.0,0.0,,0.0,-0.0,0.0,,0,0,0,0.0,-0.0,0.0,0
artificialNoAnomaly/art_daily_no_noise.csv,artificialNoAnomaly,art_daily_no_noise,A_rolling_zscore,budget,0.02,50.0,3182,63,0.019798868636077938,11.04513888888889,0.0,0.0,0.0,0,63,0,3119,,0.0,0.0,0.0,0,63,0,0,0,,63,0,63,0.0,5.703866708582207,5.703866708582207,,,-6.930000000000007,-0.0,0.0,,-13.860000000000014,-0.0,0.0,,-6.930000000000007,-0.0,0.0,,0,63,0,-6.930000000000007,-0.0,0.0,63
artificialNoAnomaly/art_daily_no_noise.csv,artificialNoAnomaly,art_daily_no_noise,A_rolling_zscore,train,0.02,50.0,3182,0,0.0,11.04513888888889,0.0,0.0,0.0,0,0,0,3182,,0.0,0.0,0.0,0,0,0,0,0,,0,0,0,,0.0,0.0,,,0.0,-0.0,0.0,,0.0,-0.0,0.0,,0.0,-0.0,0.0,,0,0,0,0.0,-0.0,0.0,0
artificialNoAnomaly/art_daily_no_noise.csv,artificialNoAnomaly,art_daily_no_noise,A_rolling_zscore,budget,0.05,50.0,3182,159,0.04996857322438718,11.04513888888889,0.0,0.0,0.0,0,159,0,3023,,0.0,0.0,0.0,0,159,0,0,0,,159,0,159,0.0,14.395473121659855,14.395473121659855,,,-17.489999999999963,-0.0,0.0,,-34.979999999999926,-0.0,0.0,,-17.489999999999963,-0.0,0.0,,0,159,0,-17.489999999999963,-0.0,0.0,159
artificialNoAnomaly/art_daily_no_noise.csv,artificialNoAnomaly,art_daily_no_noise,A_rolling_zscore,train,0.05,50.0,3182,0,0.0,11.04513888888889,0.0,0.0,0.0,0,0,0,3182,,0.0,0.0,0.0,0,0,0,0,0,,0,0,0,,0.0,0.0,,,0.0,-0.0,0.0,,0.0,-0.0,0.0,,0.0,-0.0,0.0,,0,0,0,0.0,-0.0,0.0,0
artificialNoAnomaly/art_daily_no_noise.csv,artificialNoAnomaly,art_daily_no_noise,B_iforest_raw,budget,0.0005,0.6498118793712169,3182,1,0.00031426775612822125,11.04513888888889,0.0,0.0,0.0,0,1,0,3181,,0.0,0.0,0.0,0,1,0,0,0,,1,0,1,0.0,0.09053756680289217,0.09053756680289217,,,-0.11,-0.0,0.0,,-0.22,-0.0,0.0,,-0.11,-0.0,0.0,,0,1,0,-0.11,-0.0,0.0,1
artificialNoAnomaly/art_daily_no_noise.csv,artificialNoAnomaly,art_daily_no_noise,B_iforest_raw,train,0.0005,0.6498118793712169,3182,0,0.0,11.04513888888889,0.0,0.0,0.0,0,0,0,3182,,0.0,0.0,0.0,0,0,0,0,0,,0,0,0,,0.0,0.0,,,0.0,-0.0,0.0,,0.0,-0.0,0.0,,0.0,-0.0,0.0,,0,0,0,0.0,-0.0,0.0,0
artificialNoAnomaly/art_daily_no_noise.csv,artificialNoAnomaly,art_daily_no_noise,B_iforest_raw,budget,0.001,0.6498118793712169,3182,3,0.0009428032683846638,11.04513888888889,0.0,0.0,0.0,0,3,0,3179,,0.0,0.0,0.0,0,3,0,0,0,,1,0,1,0.0,0.09053756680289217,0.09053756680289217,,,-0.11,-0.0,0.0,,-0.22,-0.0,0.0,,-0.11,-0.0,0.0,,0,1,0,-0.33,-0.0,0.0,3
artificialNoAnomaly/art_daily_no_noise.csv,artificialNoAnomaly,art_daily_no_noise,B_iforest_raw,train,0.001,0.6498118793712169,3182,0,0.0,11.04513888888889,0.0,0.0,0.0,0,0,0,3182,,0.0,0.0,0.0,0,0,0,0,0,,0,0,0,,0.0,0.0,,,0.0,-0.0,0.0,,0.0,-0.0,0.0,,0.0,-0.0,0.0,,0,0,0,0.0,-0.0,0.0,0
artificialNoAnomaly/art_daily_no_noise.csv,artificialNoAnomaly,art_daily_no_noise,B_iforest_raw,budget,0.002,0.6498118793712169,3182,6,0.0018856065367693275,11.04513888888889,0.0,0.0,0.0,0,6,0,3176,,0.0,0.0,0.0,0,6,0,0,0,,1,0,1,0.0,0.09053756680289217,0.09053756680289217,,,-0.11,-0.0,0.0,,-0.22,-0.0,0.0,,-0.11,-0.0,0.0,,0,1,0,-0.66,-0.0,0.0,6
artificialNoAnomaly/art_daily_no_noise.csv,artificialNoAnomaly,art_daily_no_noise,B_iforest_raw,train,0.002,0.6498118793712169,3182,0,0.0,11.04513888888889,0.0,0.0,0.0,0,0,0,3182,,0.0,0.0,0.0,0,0,0,0,0,,0,0,0,,0.0,0.0,,,0.0,-0.0,0.0,,0.0,-0.0,0.0,,0.0,-0.0,0.0,,0,0,0,0.0,-0.0,0.0,0
artificialNoAnomaly/art_daily_no_noise.csv,artificialNoAnomaly,art_daily_no_noise,B_iforest_raw,budget,0.005,0.6498118793712169,3182,15,0.004714016341923318,11.04513888888889,0.0,0.0,0.0,0,15,0,3167,,0.0,0.0,0.0,0,15,0,0,0,,2,0,2,0.0,0.18107513360578434,0.18107513360578434,,,-0.22,-0.0,0.0,,-0.44,-0.0,0.0,,-0.22,-0.0,0.0,,0,2,0,-1.6500000000000006,-0.0,0.0,15
artificialNoAnomaly/art_daily_no_noise.csv,artificialNoAnomaly,art_daily_no_noise,B_iforest_raw,train,0.005,0.6498118793712169,3182,0,0.0,11.04513888888889,0.0,0.0,0.0,0,0,0,3182,,0.0,0.0,0.0,0,0,0,0,0,,0,0,0,,0.0,0.0,,,0.0,-0.0,0.0,,0.0,-0.0,0.0,,0.0,-0.0,0.0,,0,0,0,0.0,-0.0,0.0,0
artificialNoAnomaly/art_daily_no_noise.csv,artificialNoAnomaly,art_daily_no_noise,B_iforest_raw,budget,0.01,0.6498118793712169,3182,31,0.00974230043997486,11.04513888888889,0.0,0.0,0.0,0,31,0,3151,,0.0,0.0,0.0,0,31,0,0,0,,3,0,3,0.0,0.2716127004086765,0.2716127004086765,,,-0.33,-0.0,0.0,,-0.66,-0.0,0.0,,-0.33,-0.0,0.0,,0,3,0,-3.4099999999999993,-0.0,0.0,31
artificialNoAnomaly/art_daily_no_noise.csv,artificialNoAnomaly,art_daily_no_noise,B_iforest_raw,train,0.01,0.6498118793712169,3182,0,0.0,11.04513888888889,0.0,0.0,0.0,0,0,0,3182,,0.0,0.0,0.0,0,0,0,0,0,,0,0,0,,0.0,0.0,,,0.0,-0.0,0.0,,0.0,-0.0,0.0,,0.0,-0.0,0.0,,0,0,0,0.0,-0.0,0.0,0
artificialNoAnomaly/art_daily_no_noise.csv,artificialNoAnomaly,art_daily_no_noise,B_iforest_raw,budget,0.02,0.6498118793712169,3182,63,0.019798868636077938,11.04513888888889,0.0,0.0,0.0,0,63,0,3119,,0.0,0.0,0.0,0,63,0,0,0,,6,0,6,0.0,0.543225400817353,0.543225400817353,,,-0.66,-0.0,0.0,,-1.32,-0.0,0.0,,-0.66,-0.0,0.0,,0,6,0,-6.930000000000007,-0.0,0.0,63
artificialNoAnomaly/art_daily_no_noise.csv,artificialNoAnomaly,art_daily_no_noise,B_iforest_raw,train,0.02,0.6498118793712169,3182,0,0.0,11.04513888888889,0.0,0.0,0.0,0,0,0,3182,,0.0,0.0,0.0,0,0,0,0,0,,0,0,0,,0.0,0.0,,,0.0,-0.0,0.0,,0.0,-0.0,0.0,,0.0,-0.0,0.0,,0,0,0,0.0,-0.0,0.0,0
artificialNoAnomaly/art_daily_no_noise.csv,artificialNoAnomaly,art_daily_no_noise,B_iforest_raw,budget,0.05,0.6491729512159699,3182,159,0.04996857322438718,11.04513888888889,0.0,0.0,0.0,0,159,0,3023,,0.0,0.0,0.0,0,159,0,0,0,,14,0,14,0.0,1.2675259352404904,1.2675259352404904,,,-1.5400000000000005,-0.0,0.0,,-3.080000000000001,-0.0,0.0,,-1.5400000000000005,-0.0,0.0,,0,14,0,-17.489999999999963,-0.0,0.0,159
artificialNoAnomaly/art_daily_no_noise.csv,artificialNoAnomaly,art_daily_no_noise,B_iforest_raw,train,0.05,0.6491729512159699,3182,132,0.041483343808925204,11.04513888888889,0.0,0.0,0.0,0,132,0,3050,,0.0,0.0,0.0,0,132,0,0,0,,11,0,11,0.0,0.9959132348318138,0.9959132348318138,,,-1.2100000000000002,-0.0,0.0,,-2.4200000000000004,-0.0,0.0,,-1.2100000000000002,-0.0,0.0,,0,11,0,-14.519999999999976,-0.0,0.0,132
artificialNoAnomaly/art_daily_no_noise.csv,artificialNoAnomaly,art_daily_no_noise,C_iforest_contextual,budget,0.0005,0.7668594533634082,3182,1,0.00031426775612822125,11.04513888888889,0.0,0.0,0.0,0,1,0,3181,,0.0,0.0,0.0,0,1,0,0,0,,1,0,1,0.0,0.09053756680289217,0.09053756680289217,,,-0.11,-0.0,0.0,,-0.22,-0.0,0.0,,-0.11,-0.0,0.0,,0,1,0,-0.11,-0.0,0.0,1
artificialNoAnomaly/art_daily_no_noise.csv,artificialNoAnomaly,art_daily_no_noise,C_iforest_contextual,train,0.0005,0.765467056351059,3182,9,0.0028284098051539913,11.04513888888889,0.0,0.0,0.0,0,9,0,3173,,0.0,0.0,0.0,0,9,0,0,0,,9,0,9,0.0,0.8148381012260295,0.8148381012260295,,,-0.99,-0.0,0.0,,-1.98,-0.0,0.0,,-0.99,-0.0,0.0,,0,9,0,-0.99,-0.0,0.0,9
artificialNoAnomaly/art_daily_no_noise.csv,artificialNoAnomaly,art_daily_no_noise,C_iforest_contextual,budget,0.001,0.7668594533634082,3182,3,0.0009428032683846638,11.04513888888889,0.0,0.0,0.0,0,3,0,3179,,0.0,0.0,0.0,0,3,0,0,0,,3,0,3,0.0,0.2716127004086765,0.2716127004086765,,,-0.33,-0.0,0.0,,-0.66,-0.0,0.0,,-0.33,-0.0,0.0,,0,3,0,-0.33,-0.0,0.0,3
artificialNoAnomaly/art_daily_no_noise.csv,artificialNoAnomaly,art_daily_no_noise,C_iforest_contextual,train,0.001,0.7641949492792762,3182,10,0.0031426775612822125,11.04513888888889,0.0,0.0,0.0,0,10,0,3172,,0.0,0.0,0.0,0,10,0,0,0,,10,0,10,0.0,0.9053756680289217,0.9053756680289217,,,-1.1,-0.0,0.0,,-2.2,-0.0,0.0,,-1.1,-0.0,0.0,,0,10,0,-1.1,-0.0,0.0,10
artificialNoAnomaly/art_daily_no_noise.csv,artificialNoAnomaly,art_daily_no_noise,C_iforest_contextual,budget,0.002,0.7667391634228412,3182,6,0.0018856065367693275,11.04513888888889,0.0,0.0,0.0,0,6,0,3176,,0.0,0.0,0.0,0,6,0,0,0,,6,0,6,0.0,0.543225400817353,0.543225400817353,,,-0.66,-0.0,0.0,,-1.32,-0.0,0.0,,-0.66,-0.0,0.0,,0,6,0,-0.66,-0.0,0.0,6
artificialNoAnomaly/art_daily_no_noise.csv,artificialNoAnomaly,art_daily_no_noise,C_iforest_contextual,train,0.002,0.7600670736515549,3182,11,0.0034569453174104338,11.04513888888889,0.0,0.0,0.0,0,11,0,3171,,0.0,0.0,0.0,0,11,0,0,0,,11,0,11,0.0,0.9959132348318138,0.9959132348318138,,,-1.2100000000000002,-0.0,0.0,,-2.4200000000000004,-0.0,0.0,,-1.2100000000000002,-0.0,0.0,,0,11,0,-1.2100000000000002,-0.0,0.0,11
artificialNoAnomaly/art_daily_no_noise.csv,artificialNoAnomaly,art_daily_no_noise,C_iforest_contextual,budget,0.005,0.7427797125372618,3182,15,0.004714016341923318,11.04513888888889,0.0,0.0,0.0,0,15,0,3167,,0.0,0.0,0.0,0,15,0,0,0,,15,0,15,0.0,1.3580635020433824,1.3580635020433824,,,-1.6500000000000006,-0.0,0.0,,-3.300000000000001,-0.0,0.0,,-1.6500000000000006,-0.0,0.0,,0,15,0,-1.6500000000000006,-0.0,0.0,15
artificialNoAnomaly/art_daily_no_noise.csv,artificialNoAnomaly,art_daily_no_noise,C_iforest_contextual,train,0.005,0.7416270373913935,3182,18,0.0056568196103079825,11.04513888888889,0.0,0.0,0.0,0,18,0,3164,,0.0,0.0,0.0,0,18,0,0,0,,18,0,18,0.0,1.629676202452059,1.629676202452059,,,-1.9800000000000009,-0.0,0.0,,-3.9600000000000017,-0.0,0.0,,-1.9800000000000009,-0.0,0.0,,0,18,0,-1.9800000000000009,-0.0,0.0,18
artificialNoAnomaly/art_daily_no_noise.csv,artificialNoAnomaly,art_daily_no_noise,C_iforest_contextual,budget,0.01,0.6899324572865839,3182,31,0.00974230043997486,11.04513888888889,0.0,0.0,0.0,0,31,0,3151,,0.0,0.0,0.0,0,31,0,0,0,,31,0,31,0.0,2.8066645708896574,2.8066645708896574,,,-3.4099999999999993,-0.0,0.0,,-6.8199999999999985,-0.0,0.0,,-3.4099999999999993,-0.0,0.0,,0,31,0,-3.4099999999999993,-0.0,0.0,31
artificialNoAnomaly/art_daily_no_noise.csv,artificialNoAnomaly,art_daily_no_noise,C_iforest_contextual,train,0.01,0.6872896614632049,3182,33,0.010370835952231301,11.04513888888889,0.0,0.0,0.0,0,33,0,3149,,0.0,0.0,0.0,0,33,0,0,0,,33,0,33,0.0,2.9877397044954415,2.9877397044954415,,,-3.629999999999999,-0.0,0.0,,-7.259999999999998,-0.0,0.0,,-3.629999999999999,-0.0,0.0,,0,33,0,-3.629999999999999,-0.0,0.0,33
artificialNoAnomaly/art_daily_no_noise.csv,artificialNoAnomaly,art_daily_no_noise,C_iforest_contextual,budget,0.02,0.6278688641680068,3182,63,0.019798868636077938,11.04513888888889,0.0,0.0,0.0,0,63,0,3119,,0.0,0.0,0.0,0,63,0,0,0,,63,0,63,0.0,5.703866708582207,5.703866708582207,,,-6.930000000000007,-0.0,0.0,,-13.860000000000014,-0.0,0.0,,-6.930000000000007,-0.0,0.0,,0,63,0,-6.930000000000007,-0.0,0.0,63
artificialNoAnomaly/art_daily_no_noise.csv,artificialNoAnomaly,art_daily_no_noise,C_iforest_contextual,train,0.02,0.6278520158535194,3182,66,0.020741671904462602,11.04513888888889,0.0,0.0,0.0,0,66,0,3116,,0.0,0.0,0.0,0,66,0,0,0,,63,0,63,0.0,5.703866708582207,5.703866708582207,,,-6.930000000000007,-0.0,0.0,,-13.860000000000014,-0.0,0.0,,-6.930000000000007,-0.0,0.0,,0,63,0,-7.260000000000008,-0.0,0.0,66
artificialNoAnomaly/art_daily_no_noise.csv,artificialNoAnomaly,art_daily_no_noise,C_iforest_contextual,budget,0.05,0.597964360995778,3182,159,0.04996857322438718,11.04513888888889,0.0,0.0,0.0,0,159,0,3023,,0.0,0.0,0.0,0,159,0,0,0,,89,0,89,0.0,8.057843445457403,8.057843445457403,,,-9.790000000000001,-0.0,0.0,,-19.580000000000002,-0.0,0.0,,-9.790000000000001,-0.0,0.0,,0,89,0,-17.489999999999963,-0.0,0.0,159
artificialNoAnomaly/art_daily_no_noise.csv,artificialNoAnomaly,art_daily_no_noise,C_iforest_contextual,train,0.05,0.6004789167268264,3182,143,0.04494028912633564,11.04513888888889,0.0,0.0,0.0,0,143,0,3039,,0.0,0.0,0.0,0,143,0,0,0,,84,0,84,0.0,7.605155611442942,7.605155611442942,,,-9.240000000000004,-0.0,0.0,,-18.480000000000008,-0.0,0.0,,-9.240000000000004,-0.0,0.0,,0,84,0,-15.72999999999997,-0.0,0.0,143
artificialNoAnomaly/art_daily_perfect_square_wave.csv,artificialNoAnomaly,art_daily_perfect_square_wave,A_rolling_zscore,budget,0.0005,50.0,3182,1,0.00031426775612822125,11.04513888888889,0.0,0.0,0.0,0,1,0,3181,,0.0,0.0,0.0,0,1,0,0,0,,1,0,1,0.0,0.09053756680289217,0.09053756680289217,,,-0.11,-0.0,0.0,,-0.22,-0.0,0.0,,-0.11,-0.0,0.0,,0,1,0,-0.11,-0.0,0.0,1
artificialNoAnomaly/art_daily_perfect_square_wave.csv,artificialNoAnomaly,art_daily_perfect_square_wave,A_rolling_zscore,train,0.0005,50.0,3182,0,0.0,11.04513888888889,0.0,0.0,0.0,0,0,0,3182,,0.0,0.0,0.0,0,0,0,0,0,,0,0,0,,0.0,0.0,,,0.0,-0.0,0.0,,0.0,-0.0,0.0,,0.0,-0.0,0.0,,0,0,0,0.0,-0.0,0.0,0
artificialNoAnomaly/art_daily_perfect_square_wave.csv,artificialNoAnomaly,art_daily_perfect_square_wave,A_rolling_zscore,budget,0.001,50.0,3182,3,0.0009428032683846638,11.04513888888889,0.0,0.0,0.0,0,3,0,3179,,0.0,0.0,0.0,0,3,0,0,0,,3,0,3,0.0,0.2716127004086765,0.2716127004086765,,,-0.33,-0.0,0.0,,-0.66,-0.0,0.0,,-0.33,-0.0,0.0,,0,3,0,-0.33,-0.0,0.0,3
artificialNoAnomaly/art_daily_perfect_square_wave.csv,artificialNoAnomaly,art_daily_perfect_square_wave,A_rolling_zscore,train,0.001,50.0,3182,0,0.0,11.04513888888889,0.0,0.0,0.0,0,0,0,3182,,0.0,0.0,0.0,0,0,0,0,0,,0,0,0,,0.0,0.0,,,0.0,-0.0,0.0,,0.0,-0.0,0.0,,0.0,-0.0,0.0,,0,0,0,0.0,-0.0,0.0,0
artificialNoAnomaly/art_daily_perfect_square_wave.csv,artificialNoAnomaly,art_daily_perfect_square_wave,A_rolling_zscore,budget,0.002,50.0,3182,6,0.0018856065367693275,11.04513888888889,0.0,0.0,0.0,0,6,0,3176,,0.0,0.0,0.0,0,6,0,0,0,,6,0,6,0.0,0.543225400817353,0.543225400817353,,,-0.66,-0.0,0.0,,-1.32,-0.0,0.0,,-0.66,-0.0,0.0,,0,6,0,-0.66,-0.0,0.0,6
artificialNoAnomaly/art_daily_perfect_square_wave.csv,artificialNoAnomaly,art_daily_perfect_square_wave,A_rolling_zscore,train,0.002,50.0,3182,0,0.0,11.04513888888889,0.0,0.0,0.0,0,0,0,3182,,0.0,0.0,0.0,0,0,0,0,0,,0,0,0,,0.0,0.0,,,0.0,-0.0,0.0,,0.0,-0.0,0.0,,0.0,-0.0,0.0,,0,0,0,0.0,-0.0,0.0,0
artificialNoAnomaly/art_daily_perfect_square_wave.csv,artificialNoAnomaly,art_daily_perfect_square_wave,A_rolling_zscore,budget,0.005,50.0,3182,15,0.004714016341923318,11.04513888888889,0.0,0.0,0.0,0,15,0,3167,,0.0,0.0,0.0,0,15,0,0,0,,15,0,15,0.0,1.3580635020433824,1.3580635020433824,,,-1.6500000000000006,-0.0,0.0,,-3.300000000000001,-0.0,0.0,,-1.6500000000000006,-0.0,0.0,,0,15,0,-1.6500000000000006,-0.0,0.0,15
artificialNoAnomaly/art_daily_perfect_square_wave.csv,artificialNoAnomaly,art_daily_perfect_square_wave,A_rolling_zscore,train,0.005,50.0,3182,0,0.0,11.04513888888889,0.0,0.0,0.0,0,0,0,3182,,0.0,0.0,0.0,0,0,0,0,0,,0,0,0,,0.0,0.0,,,0.0,-0.0,0.0,,0.0,-0.0,0.0,,0.0,-0.0,0.0,,0,0,0,0.0,-0.0,0.0,0
artificialNoAnomaly/art_daily_perfect_square_wave.csv,artificialNoAnomaly,art_daily_perfect_square_wave,A_rolling_zscore,budget,0.01,3.3166247903553994,3182,31,0.00974230043997486,11.04513888888889,0.0,0.0,0.0,0,31,0,3151,,0.0,0.0,0.0,0,31,0,0,0,,22,0,22,0.0,1.9918264696636276,1.9918264696636276,,,-2.4200000000000004,-0.0,0.0,,-4.840000000000001,-0.0,0.0,,-2.4200000000000004,-0.0,0.0,,0,22,0,-3.4099999999999993,-0.0,0.0,31
artificialNoAnomaly/art_daily_perfect_square_wave.csv,artificialNoAnomaly,art_daily_perfect_square_wave,A_rolling_zscore,train,0.01,3.3166247903553994,3182,22,0.0069138906348208675,11.04513888888889,0.0,0.0,0.0,0,22,0,3160,,0.0,0.0,0.0,0,22,0,0,0,,22,0,22,0.0,1.9918264696636276,1.9918264696636276,,,-2.4200000000000004,-0.0,0.0,,-4.840000000000001,-0.0,0.0,,-2.4200000000000004,-0.0,0.0,,0,22,0,-2.4200000000000004,-0.0,0.0,22
artificialNoAnomaly/art_daily_perfect_square_wave.csv,artificialNoAnomaly,art_daily_perfect_square_wave,A_rolling_zscore,budget,0.02,2.23606797749979,3182,63,0.019798868636077938,11.04513888888889,0.0,0.0,0.0,0,63,0,3119,,0.0,0.0,0.0,0,63,0,0,0,,22,0,22,0.0,1.9918264696636276,1.9918264696636276,,,-2.4200000000000004,-0.0,0.0,,-4.840000000000001,-0.0,0.0,,-2.4200000000000004,-0.0,0.0,,0,22,0,-6.930000000000007,-0.0,0.0,63
artificialNoAnomaly/art_daily_perfect_square_wave.csv,artificialNoAnomaly,art_daily_perfect_square_wave,A_rolling_zscore,train,0.02,2.125184200114975,3182,66,0.020741671904462602,11.04513888888889,0.0,0.0,0.0,0,66,0,3116,,0.0,0.0,0.0,0,66,0,0,0,,22,0,22,0.0,1.9918264696636276,1.9918264696636276,,,-2.4200000000000004,-0.0,0.0,,-4.840000000000001,-0.0,0.0,,-2.4200000000000004,-0.0,0.0,,0,22,0,-7.260000000000008,-0.0,0.0,66
artificialNoAnomaly/art_daily_perfect_square_wave.csv,artificialNoAnomaly,art_daily_perfect_square_wave,A_rolling_zscore,budget,0.05,0.8451542547285166,3182,159,0.04996857322438718,11.04513888888889,0.0,0.0,0.0,0,159,0,3023,,0.0,0.0,0.0,0,159,0,0,0,,22,0,22,0.0,1.9918264696636276,1.9918264696636276,,,-2.4200000000000004,-0.0,0.0,,-4.840000000000001,-0.0,0.0,,-2.4200000000000004,-0.0,0.0,,0,22,0,-17.489999999999963,-0.0,0.0,159
artificialNoAnomaly/art_daily_perfect_square_wave.csv,artificialNoAnomaly,art_daily_perfect_square_wave,A_rolling_zscore,train,0.05,0.8451542547285166,3182,154,0.04839723444374607,11.04513888888889,0.0,0.0,0.0,0,154,0,3028,,0.0,0.0,0.0,0,154,0,0,0,,22,0,22,0.0,1.9918264696636276,1.9918264696636276,,,-2.4200000000000004,-0.0,0.0,,-4.840000000000001,-0.0,0.0,,-2.4200000000000004,-0.0,0.0,,0,22,0,-16.939999999999966,-0.0,0.0,154
artificialNoAnomaly/art_daily_perfect_square_wave.csv,artificialNoAnomaly,art_daily_perfect_square_wave,B_iforest_raw,budget,0.0005,0.5319721580667813,3182,1,0.00031426775612822125,11.04513888888889,0.0,0.0,0.0,0,1,0,3181,,0.0,0.0,0.0,0,1,0,0,0,,1,0,1,0.0,0.09053756680289217,0.09053756680289217,,,-0.11,-0.0,0.0,,-0.22,-0.0,0.0,,-0.11,-0.0,0.0,,0,1,0,-0.11,-0.0,0.0,1
artificialNoAnomaly/art_daily_perfect_square_wave.csv,artificialNoAnomaly,art_daily_perfect_square_wave,B_iforest_raw,train,0.0005,0.5319721580667813,3182,0,0.0,11.04513888888889,0.0,0.0,0.0,0,0,0,3182,,0.0,0.0,0.0,0,0,0,0,0,,0,0,0,,0.0,0.0,,,0.0,-0.0,0.0,,0.0,-0.0,0.0,,0.0,-0.0,0.0,,0,0,0,0.0,-0.0,0.0,0
artificialNoAnomaly/art_daily_perfect_square_wave.csv,artificialNoAnomaly,art_daily_perfect_square_wave,B_iforest_raw,budget,0.001,0.5319721580667813,3182,3,0.0009428032683846638,11.04513888888889,0.0,0.0,0.0,0,3,0,3179,,0.0,0.0,0.0,0,3,0,0,0,,1,0,1,0.0,0.09053756680289217,0.09053756680289217,,,-0.11,-0.0,0.0,,-0.22,-0.0,0.0,,-0.11,-0.0,0.0,,0,1,0,-0.33,-0.0,0.0,3
artificialNoAnomaly/art_daily_perfect_square_wave.csv,artificialNoAnomaly,art_daily_perfect_square_wave,B_iforest_raw,train,0.001,0.5319721580667813,3182,0,0.0,11.04513888888889,0.0,0.0,0.0,0,0,0,3182,,0.0,0.0,0.0,0,0,0,0,0,,0,0,0,,0.0,0.0,,,0.0,-0.0,0.0,,0.0,-0.0,0.0,,0.0,-0.0,0.0,,0,0,0,0.0,-0.0,0.0,0
artificialNoAnomaly/art_daily_perfect_square_wave.csv,artificialNoAnomaly,art_daily_perfect_square_wave,B_iforest_raw,budget,0.002,0.5319721580667813,3182,6,0.0018856065367693275,11.04513888888889,0.0,0.0,0.0,0,6,0,3176,,0.0,0.0,0.0,0,6,0,0,0,,1,0,1,0.0,0.09053756680289217,0.09053756680289217,,,-0.11,-0.0,0.0,,-0.22,-0.0,0.0,,-0.11,-0.0,0.0,,0,1,0,-0.66,-0.0,0.0,6
artificialNoAnomaly/art_daily_perfect_square_wave.csv,artificialNoAnomaly,art_daily_perfect_square_wave,B_iforest_raw,train,0.002,0.5319721580667813,3182,0,0.0,11.04513888888889,0.0,0.0,0.0,0,0,0,3182,,0.0,0.0,0.0,0,0,0,0,0,,0,0,0,,0.0,0.0,,,0.0,-0.0,0.0,,0.0,-0.0,0.0,,0.0,-0.0,0.0,,0,0,0,0.0,-0.0,0.0,0
artificialNoAnomaly/art_daily_perfect_square_wave.csv,artificialNoAnomaly,art_daily_perfect_square_wave,B_iforest_raw,budget,0.005,0.5319721580667813,3182,15,0.004714016341923318,11.04513888888889,0.0,0.0,0.0,0,15,0,3167,,0.0,0.0,0.0,0,15,0,0,0,,1,0,1,0.0,0.09053756680289217,0.09053756680289217,,,-0.11,-0.0,0.0,,-0.22,-0.0,0.0,,-0.11,-0.0,0.0,,0,1,0,-1.6500000000000006,-0.0,0.0,15
artificialNoAnomaly/art_daily_perfect_square_wave.csv,artificialNoAnomaly,art_daily_perfect_square_wave,B_iforest_raw,train,0.005,0.5319721580667813,3182,0,0.0,11.04513888888889,0.0,0.0,0.0,0,0,0,3182,,0.0,0.0,0.0,0,0,0,0,0,,0,0,0,,0.0,0.0,,,0.0,-0.0,0.0,,0.0,-0.0,0.0,,0.0,-0.0,0.0,,0,0,0,0.0,-0.0,0.0,0
artificialNoAnomaly/art_daily_perfect_square_wave.csv,artificialNoAnomaly,art_daily_perfect_square_wave,B_iforest_raw,budget,0.01,0.5319721580667813,3182,31,0.00974230043997486,11.04513888888889,0.0,0.0,0.0,0,31,0,3151,,0.0,0.0,0.0,0,31,0,0,0,,1,0,1,0.0,0.09053756680289217,0.09053756680289217,,,-0.11,-0.0,0.0,,-0.22,-0.0,0.0,,-0.11,-0.0,0.0,,0,1,0,-3.4099999999999993,-0.0,0.0,31
artificialNoAnomaly/art_daily_perfect_square_wave.csv,artificialNoAnomaly,art_daily_perfect_square_wave,B_iforest_raw,train,0.01,0.5319721580667813,3182,0,0.0,11.04513888888889,0.0,0.0,0.0,0,0,0,3182,,0.0,0.0,0.0,0,0,0,0,0,,0,0,0,,0.0,0.0,,,0.0,-0.0,0.0,,0.0,-0.0,0.0,,0.0,-0.0,0.0,,0,0,0,0.0,-0.0,0.0,0
artificialNoAnomaly/art_daily_perfect_square_wave.csv,artificialNoAnomaly,art_daily_perfect_square_wave,B_iforest_raw,budget,0.02,0.5319721580667813,3182,63,0.019798868636077938,11.04513888888889,0.0,0.0,0.0,0,63,0,3119,,0.0,0.0,0.0,0,63,0,0,0,,1,0,1,0.0,0.09053756680289217,0.09053756680289217,,,-0.11,-0.0,0.0,,-0.22,-0.0,0.0,,-0.11,-0.0,0.0,,0,1,0,-6.930000000000007,-0.0,0.0,63
artificialNoAnomaly/art_daily_perfect_square_wave.csv,artificialNoAnomaly,art_daily_perfect_square_wave,B_iforest_raw,train,0.02,0.5319721580667813,3182,0,0.0,11.04513888888889,0.0,0.0,0.0,0,0,0,3182,,0.0,0.0,0.0,0,0,0,0,0,,0,0,0,,0.0,0.0,,,0.0,-0.0,0.0,,0.0,-0.0,0.0,,0.0,-0.0,0.0,,0,0,0,0.0,-0.0,0.0,0
artificialNoAnomaly/art_daily_perfect_square_wave.csv,artificialNoAnomaly,art_daily_perfect_square_wave,B_iforest_raw,budget,0.05,0.5319721580667813,3182,159,0.04996857322438718,11.04513888888889,0.0,0.0,0.0,0,159,0,3023,,0.0,0.0,0.0,0,159,0,0,0,,2,0,2,0.0,0.18107513360578434,0.18107513360578434,,,-0.22,-0.0,0.0,,-0.44,-0.0,0.0,,-0.22,-0.0,0.0,,0,2,0,-17.489999999999963,-0.0,0.0,159
artificialNoAnomaly/art_daily_perfect_square_wave.csv,artificialNoAnomaly,art_daily_perfect_square_wave,B_iforest_raw,train,0.05,0.5319721580667813,3182,0,0.0,11.04513888888889,0.0,0.0,0.0,0,0,0,3182,,0.0,0.0,0.0,0,0,0,0,0,,0,0,0,,0.0,0.0,,,0.0,-0.0,0.0,,0.0,-0.0,0.0,,0.0,-0.0,0.0,,0,0,0,0.0,-0.0,0.0,0
artificialNoAnomaly/art_daily_perfect_square_wave.csv,artificialNoAnomaly,art_daily_perfect_square_wave,C_iforest_contextual,budget,0.0005,0.7564010097681813,3182,1,0.00031426775612822125,11.04513888888889,0.0,0.0,0.0,0,1,0,3181,,0.0,0.0,0.0,0,1,0,0,0,,1,0,1,0.0,0.09053756680289217,0.09053756680289217,,,-0.11,-0.0,0.0,,-0.22,-0.0,0.0,,-0.11,-0.0,0.0,,0,1,0,-0.11,-0.0,0.0,1
artificialNoAnomaly/art_daily_perfect_square_wave.csv,artificialNoAnomaly,art_daily_perfect_square_wave,C_iforest_contextual,train,0.0005,0.754112979246302,3182,14,0.0043997485857950975,11.04513888888889,0.0,0.0,0.0,0,14,0,3168,,0.0,0.0,0.0,0,14,0,0,0,,14,0,14,0.0,1.2675259352404904,1.2675259352404904,,,-1.5400000000000005,-0.0,0.0,,-3.080000000000001,-0.0,0.0,,-1.5400000000000005,-0.0,0.0,,0,14,0,-1.5400000000000005,-0.0,0.0,14
artificialNoAnomaly/art_daily_perfect_square_wave.csv,artificialNoAnomaly,art_daily_perfect_square_wave,C_iforest_contextual,budget,0.001,0.7564010097681813,3182,3,0.0009428032683846638,11.04513888888889,0.0,0.0,0.0,0,3,0,3179,,0.0,0.0,0.0,0,3,0,0,0,,3,0,3,0.0,0.2716127004086765,0.2716127004086765,,,-0.33,-0.0,0.0,,-0.66,-0.0,0.0,,-0.33,-0.0,0.0,,0,3,0,-0.33,-0.0,0.0,3
artificialNoAnomaly/art_daily_perfect_square_wave.csv,artificialNoAnomaly,art_daily_perfect_square_wave,C_iforest_contextual,train,0.001,0.7538730060098388,3182,14,0.0043997485857950975,11.04513888888889,0.0,0.0,0.0,0,14,0,3168,,0.0,0.0,0.0,0,14,0,0,0,,14,0,14,0.0,1.2675259352404904,1.2675259352404904,,,-1.5400000000000005,-0.0,0.0,,-3.080000000000001,-0.0,0.0,,-1.5400000000000005,-0.0,0.0,,0,14,0,-1.5400000000000005,-0.0,0.0,14
artificialNoAnomaly/art_daily_perfect_square_wave.csv,artificialNoAnomaly,art_daily_perfect_square_wave,C_iforest_contextual,budget,0.002,0.7557701022350244,3182,6,0.0018856065367693275,11.04513888888889,0.0,0.0,0.0,0,6,0,3176,,0.0,0.0,0.0,0,6,0,0,0,,6,0,6,0.0,0.543225400817353,0.543225400817353,,,-0.66,-0.0,0.0,,-1.32,-0.0,0.0,,-0.66,-0.0,0.0,,0,6,0,-0.66,-0.0,0.0,6
artificialNoAnomaly/art_daily_perfect_square_wave.csv,artificialNoAnomaly,art_daily_perfect_square_wave,C_iforest_contextual,train,0.002,0.7534833543345302,3182,17,0.005342551854179761,11.04513888888889,0.0,0.0,0.0,0,17,0,3165,,0.0,0.0,0.0,0,17,0,0,0,,17,0,17,0.0,1.539138635649167,1.539138635649167,,,-1.8700000000000008,-0.0,0.0,,-3.7400000000000015,-0.0,0.0,,-1.8700000000000008,-0.0,0.0,,0,17,0,-1.8700000000000008,-0.0,0.0,17
artificialNoAnomaly/art_daily_perfect_square_wave.csv,artificialNoAnomaly,art_daily_perfect_square_wave,C_iforest_contextual,budget,0.005,0.7534974329231816,3182,15,0.004714016341923318,11.04513888888889,0.0,0.0,0.0,0,15,0,3167,,0.0,0.0,0.0,0,15,0,0,0,,15,0,15,0.0,1.3580635020433824,1.3580635020433824,,,-1.6500000000000006,-0.0,0.0,,-3.300000000000001,-0.0,0.0,,-1.6500000000000006,-0.0,0.0,,0,15,0,-1.6500000000000006,-0.0,0.0,15
artificialNoAnomaly/art_daily_perfect_square_wave.csv,artificialNoAnomaly,art_daily_perfect_square_wave,C_iforest_contextual,train,0.005,0.7493472077480089,3182,19,0.005971087366436203,11.04513888888889,0.0,0.0,0.0,0,19,0,3163,,0.0,0.0,0.0,0,19,0,0,0,,19,0,19,0.0,1.7202137692549513,1.7202137692549513,,,-2.0900000000000007,-0.0,0.0,,-4.1800000000000015,-0.0,0.0,,-2.0900000000000007,-0.0,0.0,,0,19,0,-2.0900000000000007,-0.0,0.0,19
artificialNoAnomaly/art_daily_perfect_square_wave.csv,artificialNoAnomaly,art_daily_perfect_square_wave,C_iforest_contextual,budget,0.01,0.6792456005591656,3182,31,0.00974230043997486,11.04513888888889,0.0,0.0,0.0,0,31,0,3151,,0.0,0.0,0.0,0,31,0,0,0,,22,0,22,0.0,1.9918264696636276,1.9918264696636276,,,-2.4200000000000004,-0.0,0.0,,-4.840000000000001,-0.0,0.0,,-2.4200000000000004,-0.0,0.0,,0,22,0,-3.4099999999999993,-0.0,0.0,31
artificialNoAnomaly/art_daily_perfect_square_wave.csv,artificialNoAnomaly,art_daily_perfect_square_wave,C_iforest_contextual,train,0.01,0.6785712922332224,3182,33,0.010370835952231301,11.04513888888889,0.0,0.0,0.0,0,33,0,3149,,0.0,0.0,0.0,0,33,0,0,0,,22,0,22,0.0,1.9918264696636276,1.9918264696636276,,,-2.4200000000000004,-0.0,0.0,,-4.840000000000001,-0.0,0.0,,-2.4200000000000004,-0.0,0.0,,0,22,0,-3.629999999999999,-0.0,0.0,33
artificialNoAnomaly/art_daily_perfect_square_wave.csv,artificialNoAnomaly,art_daily_perfect_square_wave,C_iforest_contextual,budget,0.02,0.6521813010140176,3182,63,0.019798868636077938,11.04513888888889,0.0,0.0,0.0,0,63,0,3119,,0.0,0.0,0.0,0,63,0,0,0,,22,0,22,0.0,1.9918264696636276,1.9918264696636276,,,-2.4200000000000004,-0.0,0.0,,-4.840000000000001,-0.0,0.0,,-2.4200000000000004,-0.0,0.0,,0,22,0,-6.930000000000007,-0.0,0.0,63
artificialNoAnomaly/art_daily_perfect_square_wave.csv,artificialNoAnomaly,art_daily_perfect_square_wave,C_iforest_contextual,train,0.02,0.6528803840258665,3182,61,0.019170333123821496,11.04513888888889,0.0,0.0,0.0,0,61,0,3121,,0.0,0.0,0.0,0,61,0,0,0,,22,0,22,0.0,1.9918264696636276,1.9918264696636276,,,-2.4200000000000004,-0.0,0.0,,-4.840000000000001,-0.0,0.0,,-2.4200000000000004,-0.0,0.0,,0,22,0,-6.710000000000006,-0.0,0.0,61
artificialNoAnomaly/art_daily_perfect_square_wave.csv,artificialNoAnomaly,art_daily_perfect_square_wave,C_iforest_contextual,budget,0.05,0.6307709432115186,3182,159,0.04996857322438718,11.04513888888889,0.0,0.0,0.0,0,159,0,3023,,0.0,0.0,0.0,0,159,0,0,0,,22,0,22,0.0,1.9918264696636276,1.9918264696636276,,,-2.4200000000000004,-0.0,0.0,,-4.840000000000001,-0.0,0.0,,-2.4200000000000004,-0.0,0.0,,0,22,0,-17.489999999999963,-0.0,0.0,159
artificialNoAnomaly/art_daily_perfect_square_wave.csv,artificialNoAnomaly,art_daily_perfect_square_wave,C_iforest_contextual,train,0.05,0.6328321241204135,3182,157,0.04934003771213073,11.04513888888889,0.0,0.0,0.0,0,157,0,3025,,0.0,0.0,0.0,0,157,0,0,0,,22,0,22,0.0,1.9918264696636276,1.9918264696636276,,,-2.4200000000000004,-0.0,0.0,,-4.840000000000001,-0.0,0.0,,-2.4200000000000004,-0.0,0.0,,0,22,0,-17.269999999999964,-0.0,0.0,157
artificialNoAnomaly/art_daily_small_noise.csv,artificialNoAnomaly,art_daily_small_noise,A_rolling_zscore,budget,0.0005,48.79749430352772,3182,1,0.00031426775612822125,11.04513888888889,0.0,0.0,0.0,0,1,0,3181,,0.0,0.0,0.0,0,1,0,0,0,,1,0,1,0.0,0.09053756680289217,0.09053756680289217,,,-0.11,-0.0,0.0,,-0.22,-0.0,0.0,,-0.11,-0.0,0.0,,0,1,0,-0.11,-0.0,0.0,1
artificialNoAnomaly/art_daily_small_noise.csv,artificialNoAnomaly,art_daily_small_noise,A_rolling_zscore,train,0.0005,47.58130588462428,3182,3,0.0009428032683846638,11.04513888888889,0.0,0.0,0.0,0,3,0,3179,,0.0,0.0,0.0,0,3,0,0,0,,3,0,3,0.0,0.2716127004086765,0.2716127004086765,,,-0.33,-0.0,0.0,,-0.66,-0.0,0.0,,-0.33,-0.0,0.0,,0,3,0,-0.33,-0.0,0.0,3
artificialNoAnomaly/art_daily_small_noise.csv,artificialNoAnomaly,art_daily_small_noise,A_rolling_zscore,budget,0.001,44.83817133900407,3182,3,0.0009428032683846638,11.04513888888889,0.0,0.0,0.0,0,3,0,3179,,0.0,0.0,0.0,0,3,0,0,0,,3,0,3,0.0,0.2716127004086765,0.2716127004086765,,,-0.33,-0.0,0.0,,-0.66,-0.0,0.0,,-0.33,-0.0,0.0,,0,3,0,-0.33,-0.0,0.0,3
artificialNoAnomaly/art_daily_small_noise.csv,artificialNoAnomaly,art_daily_small_noise,A_rolling_zscore,train,0.001,45.16261176924757,3182,3,0.0009428032683846638,11.04513888888889,0.0,0.0,0.0,0,3,0,3179,,0.0,0.0,0.0,0,3,0,0,0,,3,0,3,0.0,0.2716127004086765,0.2716127004086765,,,-0.33,-0.0,0.0,,-0.66,-0.0,0.0,,-0.33,-0.0,0.0,,0,3,0,-0.33,-0.0,0.0,3
artificialNoAnomaly/art_daily_small_noise.csv,artificialNoAnomaly,art_daily_small_noise,A_rolling_zscore,budget,0.002,41.10733525345002,3182,6,0.0018856065367693275,11.04513888888889,0.0,0.0,0.0,0,6,0,3176,,0.0,0.0,0.0,0,6,0,0,0,,6,0,6,0.0,0.543225400817353,0.543225400817353,,,-0.66,-0.0,0.0,,-1.32,-0.0,0.0,,-0.66,-0.0,0.0,,0,6,0,-0.66,-0.0,0.0,6
artificialNoAnomaly/art_daily_small_noise.csv,artificialNoAnomaly,art_daily_small_noise,A_rolling_zscore,train,0.002,37.857100300750815,3182,8,0.00251414204902577,11.04513888888889,0.0,0.0,0.0,0,8,0,3174,,0.0,0.0,0.0,0,8,0,0,0,,8,0,8,0.0,0.7243005344231374,0.7243005344231374,,,-0.88,-0.0,0.0,,-1.76,-0.0,0.0,,-0.88,-0.0,0.0,,0,8,0,-0.88,-0.0,0.0,8
artificialNoAnomaly/art_daily_small_noise.csv,artificialNoAnomaly,art_daily_small_noise,A_rolling_zscore,budget,0.005,11.168199182462049,3182,15,0.004714016341923318,11.04513888888889,0.0,0.0,0.0,0,15,0,3167,,0.0,0.0,0.0,0,15,0,0,0,,15,0,15,0.0,1.3580635020433824,1.3580635020433824,,,-1.6500000000000006,-0.0,0.0,,-3.300000000000001,-0.0,0.0,,-1.6500000000000006,-0.0,0.0,,0,15,0,-1.6500000000000006,-0.0,0.0,15
artificialNoAnomaly/art_daily_small_noise.csv,artificialNoAnomaly,art_daily_small_noise,A_rolling_zscore,train,0.005,10.405153134627001,3182,19,0.005971087366436203,11.04513888888889,0.0,0.0,0.0,0,19,0,3163,,0.0,0.0,0.0,0,19,0,0,0,,19,0,19,0.0,1.7202137692549513,1.7202137692549513,,,-2.0900000000000007,-0.0,0.0,,-4.1800000000000015,-0.0,0.0,,-2.0900000000000007,-0.0,0.0,,0,19,0,-2.0900000000000007,-0.0,0.0,19
artificialNoAnomaly/art_daily_small_noise.csv,artificialNoAnomaly,art_daily_small_noise,A_rolling_zscore,budget,0.01,4.230414480793379,3182,31,0.00974230043997486,11.04513888888889,0.0,0.0,0.0,0,31,0,3151,,0.0,0.0,0.0,0,31,0,0,0,,31,0,31,0.0,2.8066645708896574,2.8066645708896574,,,-3.4099999999999993,-0.0,0.0,,-6.8199999999999985,-0.0,0.0,,-3.4099999999999993,-0.0,0.0,,0,31,0,-3.4099999999999993,-0.0,0.0,31
artificialNoAnomaly/art_daily_small_noise.csv,artificialNoAnomaly,art_daily_small_noise,A_rolling_zscore,train,0.01,4.407626803719218,3182,32,0.01005656819610308,11.04513888888889,0.0,0.0,0.0,0,32,0,3150,,0.0,0.0,0.0,0,32,0,0,0,,32,0,32,0.0,2.8972021376925494,2.8972021376925494,,,-3.519999999999999,-0.0,0.0,,-7.039999999999998,-0.0,0.0,,-3.519999999999999,-0.0,0.0,,0,32,0,-3.519999999999999,-0.0,0.0,32
artificialNoAnomaly/art_daily_small_noise.csv,artificialNoAnomaly,art_daily_small_noise,A_rolling_zscore,budget,0.02,3.0937052971320678,3182,63,0.019798868636077938,11.04513888888889,0.0,0.0,0.0,0,63,0,3119,,0.0,0.0,0.0,0,63,0,0,0,,46,0,46,0.0,4.164728072933039,4.164728072933039,,,-5.060000000000001,-0.0,0.0,,-10.120000000000003,-0.0,0.0,,-5.060000000000001,-0.0,0.0,,0,46,0,-6.930000000000007,-0.0,0.0,63
artificialNoAnomaly/art_daily_small_noise.csv,artificialNoAnomaly,art_daily_small_noise,A_rolling_zscore,train,0.02,2.896656909777259,3182,76,0.023884349465744813,11.04513888888889,0.0,0.0,0.0,0,76,0,3106,,0.0,0.0,0.0,0,76,0,0,0,,50,0,50,0.0,4.526878340144608,4.526878340144608,,,-5.500000000000003,-0.0,0.0,,-11.000000000000005,-0.0,0.0,,-5.500000000000003,-0.0,0.0,,0,50,0,-8.360000000000008,-0.0,0.0,76
artificialNoAnomaly/art_daily_small_noise.csv,artificialNoAnomaly,art_daily_small_noise,A_rolling_zscore,budget,0.05,2.2973606631551626,3182,159,0.04996857322438718,11.04513888888889,0.0,0.0,0.0,0,159,0,3023,,0.0,0.0,0.0,0,159,0,0,0,,107,0,107,0.0,9.687519647909463,9.687519647909463,,,-11.76999999999999,-0.0,0.0,,-23.53999999999998,-0.0,0.0,,-11.76999999999999,-0.0,0.0,,0,107,0,-17.489999999999963,-0.0,0.0,159
artificialNoAnomaly/art_daily_small_noise.csv,artificialNoAnomaly,art_daily_small_noise,A_rolling_zscore,train,0.05,2.3560612162321455,3182,145,0.04556882463859208,11.04513888888889,0.0,0.0,0.0,0,145,0,3037,,0.0,0.0,0.0,0,145,0,0,0,,96,0,96,0.0,8.691606413077649,8.691606413077649,,,-10.559999999999997,-0.0,0.0,,-21.119999999999994,-0.0,0.0,,-10.559999999999997,-0.0,0.0,,0,96,0,-15.949999999999969,-0.0,0.0,145
artificialNoAnomaly/art_daily_small_noise.csv,artificialNoAnomaly,art_daily_small_noise,B_iforest_raw,budget,0.0005,0.7082526012368577,3182,1,0.00031426775612822125,11.04513888888889,0.0,0.0,0.0,0,1,0,3181,,0.0,0.0,0.0,0,1,0,0,0,,1,0,1,0.0,0.09053756680289217,0.09053756680289217,,,-0.11,-0.0,0.0,,-0.22,-0.0,0.0,,-0.11,-0.0,0.0,,0,1,0,-0.11,-0.0,0.0,1
artificialNoAnomaly/art_daily_small_noise.csv,artificialNoAnomaly,art_daily_small_noise,B_iforest_raw,train,0.0005,0.7089048679072593,3182,2,0.0006285355122564425,11.04513888888889,0.0,0.0,0.0,0,2,0,3180,,0.0,0.0,0.0,0,2,0,0,0,,2,0,2,0.0,0.18107513360578434,0.18107513360578434,,,-0.22,-0.0,0.0,,-0.44,-0.0,0.0,,-0.22,-0.0,0.0,,0,2,0,-0.22,-0.0,0.0,2
artificialNoAnomaly/art_daily_small_noise.csv,artificialNoAnomaly,art_daily_small_noise,B_iforest_raw,budget,0.001,0.7051259187290869,3182,3,0.0009428032683846638,11.04513888888889,0.0,0.0,0.0,0,3,0,3179,,0.0,0.0,0.0,0,3,0,0,0,,3,0,3,0.0,0.2716127004086765,0.2716127004086765,,,-0.33,-0.0,0.0,,-0.66,-0.0,0.0,,-0.33,-0.0,0.0,,0,3,0,-0.33,-0.0,0.0,3
artificialNoAnomaly/art_daily_small_noise.csv,artificialNoAnomaly,art_daily_small_noise,B_iforest_raw,train,0.001,0.7062065015792937,3182,3,0.0009428032683846638,11.04513888888889,0.0,0.0,0.0,0,3,0,3179,,0.0,0.0,0.0,0,3,0,0,0,,3,0,3,0.0,0.2716127004086765,0.2716127004086765,,,-0.33,-0.0,0.0,,-0.66,-0.0,0.0,,-0.33,-0.0,0.0,,0,3,0,-0.33,-0.0,0.0,3
artificialNoAnomaly/art_daily_small_noise.csv,artificialNoAnomaly,art_daily_small_noise,B_iforest_raw,budget,0.002,0.7029339376213374,3182,6,0.0018856065367693275,11.04513888888889,0.0,0.0,0.0,0,6,0,3176,,0.0,0.0,0.0,0,6,0,0,0,,6,0,6,0.0,0.543225400817353,0.543225400817353,,,-0.66,-0.0,0.0,,-1.32,-0.0,0.0,,-0.66,-0.0,0.0,,0,6,0,-0.66,-0.0,0.0,6
artificialNoAnomaly/art_daily_small_noise.csv,artificialNoAnomaly,art_daily_small_noise,B_iforest_raw,train,0.002,0.7015075552631597,3182,26,0.008170961659333752,11.04513888888889,0.0,0.0,0.0,0,26,0,3156,,0.0,0.0,0.0,0,26,0,0,0,,21,0,21,0.0,1.9012889028607356,1.9012889028607356,,,-2.3100000000000005,-0.0,0.0,,-4.620000000000001,-0.0,0.0,,-2.3100000000000005,-0.0,0.0,,0,21,0,-2.86,-0.0,0.0,26
artificialNoAnomaly/art_daily_small_noise.csv,artificialNoAnomaly,art_daily_small_noise,B_iforest_raw,budget,0.005,0.7020059539820347,3182,15,0.004714016341923318,11.04513888888889,0.0,0.0,0.0,0,15,0,3167,,0.0,0.0,0.0,0,15,0,0,0,,14,0,14,0.0,1.2675259352404904,1.2675259352404904,,,-1.5400000000000005,-0.0,0.0,,-3.080000000000001,-0.0,0.0,,-1.5400000000000005,-0.0,0.0,,0,14,0,-1.6500000000000006,-0.0,0.0,15
artificialNoAnomaly/art_daily_small_noise.csv,artificialNoAnomaly,art_daily_small_noise,B_iforest_raw,train,0.005,0.6950048237265508,3182,34,0.010685103708359522,11.04513888888889,0.0,0.0,0.0,0,34,0,3148,,0.0,0.0,0.0,0,34,0,0,0,,27,0,27,0.0,2.4445143036780888,2.4445143036780888,,,-2.9699999999999998,-0.0,0.0,,-5.9399999999999995,-0.0,0.0,,-2.9699999999999998,-0.0,0.0,,0,27,0,-3.739999999999999,-0.0,0.0,34
artificialNoAnomaly/art_daily_small_noise.csv,artificialNoAnomaly,art_daily_small_noise,B_iforest_raw,budget,0.01,0.6957923151890809,3182,31,0.00974230043997486,11.04513888888889,0.0,0.0,0.0,0,31,0,3151,,0.0,0.0,0.0,0,31,0,0,0,,25,0,25,0.0,2.263439170072304,2.263439170072304,,,-2.75,-0.0,0.0,,-5.5,-0.0,0.0,,-2.75,-0.0,0.0,,0,25,0,-3.4099999999999993,-0.0,0.0,31
artificialNoAnomaly/art_daily_small_noise.csv,artificialNoAnomaly,art_daily_small_noise,B_iforest_raw,train,0.01,0.6734256437913472,3182,50,0.01571338780641106,11.04513888888889,0.0,0.0,0.0,0,50,0,3132,,0.0,0.0,0.0,0,50,0,0,0,,35,0,35,0.0,3.168814838101226,3.168814838101226,,,-3.8499999999999988,-0.0,0.0,,-7.6999999999999975,-0.0,0.0,,-3.8499999999999988,-0.0,0.0,,0,35,0,-5.500000000000003,-0.0,0.0,50
artificialNoAnomaly/art_daily_small_noise.csv,artificialNoAnomaly,art_daily_small_noise,B_iforest_raw,budget,0.02,0.6588821791530207,3182,63,0.019798868636077938,11.04513888888889,0.0,0.0,0.0,0,63,0,3119,,0.0,0.0,0.0,0,63,0,0,0,,37,0,37,0.0,3.34988997170701,3.34988997170701,,,-4.0699999999999985,-0.0,0.0,,-8.139999999999997,-0.0,0.0,,-4.0699999999999985,-0.0,0.0,,0,37,0,-6.930000000000007,-0.0,0.0,63
artificialNoAnomaly/art_daily_small_noise.csv,artificialNoAnomaly,art_daily_small_noise,B_iforest_raw,train,0.02,0.6541842660106287,3182,75,0.023570081709616594,11.04513888888889,0.0,0.0,0.0,0,75,0,3107,,0.0,0.0,0.0,0,75,0,0,0,,39,0,39,0.0,3.5309651053127946,3.5309651053127946,,,-4.289999999999999,-0.0,0.0,,-8.579999999999998,-0.0,0.0,,-4.289999999999999,-0.0,0.0,,0,39,0,-8.250000000000009,-0.0,0.0,75
artificialNoAnomaly/art_daily_small_noise.csv,artificialNoAnomaly,art_daily_small_noise,B_iforest_raw,budget,0.05,0.6315295484992675,3182,159,0.04996857322438718,11.04513888888889,0.0,0.0,0.0,0,159,0,3023,,0.0,0.0,0.0,0,159,0,0,0,,42,0,42,0.0,3.802577805721471,3.802577805721471,,,-4.62,-0.0,0.0,,-9.24,-0.0,0.0,,-4.62,-0.0,0.0,,0,42,0,-17.489999999999963,-0.0,0.0,159
artificialNoAnomaly/art_daily_small_noise.csv,artificialNoAnomaly,art_daily_small_noise,B_iforest_raw,train,0.05,0.6327486286624862,3182,153,0.04808296668761785,11.04513888888889,0.0,0.0,0.0,0,153,0,3029,,0.0,0.0,0.0,0,153,0,0,0,,39,0,39,0.0,3.5309651053127946,3.5309651053127946,,,-4.289999999999999,-0.0,0.0,,-8.579999999999998,-0.0,0.0,,-4.289999999999999,-0.0,0.0,,0,39,0,-16.829999999999966,-0.0,0.0,153
artificialNoAnomaly/art_daily_small_noise.csv,artificialNoAnomaly,art_daily_small_noise,C_iforest_contextual,budget,0.0005,0.7479014230754528,3182,1,0.00031426775612822125,11.04513888888889,0.0,0.0,0.0,0,1,0,3181,,0.0,0.0,0.0,0,1,0,0,0,,1,0,1,0.0,0.09053756680289217,0.09053756680289217,,,-0.11,-0.0,0.0,,-0.22,-0.0,0.0,,-0.11,-0.0,0.0,,0,1,0,-0.11,-0.0,0.0,1
artificialNoAnomaly/art_daily_small_noise.csv,artificialNoAnomaly,art_daily_small_noise,C_iforest_contextual,train,0.0005,0.7409328822886595,3182,5,0.0015713387806411063,11.04513888888889,0.0,0.0,0.0,0,5,0,3177,,0.0,0.0,0.0,0,5,0,0,0,,5,0,5,0.0,0.45268783401446083,0.45268783401446083,,,-0.55,-0.0,0.0,,-1.1,-0.0,0.0,,-0.55,-0.0,0.0,,0,5,0,-0.55,-0.0,0.0,5
artificialNoAnomaly/art_daily_small_noise.csv,artificialNoAnomaly,art_daily_small_noise,C_iforest_contextual,budget,0.001,0.7464428975068148,3182,3,0.0009428032683846638,11.04513888888889,0.0,0.0,0.0,0,3,0,3179,,0.0,0.0,0.0,0,3,0,0,0,,3,0,3,0.0,0.2716127004086765,0.2716127004086765,,,-0.33,-0.0,0.0,,-0.66,-0.0,0.0,,-0.33,-0.0,0.0,,0,3,0,-0.33,-0.0,0.0,3
artificialNoAnomaly/art_daily_small_noise.csv,artificialNoAnomaly,art_daily_small_noise,C_iforest_contextual,train,0.001,0.7398945863483901,3182,5,0.0015713387806411063,11.04513888888889,0.0,0.0,0.0,0,5,0,3177,,0.0,0.0,0.0,0,5,0,0,0,,5,0,5,0.0,0.45268783401446083,0.45268783401446083,,,-0.55,-0.0,0.0,,-1.1,-0.0,0.0,,-0.55,-0.0,0.0,,0,5,0,-0.55,-0.0,0.0,5
artificialNoAnomaly/art_daily_small_noise.csv,artificialNoAnomaly,art_daily_small_noise,C_iforest_contextual,budget,0.002,0.7325412888895764,3182,6,0.0018856065367693275,11.04513888888889,0.0,0.0,0.0,0,6,0,3176,,0.0,0.0,0.0,0,6,0,0,0,,6,0,6,0.0,0.543225400817353,0.543225400817353,,,-0.66,-0.0,0.0,,-1.32,-0.0,0.0,,-0.66,-0.0,0.0,,0,6,0,-0.66,-0.0,0.0,6
artificialNoAnomaly/art_daily_small_noise.csv,artificialNoAnomaly,art_daily_small_noise,C_iforest_contextual,train,0.002,0.7342997855306612,3182,7,0.0021998742928975488,11.04513888888889,0.0,0.0,0.0,0,7,0,3175,,0.0,0.0,0.0,0,7,0,0,0,,7,0,7,0.0,0.6337629676202452,0.6337629676202452,,,-0.77,-0.0,0.0,,-1.54,-0.0,0.0,,-0.77,-0.0,0.0,,0,7,0,-0.77,-0.0,0.0,7
artificialNoAnomaly/art_daily_small_noise.csv,artificialNoAnomaly,art_daily_small_noise,C_iforest_contextual,budget,0.005,0.7008105712273891,3182,15,0.004714016341923318,11.04513888888889,0.0,0.0,0.0,0,15,0,3167,,0.0,0.0,0.0,0,15,0,0,0,,15,0,15,0.0,1.3580635020433824,1.3580635020433824,,,-1.6500000000000006,-0.0,0.0,,-3.300000000000001,-0.0,0.0,,-1.6500000000000006,-0.0,0.0,,0,15,0,-1.6500000000000006,-0.0,0.0,15
artificialNoAnomaly/art_daily_small_noise.csv,artificialNoAnomaly,art_daily_small_noise,C_iforest_contextual,train,0.005,0.6985605813317225,3182,20,0.006285355122564425,11.04513888888889,0.0,0.0,0.0,0,20,0,3162,,0.0,0.0,0.0,0,20,0,0,0,,20,0,20,0.0,1.8107513360578433,1.8107513360578433,,,-2.2000000000000006,-0.0,0.0,,-4.400000000000001,-0.0,0.0,,-2.2000000000000006,-0.0,0.0,,0,20,0,-2.2000000000000006,-0.0,0.0,20
artificialNoAnomaly/art_daily_small_noise.csv,artificialNoAnomaly,art_daily_small_noise,C_iforest_contextual,budget,0.01,0.6206346526298677,3182,31,0.00974230043997486,11.04513888888889,0.0,0.0,0.0,0,31,0,3151,,0.0,0.0,0.0,0,31,0,0,0,,24,0,24,0.0,2.172901603269412,2.172901603269412,,,-2.64,-0.0,0.0,,-5.28,-0.0,0.0,,-2.64,-0.0,0.0,,0,24,0,-3.4099999999999993,-0.0,0.0,31
artificialNoAnomaly/art_daily_small_noise.csv,artificialNoAnomaly,art_daily_small_noise,C_iforest_contextual,train,0.01,0.6173747289852786,3182,39,0.01225644248900063,11.04513888888889,0.0,0.0,0.0,0,39,0,3143,,0.0,0.0,0.0,0,39,0,0,0,,26,0,26,0.0,2.3539767368751963,2.3539767368751963,,,-2.86,-0.0,0.0,,-5.72,-0.0,0.0,,-2.86,-0.0,0.0,,0,26,0,-4.289999999999999,-0.0,0.0,39
artificialNoAnomaly/art_daily_small_noise.csv,artificialNoAnomaly,art_daily_small_noise,C_iforest_contextual,budget,0.02,0.6050562324006724,3182,63,0.019798868636077938,11.04513888888889,0.0,0.0,0.0,0,63,0,3119,,0.0,0.0,0.0,0,63,0,0,0,,28,0,28,0.0,2.535051870480981,2.535051870480981,,,-3.0799999999999996,-0.0,0.0,,-6.159999999999999,-0.0,0.0,,-3.0799999999999996,-0.0,0.0,,0,28,0,-6.930000000000007,-0.0,0.0,63
artificialNoAnomaly/art_daily_small_noise.csv,artificialNoAnomaly,art_daily_small_noise,C_iforest_contextual,train,0.02,0.6033951105790076,3182,71,0.022313010685103708,11.04513888888889,0.0,0.0,0.0,0,71,0,3111,,0.0,0.0,0.0,0,71,0,0,0,,31,0,31,0.0,2.8066645708896574,2.8066645708896574,,,-3.4099999999999993,-0.0,0.0,,-6.8199999999999985,-0.0,0.0,,-3.4099999999999993,-0.0,0.0,,0,31,0,-7.810000000000009,-0.0,0.0,71
artificialNoAnomaly/art_daily_small_noise.csv,artificialNoAnomaly,art_daily_small_noise,C_iforest_contextual,budget,0.05,0.5862332763915058,3182,159,0.04996857322438718,11.04513888888889,0.0,0.0,0.0,0,159,0,3023,,0.0,0.0,0.0,0,159,0,0,0,,31,0,31,0.0,2.8066645708896574,2.8066645708896574,,,-3.4099999999999993,-0.0,0.0,,-6.8199999999999985,-0.0,0.0,,-3.4099999999999993,-0.0,0.0,,0,31,0,-17.489999999999963,-0.0,0.0,159
artificialNoAnomaly/art_daily_small_noise.csv,artificialNoAnomaly,art_daily_small_noise,C_iforest_contextual,train,0.05,0.5851721347871621,3182,160,0.0502828409805154,11.04513888888889,0.0,0.0,0.0,0,160,0,3022,,0.0,0.0,0.0,0,160,0,0,0,,31,0,31,0.0,2.8066645708896574,2.8066645708896574,,,-3.4099999999999993,-0.0,0.0,,-6.8199999999999985,-0.0,0.0,,-3.4099999999999993,-0.0,0.0,,0,31,0,-17.599999999999962,-0.0,0.0,160
artificialNoAnomaly/art_flatline.csv,artificialNoAnomaly,art_flatline,A_rolling_zscore,budget,0.0005,0.0,3182,1,0.00031426775612822125,11.04513888888889,0.0,0.0,0.0,0,1,0,3181,,0.0,0.0,0.0,0,1,0,0,0,,1,0,1,0.0,0.09053756680289217,0.09053756680289217,,,-0.11,-0.0,0.0,,-0.22,-0.0,0.0,,-0.11,-0.0,0.0,,0,1,0,-0.11,-0.0,0.0,1
artificialNoAnomaly/art_flatline.csv,artificialNoAnomaly,art_flatline,A_rolling_zscore,train,0.0005,0.0,3182,0,0.0,11.04513888888889,0.0,0.0,0.0,0,0,0,3182,,0.0,0.0,0.0,0,0,0,0,0,,0,0,0,,0.0,0.0,,,0.0,-0.0,0.0,,0.0,-0.0,0.0,,0.0,-0.0,0.0,,0,0,0,0.0,-0.0,0.0,0
artificialNoAnomaly/art_flatline.csv,artificialNoAnomaly,art_flatline,A_rolling_zscore,budget,0.001,0.0,3182,3,0.0009428032683846638,11.04513888888889,0.0,0.0,0.0,0,3,0,3179,,0.0,0.0,0.0,0,3,0,0,0,,1,0,1,0.0,0.09053756680289217,0.09053756680289217,,,-0.11,-0.0,0.0,,-0.22,-0.0,0.0,,-0.11,-0.0,0.0,,0,1,0,-0.33,-0.0,0.0,3
artificialNoAnomaly/art_flatline.csv,artificialNoAnomaly,art_flatline,A_rolling_zscore,train,0.001,0.0,3182,0,0.0,11.04513888888889,0.0,0.0,0.0,0,0,0,3182,,0.0,0.0,0.0,0,0,0,0,0,,0,0,0,,0.0,0.0,,,0.0,-0.0,0.0,,0.0,-0.0,0.0,,0.0,-0.0,0.0,,0,0,0,0.0,-0.0,0.0,0
artificialNoAnomaly/art_flatline.csv,artificialNoAnomaly,art_flatline,A_rolling_zscore,budget,0.002,0.0,3182,6,0.0018856065367693275,11.04513888888889,0.0,0.0,0.0,0,6,0,3176,,0.0,0.0,0.0,0,6,0,0,0,,1,0,1,0.0,0.09053756680289217,0.09053756680289217,,,-0.11,-0.0,0.0,,-0.22,-0.0,0.0,,-0.11,-0.0,0.0,,0,1,0,-0.66,-0.0,0.0,6
artificialNoAnomaly/art_flatline.csv,artificialNoAnomaly,art_flatline,A_rolling_zscore,train,0.002,0.0,3182,0,0.0,11.04513888888889,0.0,0.0,0.0,0,0,0,3182,,0.0,0.0,0.0,0,0,0,0,0,,0,0,0,,0.0,0.0,,,0.0,-0.0,0.0,,0.0,-0.0,0.0,,0.0,-0.0,0.0,,0,0,0,0.0,-0.0,0.0,0
artificialNoAnomaly/art_flatline.csv,artificialNoAnomaly,art_flatline,A_rolling_zscore,budget,0.005,0.0,3182,15,0.004714016341923318,11.04513888888889,0.0,0.0,0.0,0,15,0,3167,,0.0,0.0,0.0,0,15,0,0,0,,1,0,1,0.0,0.09053756680289217,0.09053756680289217,,,-0.11,-0.0,0.0,,-0.22,-0.0,0.0,,-0.11,-0.0,0.0,,0,1,0,-1.6500000000000006,-0.0,0.0,15
artificialNoAnomaly/art_flatline.csv,artificialNoAnomaly,art_flatline,A_rolling_zscore,train,0.005,0.0,3182,0,0.0,11.04513888888889,0.0,0.0,0.0,0,0,0,3182,,0.0,0.0,0.0,0,0,0,0,0,,0,0,0,,0.0,0.0,,,0.0,-0.0,0.0,,0.0,-0.0,0.0,,0.0,-0.0,0.0,,0,0,0,0.0,-0.0,0.0,0
artificialNoAnomaly/art_flatline.csv,artificialNoAnomaly,art_flatline,A_rolling_zscore,budget,0.01,0.0,3182,31,0.00974230043997486,11.04513888888889,0.0,0.0,0.0,0,31,0,3151,,0.0,0.0,0.0,0,31,0,0,0,,1,0,1,0.0,0.09053756680289217,0.09053756680289217,,,-0.11,-0.0,0.0,,-0.22,-0.0,0.0,,-0.11,-0.0,0.0,,0,1,0,-3.4099999999999993,-0.0,0.0,31
artificialNoAnomaly/art_flatline.csv,artificialNoAnomaly,art_flatline,A_rolling_zscore,train,0.01,0.0,3182,0,0.0,11.04513888888889,0.0,0.0,0.0,0,0,0,3182,,0.0,0.0,0.0,0,0,0,0,0,,0,0,0,,0.0,0.0,,,0.0,-0.0,0.0,,0.0,-0.0,0.0,,0.0,-0.0,0.0,,0,0,0,0.0,-0.0,0.0,0
artificialNoAnomaly/art_flatline.csv,artificialNoAnomaly,art_flatline,A_rolling_zscore,budget,0.02,0.0,3182,63,0.019798868636077938,11.04513888888889,0.0,0.0,0.0,0,63,0,3119,,0.0,0.0,0.0,0,63,0,0,0,,1,0,1,0.0,0.09053756680289217,0.09053756680289217,,,-0.11,-0.0,0.0,,-0.22,-0.0,0.0,,-0.11,-0.0,0.0,,0,1,0,-6.930000000000007,-0.0,0.0,63
artificialNoAnomaly/art_flatline.csv,artificialNoAnomaly,art_flatline,A_rolling_zscore,train,0.02,0.0,3182,0,0.0,11.04513888888889,0.0,0.0,0.0,0,0,0,3182,,0.0,0.0,0.0,0,0,0,0,0,,0,0,0,,0.0,0.0,,,0.0,-0.0,0.0,,0.0,-0.0,0.0,,0.0,-0.0,0.0,,0,0,0,0.0,-0.0,0.0,0
artificialNoAnomaly/art_flatline.csv,artificialNoAnomaly,art_flatline,A_rolling_zscore,budget,0.05,0.0,3182,159,0.04996857322438718,11.04513888888889,0.0,0.0,0.0,0,159,0,3023,,0.0,0.0,0.0,0,159,0,0,0,,1,0,1,0.0,0.09053756680289217,0.09053756680289217,,,-0.11,-0.0,0.0,,-0.22,-0.0,0.0,,-0.11,-0.0,0.0,,0,1,0,-17.489999999999963,-0.0,0.0,159
artificialNoAnomaly/art_flatline.csv,artificialNoAnomaly,art_flatline,A_rolling_zscore,train,0.05,0.0,3182,0,0.0,11.04513888888889,0.0,0.0,0.0,0,0,0,3182,,0.0,0.0,0.0,0,0,0,0,0,,0,0,0,,0.0,0.0,,,0.0,-0.0,0.0,,0.0,-0.0,0.0,,0.0,-0.0,0.0,,0,0,0,0.0,-0.0,0.0,0
artificialNoAnomaly/art_flatline.csv,artificialNoAnomaly,art_flatline,B_iforest_raw,budget,0.0005,0.5000000000000008,3182,1,0.00031426775612822125,11.04513888888889,0.0,0.0,0.0,0,1,0,3181,,0.0,0.0,0.0,0,1,0,0,0,,1,0,1,0.0,0.09053756680289217,0.09053756680289217,,,-0.11,-0.0,0.0,,-0.22,-0.0,0.0,,-0.11,-0.0,0.0,,0,1,0,-0.11,-0.0,0.0,1
artificialNoAnomaly/art_flatline.csv,artificialNoAnomaly,art_flatline,B_iforest_raw,train,0.0005,0.5000000000000008,3182,0,0.0,11.04513888888889,0.0,0.0,0.0,0,0,0,3182,,0.0,0.0,0.0,0,0,0,0,0,,0,0,0,,0.0,0.0,,,0.0,-0.0,0.0,,0.0,-0.0,0.0,,0.0,-0.0,0.0,,0,0,0,0.0,-0.0,0.0,0
artificialNoAnomaly/art_flatline.csv,artificialNoAnomaly,art_flatline,B_iforest_raw,budget,0.001,0.5000000000000008,3182,3,0.0009428032683846638,11.04513888888889,0.0,0.0,0.0,0,3,0,3179,,0.0,0.0,0.0,0,3,0,0,0,,1,0,1,0.0,0.09053756680289217,0.09053756680289217,,,-0.11,-0.0,0.0,,-0.22,-0.0,0.0,,-0.11,-0.0,0.0,,0,1,0,-0.33,-0.0,0.0,3
artificialNoAnomaly/art_flatline.csv,artificialNoAnomaly,art_flatline,B_iforest_raw,train,0.001,0.5000000000000008,3182,0,0.0,11.04513888888889,0.0,0.0,0.0,0,0,0,3182,,0.0,0.0,0.0,0,0,0,0,0,,0,0,0,,0.0,0.0,,,0.0,-0.0,0.0,,0.0,-0.0,0.0,,0.0,-0.0,0.0,,0,0,0,0.0,-0.0,0.0,0
artificialNoAnomaly/art_flatline.csv,artificialNoAnomaly,art_flatline,B_iforest_raw,budget,0.002,0.5000000000000008,3182,6,0.0018856065367693275,11.04513888888889,0.0,0.0,0.0,0,6,0,3176,,0.0,0.0,0.0,0,6,0,0,0,,1,0,1,0.0,0.09053756680289217,0.09053756680289217,,,-0.11,-0.0,0.0,,-0.22,-0.0,0.0,,-0.11,-0.0,0.0,,0,1,0,-0.66,-0.0,0.0,6
artificialNoAnomaly/art_flatline.csv,artificialNoAnomaly,art_flatline,B_iforest_raw,train,0.002,0.5000000000000008,3182,0,0.0,11.04513888888889,0.0,0.0,0.0,0,0,0,3182,,0.0,0.0,0.0,0,0,0,0,0,,0,0,0,,0.0,0.0,,,0.0,-0.0,0.0,,0.0,-0.0,0.0,,0.0,-0.0,0.0,,0,0,0,0.0,-0.0,0.0,0
artificialNoAnomaly/art_flatline.csv,artificialNoAnomaly,art_flatline,B_iforest_raw,budget,0.005,0.5000000000000008,3182,15,0.004714016341923318,11.04513888888889,0.0,0.0,0.0,0,15,0,3167,,0.0,0.0,0.0,0,15,0,0,0,,1,0,1,0.0,0.09053756680289217,0.09053756680289217,,,-0.11,-0.0,0.0,,-0.22,-0.0,0.0,,-0.11,-0.0,0.0,,0,1,0,-1.6500000000000006,-0.0,0.0,15
artificialNoAnomaly/art_flatline.csv,artificialNoAnomaly,art_flatline,B_iforest_raw,train,0.005,0.5000000000000008,3182,0,0.0,11.04513888888889,0.0,0.0,0.0,0,0,0,3182,,0.0,0.0,0.0,0,0,0,0,0,,0,0,0,,0.0,0.0,,,0.0,-0.0,0.0,,0.0,-0.0,0.0,,0.0,-0.0,0.0,,0,0,0,0.0,-0.0,0.0,0
artificialNoAnomaly/art_flatline.csv,artificialNoAnomaly,art_flatline,B_iforest_raw,budget,0.01,0.5000000000000008,3182,31,0.00974230043997486,11.04513888888889,0.0,0.0,0.0,0,31,0,3151,,0.0,0.0,0.0,0,31,0,0,0,,1,0,1,0.0,0.09053756680289217,0.09053756680289217,,,-0.11,-0.0,0.0,,-0.22,-0.0,0.0,,-0.11,-0.0,0.0,,0,1,0,-3.4099999999999993,-0.0,0.0,31
artificialNoAnomaly/art_flatline.csv,artificialNoAnomaly,art_flatline,B_iforest_raw,train,0.01,0.5000000000000008,3182,0,0.0,11.04513888888889,0.0,0.0,0.0,0,0,0,3182,,0.0,0.0,0.0,0,0,0,0,0,,0,0,0,,0.0,0.0,,,0.0,-0.0,0.0,,0.0,-0.0,0.0,,0.0,-0.0,0.0,,0,0,0,0.0,-0.0,0.0,0
artificialNoAnomaly/art_flatline.csv,artificialNoAnomaly,art_flatline,B_iforest_raw,budget,0.02,0.5000000000000008,3182,63,0.019798868636077938,11.04513888888889,0.0,0.0,0.0,0,63,0,3119,,0.0,0.0,0.0,0,63,0,0,0,,1,0,1,0.0,0.09053756680289217,0.09053756680289217,,,-0.11,-0.0,0.0,,-0.22,-0.0,0.0,,-0.11,-0.0,0.0,,0,1,0,-6.930000000000007,-0.0,0.0,63
artificialNoAnomaly/art_flatline.csv,artificialNoAnomaly,art_flatline,B_iforest_raw,train,0.02,0.5000000000000008,3182,0,0.0,11.04513888888889,0.0,0.0,0.0,0,0,0,3182,,0.0,0.0,0.0,0,0,0,0,0,,0,0,0,,0.0,0.0,,,0.0,-0.0,0.0,,0.0,-0.0,0.0,,0.0,-0.0,0.0,,0,0,0,0.0,-0.0,0.0,0
artificialNoAnomaly/art_flatline.csv,artificialNoAnomaly,art_flatline,B_iforest_raw,budget,0.05,0.5000000000000008,3182,159,0.04996857322438718,11.04513888888889,0.0,0.0,0.0,0,159,0,3023,,0.0,0.0,0.0,0,159,0,0,0,,1,0,1,0.0,0.09053756680289217,0.09053756680289217,,,-0.11,-0.0,0.0,,-0.22,-0.0,0.0,,-0.11,-0.0,0.0,,0,1,0,-17.489999999999963,-0.0,0.0,159
artificialNoAnomaly/art_flatline.csv,artificialNoAnomaly,art_flatline,B_iforest_raw,train,0.05,0.5000000000000008,3182,0,0.0,11.04513888888889,0.0,0.0,0.0,0,0,0,3182,,0.0,0.0,0.0,0,0,0,0,0,,0,0,0,,0.0,0.0,,,0.0,-0.0,0.0,,0.0,-0.0,0.0,,0.0,-0.0,0.0,,0,0,0,0.0,-0.0,0.0,0
artificialNoAnomaly/art_flatline.csv,artificialNoAnomaly,art_flatline,C_iforest_contextual,budget,0.0005,0.5884933146908439,3182,1,0.00031426775612822125,11.04513888888889,0.0,0.0,0.0,0,1,0,3181,,0.0,0.0,0.0,0,1,0,0,0,,1,0,1,0.0,0.09053756680289217,0.09053756680289217,,,-0.11,-0.0,0.0,,-0.22,-0.0,0.0,,-0.11,-0.0,0.0,,0,1,0,-0.11,-0.0,0.0,1
artificialNoAnomaly/art_flatline.csv,artificialNoAnomaly,art_flatline,C_iforest_contextual,train,0.0005,0.5836619105511817,3182,27,0.008485229415461974,11.04513888888889,0.0,0.0,0.0,0,27,0,3155,,0.0,0.0,0.0,0,27,0,0,0,,5,0,5,0.0,0.45268783401446083,0.45268783401446083,,,-0.55,-0.0,0.0,,-1.1,-0.0,0.0,,-0.55,-0.0,0.0,,0,5,0,-2.9699999999999998,-0.0,0.0,27
artificialNoAnomaly/art_flatline.csv,artificialNoAnomaly,art_flatline,C_iforest_contextual,budget,0.001,0.5884305283767739,3182,3,0.0009428032683846638,11.04513888888889,0.0,0.0,0.0,0,3,0,3179,,0.0,0.0,0.0,0,3,0,0,0,,3,0,3,0.0,0.2716127004086765,0.2716127004086765,,,-0.33,-0.0,0.0,,-0.66,-0.0,0.0,,-0.33,-0.0,0.0,,0,3,0,-0.33,-0.0,0.0,3
artificialNoAnomaly/art_flatline.csv,artificialNoAnomaly,art_flatline,C_iforest_contextual,train,0.001,0.5830970090109304,3182,27,0.008485229415461974,11.04513888888889,0.0,0.0,0.0,0,27,0,3155,,0.0,0.0,0.0,0,27,0,0,0,,5,0,5,0.0,0.45268783401446083,0.45268783401446083,,,-0.55,-0.0,0.0,,-1.1,-0.0,0.0,,-0.55,-0.0,0.0,,0,5,0,-2.9699999999999998,-0.0,0.0,27
artificialNoAnomaly/art_flatline.csv,artificialNoAnomaly,art_flatline,C_iforest_contextual,budget,0.002,0.5881464289777502,3182,6,0.0018856065367693275,11.04513888888889,0.0,0.0,0.0,0,6,0,3176,,0.0,0.0,0.0,0,6,0,0,0,,4,0,4,0.0,0.3621502672115687,0.3621502672115687,,,-0.44,-0.0,0.0,,-0.88,-0.0,0.0,,-0.44,-0.0,0.0,,0,4,0,-0.66,-0.0,0.0,6
artificialNoAnomaly/art_flatline.csv,artificialNoAnomaly,art_flatline,C_iforest_contextual,train,0.002,0.5815037889128699,3182,34,0.010685103708359522,11.04513888888889,0.0,0.0,0.0,0,34,0,3148,,0.0,0.0,0.0,0,34,0,0,0,,5,0,5,0.0,0.45268783401446083,0.45268783401446083,,,-0.55,-0.0,0.0,,-1.1,-0.0,0.0,,-0.55,-0.0,0.0,,0,5,0,-3.739999999999999,-0.0,0.0,34
artificialNoAnomaly/art_flatline.csv,artificialNoAnomaly,art_flatline,C_iforest_contextual,budget,0.005,0.5852009788677387,3182,15,0.004714016341923318,11.04513888888889,0.0,0.0,0.0,0,15,0,3167,,0.0,0.0,0.0,0,15,0,0,0,,4,0,4,0.0,0.3621502672115687,0.3621502672115687,,,-0.44,-0.0,0.0,,-0.88,-0.0,0.0,,-0.44,-0.0,0.0,,0,4,0,-1.6500000000000006,-0.0,0.0,15
artificialNoAnomaly/art_flatline.csv,artificialNoAnomaly,art_flatline,C_iforest_contextual,train,0.005,0.5733214161047847,3182,57,0.017913262099308613,11.04513888888889,0.0,0.0,0.0,0,57,0,3125,,0.0,0.0,0.0,0,57,0,0,0,,5,0,5,0.0,0.45268783401446083,0.45268783401446083,,,-0.55,-0.0,0.0,,-1.1,-0.0,0.0,,-0.55,-0.0,0.0,,0,5,0,-6.270000000000005,-0.0,0.0,57
artificialNoAnomaly/art_flatline.csv,artificialNoAnomaly,art_flatline,C_iforest_contextual,budget,0.01,0.5815803740917533,3182,31,0.00974230043997486,11.04513888888889,0.0,0.0,0.0,0,31,0,3151,,0.0,0.0,0.0,0,31,0,0,0,,5,0,5,0.0,0.45268783401446083,0.45268783401446083,,,-0.55,-0.0,0.0,,-1.1,-0.0,0.0,,-0.55,-0.0,0.0,,0,5,0,-3.4099999999999993,-0.0,0.0,31
artificialNoAnomaly/art_flatline.csv,artificialNoAnomaly,art_flatline,C_iforest_contextual,train,0.01,0.5652542184345574,3182,74,0.023255813953488372,11.04513888888889,0.0,0.0,0.0,0,74,0,3108,,0.0,0.0,0.0,0,74,0,0,0,,5,0,5,0.0,0.45268783401446083,0.45268783401446083,,,-0.55,-0.0,0.0,,-1.1,-0.0,0.0,,-0.55,-0.0,0.0,,0,5,0,-8.14000000000001,-0.0,0.0,74
artificialNoAnomaly/art_flatline.csv,artificialNoAnomaly,art_flatline,C_iforest_contextual,budget,0.02,0.5723284392239825,3182,63,0.019798868636077938,11.04513888888889,0.0,0.0,0.0,0,63,0,3119,,0.0,0.0,0.0,0,63,0,0,0,,5,0,5,0.0,0.45268783401446083,0.45268783401446083,,,-0.55,-0.0,0.0,,-1.1,-0.0,0.0,,-0.55,-0.0,0.0,,0,5,0,-6.930000000000007,-0.0,0.0,63
artificialNoAnomaly/art_flatline.csv,artificialNoAnomaly,art_flatline,C_iforest_contextual,train,0.02,0.556089779020486,3182,98,0.030798240100565682,11.04513888888889,0.0,0.0,0.0,0,98,0,3084,,0.0,0.0,0.0,0,98,0,0,0,,14,0,14,0.0,1.2675259352404904,1.2675259352404904,,,-1.5400000000000005,-0.0,0.0,,-3.080000000000001,-0.0,0.0,,-1.5400000000000005,-0.0,0.0,,0,14,0,-10.779999999999996,-0.0,0.0,98
artificialNoAnomaly/art_flatline.csv,artificialNoAnomaly,art_flatline,C_iforest_contextual,budget,0.05,0.5521900360254863,3182,159,0.04996857322438718,11.04513888888889,0.0,0.0,0.0,0,159,0,3023,,0.0,0.0,0.0,0,159,0,0,0,,20,0,20,0.0,1.8107513360578433,1.8107513360578433,,,-2.2000000000000006,-0.0,0.0,,-4.400000000000001,-0.0,0.0,,-2.2000000000000006,-0.0,0.0,,0,20,0,-17.489999999999963,-0.0,0.0,159
artificialNoAnomaly/art_flatline.csv,artificialNoAnomaly,art_flatline,C_iforest_contextual,train,0.05,0.5507937842993522,3182,191,0.06002514142049026,11.04513888888889,0.0,0.0,0.0,0,191,0,2991,,0.0,0.0,0.0,0,191,0,0,0,,23,0,23,0.0,2.0823640364665197,2.0823640364665197,,,-2.5300000000000002,-0.0,0.0,,-5.0600000000000005,-0.0,0.0,,-2.5300000000000002,-0.0,0.0,,0,23,0,-21.009999999999945,-0.0,0.0,191
artificialNoAnomaly/art_noisy.csv,artificialNoAnomaly,art_noisy,A_rolling_zscore,budget,0.0005,3.7897489522029133,3182,1,0.00031426775612822125,11.04513888888889,0.0,0.0,0.0,0,1,0,3181,,0.0,0.0,0.0,0,1,0,0,0,,1,0,1,0.0,0.09053756680289217,0.09053756680289217,,,-0.11,-0.0,0.0,,-0.22,-0.0,0.0,,-0.11,-0.0,0.0,,0,1,0,-0.11,-0.0,0.0,1
artificialNoAnomaly/art_noisy.csv,artificialNoAnomaly,art_noisy,A_rolling_zscore,train,0.0005,3.9674729438149448,3182,1,0.00031426775612822125,11.04513888888889,0.0,0.0,0.0,0,1,0,3181,,0.0,0.0,0.0,0,1,0,0,0,,1,0,1,0.0,0.09053756680289217,0.09053756680289217,,,-0.11,-0.0,0.0,,-0.22,-0.0,0.0,,-0.11,-0.0,0.0,,0,1,0,-0.11,-0.0,0.0,1
artificialNoAnomaly/art_noisy.csv,artificialNoAnomaly,art_noisy,A_rolling_zscore,budget,0.001,3.2856539073932782,3182,3,0.0009428032683846638,11.04513888888889,0.0,0.0,0.0,0,3,0,3179,,0.0,0.0,0.0,0,3,0,0,0,,3,0,3,0.0,0.2716127004086765,0.2716127004086765,,,-0.33,-0.0,0.0,,-0.66,-0.0,0.0,,-0.33,-0.0,0.0,,0,3,0,-0.33,-0.0,0.0,3
artificialNoAnomaly/art_noisy.csv,artificialNoAnomaly,art_noisy,A_rolling_zscore,train,0.001,3.873373948241477,3182,2,0.0006285355122564425,11.04513888888889,0.0,0.0,0.0,0,2,0,3180,,0.0,0.0,0.0,0,2,0,0,0,,2,0,2,0.0,0.18107513360578434,0.18107513360578434,,,-0.22,-0.0,0.0,,-0.44,-0.0,0.0,,-0.22,-0.0,0.0,,0,2,0,-0.22,-0.0,0.0,2
artificialNoAnomaly/art_noisy.csv,artificialNoAnomaly,art_noisy,A_rolling_zscore,budget,0.002,3.147148964820961,3182,6,0.0018856065367693275,11.04513888888889,0.0,0.0,0.0,0,6,0,3176,,0.0,0.0,0.0,0,6,0,0,0,,6,0,6,0.0,0.543225400817353,0.543225400817353,,,-0.66,-0.0,0.0,,-1.32,-0.0,0.0,,-0.66,-0.0,0.0,,0,6,0,-0.66,-0.0,0.0,6
artificialNoAnomaly/art_noisy.csv,artificialNoAnomaly,art_noisy,A_rolling_zscore,train,0.002,3.642267556251839,3182,3,0.0009428032683846638,11.04513888888889,0.0,0.0,0.0,0,3,0,3179,,0.0,0.0,0.0,0,3,0,0,0,,3,0,3,0.0,0.2716127004086765,0.2716127004086765,,,-0.33,-0.0,0.0,,-0.66,-0.0,0.0,,-0.33,-0.0,0.0,,0,3,0,-0.33,-0.0,0.0,3
artificialNoAnomaly/art_noisy.csv,artificialNoAnomaly,art_noisy,A_rolling_zscore,budget,0.005,2.8467004337586888,3182,15,0.004714016341923318,11.04513888888889,0.0,0.0,0.0,0,15,0,3167,,0.0,0.0,0.0,0,15,0,0,0,,15,0,15,0.0,1.3580635020433824,1.3580635020433824,,,-1.6500000000000006,-0.0,0.0,,-3.300000000000001,-0.0,0.0,,-1.6500000000000006,-0.0,0.0,,0,15,0,-1.6500000000000006,-0.0,0.0,15
artificialNoAnomaly/art_noisy.csv,artificialNoAnomaly,art_noisy,A_rolling_zscore,train,0.005,2.9485240530850505,3182,13,0.004085480829666876,11.04513888888889,0.0,0.0,0.0,0,13,0,3169,,0.0,0.0,0.0,0,13,0,0,0,,13,0,13,0.0,1.1769883684375981,1.1769883684375981,,,-1.4300000000000004,-0.0,0.0,,-2.8600000000000008,-0.0,0.0,,-1.4300000000000004,-0.0,0.0,,0,13,0,-1.4300000000000004,-0.0,0.0,13
artificialNoAnomaly/art_noisy.csv,artificialNoAnomaly,art_noisy,A_rolling_zscore,budget,0.01,2.5411694240668665,3182,31,0.00974230043997486,11.04513888888889,0.0,0.0,0.0,0,31,0,3151,,0.0,0.0,0.0,0,31,0,0,0,,30,0,30,0.0,2.716127004086765,2.716127004086765,,,-3.2999999999999994,-0.0,0.0,,-6.599999999999999,-0.0,0.0,,-3.2999999999999994,-0.0,0.0,,0,30,0,-3.4099999999999993,-0.0,0.0,31
artificialNoAnomaly/art_noisy.csv,artificialNoAnomaly,art_noisy,A_rolling_zscore,train,0.01,2.79106620139269,3182,18,0.0056568196103079825,11.04513888888889,0.0,0.0,0.0,0,18,0,3164,,0.0,0.0,0.0,0,18,0,0,0,,18,0,18,0.0,1.629676202452059,1.629676202452059,,,-1.9800000000000009,-0.0,0.0,,-3.9600000000000017,-0.0,0.0,,-1.9800000000000009,-0.0,0.0,,0,18,0,-1.9800000000000009,-0.0,0.0,18
artificialNoAnomaly/art_noisy.csv,artificialNoAnomaly,art_noisy,A_rolling_zscore,budget,0.02,2.3431233317791174,3182,63,0.019798868636077938,11.04513888888889,0.0,0.0,0.0,0,63,0,3119,,0.0,0.0,0.0,0,63,0,0,0,,61,0,61,0.0,5.522791574976423,5.522791574976423,,,-6.710000000000006,-0.0,0.0,,-13.420000000000012,-0.0,0.0,,-6.710000000000006,-0.0,0.0,,0,61,0,-6.930000000000007,-0.0,0.0,63
artificialNoAnomaly/art_noisy.csv,artificialNoAnomaly,art_noisy,A_rolling_zscore,train,0.02,2.423395920522027,3182,49,0.015399120050282841,11.04513888888889,0.0,0.0,0.0,0,49,0,3133,,0.0,0.0,0.0,0,49,0,0,0,,47,0,47,0.0,4.255265639735932,4.255265639735932,,,-5.170000000000002,-0.0,0.0,,-10.340000000000003,-0.0,0.0,,-5.170000000000002,-0.0,0.0,,0,47,0,-5.390000000000002,-0.0,0.0,49
artificialNoAnomaly/art_noisy.csv,artificialNoAnomaly,art_noisy,A_rolling_zscore,budget,0.05,2.0451142985067117,3182,159,0.04996857322438718,11.04513888888889,0.0,0.0,0.0,0,159,0,3023,,0.0,0.0,0.0,0,159,0,0,0,,136,0,136,0.0,12.313109085193336,12.313109085193336,,,-14.959999999999974,-0.0,0.0,,-29.91999999999995,-0.0,0.0,,-14.959999999999974,-0.0,0.0,,0,136,0,-17.489999999999963,-0.0,0.0,159
artificialNoAnomaly/art_noisy.csv,artificialNoAnomaly,art_noisy,A_rolling_zscore,train,0.05,1.9871477577395162,3182,188,0.0590823381521056,11.04513888888889,0.0,0.0,0.0,0,188,0,2994,,0.0,0.0,0.0,0,188,0,0,0,,157,0,157,0.0,14.21439798805407,14.21439798805407,,,-17.269999999999964,-0.0,0.0,,-34.53999999999993,-0.0,0.0,,-17.269999999999964,-0.0,0.0,,0,157,0,-20.679999999999946,-0.0,0.0,188
artificialNoAnomaly/art_noisy.csv,artificialNoAnomaly,art_noisy,B_iforest_raw,budget,0.0005,0.659467743457311,3182,1,0.00031426775612822125,11.04513888888889,0.0,0.0,0.0,0,1,0,3181,,0.0,0.0,0.0,0,1,0,0,0,,1,0,1,0.0,0.09053756680289217,0.09053756680289217,,,-0.11,-0.0,0.0,,-0.22,-0.0,0.0,,-0.11,-0.0,0.0,,0,1,0,-0.11,-0.0,0.0,1
artificialNoAnomaly/art_noisy.csv,artificialNoAnomaly,art_noisy,B_iforest_raw,train,0.0005,0.6574934485601317,3182,3,0.0009428032683846638,11.04513888888889,0.0,0.0,0.0,0,3,0,3179,,0.0,0.0,0.0,0,3,0,0,0,,3,0,3,0.0,0.2716127004086765,0.2716127004086765,,,-0.33,-0.0,0.0,,-0.66,-0.0,0.0,,-0.33,-0.0,0.0,,0,3,0,-0.33,-0.0,0.0,3
artificialNoAnomaly/art_noisy.csv,artificialNoAnomaly,art_noisy,B_iforest_raw,budget,0.001,0.6561185827139363,3182,3,0.0009428032683846638,11.04513888888889,0.0,0.0,0.0,0,3,0,3179,,0.0,0.0,0.0,0,3,0,0,0,,3,0,3,0.0,0.2716127004086765,0.2716127004086765,,,-0.33,-0.0,0.0,,-0.66,-0.0,0.0,,-0.33,-0.0,0.0,,0,3,0,-0.33,-0.0,0.0,3
artificialNoAnomaly/art_noisy.csv,artificialNoAnomaly,art_noisy,B_iforest_raw,train,0.001,0.6555191536629517,3182,4,0.001257071024512885,11.04513888888889,0.0,0.0,0.0,0,4,0,3178,,0.0,0.0,0.0,0,4,0,0,0,,4,0,4,0.0,0.3621502672115687,0.3621502672115687,,,-0.44,-0.0,0.0,,-0.88,-0.0,0.0,,-0.44,-0.0,0.0,,0,4,0,-0.44,-0.0,0.0,4
artificialNoAnomaly/art_noisy.csv,artificialNoAnomaly,art_noisy,B_iforest_raw,budget,0.002,0.6524292589753875,3182,6,0.0018856065367693275,11.04513888888889,0.0,0.0,0.0,0,6,0,3176,,0.0,0.0,0.0,0,6,0,0,0,,6,0,6,0.0,0.543225400817353,0.543225400817353,,,-0.66,-0.0,0.0,,-1.32,-0.0,0.0,,-0.66,-0.0,0.0,,0,6,0,-0.66,-0.0,0.0,6
artificialNoAnomaly/art_noisy.csv,artificialNoAnomaly,art_noisy,B_iforest_raw,train,0.002,0.6518814457880062,3182,19,0.005971087366436203,11.04513888888889,0.0,0.0,0.0,0,19,0,3163,,0.0,0.0,0.0,0,19,0,0,0,,19,0,19,0.0,1.7202137692549513,1.7202137692549513,,,-2.0900000000000007,-0.0,0.0,,-4.1800000000000015,-0.0,0.0,,-2.0900000000000007,-0.0,0.0,,0,19,0,-2.0900000000000007,-0.0,0.0,19
artificialNoAnomaly/art_noisy.csv,artificialNoAnomaly,art_noisy,B_iforest_raw,budget,0.005,0.6524292589753875,3182,15,0.004714016341923318,11.04513888888889,0.0,0.0,0.0,0,15,0,3167,,0.0,0.0,0.0,0,15,0,0,0,,15,0,15,0.0,1.3580635020433824,1.3580635020433824,,,-1.6500000000000006,-0.0,0.0,,-3.300000000000001,-0.0,0.0,,-1.6500000000000006,-0.0,0.0,,0,15,0,-1.6500000000000006,-0.0,0.0,15
artificialNoAnomaly/art_noisy.csv,artificialNoAnomaly,art_noisy,B_iforest_raw,train,0.005,0.6447022803397171,3182,23,0.007228158390949088,11.04513888888889,0.0,0.0,0.0,0,23,0,3159,,0.0,0.0,0.0,0,23,0,0,0,,23,0,23,0.0,2.0823640364665197,2.0823640364665197,,,-2.5300000000000002,-0.0,0.0,,-5.0600000000000005,-0.0,0.0,,-2.5300000000000002,-0.0,0.0,,0,23,0,-2.5300000000000002,-0.0,0.0,23
artificialNoAnomaly/art_noisy.csv,artificialNoAnomaly,art_noisy,B_iforest_raw,budget,0.01,0.6273592722631053,3182,31,0.00974230043997486,11.04513888888889,0.0,0.0,0.0,0,31,0,3151,,0.0,0.0,0.0,0,31,0,0,0,,31,0,31,0.0,2.8066645708896574,2.8066645708896574,,,-3.4099999999999993,-0.0,0.0,,-6.8199999999999985,-0.0,0.0,,-3.4099999999999993,-0.0,0.0,,0,31,0,-3.4099999999999993,-0.0,0.0,31
artificialNoAnomaly/art_noisy.csv,artificialNoAnomaly,art_noisy,B_iforest_raw,train,0.01,0.6324159486966646,3182,30,0.009428032683846637,11.04513888888889,0.0,0.0,0.0,0,30,0,3152,,0.0,0.0,0.0,0,30,0,0,0,,30,0,30,0.0,2.716127004086765,2.716127004086765,,,-3.2999999999999994,-0.0,0.0,,-6.599999999999999,-0.0,0.0,,-3.2999999999999994,-0.0,0.0,,0,30,0,-3.2999999999999994,-0.0,0.0,30
artificialNoAnomaly/art_noisy.csv,artificialNoAnomaly,art_noisy,B_iforest_raw,budget,0.02,0.6074829764392973,3182,63,0.019798868636077938,11.04513888888889,0.0,0.0,0.0,0,63,0,3119,,0.0,0.0,0.0,0,63,0,0,0,,60,0,60,0.0,5.43225400817353,5.43225400817353,,,-6.600000000000006,-0.0,0.0,,-13.200000000000012,-0.0,0.0,,-6.600000000000006,-0.0,0.0,,0,60,0,-6.930000000000007,-0.0,0.0,63
artificialNoAnomaly/art_noisy.csv,artificialNoAnomaly,art_noisy,B_iforest_raw,train,0.02,0.6054597402566262,3182,70,0.02199874292897549,11.04513888888889,0.0,0.0,0.0,0,70,0,3112,,0.0,0.0,0.0,0,70,0,0,0,,64,0,64,0.0,5.794404275385099,5.794404275385099,,,-7.040000000000007,-0.0,0.0,,-14.080000000000014,-0.0,0.0,,-7.040000000000007,-0.0,0.0,,0,64,0,-7.700000000000009,-0.0,0.0,70
artificialNoAnomaly/art_noisy.csv,artificialNoAnomaly,art_noisy,B_iforest_raw,budget,0.05,0.5797752399711799,3182,159,0.04996857322438718,11.04513888888889,0.0,0.0,0.0,0,159,0,3023,,0.0,0.0,0.0,0,159,0,0,0,,139,0,139,0.0,12.584721785602012,12.584721785602012,,,-15.289999999999973,-0.0,0.0,,-30.579999999999945,-0.0,0.0,,-15.289999999999973,-0.0,0.0,,0,139,0,-17.489999999999963,-0.0,0.0,159
artificialNoAnomaly/art_noisy.csv,artificialNoAnomaly,art_noisy,B_iforest_raw,train,0.05,0.5761717145560687,3182,179,0.0562539283469516,11.04513888888889,0.0,0.0,0.0,0,179,0,3003,,0.0,0.0,0.0,0,179,0,0,0,,155,0,155,0.0,14.033322854448286,14.033322854448286,,,-17.049999999999965,-0.0,0.0,,-34.09999999999993,-0.0,0.0,,-17.049999999999965,-0.0,0.0,,0,155,0,-19.68999999999995,-0.0,0.0,179
artificialNoAnomaly/art_noisy.csv,artificialNoAnomaly,art_noisy,C_iforest_contextual,budget,0.0005,0.6443617274046384,3182,1,0.00031426775612822125,11.04513888888889,0.0,0.0,0.0,0,1,0,3181,,0.0,0.0,0.0,0,1,0,0,0,,1,0,1,0.0,0.09053756680289217,0.09053756680289217,,,-0.11,-0.0,0.0,,-0.22,-0.0,0.0,,-0.11,-0.0,0.0,,0,1,0,-0.11,-0.0,0.0,1
artificialNoAnomaly/art_noisy.csv,artificialNoAnomaly,art_noisy,C_iforest_contextual,train,0.0005,0.6463289031581232,3182,2,0.0006285355122564425,11.04513888888889,0.0,0.0,0.0,0,2,0,3180,,0.0,0.0,0.0,0,2,0,0,0,,2,0,2,0.0,0.18107513360578434,0.18107513360578434,,,-0.22,-0.0,0.0,,-0.44,-0.0,0.0,,-0.22,-0.0,0.0,,0,2,0,-0.22,-0.0,0.0,2
artificialNoAnomaly/art_noisy.csv,artificialNoAnomaly,art_noisy,C_iforest_contextual,budget,0.001,0.6385614926440428,3182,3,0.0009428032683846638,11.04513888888889,0.0,0.0,0.0,0,3,0,3179,,0.0,0.0,0.0,0,3,0,0,0,,3,0,3,0.0,0.2716127004086765,0.2716127004086765,,,-0.33,-0.0,0.0,,-0.66,-0.0,0.0,,-0.33,-0.0,0.0,,0,3,0,-0.33,-0.0,0.0,3
artificialNoAnomaly/art_noisy.csv,artificialNoAnomaly,art_noisy,C_iforest_contextual,train,0.001,0.6415731062574717,3182,3,0.0009428032683846638,11.04513888888889,0.0,0.0,0.0,0,3,0,3179,,0.0,0.0,0.0,0,3,0,0,0,,3,0,3,0.0,0.2716127004086765,0.2716127004086765,,,-0.33,-0.0,0.0,,-0.66,-0.0,0.0,,-0.33,-0.0,0.0,,0,3,0,-0.33,-0.0,0.0,3
artificialNoAnomaly/art_noisy.csv,artificialNoAnomaly,art_noisy,C_iforest_contextual,budget,0.002,0.629226267198542,3182,6,0.0018856065367693275,11.04513888888889,0.0,0.0,0.0,0,6,0,3176,,0.0,0.0,0.0,0,6,0,0,0,,6,0,6,0.0,0.543225400817353,0.543225400817353,,,-0.66,-0.0,0.0,,-1.32,-0.0,0.0,,-0.66,-0.0,0.0,,0,6,0,-0.66,-0.0,0.0,6
artificialNoAnomaly/art_noisy.csv,artificialNoAnomaly,art_noisy,C_iforest_contextual,train,0.002,0.6332192730401057,3182,6,0.0018856065367693275,11.04513888888889,0.0,0.0,0.0,0,6,0,3176,,0.0,0.0,0.0,0,6,0,0,0,,6,0,6,0.0,0.543225400817353,0.543225400817353,,,-0.66,-0.0,0.0,,-1.32,-0.0,0.0,,-0.66,-0.0,0.0,,0,6,0,-0.66,-0.0,0.0,6
artificialNoAnomaly/art_noisy.csv,artificialNoAnomaly,art_noisy,C_iforest_contextual,budget,0.005,0.6141119027280117,3182,15,0.004714016341923318,11.04513888888889,0.0,0.0,0.0,0,15,0,3167,,0.0,0.0,0.0,0,15,0,0,0,,15,0,15,0.0,1.3580635020433824,1.3580635020433824,,,-1.6500000000000006,-0.0,0.0,,-3.300000000000001,-0.0,0.0,,-1.6500000000000006,-0.0,0.0,,0,15,0,-1.6500000000000006,-0.0,0.0,15
artificialNoAnomaly/art_noisy.csv,artificialNoAnomaly,art_noisy,C_iforest_contextual,train,0.005,0.6154609357927018,3182,16,0.00502828409805154,11.04513888888889,0.0,0.0,0.0,0,16,0,3166,,0.0,0.0,0.0,0,16,0,0,0,,16,0,16,0.0,1.4486010688462747,1.4486010688462747,,,-1.7600000000000007,-0.0,0.0,,-3.5200000000000014,-0.0,0.0,,-1.7600000000000007,-0.0,0.0,,0,16,0,-1.7600000000000007,-0.0,0.0,16
artificialNoAnomaly/art_noisy.csv,artificialNoAnomaly,art_noisy,C_iforest_contextual,budget,0.01,0.6028007972509561,3182,31,0.00974230043997486,11.04513888888889,0.0,0.0,0.0,0,31,0,3151,,0.0,0.0,0.0,0,31,0,0,0,,29,0,29,0.0,2.625589437283873,2.625589437283873,,,-3.1899999999999995,-0.0,0.0,,-6.379999999999999,-0.0,0.0,,-3.1899999999999995,-0.0,0.0,,0,29,0,-3.4099999999999993,-0.0,0.0,31
artificialNoAnomaly/art_noisy.csv,artificialNoAnomaly,art_noisy,C_iforest_contextual,train,0.01,0.6094756361787024,3182,20,0.006285355122564425,11.04513888888889,0.0,0.0,0.0,0,20,0,3162,,0.0,0.0,0.0,0,20,0,0,0,,20,0,20,0.0,1.8107513360578433,1.8107513360578433,,,-2.2000000000000006,-0.0,0.0,,-4.400000000000001,-0.0,0.0,,-2.2000000000000006,-0.0,0.0,,0,20,0,-2.2000000000000006,-0.0,0.0,20
artificialNoAnomaly/art_noisy.csv,artificialNoAnomaly,art_noisy,C_iforest_contextual,budget,0.02,0.5898637784612649,3182,63,0.019798868636077938,11.04513888888889,0.0,0.0,0.0,0,63,0,3119,,0.0,0.0,0.0,0,63,0,0,0,,54,0,54,0.0,4.8890286073561775,4.8890286073561775,,,-5.940000000000004,-0.0,0.0,,-11.880000000000008,-0.0,0.0,,-5.940000000000004,-0.0,0.0,,0,54,0,-6.930000000000007,-0.0,0.0,63
artificialNoAnomaly/art_noisy.csv,artificialNoAnomaly,art_noisy,C_iforest_contextual,train,0.02,0.5946722553952837,3182,50,0.01571338780641106,11.04513888888889,0.0,0.0,0.0,0,50,0,3132,,0.0,0.0,0.0,0,50,0,0,0,,44,0,44,0.0,3.9836529393272553,3.9836529393272553,,,-4.840000000000001,-0.0,0.0,,-9.680000000000001,-0.0,0.0,,-4.840000000000001,-0.0,0.0,,0,44,0,-5.500000000000003,-0.0,0.0,50
artificialNoAnomaly/art_noisy.csv,artificialNoAnomaly,art_noisy,C_iforest_contextual,budget,0.05,0.5681896964693915,3182,159,0.04996857322438718,11.04513888888889,0.0,0.0,0.0,0,159,0,3023,,0.0,0.0,0.0,0,159,0,0,0,,128,0,128,0.0,11.588808550770198,11.588808550770198,,,-14.079999999999979,-0.0,0.0,,-28.159999999999958,-0.0,0.0,,-14.079999999999979,-0.0,0.0,,0,128,0,-17.489999999999963,-0.0,0.0,159
artificialNoAnomaly/art_noisy.csv,artificialNoAnomaly,art_noisy,C_iforest_contextual,train,0.05,0.5638246734872833,3182,184,0.05782526712759271,11.04513888888889,0.0,0.0,0.0,0,184,0,2998,,0.0,0.0,0.0,0,184,0,0,0,,141,0,141,0.0,12.765796919207796,12.765796919207796,,,-15.509999999999971,-0.0,0.0,,-31.019999999999943,-0.0,0.0,,-15.509999999999971,-0.0,0.0,,0,141,0,-20.23999999999995,-0.0,0.0,184
realAWSCloudwatch/ec2_cpu_utilization_24ae8d.csv,realAWSCloudwatch,ec2_cpu_utilization_24ae8d,A_rolling_zscore,budget,0.0005,50.0,3182,1,0.00031426775612822125,11.04513888888889,0.0,0.0,0.0,0,1,402,2779,0.0024875621890547263,0.0,0.0,0.0,0,1,402,2,0,0.0,1,0,1,0.0,0.09053756680289217,0.09053756680289217,,,-2.11,-2.0,2.0,-2.749999999999997,-2.22,-2.0,2.0,-5.500000000000005,-4.11,-4.0,2.0,-1.8333333333333386,0,1,2,-2.11,-2.0,2.0,1
realAWSCloudwatch/ec2_cpu_utilization_24ae8d.csv,realAWSCloudwatch,ec2_cpu_utilization_24ae8d,A_rolling_zscore,train,0.0005,47.66139007168684,3182,13,0.004085480829666876,11.04513888888889,0.15384615384615385,0.004975124378109453,0.009638554216867469,2,11,400,2769,0.03233830845771144,0.9733656174334141,1.0,0.9865030674846627,402,11,0,2,2,1.0,13,2,11,0.15384615384615385,0.9959132348318138,1.1769883684375981,702.5,0.7024999999999999,0.08129201050488297,-2.0,2.0,52.03230026262208,-1.0469375509200975,-2.0,2.0,23.826561226997562,0.08129201050488297,-4.0,2.0,68.02153350841472,2,11,0,0.08129201050488297,-2.0,2.0,11
realAWSCloudwatch/ec2_cpu_utilization_24ae8d.csv,realAWSCloudwatch,ec2_cpu_utilization_24ae8d,A_rolling_zscore,budget,0.001,50.0,3182,3,0.0009428032683846638,11.04513888888889,0.0,0.0,0.0,0,3,402,2777,0.007462686567164179,0.0,0.0,0.0,0,3,402,2,0,0.0,3,0,3,0.0,0.2716127004086765,0.2716127004086765,,,-2.3299999999999996,-2.0,2.0,-8.249999999999991,-2.6600000000000006,-2.0,2.0,-16.500000000000014,-4.330000000000001,-4.0,2.0,-5.500000000000017,0,3,2,-2.3299999999999996,-2.0,2.0,3
realAWSCloudwatch/ec2_cpu_utilization_24ae8d.csv,realAWSCloudwatch,ec2_cpu_utilization_24ae8d,A_rolling_zscore,train,0.001,46.4347755766828,3182,14,0.0043997485857950975,11.04513888888889,0.14285714285714285,0.004975124378109453,0.009615384615384616,2,12,400,2768,0.03482587064676617,0.9710144927536232,1.0,0.9852941176470589,402,12,0,2,2,1.0,14,2,12,0.14285714285714285,1.086450801634706,1.2675259352404904,702.5,0.7024999999999999,-0.028707989495117027,-2.0,2.0,49.28230026262207,-1.2669375509200975,-2.0,2.0,18.326561226997562,-0.028707989495117027,-4.0,2.0,66.18820017508138,2,12,0,-0.028707989495117027,-2.0,2.0,12
realAWSCloudwatch/ec2_cpu_utilization_24ae8d.csv,realAWSCloudwatch,ec2_cpu_utilization_24ae8d,A_rolling_zscore,budget,0.002,50.0,3182,6,0.0018856065367693275,11.04513888888889,0.0,0.0,0.0,0,6,402,2774,0.014925373134328358,0.0,0.0,0.0,0,6,402,2,0,0.0,6,0,6,0.0,0.543225400817353,0.543225400817353,,,-2.6599999999999993,-2.0,2.0,-16.499999999999982,-3.320000000000001,-2.0,2.0,-33.00000000000003,-4.660000000000002,-4.0,2.0,-11.000000000000034,0,6,2,-2.6599999999999993,-2.0,2.0,6
realAWSCloudwatch/ec2_cpu_utilization_24ae8d.csv,realAWSCloudwatch,ec2_cpu_utilization_24ae8d,A_rolling_zscore,train,0.002,39.48866542619263,3182,20,0.006285355122564425,11.04513888888889,0.15,0.007462686567164179,0.014218009478672985,3,17,399,2763,0.04975124378109453,0.9594272076372315,1.0,0.979293544457978,402,17,0,2,2,1.0,20,3,17,0.15,1.539138635649167,1.8107513360578433,535.0,0.5349999999999999,-0.12193399255507978,-2.0,2.0,46.951650186123004,-1.9101635539800597,-2.0,2.0,2.2459111504985083,-0.12193399255507978,-4.0,2.0,64.63443345741534,2,17,0,-0.12193399255507978,-2.0,2.0,17
realAWSCloudwatch/ec2_cpu_utilization_24ae8d.csv,realAWSCloudwatch,ec2_cpu_utilization_24ae8d,A_rolling_zscore,budget,0.005,42.793845114217405,3182,15,0.004714016341923318,11.04513888888889,0.13333333333333333,0.004975124378109453,0.009592326139088728,2,13,400,2767,0.03731343283582089,0.9686746987951808,1.0,0.9840881272949816,402,13,0,2,2,1.0,15,2,13,0.13333333333333333,1.1769883684375981,1.3580635020433824,702.5,0.7024999999999999,-0.13870798949511703,-2.0,2.0,46.53230026262207,-1.4869375509200975,-2.0,2.0,12.826561226997562,-0.13870798949511703,-4.0,2.0,64.35486684174805,2,13,0,-0.13870798949511703,-2.0,2.0,13
realAWSCloudwatch/ec2_cpu_utilization_24ae8d.csv,realAWSCloudwatch,ec2_cpu_utilization_24ae8d,A_rolling_zscore,train,0.005,3.3144874650080403,3182,44,0.013827781269641735,11.04513888888889,0.18181818181818182,0.01990049751243781,0.03587443946188341,8,36,394,2744,0.10945273631840796,0.9178082191780822,1.0,0.9571428571428571,402,36,0,2,2,1.0,41,8,33,0.1951219512195122,2.9877397044954415,3.712040238918579,257.5,0.2575,-1.6535704423965831,-2.0,2.0,8.660738940085421,-5.201800003821563,-2.0,2.0,-80.04500009553908,-1.6535704423965831,-4.0,2.0,39.10715929339028,2,33,0,-1.9835704423965834,-2.0,2.0,36
realAWSCloudwatch/ec2_cpu_utilization_24ae8d.csv,realAWSCloudwatch,ec2_cpu_utilization_24ae8d,A_rolling_zscore,budget,0.01,3.8292526368574182,3182,31,0.00974230043997486,11.04513888888889,0.22580645161290322,0.017412935323383085,0.032332563510392605,7,24,395,2756,0.07711442786069651,0.9436619718309859,1.0,0.9710144927536231,402,24,0,2,2,1.0,31,7,24,0.22580645161290322,2.172901603269412,2.8066645708896574,257.5,0.2575,-0.6635704423965827,-2.0,2.0,33.41073894008543,-3.2218000038215635,-2.0,2.0,-30.545000095539088,-0.6635704423965827,-4.0,2.0,55.60715929339029,2,24,0,-0.6635704423965827,-2.0,2.0,24
realAWSCloudwatch/ec2_cpu_utilization_24ae8d.csv,realAWSCloudwatch,ec2_cpu_utilization_24ae8d,A_rolling_zscore,train,0.01,3.312852799318999,3182,49,0.015399120050282841,11.04513888888889,0.20408163265306123,0.024875621890547265,0.04434589800443459,10,39,392,2741,0.12189054726368159,0.9115646258503401,1.0,0.9537366548042704,402,39,0,2,2,1.0,46,10,36,0.21739130434782608,3.259352404904118,4.164728072933039,232.5,0.2325,-1.9599118307526504,-2.0,2.0,1.0022042311837398,-5.838141392177629,-2.0,2.0,-95.95353480444074,-1.9599118307526504,-4.0,2.0,34.00146948745582,2,36,0,-2.2899118307526503,-2.0,2.0,39
realAWSCloudwatch/ec2_cpu_utilization_24ae8d.csv,realAWSCloudwatch,ec2_cpu_utilization_24ae8d,A_rolling_zscore,budget,0.02,3.3120572536702793,3182,63,0.019798868636077938,11.04513888888889,0.20634920634920634,0.03233830845771144,0.05591397849462366,13,50,389,2730,0.15671641791044777,0.8893805309734514,1.0,0.9414519906323184,402,50,0,2,2,1.0,60,13,47,0.21666666666666667,4.255265639735932,5.43225400817353,137.5,0.1375,-3.03486534674619,-2.0,2.0,-25.87163366865475,-8.041324469596148,-2.0,2.0,-151.0331117399037,-3.03486534674619,-4.0,2.0,16.085577554230166,2,47,0,-3.3648653467461895,-2.0,2.0,50
realAWSCloudwatch/ec2_cpu_utilization_24ae8d.csv,realAWSCloudwatch,ec2_cpu_utilization_24ae8d,A_rolling_zscore,train,0.02,2.8550914357039567,3182,117,0.036769327467001886,11.04513888888889,0.15384615384615385,0.04477611940298507,0.06936416184971098,18,99,384,2681,0.291044776119403,0.8023952095808383,1.0,0.8903654485049834,402,99,0,2,2,1.0,100,18,82,0.18,7.424080477837158,9.053756680289217,40.0,0.04,-6.945256700293945,-2.0,2.0,-123.63141750734863,-15.880983777763593,-2.0,2.0,-347.0245944440898,-6.945256700293945,-4.0,2.0,-49.08761167156575,2,83,0,-8.691860009366554,-2.0,2.0,99
realAWSCloudwatch/ec2_cpu_utilization_24ae8d.csv,realAWSCloudwatch,ec2_cpu_utilization_24ae8d,A_rolling_zscore,budget,0.05,2.422946325011512,3182,159,0.04996857322438718,11.04513888888889,0.1509433962264151,0.05970149253731343,0.0855614973262032,24,135,378,2645,0.39552238805970147,0.7486033519553073,1.0,0.8562300319488818,402,135,0,2,2,1.0,129,22,107,0.17054263565891473,9.687519647909463,11.67934611757309,40.0,0.04,-9.568748691168848,-2.0,2.0,-189.21871727922118,-21.127967759513382,-2.0,2.0,-478.1991939878345,-9.568748691168848,-4.0,2.0,-92.81247818614746,2,108,0,-12.430707588006443,-2.0,2.0,135
realAWSCloudwatch/ec2_cpu_utilization_24ae8d.csv,realAWSCloudwatch,ec2_cpu_utilization_24ae8d,A_rolling_zscore,train,0.05,2.271922320962755,3182,213,0.06693903205531113,11.04513888888889,0.12206572769953052,0.06467661691542288,0.08455284552845528,26,187,376,2593,0.5298507462686567,0.6825127334465195,1.0,0.8113017154389506,402,187,0,2,2,1.0,167,24,143,0.1437125748502994,12.94687205281358,15.119773656082993,40.0,0.04,-13.522141653723185,-2.0,2.0,-288.05354134307964,-29.034753684622057,-2.0,2.0,-675.8688421155514,-13.522141653723185,-4.0,2.0,-158.70236089538642,2,144,0,-18.127769571361604,-2.0,2.0,187
realAWSCloudwatch/ec2_cpu_utilization_24ae8d.csv,realAWSCloudwatch,ec2_cpu_utilization_24ae8d,B_iforest_raw,budget,0.0005,0.8885694429292811,3182,1,0.00031426775612822125,11.04513888888889,0.0,0.0,0.0,0,1,402,2779,0.0024875621890547263,0.0,0.0,0.0,0,1,402,2,0,0.0,1,0,1,0.0,0.09053756680289217,0.09053756680289217,,,-2.11,-2.0,2.0,-2.749999999999997,-2.22,-2.0,2.0,-5.500000000000005,-4.11,-4.0,2.0,-1.8333333333333386,0,1,2,-2.11,-2.0,2.0,1
realAWSCloudwatch/ec2_cpu_utilization_24ae8d.csv,realAWSCloudwatch,ec2_cpu_utilization_24ae8d,B_iforest_raw,train,0.0005,0.8857190735494573,3182,7,0.0021998742928975488,11.04513888888889,0.2857142857142857,0.004975124378109453,0.0097799511002445,2,5,400,2775,0.017412935323383085,0.9757281553398058,0.5,0.6611842105263158,201,5,201,2,1,0.5,7,2,5,0.2857142857142857,0.45268783401446083,0.6337629676202452,500.0,0.5,-0.6066787593493828,-2.0,2.0,34.83303101626543,-1.0749083207743633,-2.0,2.0,23.12729198064092,-1.6066787593493832,-4.0,2.0,39.88868734417695,1,5,1,-0.6066787593493828,-2.0,2.0,5
realAWSCloudwatch/ec2_cpu_utilization_24ae8d.csv,realAWSCloudwatch,ec2_cpu_utilization_24ae8d,B_iforest_raw,budget,0.001,0.8885694429292811,3182,3,0.0009428032683846638,11.04513888888889,0.0,0.0,0.0,0,3,402,2777,0.007462686567164179,0.0,0.0,0.0,0,3,402,2,0,0.0,3,0,3,0.0,0.2716127004086765,0.2716127004086765,,,-2.3299999999999996,-2.0,2.0,-8.249999999999991,-2.6600000000000006,-2.0,2.0,-16.500000000000014,-4.330000000000001,-4.0,2.0,-5.500000000000017,0,3,2,-2.3299999999999996,-2.0,2.0,3
realAWSCloudwatch/ec2_cpu_utilization_24ae8d.csv,realAWSCloudwatch,ec2_cpu_utilization_24ae8d,B_iforest_raw,train,0.001,0.8828687041696325,3182,8,0.00251414204902577,11.04513888888889,0.25,0.004975124378109453,0.00975609756097561,2,6,400,2774,0.01990049751243781,0.9710144927536232,0.5,0.6600985221674878,201,6,201,2,1,0.5,8,2,6,0.25,0.543225400817353,0.7243005344231374,500.0,0.5,-0.7166787593493827,-2.0,2.0,32.08303101626543,-1.2949083207743632,-2.0,2.0,17.62729198064092,-1.7166787593493833,-4.0,2.0,38.05535401084361,1,6,1,-0.7166787593493827,-2.0,2.0,6
realAWSCloudwatch/ec2_cpu_utilization_24ae8d.csv,realAWSCloudwatch,ec2_cpu_utilization_24ae8d,B_iforest_raw,budget,0.002,0.8863662850143212,3182,6,0.0018856065367693275,11.04513888888889,0.16666666666666666,0.0024875621890547263,0.004901960784313725,1,5,401,2775,0.014925373134328358,0.9757281553398058,0.5,0.6611842105263158,201,5,201,2,1,0.5,6,1,5,0.16666666666666666,0.45268783401446083,0.543225400817353,500.0,0.5,-0.6066787593493828,-2.0,2.0,34.83303101626543,-1.0749083207743633,-2.0,2.0,23.12729198064092,-1.6066787593493832,-4.0,2.0,39.88868734417695,1,5,1,-0.6066787593493828,-2.0,2.0,5
realAWSCloudwatch/ec2_cpu_utilization_24ae8d.csv,realAWSCloudwatch,ec2_cpu_utilization_24ae8d,B_iforest_raw,train,0.002,0.8665942995046408,3182,12,0.003771213073538655,11.04513888888889,0.16666666666666666,0.004975124378109453,0.00966183574879227,2,10,400,2770,0.029850746268656716,0.95260663507109,0.5,0.6557911908646004,201,10,201,2,1,0.5,12,2,10,0.16666666666666666,0.9053756680289217,1.086450801634706,500.0,0.5,-1.1566787593493828,-2.0,2.0,21.08303101626543,-2.1749083207743634,-2.0,2.0,-4.372708019359084,-2.1566787593493837,-4.0,2.0,30.722020677510272,1,10,1,-1.1566787593493828,-2.0,2.0,10
realAWSCloudwatch/ec2_cpu_utilization_24ae8d.csv,realAWSCloudwatch,ec2_cpu_utilization_24ae8d,B_iforest_raw,budget,0.005,0.7847558337464297,3182,15,0.004714016341923318,11.04513888888889,0.3333333333333333,0.012437810945273632,0.023980815347721826,5,10,397,2770,0.03731343283582089,0.9757281553398058,1.0,0.9877149877149877,402,10,0,2,2,1.0,14,4,10,0.2857142857142857,0.9053756680289217,1.2675259352404904,500.0,0.5,0.7048720427262144,-2.0,2.0,67.62180106815536,-0.3133575186987655,-2.0,2.0,42.16606203253086,0.7048720427262144,-4.0,2.0,78.41453404543691,2,10,0,0.7048720427262144,-2.0,2.0,10
realAWSCloudwatch/ec2_cpu_utilization_24ae8d.csv,realAWSCloudwatch,ec2_cpu_utilization_24ae8d,B_iforest_raw,train,0.005,0.7721938230697826,3182,20,0.006285355122564425,11.04513888888889,0.35,0.017412935323383085,0.03317535545023697,7,13,395,2767,0.04975124378109453,0.9686746987951808,1.0,0.9840881272949816,402,13,0,2,2,1.0,18,5,13,0.2777777777777778,1.1769883684375981,1.629676202452059,467.5,0.4675,0.4145469836749869,-2.0,2.0,60.36367459187467,-0.933682577749993,-2.0,2.0,26.65793555625018,0.4145469836749869,-4.0,2.0,73.57578306124977,2,13,0,0.4145469836749869,-2.0,2.0,13
realAWSCloudwatch/ec2_cpu_utilization_24ae8d.csv,realAWSCloudwatch,ec2_cpu_utilization_24ae8d,B_iforest_raw,budget,0.01,0.7699209859499894,3182,31,0.00974230043997486,11.04513888888889,0.22580645161290322,0.017412935323383085,0.032332563510392605,7,24,395,2756,0.07711442786069651,0.9436619718309859,1.0,0.9710144927536231,402,24,0,2,2,1.0,29,5,24,0.1724137931034483,2.172901603269412,2.625589437283873,467.5,0.4675,-0.7954530163250131,-2.0,2.0,30.113674591874673,-3.353682577749994,-2.0,2.0,-33.842064443749855,-0.7954530163250131,-4.0,2.0,53.409116394583116,2,24,0,-0.7954530163250131,-2.0,2.0,24
realAWSCloudwatch/ec2_cpu_utilization_24ae8d.csv,realAWSCloudwatch,ec2_cpu_utilization_24ae8d,B_iforest_raw,train,0.01,0.7567602549591572,3182,93,0.029226901319924576,11.04513888888889,0.17204301075268819,0.03980099502487562,0.06464646464646465,16,77,386,2703,0.23134328358208955,0.8392484342379958,1.0,0.9125993189557321,402,77,0,2,2,1.0,89,13,76,0.14606741573033707,6.880855077019805,8.057843445457403,20.0,0.02,-6.074349021894876,-2.0,2.0,-101.8587255473719,-14.145735044961427,-2.0,2.0,-303.6433761240357,-6.074349021894876,-4.0,2.0,-34.57248369824793,2,76,0,-6.184349021894876,-2.0,2.0,77
realAWSCloudwatch/ec2_cpu_utilization_24ae8d.csv,realAWSCloudwatch,ec2_cpu_utilization_24ae8d,B_iforest_raw,budget,0.02,0.7667038109429577,3182,63,0.019798868636077938,11.04513888888889,0.1746031746031746,0.02736318407960199,0.04731182795698925,11,52,391,2728,0.15671641791044777,0.8854625550660793,1.0,0.9392523364485982,402,52,0,2,2,1.0,61,9,52,0.14754098360655737,4.7079534737503925,5.522791574976423,20.0,0.02,-3.5123046345251963,-2.0,2.0,-37.807615863129904,-9.021646270222062,-2.0,2.0,-175.54115675555155,-3.5123046345251963,-4.0,2.0,8.128256091246728,2,52,0,-3.5123046345251963,-2.0,2.0,52
realAWSCloudwatch/ec2_cpu_utilization_24ae8d.csv,realAWSCloudwatch,ec2_cpu_utilization_24ae8d,B_iforest_raw,train,0.02,0.6153135742513319,3182,145,0.04556882463859208,11.04513888888889,0.15862068965517243,0.05721393034825871,0.08409506398537478,23,122,379,2658,0.36069651741293535,0.767175572519084,1.0,0.8682505399568033,402,122,0,2,2,1.0,125,17,108,0.136,9.778057214712355,11.317195850361522,20.0,0.02,-9.465676898861501,-2.0,2.0,-186.64192247153753,-20.92839079889466,-2.0,2.0,-473.20976997236653,-9.465676898861501,-4.0,2.0,-91.09461498102502,2,108,0,-11.005676898861493,-2.0,2.0,122
realAWSCloudwatch/ec2_cpu_utilization_24ae8d.csv,realAWSCloudwatch,ec2_cpu_utilization_24ae8d,B_iforest_raw,budget,0.05,0.6153135742513319,3182,159,0.04996857322438718,11.04513888888889,0.14465408805031446,0.05721393034825871,0.08199643493761141,23,136,379,2644,0.39552238805970147,0.7472118959107806,1.0,0.8553191489361701,402,136,0,2,2,1.0,135,17,118,0.1259259259259259,10.683432882741275,12.222571518390442,20.0,0.02,-10.565676898861495,-2.0,2.0,-214.14192247153738,-23.12839079889465,-2.0,2.0,-528.2097699723662,-10.565676898861495,-4.0,2.0,-109.42794831435826,2,118,0,-12.545676898861485,-2.0,2.0,136
realAWSCloudwatch/ec2_cpu_utilization_24ae8d.csv,realAWSCloudwatch,ec2_cpu_utilization_24ae8d,B_iforest_raw,train,0.05,0.5855048825011752,3182,258,0.08108108108108109,11.04513888888889,0.15503875968992248,0.09950248756218906,0.12121212121212123,40,218,362,2562,0.6417910447761194,0.6483870967741936,1.0,0.7866927592954991,402,218,0,2,2,1.0,200,28,172,0.14,15.572461490097453,18.107513360578434,20.0,0.02,-16.427994252354512,-2.0,2.0,-360.6998563088628,-34.853025505880694,-2.0,2.0,-821.3256376470174,-16.427994252354512,-4.0,2.0,-207.1332375392419,2,172,0,-21.426719410001905,-2.0,2.0,218
realAWSCloudwatch/ec2_cpu_utilization_24ae8d.csv,realAWSCloudwatch,ec2_cpu_utilization_24ae8d,C_iforest_contextual,budget,0.0005,0.797849275928068,3182,1,0.00031426775612822125,11.04513888888889,0.0,0.0,0.0,0,1,402,2779,0.0024875621890547263,0.0,0.0,0.0,0,1,402,2,0,0.0,1,0,1,0.0,0.09053756680289217,0.09053756680289217,,,-2.028229561424981,-2.0,2.0,-0.7057390356245197,-2.056459122849961,-2.0,2.0,-1.4114780712490282,-4.028229561424981,-4.0,2.0,-0.47049269041634645,0,1,2,-2.028229561424981,-2.0,2.0,1
realAWSCloudwatch/ec2_cpu_utilization_24ae8d.csv,realAWSCloudwatch,ec2_cpu_utilization_24ae8d,C_iforest_contextual,train,0.0005,0.7953610776215119,3182,6,0.0018856065367693275,11.04513888888889,0.16666666666666666,0.0024875621890547263,0.004901960784313725,1,5,401,2775,0.014925373134328358,0.9757281553398058,0.5,0.6611842105263158,201,5,201,2,1,0.5,6,1,5,0.16666666666666666,0.45268783401446083,0.543225400817353,835.0,0.835,-1.0634527562894207,-2.0,2.0,23.41368109276448,-1.5316823177144012,-2.0,2.0,11.70794205713997,-2.063452756289421,-4.0,2.0,32.275787395176316,1,5,1,-1.0634527562894207,-2.0,2.0,5
realAWSCloudwatch/ec2_cpu_utilization_24ae8d.csv,realAWSCloudwatch,ec2_cpu_utilization_24ae8d,C_iforest_contextual,budget,0.001,0.7974085928790624,3182,3,0.0009428032683846638,11.04513888888889,0.0,0.0,0.0,0,3,402,2777,0.007462686567164179,0.0,0.0,0.0,0,3,402,2,0,0.0,3,0,3,0.0,0.2716127004086765,0.2716127004086765,,,-2.2482295614249805,-2.0,2.0,-6.2057390356245135,-2.4964591228499615,-2.0,2.0,-12.411478071249038,-4.248229561424981,-4.0,2.0,-4.137159357083024,0,3,2,-2.2482295614249805,-2.0,2.0,3
realAWSCloudwatch/ec2_cpu_utilization_24ae8d.csv,realAWSCloudwatch,ec2_cpu_utilization_24ae8d,C_iforest_contextual,train,0.001,0.7929558472890696,3182,8,0.00251414204902577,11.04513888888889,0.125,0.0024875621890547263,0.004878048780487805,1,7,401,2773,0.01990049751243781,0.9663461538461539,0.5,0.659016393442623,201,7,201,2,1,0.5,8,1,7,0.125,0.6337629676202452,0.7243005344231374,835.0,0.835,-1.283452756289421,-2.0,2.0,17.913681092764477,-1.9716823177144012,-2.0,2.0,0.7079420571399708,-2.283452756289421,-4.0,2.0,28.60912072850965,1,7,1,-1.283452756289421,-2.0,2.0,7
realAWSCloudwatch/ec2_cpu_utilization_24ae8d.csv,realAWSCloudwatch,ec2_cpu_utilization_24ae8d,C_iforest_contextual,budget,0.002,0.7945280139355921,3182,6,0.0018856065367693275,11.04513888888889,0.16666666666666666,0.0024875621890547263,0.004901960784313725,1,5,401,2775,0.014925373134328358,0.9757281553398058,0.5,0.6611842105263158,201,5,201,2,1,0.5,6,1,5,0.16666666666666666,0.45268783401446083,0.543225400817353,835.0,0.835,-1.0634527562894207,-2.0,2.0,23.41368109276448,-1.5316823177144012,-2.0,2.0,11.70794205713997,-2.063452756289421,-4.0,2.0,32.275787395176316,1,5,1,-1.0634527562894207,-2.0,2.0,5
realAWSCloudwatch/ec2_cpu_utilization_24ae8d.csv,realAWSCloudwatch,ec2_cpu_utilization_24ae8d,C_iforest_contextual,train,0.002,0.7736945809188585,3182,12,0.003771213073538655,11.04513888888889,0.16666666666666666,0.004975124378109453,0.00966183574879227,2,10,400,2770,0.029850746268656716,0.95260663507109,0.5,0.6557911908646004,201,10,201,2,1,0.5,12,2,10,0.16666666666666666,0.9053756680289217,1.086450801634706,500.0,0.5,-1.1566787593493828,-2.0,2.0,21.08303101626543,-2.1749083207743634,-2.0,2.0,-4.372708019359084,-2.1566787593493837,-4.0,2.0,30.722020677510272,1,10,1,-1.1566787593493828,-2.0,2.0,10
realAWSCloudwatch/ec2_cpu_utilization_24ae8d.csv,realAWSCloudwatch,ec2_cpu_utilization_24ae8d,C_iforest_contextual,budget,0.005,0.6821313552332177,3182,15,0.004714016341923318,11.04513888888889,0.2,0.007462686567164179,0.014388489208633093,3,12,399,2768,0.03731343283582089,0.9710144927536232,1.0,0.9852941176470589,402,12,0,2,2,1.0,13,3,10,0.23076923076923078,0.9053756680289217,1.1769883684375981,500.0,0.5,0.7048720427262144,-2.0,2.0,67.62180106815536,-0.3133575186987655,-2.0,2.0,42.16606203253086,0.7048720427262144,-4.0,2.0,78.41453404543691,2,10,0,0.4848720427262144,-2.0,2.0,12
realAWSCloudwatch/ec2_cpu_utilization_24ae8d.csv,realAWSCloudwatch,ec2_cpu_utilization_24ae8d,C_iforest_contextual,train,0.005,0.6527884127931612,3182,78,0.02451288497800126,11.04513888888889,0.19230769230769232,0.03731343283582089,0.06249999999999999,15,63,387,2717,0.19402985074626866,0.864516129032258,1.0,0.9273356401384083,402,63,0,2,2,1.0,62,10,52,0.16129032258064516,4.7079534737503925,5.613329141779315,20.0,0.02,-3.322365698466169,-2.0,2.0,-33.059142461654226,-8.641768398104007,-2.0,2.0,-166.0442099526002,-3.322365698466169,-4.0,2.0,11.293905025563852,2,52,0,-4.451875528488546,-2.0,2.0,63
realAWSCloudwatch/ec2_cpu_utilization_24ae8d.csv,realAWSCloudwatch,ec2_cpu_utilization_24ae8d,C_iforest_contextual,budget,0.01,0.6693426807124648,3182,31,0.00974230043997486,11.04513888888889,0.1935483870967742,0.014925373134328358,0.02771362586605081,6,25,396,2755,0.07711442786069651,0.9414519906323185,1.0,0.9698431845597104,402,25,0,2,2,1.0,26,5,21,0.19230769230769232,1.9012889028607356,2.3539767368751963,370.0,0.37,-0.3867757581247083,-2.0,2.0,40.33060604688229,-2.6045716274506234,-2.0,2.0,-15.114290686265585,-0.3867757581247083,-4.0,2.0,60.220404031254866,2,21,0,-0.8267757581247084,-2.0,2.0,25
realAWSCloudwatch/ec2_cpu_utilization_24ae8d.csv,realAWSCloudwatch,ec2_cpu_utilization_24ae8d,C_iforest_contextual,train,0.01,0.6455549350450375,3182,100,0.03142677561282212,11.04513888888889,0.18,0.04477611940298507,0.07171314741035856,18,82,384,2698,0.24875621890547264,0.8305785123966942,1.0,0.90744920993228,402,82,0,2,2,1.0,80,13,67,0.1625,6.066016975793775,7.243005344231373,20.0,0.02,-4.972365698466171,-2.0,2.0,-74.30914246165428,-11.941768398104017,-2.0,2.0,-248.54420995260043,-4.972365698466171,-4.0,2.0,-16.206094974436184,2,67,0,-6.541875528488552,-2.0,2.0,82
realAWSCloudwatch/ec2_cpu_utilization_24ae8d.csv,realAWSCloudwatch,ec2_cpu_utilization_24ae8d,C_iforest_contextual,budget,0.02,0.6564456261187359,3182,63,0.019798868636077938,11.04513888888889,0.1746031746031746,0.02736318407960199,0.04731182795698925,11,52,391,2728,0.15671641791044777,0.8854625550660793,1.0,0.9392523364485982,402,52,0,2,2,1.0,52,9,43,0.17307692307692307,3.8931153725243632,4.7079534737503925,20.0,0.02,-2.4541781839138133,-2.0,2.0,-11.354454597845331,-6.9053933689992935,-2.0,2.0,-122.63483422498234,-2.4541781839138133,-4.0,2.0,25.76369693476978,2,43,0,-3.3636880139361884,-2.0,2.0,52
realAWSCloudwatch/ec2_cpu_utilization_24ae8d.csv,realAWSCloudwatch,ec2_cpu_utilization_24ae8d,C_iforest_contextual,train,0.02,0.6132448553481782,3182,210,0.06599622878692646,11.04513888888889,0.20476190476190476,0.10696517412935323,0.14052287581699346,43,167,359,2613,0.5223880597014925,0.7065026362038664,1.0,0.8280123583934088,402,167,0,2,2,1.0,122,15,107,0.12295081967213115,9.687519647909463,11.045583149952845,20.0,0.02,-9.285096212680088,-2.0,2.0,-182.1274053170022,-20.567229426531835,-2.0,2.0,-464.1807356632959,-9.285096212680088,-4.0,2.0,-88.08493687800147,2,107,0,-15.511009568682029,-2.0,2.0,167
realAWSCloudwatch/ec2_cpu_utilization_24ae8d.csv,realAWSCloudwatch,ec2_cpu_utilization_24ae8d,C_iforest_contextual,budget,0.05,0.6297144913246571,3182,159,0.04996857322438718,11.04513888888889,0.1761006289308176,0.06965174129353234,0.09982174688057041,28,131,374,2649,0.39552238805970147,0.7542213883677298,1.0,0.8598930481283422,402,131,0,2,2,1.0,112,15,97,0.13392857142857142,8.78214397988054,10.140207481923923,20.0,0.02,-8.185096212680094,-2.0,2.0,-154.62740531700234,-18.367229426531846,-2.0,2.0,-409.18073566329616,-8.185096212680094,-4.0,2.0,-69.75160354466823,2,97,0,-11.698352851241218,-2.0,2.0,131
realAWSCloudwatch/ec2_cpu_utilization_24ae8d.csv,realAWSCloudwatch,ec2_cpu_utilization_24ae8d,C_iforest_contextual,train,0.05,0.5630851605809368,3182,453,0.14236329352608423,11.04513888888889,0.22075055187637968,0.24875621890547264,0.23391812865497078,100,353,302,2427,1.0,0.5324503311258278,1.0,0.6949006050129646,402,353,0,2,2,1.0,175,30,145,0.17142857142857143,13.127947186419364,15.844074190506129,0.0,0.0,-13.633971616561453,-2.0,2.0,-290.8492904140363,-29.264980234294566,-2.0,2.0,-681.6245058573642,-13.633971616561453,-4.0,2.0,-160.56619360935755,2,146,0,-35.20292215429027,-2.0,2.0,353
realAWSCloudwatch/ec2_cpu_utilization_53ea38.csv,realAWSCloudwatch,ec2_cpu_utilization_53ea38,A_rolling_zscore,budget,0.0005,9.473721311620642,3182,1,0.00031426775612822125,11.04513888888889,1.0,0.0024875621890547263,0.004962779156327543,1,0,401,2780,0.0024875621890547263,1.0,0.5,0.6666666666666666,201,0,201,2,1,0.5,1,1,0,1.0,0.0,0.09053756680289217,980.0,0.98,-0.937048340914565,-2.0,2.0,26.573791477135877,-0.937048340914565,-2.0,2.0,26.573791477135877,-1.937048340914565,-4.0,2.0,34.38252765142392,1,0,1,-0.937048340914565,-2.0,2.0,0
realAWSCloudwatch/ec2_cpu_utilization_53ea38.csv,realAWSCloudwatch,ec2_cpu_utilization_53ea38,A_rolling_zscore,train,0.0005,9.798158589118795,3182,1,0.00031426775612822125,11.04513888888889,1.0,0.0024875621890547263,0.004962779156327543,1,0,401,2780,0.0024875621890547263,1.0,0.5,0.6666666666666666,201,0,201,2,1,0.5,1,1,0,1.0,0.0,0.09053756680289217,980.0,0.98,-0.937048340914565,-2.0,2.0,26.573791477135877,-0.937048340914565,-2.0,2.0,26.573791477135877,-1.937048340914565,-4.0,2.0,34.38252765142392,1,0,1,-0.937048340914565,-2.0,2.0,0
realAWSCloudwatch/ec2_cpu_utilization_53ea38.csv,realAWSCloudwatch,ec2_cpu_utilization_53ea38,A_rolling_zscore,budget,0.001,8.897666384670824,3182,3,0.0009428032683846638,11.04513888888889,0.3333333333333333,0.0024875621890547263,0.0049382716049382715,1,2,401,2778,0.007462686567164179,0.9901477832512315,0.5,0.6644628099173554,201,2,201,2,1,0.5,3,1,2,0.3333333333333333,0.18107513360578434,0.2716127004086765,980.0,0.98,-1.1570482053920907,-2.0,2.0,21.07379486519773,-1.3770480698696164,-2.0,2.0,15.573798253259591,-2.1570482053920905,-4.0,2.0,30.71586324346516,1,2,1,-1.1570482053920907,-2.0,2.0,2
realAWSCloudwatch/ec2_cpu_utilization_53ea38.csv,realAWSCloudwatch,ec2_cpu_utilization_53ea38,A_rolling_zscore,train,0.001,8.742098278314447,3182,4,0.001257071024512885,11.04513888888889,0.25,0.0024875621890547263,0.0049261083743842365,1,3,401,2777,0.009950248756218905,0.9852941176470589,0.5,0.6633663366336634,201,3,201,2,1,0.5,4,1,3,0.25,0.2716127004086765,0.3621502672115687,980.0,0.98,-1.2670482053920908,-2.0,2.0,18.32379486519773,-1.5970480698696163,-2.0,2.0,10.073798253259591,-2.2670482053920904,-4.0,2.0,28.882529910131826,1,3,1,-1.2670482053920908,-2.0,2.0,3
realAWSCloudwatch/ec2_cpu_utilization_53ea38.csv,realAWSCloudwatch,ec2_cpu_utilization_53ea38,A_rolling_zscore,budget,0.002,6.681572280484251,3182,6,0.0018856065367693275,11.04513888888889,0.16666666666666666,0.0024875621890547263,0.004901960784313725,1,5,401,2775,0.014925373134328358,0.9757281553398058,0.5,0.6611842105263158,201,5,201,2,1,0.5,6,1,5,0.16666666666666666,0.45268783401446083,0.543225400817353,980.0,0.98,-1.4868427049272823,-2.0,2.0,12.828932376817942,-2.0366370689399993,-2.0,2.0,-0.9159267234999824,-2.4868427049272817,-4.0,2.0,25.219288251211974,1,5,1,-1.4868427049272823,-2.0,2.0,5
realAWSCloudwatch/ec2_cpu_utilization_53ea38.csv,realAWSCloudwatch,ec2_cpu_utilization_53ea38,A_rolling_zscore,train,0.002,6.755393373233536,3182,7,0.0021998742928975488,11.04513888888889,0.14285714285714285,0.0024875621890547263,0.00488997555012225,1,6,401,2774,0.017412935323383085,0.9710144927536232,0.5,0.6600985221674878,201,6,201,2,1,0.5,7,1,6,0.14285714285714285,0.543225400817353,0.6337629676202452,980.0,0.98,-1.5968427049272824,-2.0,2.0,10.078932376817939,-2.25663706894,-2.0,2.0,-6.415926723499998,-2.5968427049272815,-4.0,2.0,23.38595491787864,1,6,1,-1.5968427049272824,-2.0,2.0,6
realAWSCloudwatch/ec2_cpu_utilization_53ea38.csv,realAWSCloudwatch,ec2_cpu_utilization_53ea38,A_rolling_zscore,budget,0.005,3.920289860636592,3182,15,0.004714016341923318,11.04513888888889,0.13333333333333333,0.004975124378109453,0.009592326139088728,2,13,400,2767,0.03731343283582089,0.9686746987951808,1.0,0.9840881272949816,402,13,0,2,2,1.0,15,2,13,0.13333333333333333,1.1769883684375981,1.3580635020433824,967.5,0.9675,-1.2412547440588717,-2.0,2.0,18.968631398528206,-2.670880656013776,-2.0,2.0,-16.772016400344402,-1.2412547440588717,-4.0,2.0,45.979087599018804,2,13,0,-1.2412547440588717,-2.0,2.0,13
realAWSCloudwatch/ec2_cpu_utilization_53ea38.csv,realAWSCloudwatch,ec2_cpu_utilization_53ea38,A_rolling_zscore,train,0.005,4.259466041719677,3182,12,0.003771213073538655,11.04513888888889,0.16666666666666666,0.004975124378109453,0.00966183574879227,2,10,400,2770,0.029850746268656716,0.9757281553398058,1.0,0.9877149877149877,402,10,0,2,2,1.0,12,2,10,0.16666666666666666,0.9053756680289217,1.086450801634706,967.5,0.9675,-0.9112547440588715,-2.0,2.0,27.218631398528213,-2.0108806560137755,-2.0,2.0,-0.2720164003443881,-0.9112547440588715,-4.0,2.0,51.47908759901881,2,10,0,-0.9112547440588715,-2.0,2.0,10
realAWSCloudwatch/ec2_cpu_utilization_53ea38.csv,realAWSCloudwatch,ec2_cpu_utilization_53ea38,A_rolling_zscore,budget,0.01,3.399367788187781,3182,31,0.00974230043997486,11.04513888888889,0.16129032258064516,0.012437810945273632,0.023094688221709007,5,26,397,2754,0.07711442786069651,0.9392523364485982,1.0,0.9686746987951808,402,26,0,2,2,1.0,31,5,26,0.16129032258064516,2.3539767368751963,2.8066645708896574,772.5,0.7725,-1.98632633238551,-2.0,2.0,0.341841690362249,-4.844962768238777,-2.0,2.0,-71.12406920596943,-1.98632633238551,-4.0,2.0,33.56122779357483,2,26,0,-1.98632633238551,-2.0,2.0,26
realAWSCloudwatch/ec2_cpu_utilization_53ea38.csv,realAWSCloudwatch,ec2_cpu_utilization_53ea38,A_rolling_zscore,train,0.01,3.2683943923935117,3182,37,0.011627906976744186,11.04513888888889,0.16216216216216217,0.014925373134328358,0.027334851936218683,6,31,396,2749,0.09203980099502487,0.9284064665127021,1.0,0.962874251497006,402,31,0,2,2,1.0,37,6,31,0.16216216216216217,2.8066645708896574,3.34988997170701,667.5,0.6675,-2.0403471294822695,-2.0,2.0,-1.008678237056737,-5.423173103257361,-2.0,2.0,-85.57932758143403,-2.0403471294822695,-4.0,2.0,32.66088117529551,2,31,0,-2.0403471294822695,-2.0,2.0,31
realAWSCloudwatch/ec2_cpu_utilization_53ea38.csv,realAWSCloudwatch,ec2_cpu_utilization_53ea38,A_rolling_zscore,budget,0.02,2.849779039630553,3182,63,0.019798868636077938,11.04513888888889,0.19047619047619047,0.029850746268656716,0.05161290322580645,12,51,390,2729,0.15671641791044777,0.8874172185430463,1.0,0.9403508771929824,402,51,0,2,2,1.0,62,12,50,0.1935483870967742,4.526878340144608,5.613329141779315,112.5,0.11250000000000002,-3.3983817700337187,-2.0,2.0,-34.95954425084297,-8.77621826251174,-2.0,2.0,-169.40545656279352,-3.3983817700337187,-4.0,2.0,10.026970499438022,2,50,0,-3.5083817700337185,-2.0,2.0,51
realAWSCloudwatch/ec2_cpu_utilization_53ea38.csv,realAWSCloudwatch,ec2_cpu_utilization_53ea38,A_rolling_zscore,train,0.02,2.7550591219052945,3182,78,0.02451288497800126,11.04513888888889,0.16666666666666666,0.03233830845771144,0.05416666666666667,13,65,389,2715,0.19402985074626866,0.860813704496788,1.0,0.9252013808975834,402,65,0,2,2,1.0,76,12,64,0.15789473684210525,5.794404275385099,6.880855077019805,112.5,0.11250000000000002,-4.811048557987507,-2.0,2.0,-70.27621394968769,-11.60155183841932,-2.0,2.0,-240.03879596048301,-4.811048557987507,-4.0,2.0,-13.517475966458456,2,64,0,-4.921048557987508,-2.0,2.0,65
realAWSCloudwatch/ec2_cpu_utilization_53ea38.csv,realAWSCloudwatch,ec2_cpu_utilization_53ea38,A_rolling_zscore,budget,0.05,2.3138942130683158,3182,159,0.04996857322438718,11.04513888888889,0.1509433962264151,0.05970149253731343,0.0855614973262032,24,135,378,2645,0.39552238805970147,0.7486033519553073,1.0,0.8562300319488818,402,135,0,2,2,1.0,150,21,129,0.14,11.67934611757309,13.580635020433826,112.5,0.11250000000000002,-11.681567751186414,-2.0,2.0,-242.03919377966034,-25.342590224817126,-2.0,2.0,-583.5647556204282,-11.681567751186414,-4.0,2.0,-128.02612918644022,2,129,0,-12.341515756243783,-2.0,2.0,135
realAWSCloudwatch/ec2_cpu_utilization_53ea38.csv,realAWSCloudwatch,ec2_cpu_utilization_53ea38,A_rolling_zscore,train,0.05,2.263259335715445,3182,171,0.053739786297925835,11.04513888888889,0.16374269005847952,0.06965174129353234,0.09773123909249563,28,143,374,2637,0.4253731343283582,0.7376146788990826,1.0,0.8489968321013729,402,143,0,2,2,1.0,161,24,137,0.14906832298136646,12.403646651996228,14.576548255265639,97.5,0.0975,-12.557724069518368,-2.0,2.0,-263.9431017379592,-27.097738894289694,-2.0,2.0,-627.4434723572424,-12.557724069518368,-4.0,2.0,-142.6287344919728,2,137,0,-13.217672074575738,-2.0,2.0,143
realAWSCloudwatch/ec2_cpu_utilization_53ea38.csv,realAWSCloudwatch,ec2_cpu_utilization_53ea38,B_iforest_raw,budget,0.0005,0.8498299496268854,3182,1,0.00031426775612822125,11.04513888888889,1.0,0.0024875621890547263,0.004962779156327543,1,0,401,2780,0.0024875621890547263,1.0,0.5,0.6666666666666666,201,0,201,2,1,0.5,1,1,0,1.0,0.0,0.09053756680289217,980.0,0.98,-0.937048340914565,-2.0,2.0,26.573791477135877,-0.937048340914565,-2.0,2.0,26.573791477135877,-1.937048340914565,-4.0,2.0,34.38252765142392,1,0,1,-0.937048340914565,-2.0,2.0,0
realAWSCloudwatch/ec2_cpu_utilization_53ea38.csv,realAWSCloudwatch,ec2_cpu_utilization_53ea38,B_iforest_raw,train,0.0005,0.8432298067354107,3182,5,0.0015713387806411063,11.04513888888889,0.4,0.004975124378109453,0.009828009828009828,2,3,400,2777,0.012437810945273632,0.9925925925925926,1.0,0.996282527881041,402,3,0,2,2,1.0,5,2,3,0.4,0.2716127004086765,0.45268783401446083,967.5,0.9675,-0.14142319611668508,-2.0,2.0,46.46442009708287,-0.47121756012940225,-2.0,2.0,38.21956099676495,-0.14142319611668508,-4.0,2.0,64.30961339805525,2,3,0,-0.14142319611668508,-2.0,2.0,3
realAWSCloudwatch/ec2_cpu_utilization_53ea38.csv,realAWSCloudwatch,ec2_cpu_utilization_53ea38,B_iforest_raw,budget,0.001,0.8498299496268854,3182,3,0.0009428032683846638,11.04513888888889,0.3333333333333333,0.0024875621890547263,0.0049382716049382715,1,2,401,2778,0.007462686567164179,0.9901477832512315,0.5,0.6644628099173554,201,2,201,2,1,0.5,3,1,2,0.3333333333333333,0.18107513360578434,0.2716127004086765,980.0,0.98,-1.1570482053920907,-2.0,2.0,21.07379486519773,-1.3770480698696164,-2.0,2.0,15.573798253259591,-2.1570482053920905,-4.0,2.0,30.71586324346516,1,2,1,-1.1570482053920907,-2.0,2.0,2
realAWSCloudwatch/ec2_cpu_utilization_53ea38.csv,realAWSCloudwatch,ec2_cpu_utilization_53ea38,B_iforest_raw,train,0.001,0.8366296638439334,3182,5,0.0015713387806411063,11.04513888888889,0.4,0.004975124378109453,0.009828009828009828,2,3,400,2777,0.012437810945273632,0.9925925925925926,1.0,0.996282527881041,402,3,0,2,2,1.0,5,2,3,0.4,0.2716127004086765,0.45268783401446083,967.5,0.9675,-0.14142319611668508,-2.0,2.0,46.46442009708287,-0.47121756012940225,-2.0,2.0,38.21956099676495,-0.14142319611668508,-4.0,2.0,64.30961339805525,2,3,0,-0.14142319611668508,-2.0,2.0,3
realAWSCloudwatch/ec2_cpu_utilization_53ea38.csv,realAWSCloudwatch,ec2_cpu_utilization_53ea38,B_iforest_raw,budget,0.002,0.8258405090193017,3182,6,0.0018856065367693275,11.04513888888889,0.3333333333333333,0.004975124378109453,0.00980392156862745,2,4,400,2776,0.014925373134328358,0.9901477832512315,1.0,0.995049504950495,402,4,0,2,2,1.0,6,2,4,0.3333333333333333,0.3621502672115687,0.543225400817353,967.5,0.9675,-0.25142319611668507,-2.0,2.0,43.71442009708287,-0.6912175601294023,-2.0,2.0,32.71956099676494,-0.25142319611668507,-4.0,2.0,62.47628006472192,2,4,0,-0.25142319611668507,-2.0,2.0,4
realAWSCloudwatch/ec2_cpu_utilization_53ea38.csv,realAWSCloudwatch,ec2_cpu_utilization_53ea38,B_iforest_raw,train,0.002,0.8151764007991225,3182,9,0.0028284098051539913,11.04513888888889,0.2222222222222222,0.004975124378109453,0.009732360097323601,2,7,400,2773,0.022388059701492536,0.9828850855745721,1.0,0.9913686806411837,402,7,0,2,2,1.0,9,2,7,0.2222222222222222,0.6337629676202452,0.8148381012260295,967.5,0.9675,-0.5812549180731426,-2.0,2.0,35.468627048171435,-1.3508810040423174,-2.0,2.0,16.227974898942065,-0.5812549180731426,-4.0,2.0,56.97908469878096,2,7,0,-0.5812549180731426,-2.0,2.0,7
realAWSCloudwatch/ec2_cpu_utilization_53ea38.csv,realAWSCloudwatch,ec2_cpu_utilization_53ea38,B_iforest_raw,budget,0.005,0.750607351930875,3182,15,0.004714016341923318,11.04513888888889,0.3333333333333333,0.012437810945273632,0.023980815347721826,5,10,397,2770,0.03731343283582089,0.9757281553398058,1.0,0.9877149877149877,402,10,0,2,2,1.0,15,5,10,0.3333333333333333,0.9053756680289217,1.3580635020433824,577.5,0.5775,0.48889268420729504,-2.0,2.0,62.22231710518238,-0.6107332277476082,-2.0,2.0,34.7316693063098,0.48889268420729504,-4.0,2.0,74.8148780701216,2,10,0,0.48889268420729504,-2.0,2.0,10
realAWSCloudwatch/ec2_cpu_utilization_53ea38.csv,realAWSCloudwatch,ec2_cpu_utilization_53ea38,B_iforest_raw,train,0.005,0.7310518880492876,3182,39,0.01225644248900063,11.04513888888889,0.358974358974359,0.03482587064676617,0.06349206349206349,14,25,388,2755,0.09701492537313433,0.9414519906323185,1.0,0.9698431845597104,402,25,0,2,2,1.0,38,13,25,0.34210526315789475,2.263439170072304,3.4404275385099026,270.0,0.27,-0.8999854127830581,-2.0,2.0,27.50036468042355,-3.6420373058748705,-2.0,2.0,-41.050932646871765,-0.8999854127830581,-4.0,2.0,51.66690978694903,2,25,0,-0.8999854127830581,-2.0,2.0,25
realAWSCloudwatch/ec2_cpu_utilization_53ea38.csv,realAWSCloudwatch,ec2_cpu_utilization_53ea38,B_iforest_raw,budget,0.01,0.7330826411927858,3182,31,0.00974230043997486,11.04513888888889,0.41935483870967744,0.03233830845771144,0.06004618937644341,13,18,389,2762,0.07711442786069651,0.9571428571428572,1.0,0.9781021897810218,402,18,0,2,2,1.0,31,13,18,0.41935483870967744,1.629676202452059,2.8066645708896574,275.0,0.275,-0.1380309130974225,-2.0,2.0,46.549227172564436,-2.110198503000195,-2.0,2.0,-2.754962575004871,-0.1380309130974225,-4.0,2.0,64.36615144837629,2,18,0,-0.1380309130974225,-2.0,2.0,18
realAWSCloudwatch/ec2_cpu_utilization_53ea38.csv,realAWSCloudwatch,ec2_cpu_utilization_53ea38,B_iforest_raw,train,0.01,0.7118376750886564,3182,51,0.016027655562539284,11.04513888888889,0.35294117647058826,0.04477611940298507,0.07947019867549669,18,33,384,2747,0.12686567164179105,0.9241379310344827,1.0,0.9605734767025089,402,33,0,2,2,1.0,48,17,31,0.3541666666666667,2.8066645708896574,4.345803206538824,270.0,0.27,-1.5302632967195946,-2.0,2.0,11.743417582010135,-4.902593073747941,-2.0,2.0,-72.56482684369851,-1.5302632967195946,-4.0,2.0,41.16227838800676,2,31,0,-1.750262857879056,-2.0,2.0,33
realAWSCloudwatch/ec2_cpu_utilization_53ea38.csv,realAWSCloudwatch,ec2_cpu_utilization_53ea38,B_iforest_raw,budget,0.02,0.6957025544745531,3182,63,0.019798868636077938,11.04513888888889,0.3333333333333333,0.05223880597014925,0.09032258064516129,21,42,381,2738,0.15671641791044777,0.9054054054054054,1.0,0.950354609929078,402,42,0,2,2,1.0,57,18,39,0.3157894736842105,3.5309651053127946,5.160641307764854,170.0,0.17,-2.286644147127644,-2.0,2.0,-7.166103678191105,-6.519264541742371,-2.0,2.0,-112.98161354355926,-2.286644147127644,-4.0,2.0,28.555930881205928,2,39,0,-2.616643708287105,-2.0,2.0,42
realAWSCloudwatch/ec2_cpu_utilization_53ea38.csv,realAWSCloudwatch,ec2_cpu_utilization_53ea38,B_iforest_raw,train,0.02,0.6531306799425355,3182,88,0.02765556253928347,11.04513888888889,0.2727272727272727,0.05970149253731343,0.09795918367346938,24,64,378,2716,0.21890547263681592,0.8626609442060086,1.0,0.9262672811059909,402,64,0,2,2,1.0,78,20,58,0.2564102564102564,5.251178874567746,7.061930210625589,170.0,0.17,-4.368369441004251,-2.0,2.0,-59.20923602510628,-10.682715129495593,-2.0,2.0,-217.06787823738983,-4.368369441004251,-4.0,2.0,-6.139490683404188,2,58,0,-5.028173515169185,-2.0,2.0,64
realAWSCloudwatch/ec2_cpu_utilization_53ea38.csv,realAWSCloudwatch,ec2_cpu_utilization_53ea38,B_iforest_raw,budget,0.05,0.5961362645400978,3182,159,0.04996857322438718,11.04513888888889,0.24528301886792453,0.09701492537313433,0.13903743315508021,39,120,363,2660,0.39552238805970147,0.7701149425287356,1.0,0.8701298701298702,402,120,0,2,2,1.0,131,28,103,0.21374045801526717,9.325369380697893,11.860421251178874,95.0,0.095,-9.169906304610407,-2.0,2.0,-179.24765761526018,-20.32022971985296,-2.0,2.0,-458.005742996324,-9.169906304610407,-4.0,2.0,-86.16510507684012,2,103,0,-10.922336291664015,-2.0,2.0,120
realAWSCloudwatch/ec2_cpu_utilization_53ea38.csv,realAWSCloudwatch,ec2_cpu_utilization_53ea38,B_iforest_raw,train,0.05,0.5758307780923009,3182,189,0.05939660590823381,11.04513888888889,0.2328042328042328,0.10945273631840796,0.14890016920473773,44,145,358,2635,0.4701492537313433,0.7349177330895795,1.0,0.8472075869336143,402,145,0,2,2,1.0,151,29,122,0.19205298013245034,11.045583149952845,13.671172587236718,50.0,0.05,-11.217928239110472,-2.0,2.0,-230.4482059777618,-24.42774424534957,-2.0,2.0,-560.6936061337392,-11.217928239110472,-4.0,2.0,-120.29880398517453,2,122,0,-13.62377374054077,-2.0,2.0,145
realAWSCloudwatch/ec2_cpu_utilization_53ea38.csv,realAWSCloudwatch,ec2_cpu_utilization_53ea38,C_iforest_contextual,budget,0.0005,0.7503873917389173,3182,1,0.00031426775612822125,11.04513888888889,1.0,0.0024875621890547263,0.004962779156327543,1,0,401,2780,0.0024875621890547263,1.0,0.5,0.6666666666666666,201,0,201,2,1,0.5,1,1,0,1.0,0.0,0.09053756680289217,980.0,0.98,-0.937048340914565,-2.0,2.0,26.573791477135877,-0.937048340914565,-2.0,2.0,26.573791477135877,-1.937048340914565,-4.0,2.0,34.38252765142392,1,0,1,-0.937048340914565,-2.0,2.0,0
realAWSCloudwatch/ec2_cpu_utilization_53ea38.csv,realAWSCloudwatch,ec2_cpu_utilization_53ea38,C_iforest_contextual,train,0.0005,0.7484957978388815,3182,3,0.0009428032683846638,11.04513888888889,0.6666666666666666,0.004975124378109453,0.009876543209876543,2,1,400,2779,0.007462686567164179,0.9975186104218362,1.0,0.9987577639751554,402,1,0,2,2,1.0,3,2,1,0.6666666666666666,0.09053756680289217,0.2716127004086765,967.5,0.9675,0.07857666836084065,-2.0,2.0,51.96441670902101,-0.031217831174350785,-2.0,2.0,49.21955422064123,0.07857666836084065,-4.0,2.0,67.97627780601401,2,1,0,0.07857666836084065,-2.0,2.0,1
realAWSCloudwatch/ec2_cpu_utilization_53ea38.csv,realAWSCloudwatch,ec2_cpu_utilization_53ea38,C_iforest_contextual,budget,0.001,0.7457478931213141,3182,3,0.0009428032683846638,11.04513888888889,0.6666666666666666,0.004975124378109453,0.009876543209876543,2,1,400,2779,0.007462686567164179,0.9975186104218362,1.0,0.9987577639751554,402,1,0,2,2,1.0,3,2,1,0.6666666666666666,0.09053756680289217,0.2716127004086765,967.5,0.9675,0.07857666836084065,-2.0,2.0,51.96441670902101,-0.031217831174350785,-2.0,2.0,49.21955422064123,0.07857666836084065,-4.0,2.0,67.97627780601401,2,1,0,0.07857666836084065,-2.0,2.0,1
realAWSCloudwatch/ec2_cpu_utilization_53ea38.csv,realAWSCloudwatch,ec2_cpu_utilization_53ea38,C_iforest_contextual,train,0.001,0.7411133972970799,3182,6,0.0018856065367693275,11.04513888888889,0.3333333333333333,0.004975124378109453,0.00980392156862745,2,4,400,2776,0.014925373134328358,0.9901477832512315,1.0,0.995049504950495,402,4,0,2,2,1.0,6,2,4,0.3333333333333333,0.3621502672115687,0.543225400817353,967.5,0.9675,-0.25142319611668507,-2.0,2.0,43.71442009708287,-0.6912175601294022,-2.0,2.0,32.71956099676495,-0.25142319611668507,-4.0,2.0,62.47628006472192,2,4,0,-0.25142319611668507,-2.0,2.0,4
realAWSCloudwatch/ec2_cpu_utilization_53ea38.csv,realAWSCloudwatch,ec2_cpu_utilization_53ea38,C_iforest_contextual,budget,0.002,0.7376402714655746,3182,6,0.0018856065367693275,11.04513888888889,0.3333333333333333,0.004975124378109453,0.00980392156862745,2,4,400,2776,0.014925373134328358,0.9901477832512315,1.0,0.995049504950495,402,4,0,2,2,1.0,6,2,4,0.3333333333333333,0.3621502672115687,0.543225400817353,967.5,0.9675,-0.25142319611668507,-2.0,2.0,43.71442009708287,-0.6912175601294022,-2.0,2.0,32.71956099676495,-0.25142319611668507,-4.0,2.0,62.47628006472192,2,4,0,-0.25142319611668507,-2.0,2.0,4
realAWSCloudwatch/ec2_cpu_utilization_53ea38.csv,realAWSCloudwatch,ec2_cpu_utilization_53ea38,C_iforest_contextual,train,0.002,0.7203892695349037,3182,8,0.00251414204902577,11.04513888888889,0.25,0.004975124378109453,0.00975609756097561,2,6,400,2774,0.01990049751243781,0.9852941176470589,1.0,0.9925925925925926,402,6,0,2,2,1.0,8,2,6,0.25,0.543225400817353,0.7243005344231374,967.5,0.9675,-0.47142319611668504,-2.0,2.0,38.21442009708287,-1.1312175601294023,-2.0,2.0,21.71956099676494,-0.47142319611668504,-4.0,2.0,58.80961339805524,2,6,0,-0.47142319611668504,-2.0,2.0,6
realAWSCloudwatch/ec2_cpu_utilization_53ea38.csv,realAWSCloudwatch,ec2_cpu_utilization_53ea38,C_iforest_contextual,budget,0.005,0.6654491706247244,3182,15,0.004714016341923318,11.04513888888889,0.13333333333333333,0.004975124378109453,0.009592326139088728,2,13,400,2767,0.03731343283582089,0.9686746987951808,1.0,0.9840881272949816,402,13,0,2,2,1.0,15,2,13,0.13333333333333333,1.1769883684375981,1.3580635020433824,967.5,0.9675,-1.241254744058872,-2.0,2.0,18.968631398528203,-2.6708806560137757,-2.0,2.0,-16.77201640034439,-1.241254744058872,-4.0,2.0,45.979087599018804,2,13,0,-1.241254744058872,-2.0,2.0,13
realAWSCloudwatch/ec2_cpu_utilization_53ea38.csv,realAWSCloudwatch,ec2_cpu_utilization_53ea38,C_iforest_contextual,train,0.005,0.6510868831455688,3182,22,0.0069138906348208675,11.04513888888889,0.13636363636363635,0.007462686567164179,0.014150943396226415,3,19,399,2761,0.05472636815920398,0.9548693586698337,1.0,0.9769137302551639,402,19,0,2,2,1.0,21,3,18,0.14285714285714285,1.629676202452059,1.9012889028607356,772.5,0.7725,-1.1073158084871455,-2.0,2.0,22.317104787821364,-3.0869417204420504,-2.0,2.0,-27.173543011051258,-1.1073158084871455,-4.0,2.0,48.21140319188091,2,18,0,-1.2173158084871456,-2.0,2.0,19
realAWSCloudwatch/ec2_cpu_utilization_53ea38.csv,realAWSCloudwatch,ec2_cpu_utilization_53ea38,C_iforest_contextual,budget,0.01,0.643195236807326,3182,31,0.00974230043997486,11.04513888888889,0.0967741935483871,0.007462686567164179,0.013856812933025405,3,28,399,2752,0.07711442786069651,0.9348837209302325,1.0,0.9663461538461539,402,28,0,2,2,1.0,29,3,26,0.10344827586206896,2.3539767368751963,2.625589437283873,772.5,0.7725,-1.979795111615245,-2.0,2.0,0.5051222096188746,-4.831900326698246,-2.0,2.0,-70.79750816745616,-1.979795111615245,-4.0,2.0,33.67008147307924,2,26,0,-2.1997949794388303,-2.0,2.0,28
realAWSCloudwatch/ec2_cpu_utilization_53ea38.csv,realAWSCloudwatch,ec2_cpu_utilization_53ea38,C_iforest_contextual,train,0.01,0.624246396029662,3182,63,0.019798868636077938,11.04513888888889,0.25396825396825395,0.03980099502487562,0.06881720430107527,16,47,386,2733,0.15671641791044777,0.8953229398663697,1.0,0.944770857814336,402,47,0,2,2,1.0,53,13,40,0.24528301886792453,3.6215026721156867,4.798491040553285,290.0,0.29,-2.35320983344562,-2.0,2.0,-8.830245836140504,-6.51473446544935,-2.0,2.0,-112.86836163623374,-2.35320983344562,-4.0,2.0,27.44650277590633,2,40,0,-3.123008831165898,-2.0,2.0,47
realAWSCloudwatch/ec2_cpu_utilization_53ea38.csv,realAWSCloudwatch,ec2_cpu_utilization_53ea38,C_iforest_contextual,budget,0.02,0.6220155040601908,3182,63,0.019798868636077938,11.04513888888889,0.25396825396825395,0.03980099502487562,0.06881720430107527,16,47,386,2733,0.15671641791044777,0.8953229398663697,1.0,0.944770857814336,402,47,0,2,2,1.0,53,13,40,0.24528301886792453,3.6215026721156867,4.798491040553285,290.0,0.29,-2.35320983344562,-2.0,2.0,-8.830245836140504,-6.51473446544935,-2.0,2.0,-112.86836163623374,-2.35320983344562,-4.0,2.0,27.44650277590633,2,40,0,-3.123008831165898,-2.0,2.0,47
realAWSCloudwatch/ec2_cpu_utilization_53ea38.csv,realAWSCloudwatch,ec2_cpu_utilization_53ea38,C_iforest_contextual,train,0.02,0.6033476783914562,3182,103,0.03236957888120679,11.04513888888889,0.20388349514563106,0.05223880597014925,0.08316831683168316,21,82,381,2698,0.2562189054726368,0.8305785123966942,1.0,0.90744920993228,402,82,0,2,2,1.0,78,16,62,0.20512820512820512,5.613329141779315,7.061930210625589,290.0,0.29,-4.6198725239168015,-2.0,2.0,-65.49681309792004,-11.048059846391723,-2.0,2.0,-226.20149615979307,-4.6198725239168015,-4.0,2.0,-10.33120873194669,2,62,0,-6.696495805503537,-2.0,2.0,82
realAWSCloudwatch/ec2_cpu_utilization_53ea38.csv,realAWSCloudwatch,ec2_cpu_utilization_53ea38,C_iforest_contextual,budget,0.05,0.5886194585122616,3182,159,0.04996857322438718,11.04513888888889,0.18867924528301888,0.07462686567164178,0.10695187165775401,30,129,372,2651,0.39552238805970147,0.7570621468926554,1.0,0.8617363344051447,402,129,0,2,2,1.0,110,21,89,0.19090909090909092,8.057843445457403,9.959132348318139,275.0,0.275,-7.446936375868007,-2.0,2.0,-136.17340939670018,-16.728009428541355,-2.0,2.0,-368.20023571353386,-7.446936375868007,-4.0,2.0,-57.44893959780012,2,89,0,-11.611443130481765,-2.0,2.0,129
realAWSCloudwatch/ec2_cpu_utilization_53ea38.csv,realAWSCloudwatch,ec2_cpu_utilization_53ea38,C_iforest_contextual,train,0.05,0.5611601527427975,3182,368,0.11565053425518541,11.04513888888889,0.15760869565217392,0.14427860696517414,0.15064935064935064,58,310,344,2470,0.9154228855721394,0.5646067415730337,1.0,0.7217235188509875,402,310,0,2,2,1.0,244,37,207,0.15163934426229508,18.74127632819868,22.09116629990569,95.0,0.095,-20.04752361422204,-2.0,2.0,-451.188090355551,-42.07546433907622,-2.0,2.0,-1001.8866084769055,-20.04752361422204,-4.0,2.0,-267.45872690370066,2,207,0,-30.608880082193036,-2.0,2.0,310
realAWSCloudwatch/ec2_cpu_utilization_5f5533.csv,realAWSCloudwatch,ec2_cpu_utilization_5f5533,A_rolling_zscore,budget,0.0005,4.254152752541692,3182,1,0.00031426775612822125,11.04513888888889,1.0,0.0024875621890547263,0.004962779156327543,1,0,401,2780,0.0024875621890547263,1.0,0.5,0.6666666666666666,201,0,201,2,1,0.5,1,1,0,1.0,0.0,0.09053756680289217,700.0,0.7,-0.3509982435695854,-2.0,2.0,41.22504391076036,-0.3509982435695854,-2.0,2.0,41.22504391076036,-1.3509982435695855,-4.0,2.0,44.15002927384024,1,0,1,-0.3509982435695854,-2.0,2.0,0
realAWSCloudwatch/ec2_cpu_utilization_5f5533.csv,realAWSCloudwatch,ec2_cpu_utilization_5f5533,A_rolling_zscore,train,0.0005,2.67432556044775,3182,57,0.017913262099308613,11.04513888888889,0.14035087719298245,0.01990049751243781,0.03485838779956427,8,49,394,2731,0.1417910447761194,0.8913525498891353,1.0,0.9425556858147714,402,49,0,2,2,1.0,53,6,47,0.11320754716981132,4.255265639735932,4.798491040553285,500.0,0.5,-3.300168056706272,-2.0,2.0,-32.504201417656795,-8.323437717563742,-2.0,2.0,-158.08594293909354,-3.300168056706272,-4.0,2.0,11.663865721562134,2,47,0,-3.4796176442758013,-2.0,2.0,49
realAWSCloudwatch/ec2_cpu_utilization_5f5533.csv,realAWSCloudwatch,ec2_cpu_utilization_5f5533,A_rolling_zscore,budget,0.001,3.61948581007546,3182,3,0.0009428032683846638,11.04513888888889,0.3333333333333333,0.0024875621890547263,0.0049382716049382715,1,2,401,2778,0.007462686567164179,0.9901477832512315,0.5,0.6644628099173554,201,2,201,2,1,0.5,3,1,2,0.3333333333333333,0.18107513360578434,0.2716127004086765,700.0,0.7,-0.5469969429065505,-2.0,2.0,36.325076427336235,-0.7429956422435158,-2.0,2.0,31.425108943912107,-1.5469969429065509,-4.0,2.0,40.883384284890816,1,2,1,-0.5469969429065505,-2.0,2.0,2
realAWSCloudwatch/ec2_cpu_utilization_5f5533.csv,realAWSCloudwatch,ec2_cpu_utilization_5f5533,A_rolling_zscore,train,0.001,2.6582577938552268,3182,60,0.018856065367693273,11.04513888888889,0.13333333333333333,0.01990049751243781,0.03463203463203463,8,52,394,2728,0.14925373134328357,0.8854625550660793,1.0,0.9392523364485982,402,52,0,2,2,1.0,54,6,48,0.1111111111111111,4.345803206538824,4.8890286073561775,500.0,0.5,-3.409336974629519,-2.0,2.0,-35.233424365737974,-8.541775553410236,-2.0,2.0,-163.54438883525592,-3.409336974629519,-4.0,2.0,9.844383756174684,2,48,0,-3.808782293268149,-2.0,2.0,52
realAWSCloudwatch/ec2_cpu_utilization_5f5533.csv,realAWSCloudwatch,ec2_cpu_utilization_5f5533,A_rolling_zscore,budget,0.002,3.5330115276497254,3182,6,0.0018856065367693275,11.04513888888889,0.16666666666666666,0.0024875621890547263,0.004901960784313725,1,5,401,2775,0.014925373134328358,0.9757281553398058,0.5,0.6611842105263158,201,5,201,2,1,0.5,6,1,5,0.16666666666666666,0.45268783401446083,0.543225400817353,700.0,0.7,-0.8767963691729268,-2.0,2.0,28.08009077067683,-1.4025944947762683,-2.0,2.0,14.935137630593292,-1.8767963691729272,-4.0,2.0,35.38672718045121,1,5,1,-0.8767963691729268,-2.0,2.0,5
realAWSCloudwatch/ec2_cpu_utilization_5f5533.csv,realAWSCloudwatch,ec2_cpu_utilization_5f5533,A_rolling_zscore,train,0.002,2.6272006390661873,3182,63,0.019798868636077938,11.04513888888889,0.12698412698412698,0.01990049751243781,0.034408602150537634,8,55,394,2725,0.15671641791044777,0.8796498905908097,1.0,0.9359720605355064,402,55,0,2,2,1.0,57,6,51,0.10526315789473684,4.6174159069475005,5.160641307764854,500.0,0.5,-3.7344797806933414,-2.0,2.0,-43.361994517333535,-9.192061165537883,-2.0,2.0,-179.80152913844708,-3.7344797806933414,-4.0,2.0,4.42533698844431,2,51,0,-4.1339250993319725,-2.0,2.0,55
realAWSCloudwatch/ec2_cpu_utilization_5f5533.csv,realAWSCloudwatch,ec2_cpu_utilization_5f5533,A_rolling_zscore,budget,0.005,3.2305606577580597,3182,15,0.004714016341923318,11.04513888888889,0.2,0.007462686567164179,0.014388489208633093,3,12,399,2768,0.03731343283582089,0.9710144927536232,1.0,0.9852941176470589,402,12,0,2,2,1.0,14,2,12,0.14285714285714285,1.086450801634706,1.2675259352404904,595.0,0.595,0.28528963845466915,-2.0,2.0,57.13224096136673,-0.9546127562533957,-2.0,2.0,26.134681093665108,0.28528963845466915,-4.0,2.0,71.42149397424448,2,12,0,0.28528963845466915,-2.0,2.0,12
realAWSCloudwatch/ec2_cpu_utilization_5f5533.csv,realAWSCloudwatch,ec2_cpu_utilization_5f5533,A_rolling_zscore,train,0.005,2.5786332919471753,3182,72,0.02262727844123193,11.04513888888889,0.1388888888888889,0.024875621890547265,0.042194092827004225,10,62,392,2718,0.1791044776119403,0.8663793103448276,1.0,0.9284064665127021,402,62,0,2,2,1.0,65,8,57,0.12307692307692308,5.160641307764854,5.884941842187991,462.5,0.4625,-4.322238898573192,-2.0,2.0,-58.055972464329805,-10.412418444218972,-2.0,2.0,-210.3104611054743,-4.322238898573192,-4.0,2.0,-5.370648309553206,2,57,0,-4.831684217211825,-2.0,2.0,62
realAWSCloudwatch/ec2_cpu_utilization_5f5533.csv,realAWSCloudwatch,ec2_cpu_utilization_5f5533,A_rolling_zscore,budget,0.01,2.9962603313474823,3182,31,0.00974230043997486,11.04513888888889,0.12903225806451613,0.009950248756218905,0.018475750577367202,4,27,398,2753,0.07711442786069651,0.9370629370629371,1.0,0.9675090252707581,402,27,0,2,2,1.0,28,3,25,0.10714285714285714,2.263439170072304,2.535051870480981,500.0,0.5,-0.8934182541646675,-2.0,2.0,27.66454364588331,-3.509938112480531,-2.0,2.0,-37.74845281201328,-0.8934182541646675,-4.0,2.0,51.776362430588875,2,25,0,-1.0728678417341966,-2.0,2.0,27
realAWSCloudwatch/ec2_cpu_utilization_5f5533.csv,realAWSCloudwatch,ec2_cpu_utilization_5f5533,A_rolling_zscore,train,0.01,2.4740885530948042,3182,85,0.026712759270898806,11.04513888888889,0.15294117647058825,0.03233830845771144,0.05338809034907598,13,72,389,2708,0.21144278606965175,0.8481012658227848,1.0,0.9178082191780821,402,72,0,2,2,1.0,77,11,66,0.14285714285714285,5.975479408990883,6.971392643822697,120.0,0.12,-5.106529432993996,-2.0,2.0,-77.6632358248499,-12.183249223141843,-2.0,2.0,-254.58123057854607,-5.106529432993996,-4.0,2.0,-18.442157216566603,2,66,0,-5.725974751632628,-2.0,2.0,72
realAWSCloudwatch/ec2_cpu_utilization_5f5533.csv,realAWSCloudwatch,ec2_cpu_utilization_5f5533,A_rolling_zscore,budget,0.02,2.619837366959317,3182,63,0.019798868636077938,11.04513888888889,0.12698412698412698,0.01990049751243781,0.034408602150537634,8,55,394,2725,0.15671641791044777,0.8796498905908097,1.0,0.9359720605355064,402,55,0,2,2,1.0,57,6,51,0.10526315789473684,4.6174159069475005,5.160641307764854,500.0,0.5,-3.7344797806933414,-2.0,2.0,-43.361994517333535,-9.192061165537883,-2.0,2.0,-179.80152913844708,-3.7344797806933414,-4.0,2.0,4.42533698844431,2,51,0,-4.1339250993319725,-2.0,2.0,55
realAWSCloudwatch/ec2_cpu_utilization_5f5533.csv,realAWSCloudwatch,ec2_cpu_utilization_5f5533,A_rolling_zscore,train,0.02,2.3313816210329876,3182,122,0.03834066624764299,11.04513888888889,0.14754098360655737,0.04477611940298507,0.06870229007633588,18,104,384,2676,0.3034825870646766,0.7944664031620553,1.0,0.8854625550660793,402,104,0,2,2,1.0,108,15,93,0.1388888888888889,8.419993712668973,9.778057214712355,120.0,0.12,-8.013291993196264,-2.0,2.0,-150.3322998299066,-17.996774343546367,-2.0,2.0,-399.9193585886592,-8.013291993196264,-4.0,2.0,-66.8881998866044,2,93,0,-9.166803097779848,-2.0,2.0,104
realAWSCloudwatch/ec2_cpu_utilization_5f5533.csv,realAWSCloudwatch,ec2_cpu_utilization_5f5533,A_rolling_zscore,budget,0.05,2.192583461759202,3182,159,0.04996857322438718,11.04513888888889,0.14465408805031446,0.05721393034825871,0.08199643493761141,23,136,379,2644,0.39552238805970147,0.7472118959107806,1.0,0.8553191489361701,402,136,0,2,2,1.0,140,20,120,0.14285714285714285,10.86450801634706,12.675259352404904,25.0,0.024999999999999998,-10.69268669159872,-2.0,2.0,-217.31716728996798,-23.381658121898695,-2.0,2.0,-534.5414530474674,-10.69268669159872,-4.0,2.0,-111.54477819331198,2,120,0,-12.388400683272996,-2.0,2.0,136
realAWSCloudwatch/ec2_cpu_utilization_5f5533.csv,realAWSCloudwatch,ec2_cpu_utilization_5f5533,A_rolling_zscore,train,0.05,2.0384815506268468,3182,225,0.07071024512884978,11.04513888888889,0.1511111111111111,0.0845771144278607,0.10845295055821372,34,191,368,2589,0.5597014925373134,0.6779089376053963,1.0,0.808040201005025,402,191,0,2,2,1.0,179,24,155,0.1340782122905028,14.033322854448286,16.2062244577177,7.5,0.0075,-14.390736978428507,-2.0,2.0,-309.76842446071265,-30.780447376393404,-2.0,2.0,-719.5111844098351,-14.390736978428507,-4.0,2.0,-173.1789496404751,2,155,0,-18.231436982980096,-2.0,2.0,191
realAWSCloudwatch/ec2_cpu_utilization_5f5533.csv,realAWSCloudwatch,ec2_cpu_utilization_5f5533,B_iforest_raw,budget,0.0005,0.7699340424311382,3182,1,0.00031426775612822125,11.04513888888889,0.0,0.0,0.0,0,1,402,2779,0.0024875621890547263,0.0,0.0,0.0,0,1,402,2,0,0.0,1,0,1,0.0,0.09053756680289217,0.09053756680289217,,,-2.11,-2.0,2.0,-2.749999999999997,-2.22,-2.0,2.0,-5.500000000000005,-4.11,-4.0,2.0,-1.8333333333333386,0,1,2,-2.11,-2.0,2.0,1
realAWSCloudwatch/ec2_cpu_utilization_5f5533.csv,realAWSCloudwatch,ec2_cpu_utilization_5f5533,B_iforest_raw,train,0.0005,0.7572178423236504,3182,3,0.0009428032683846638,11.04513888888889,0.6666666666666666,0.004975124378109453,0.009876543209876543,2,1,400,2779,0.007462686567164179,0.9975186104218362,1.0,0.9987577639751554,402,1,0,2,2,1.0,3,2,1,0.6666666666666666,0.09053756680289217,0.2716127004086765,600.0,0.6,1.4005525585060121,-2.0,2.0,85.0138139626503,1.2905525585060122,-2.0,2.0,82.2638139626503,1.4005525585060121,-4.0,2.0,90.00920930843354,2,1,0,1.4005525585060121,-2.0,2.0,1
realAWSCloudwatch/ec2_cpu_utilization_5f5533.csv,realAWSCloudwatch,ec2_cpu_utilization_5f5533,B_iforest_raw,budget,0.001,0.7463029168129827,3182,3,0.0009428032683846638,11.04513888888889,0.6666666666666666,0.004975124378109453,0.009876543209876543,2,1,400,2779,0.007462686567164179,0.9975186104218362,1.0,0.9987577639751554,402,1,0,2,2,1.0,3,2,1,0.6666666666666666,0.09053756680289217,0.2716127004086765,600.0,0.6,1.4005525585060121,-2.0,2.0,85.0138139626503,1.2905525585060122,-2.0,2.0,82.2638139626503,1.4005525585060121,-4.0,2.0,90.00920930843354,2,1,0,1.4005525585060121,-2.0,2.0,1
realAWSCloudwatch/ec2_cpu_utilization_5f5533.csv,realAWSCloudwatch,ec2_cpu_utilization_5f5533,B_iforest_raw,train,0.001,0.7445016422161574,3182,4,0.001257071024512885,11.04513888888889,0.75,0.007462686567164179,0.014778325123152709,3,1,399,2779,0.009950248756218905,0.9975186104218362,1.0,0.9987577639751554,402,1,0,2,2,1.0,4,3,1,0.75,0.09053756680289217,0.3621502672115687,467.5,0.46749999999999997,1.5095314972331828,-2.0,2.0,87.73828743082956,1.399531497233183,-2.0,2.0,84.98828743082957,1.5095314972331828,-4.0,2.0,91.82552495388637,2,1,0,1.5095314972331828,-2.0,2.0,1
realAWSCloudwatch/ec2_cpu_utilization_5f5533.csv,realAWSCloudwatch,ec2_cpu_utilization_5f5533,B_iforest_raw,budget,0.002,0.7189651146105122,3182,6,0.0018856065367693275,11.04513888888889,0.5,0.007462686567164179,0.014705882352941176,3,3,399,2777,0.014925373134328358,0.9925925925925926,1.0,0.996282527881041,402,3,0,2,2,1.0,6,3,3,0.5,0.2716127004086765,0.543225400817353,467.5,0.46749999999999997,1.2918319726042047,-2.0,2.0,82.29579931510511,0.9641324479752269,-2.0,2.0,74.10331119938067,1.2918319726042047,-4.0,2.0,88.19719954340341,2,3,0,1.2918319726042047,-2.0,2.0,3
realAWSCloudwatch/ec2_cpu_utilization_5f5533.csv,realAWSCloudwatch,ec2_cpu_utilization_5f5533,B_iforest_raw,train,0.002,0.7239125402089442,3182,5,0.0015713387806411063,11.04513888888889,0.6,0.007462686567164179,0.01474201474201474,3,2,399,2778,0.012437810945273632,0.995049504950495,1.0,0.9975186104218362,402,2,0,2,2,1.0,5,3,2,0.6,0.18107513360578434,0.45268783401446083,467.5,0.46749999999999997,1.3995314972331827,-2.0,2.0,84.98828743082957,1.179531497233183,-2.0,2.0,79.48828743082957,1.3995314972331827,-4.0,2.0,89.99219162055304,2,2,0,1.3995314972331827,-2.0,2.0,2
realAWSCloudwatch/ec2_cpu_utilization_5f5533.csv,realAWSCloudwatch,ec2_cpu_utilization_5f5533,B_iforest_raw,budget,0.005,0.7189651146105122,3182,15,0.004714016341923318,11.04513888888889,0.2,0.007462686567164179,0.014388489208633093,3,12,399,2768,0.03731343283582089,0.9710144927536232,1.0,0.9852941176470589,402,12,0,2,2,1.0,15,3,12,0.2,1.086450801634706,1.3580635020433824,467.5,0.46749999999999997,0.30347380308377836,-2.0,2.0,57.58684507709446,-1.0125838910656262,-2.0,2.0,24.685402723359346,0.30347380308377836,-4.0,2.0,71.72456338472965,2,12,0,0.30347380308377836,-2.0,2.0,12
realAWSCloudwatch/ec2_cpu_utilization_5f5533.csv,realAWSCloudwatch,ec2_cpu_utilization_5f5533,B_iforest_raw,train,0.005,0.7118809681948877,3182,765,0.24041483343808925,11.04513888888889,0.07973856209150326,0.1517412935323383,0.10454155955441302,61,704,341,2076,1.0,0.36347197106690776,1.0,0.53315649867374,402,704,0,2,2,1.0,35,5,30,0.14285714285714285,2.716127004086765,3.168814838101226,362.5,0.3625,-1.386202286324368,-2.0,2.0,15.344942841890802,-4.611334723515367,-2.0,2.0,-65.28336808788417,-1.386202286324368,-4.0,2.0,43.563295227927206,2,30,0,-71.66409209716169,-2.0,2.0,704
realAWSCloudwatch/ec2_cpu_utilization_5f5533.csv,realAWSCloudwatch,ec2_cpu_utilization_5f5533,B_iforest_raw,budget,0.01,0.7189651146105122,3182,31,0.00974230043997486,11.04513888888889,0.5483870967741935,0.04228855721393035,0.07852193995381063,17,14,385,2766,0.07711442786069651,0.9663461538461539,1.0,0.9828850855745722,402,14,0,2,2,1.0,19,5,14,0.2631578947368421,1.2675259352404904,1.7202137692549513,367.5,0.3675,0.296022848728961,-2.0,2.0,57.40057121822403,-1.240034845420443,-2.0,2.0,18.999128864488924,0.296022848728961,-4.0,2.0,71.60038081214934,2,14,0,0.296022848728961,-2.0,2.0,14
realAWSCloudwatch/ec2_cpu_utilization_5f5533.csv,realAWSCloudwatch,ec2_cpu_utilization_5f5533,B_iforest_raw,train,0.01,0.6750172143006836,3182,969,0.3045254556882464,11.04513888888889,0.07533539731682147,0.18159203980099503,0.10649161196207148,73,896,329,1884,1.0,0.30970724191063176,1.0,0.47294117647058825,402,896,0,2,2,1.0,87,7,80,0.08045977011494253,7.243005344231373,7.8767683118516185,162.5,0.16249999999999998,-6.810124352412673,-2.0,2.0,-120.25310881031683,-15.583195512871646,-2.0,2.0,-339.57988782179115,-6.810124352412673,-4.0,2.0,-46.83540587354455,2,80,0,-91.74485711554564,-2.0,2.0,896
realAWSCloudwatch/ec2_cpu_utilization_5f5533.csv,realAWSCloudwatch,ec2_cpu_utilization_5f5533,B_iforest_raw,budget,0.02,0.7189651146105122,3182,63,0.019798868636077938,11.04513888888889,0.7777777777777778,0.12189054726368159,0.21075268817204298,49,14,353,2766,0.15671641791044777,0.9663461538461539,1.0,0.9828850855745722,402,14,0,2,2,1.0,19,5,14,0.2631578947368421,1.2675259352404904,1.7202137692549513,367.5,0.3675,0.296022848728961,-2.0,2.0,57.40057121822403,-1.240034845420443,-2.0,2.0,18.999128864488924,0.296022848728961,-4.0,2.0,71.60038081214934,2,14,0,0.296022848728961,-2.0,2.0,14
realAWSCloudwatch/ec2_cpu_utilization_5f5533.csv,realAWSCloudwatch,ec2_cpu_utilization_5f5533,B_iforest_raw,train,0.02,0.6128354526053896,3182,1109,0.34852294154619734,11.04513888888889,0.0829576194770063,0.22885572139303484,0.12177365982792852,92,1017,310,1763,1.0,0.2832980972515856,1.0,0.44151565074135085,402,1017,0,2,2,1.0,154,16,138,0.1038961038961039,12.49418421879912,13.942785287645394,102.5,0.10250000000000001,-12.960464960136223,-2.0,2.0,-274.0116240034056,-27.902995884470474,-2.0,2.0,-647.5748971117619,-12.960464960136223,-4.0,2.0,-149.34108266893705,2,138,0,-104.52845979556247,-2.0,2.0,1017
realAWSCloudwatch/ec2_cpu_utilization_5f5533.csv,realAWSCloudwatch,ec2_cpu_utilization_5f5533,B_iforest_raw,budget,0.05,0.7189651146105122,3182,159,0.04996857322438718,11.04513888888889,0.37735849056603776,0.14925373134328357,0.21390374331550802,60,99,342,2681,0.39552238805970147,0.8023952095808383,1.0,0.8903654485049834,402,99,0,2,2,1.0,20,5,15,0.25,1.3580635020433824,1.8107513360578433,367.5,0.3675,0.2462775528515896,-2.0,2.0,56.156938821289735,-1.339525437175186,-2.0,2.0,16.51186407062035,0.2462775528515896,-4.0,2.0,70.7712925475265,2,15,0,-5.357188922626268,-2.0,2.0,99
realAWSCloudwatch/ec2_cpu_utilization_5f5533.csv,realAWSCloudwatch,ec2_cpu_utilization_5f5533,B_iforest_raw,train,0.05,0.5562379804847403,3182,1187,0.37303582652419864,11.04513888888889,0.08593091828138164,0.2537313432835821,0.12838263058527377,102,1085,300,1695,1.0,0.2703429724277068,1.0,0.42562202223398626,402,1085,0,2,2,1.0,191,21,170,0.1099476439790576,15.391386356491669,17.292675259352404,72.5,0.07250000000000001,-16.398245453065737,-2.0,2.0,-359.95613632664345,-34.78397285780621,-2.0,2.0,-819.5993214451553,-16.398245453065737,-4.0,2.0,-206.6374242177623,2,170,0,-111.67535682513244,-2.0,2.0,1085
realAWSCloudwatch/ec2_cpu_utilization_5f5533.csv,realAWSCloudwatch,ec2_cpu_utilization_5f5533,C_iforest_contextual,budget,0.0005,0.6767451325946618,3182,1,0.00031426775612822125,11.04513888888889,1.0,0.0024875621890547263,0.004962779156327543,1,0,401,2780,0.0024875621890547263,1.0,0.5,0.6666666666666666,201,0,201,2,1,0.5,1,1,0,1.0,0.0,0.09053756680289217,700.0,0.7,-0.3509982435695854,-2.0,2.0,41.22504391076036,-0.3509982435695854,-2.0,2.0,41.22504391076036,-1.3509982435695855,-4.0,2.0,44.15002927384024,1,0,1,-0.3509982435695854,-2.0,2.0,0
realAWSCloudwatch/ec2_cpu_utilization_5f5533.csv,realAWSCloudwatch,ec2_cpu_utilization_5f5533,C_iforest_contextual,train,0.0005,0.6535691227565567,3182,6,0.0018856065367693275,11.04513888888889,0.6666666666666666,0.009950248756218905,0.0196078431372549,4,2,398,2778,0.014925373134328358,0.995049504950495,1.0,0.9975186104218362,402,2,0,2,2,1.0,6,4,2,0.6666666666666666,0.18107513360578434,0.543225400817353,467.5,0.46749999999999997,1.3995314972331827,-2.0,2.0,84.98828743082957,1.179531497233183,-2.0,2.0,79.48828743082957,1.3995314972331827,-4.0,2.0,89.99219162055304,2,2,0,1.3995314972331827,-2.0,2.0,2
realAWSCloudwatch/ec2_cpu_utilization_5f5533.csv,realAWSCloudwatch,ec2_cpu_utilization_5f5533,C_iforest_contextual,budget,0.001,0.6696256189983562,3182,3,0.0009428032683846638,11.04513888888889,0.6666666666666666,0.004975124378109453,0.009876543209876543,2,1,400,2779,0.007462686567164179,0.9975186104218362,1.0,0.9987577639751554,402,1,0,2,2,1.0,3,2,1,0.6666666666666666,0.09053756680289217,0.2716127004086765,600.0,0.6,1.4005525585060121,-2.0,2.0,85.0138139626503,1.2905525585060122,-2.0,2.0,82.2638139626503,1.4005525585060121,-4.0,2.0,90.00920930843354,2,1,0,1.4005525585060121,-2.0,2.0,1
realAWSCloudwatch/ec2_cpu_utilization_5f5533.csv,realAWSCloudwatch,ec2_cpu_utilization_5f5533,C_iforest_contextual,train,0.001,0.6508759782533696,3182,6,0.0018856065367693275,11.04513888888889,0.6666666666666666,0.009950248756218905,0.0196078431372549,4,2,398,2778,0.014925373134328358,0.995049504950495,1.0,0.9975186104218362,402,2,0,2,2,1.0,6,4,2,0.6666666666666666,0.18107513360578434,0.543225400817353,467.5,0.46749999999999997,1.3995314972331827,-2.0,2.0,84.98828743082957,1.179531497233183,-2.0,2.0,79.48828743082957,1.3995314972331827,-4.0,2.0,89.99219162055304,2,2,0,1.3995314972331827,-2.0,2.0,2
realAWSCloudwatch/ec2_cpu_utilization_5f5533.csv,realAWSCloudwatch,ec2_cpu_utilization_5f5533,C_iforest_contextual,budget,0.002,0.6486992233573108,3182,6,0.0018856065367693275,11.04513888888889,0.6666666666666666,0.009950248756218905,0.0196078431372549,4,2,398,2778,0.014925373134328358,0.995049504950495,1.0,0.9975186104218362,402,2,0,2,2,1.0,6,4,2,0.6666666666666666,0.18107513360578434,0.543225400817353,467.5,0.46749999999999997,1.3995314972331827,-2.0,2.0,84.98828743082957,1.179531497233183,-2.0,2.0,79.48828743082957,1.3995314972331827,-4.0,2.0,89.99219162055304,2,2,0,1.3995314972331827,-2.0,2.0,2
realAWSCloudwatch/ec2_cpu_utilization_5f5533.csv,realAWSCloudwatch,ec2_cpu_utilization_5f5533,C_iforest_contextual,train,0.002,0.6460704993713032,3182,7,0.0021998742928975488,11.04513888888889,0.5714285714285714,0.009950248756218905,0.019559902200489,4,3,398,2777,0.017412935323383085,0.9925925925925926,1.0,0.996282527881041,402,3,0,2,2,1.0,7,4,3,0.5714285714285714,0.2716127004086765,0.6337629676202452,467.5,0.46749999999999997,1.2895314972331826,-2.0,2.0,82.23828743082957,0.959531497233183,-2.0,2.0,73.98828743082957,1.2895314972331826,-4.0,2.0,88.1588582872197,2,3,0,1.2895314972331826,-2.0,2.0,3
realAWSCloudwatch/ec2_cpu_utilization_5f5533.csv,realAWSCloudwatch,ec2_cpu_utilization_5f5533,C_iforest_contextual,budget,0.005,0.6347938125238513,3182,15,0.004714016341923318,11.04513888888889,0.3333333333333333,0.012437810945273632,0.023980815347721826,5,10,397,2770,0.03731343283582089,0.9757281553398058,1.0,0.9877149877149877,402,10,0,2,2,1.0,14,4,10,0.2857142857142857,0.9053756680289217,1.2675259352404904,462.5,0.46249999999999997,0.5354812053564215,-2.0,2.0,63.387030133910535,-0.5632085611770606,-2.0,2.0,35.91978597057348,0.5354812053564215,-4.0,2.0,75.59135342260703,2,10,0,0.5354812053564215,-2.0,2.0,10
realAWSCloudwatch/ec2_cpu_utilization_5f5533.csv,realAWSCloudwatch,ec2_cpu_utilization_5f5533,C_iforest_contextual,train,0.005,0.6410708415863159,3182,10,0.0031426775612822125,11.04513888888889,0.5,0.012437810945273632,0.024271844660194174,5,5,397,2775,0.024875621890547265,0.9877149877149877,1.0,0.9938195302843016,402,5,0,2,2,1.0,9,4,5,0.4444444444444444,0.45268783401446083,0.8148381012260295,462.5,0.46249999999999997,1.0842335961073204,-2.0,2.0,77.105839902683,0.5342962203247369,-2.0,2.0,63.357405508118426,1.0842335961073204,-4.0,2.0,84.73722660178866,2,5,0,1.0842335961073204,-2.0,2.0,5
realAWSCloudwatch/ec2_cpu_utilization_5f5533.csv,realAWSCloudwatch,ec2_cpu_utilization_5f5533,C_iforest_contextual,budget,0.01,0.6205425629887569,3182,31,0.00974230043997486,11.04513888888889,0.3548387096774194,0.02736318407960199,0.050808314087759814,11,20,391,2760,0.07711442786069651,0.95260663507109,1.0,0.9757281553398058,402,20,0,2,2,1.0,27,7,20,0.25925925925925924,1.8107513360578433,2.4445143036780888,367.5,0.3675,-0.3569716922681212,-2.0,2.0,41.07570769329697,-2.5460239274146073,-2.0,2.0,-13.650598185365181,-0.3569716922681212,-4.0,2.0,60.71713846219799,2,20,0,-0.3569716922681212,-2.0,2.0,20
realAWSCloudwatch/ec2_cpu_utilization_5f5533.csv,realAWSCloudwatch,ec2_cpu_utilization_5f5533,C_iforest_contextual,train,0.01,0.6209497399172572,3182,32,0.01005656819610308,11.04513888888889,0.34375,0.02736318407960199,0.05069124423963134,11,21,391,2759,0.07960199004975124,0.950354609929078,1.0,0.9745454545454546,402,21,0,2,2,1.0,28,7,21,0.25,1.9012889028607356,2.535051870480981,367.5,0.3675,-0.4669716922681212,-2.0,2.0,38.32570769329698,-2.7660239274146075,-2.0,2.0,-19.150598185365187,-0.4669716922681212,-4.0,2.0,58.88380512886465,2,21,0,-0.4669716922681212,-2.0,2.0,21
realAWSCloudwatch/ec2_cpu_utilization_5f5533.csv,realAWSCloudwatch,ec2_cpu_utilization_5f5533,C_iforest_contextual,budget,0.02,0.6084888530877922,3182,63,0.019798868636077938,11.04513888888889,0.30158730158730157,0.0472636815920398,0.08172043010752687,19,44,383,2736,0.15671641791044777,0.9013452914798207,1.0,0.9481132075471698,402,44,0,2,2,1.0,55,12,43,0.21818181818181817,3.8931153725243632,4.9795661741590695,307.5,0.3075,-2.7457992056031633,-2.0,2.0,-18.64498014007908,-7.342798110236438,-2.0,2.0,-133.56995275591095,-2.7457992056031633,-4.0,2.0,20.90334657328061,2,43,0,-2.7944445447681927,-2.0,2.0,44
realAWSCloudwatch/ec2_cpu_utilization_5f5533.csv,realAWSCloudwatch,ec2_cpu_utilization_5f5533,C_iforest_contextual,train,0.02,0.5982405825781565,3182,126,0.039597737272155875,11.04513888888889,0.2857142857142857,0.08955223880597014,0.13636363636363635,36,90,366,2690,0.31343283582089554,0.8170731707317073,1.0,0.8993288590604027,402,90,0,2,2,1.0,92,16,76,0.17391304347826086,6.880855077019805,8.329456145866079,147.5,0.1475,-5.9976169665295815,-2.0,2.0,-99.94042416323954,-13.96554802506959,-2.0,2.0,-299.1387006267397,-5.9976169665295815,-4.0,2.0,-33.29361610882636,2,76,0,-7.412418951346414,-2.0,2.0,90
realAWSCloudwatch/ec2_cpu_utilization_5f5533.csv,realAWSCloudwatch,ec2_cpu_utilization_5f5533,C_iforest_contextual,budget,0.05,0.5937763311080111,3182,159,0.04996857322438718,11.04513888888889,0.2641509433962264,0.1044776119402985,0.1497326203208556,42,117,360,2663,0.39552238805970147,0.7745664739884393,1.0,0.8729641693811074,402,117,0,2,2,1.0,116,21,95,0.1810344827586207,8.601068846274757,10.502357749135491,147.5,0.1475,-8.053144200352115,-2.0,2.0,-151.32860500880287,-18.076602492714642,-2.0,2.0,-401.91506231786605,-8.053144200352115,-4.0,2.0,-67.55240333920192,2,95,0,-10.346857286132938,-2.0,2.0,117
realAWSCloudwatch/ec2_cpu_utilization_5f5533.csv,realAWSCloudwatch,ec2_cpu_utilization_5f5533,C_iforest_contextual,train,0.05,0.5659050194226298,3182,835,0.26241357636706475,11.04513888888889,0.13892215568862276,0.2885572139303483,0.18755052546483428,116,719,286,2061,1.0,0.3586083853702052,1.0,0.5279054497701904,402,719,0,2,2,1.0,264,35,229,0.13257575757575757,20.73310279786231,23.90191763596353,10.0,0.01,-22.142509875825024,-2.0,2.0,-503.5627468956256,-46.2836453580207,-2.0,2.0,-1107.0911339505176,-22.142509875825024,-4.0,2.0,-302.3751645970837,2,229,0,-75.10375723844196,-2.0,2.0,719
realAWSCloudwatch/ec2_cpu_utilization_77c1ca.csv,realAWSCloudwatch,ec2_cpu_utilization_77c1ca,A_rolling_zscore,budget,0.0005,50.0,3182,1,0.00031426775612822125,11.04513888888889,0.0,0.0,0.0,0,1,403,2778,0.0024813895781637717,0.0,0.0,0.0,0,1,403,1,0,0.0,1,0,1,0.0,0.09053756680289217,0.09053756680289217,,,-1.11,-1.0,1.0,-5.500000000000005,-1.22,-1.0,1.0,-10.999999999999998,-2.11,-2.0,1.0,-3.6666666666666625,0,1,1,-1.11,-1.0,1.0,1
realAWSCloudwatch/ec2_cpu_utilization_77c1ca.csv,realAWSCloudwatch,ec2_cpu_utilization_77c1ca,A_rolling_zscore,train,0.0005,50.0,3182,0,0.0,11.04513888888889,0.0,0.0,0.0,0,0,403,2779,0.0,0.0,0.0,0.0,0,0,403,1,0,0.0,0,0,0,,0.0,0.0,,,-1.0,-1.0,1.0,0.0,-1.0,-1.0,1.0,0.0,-2.0,-2.0,1.0,0.0,0,0,1,-1.0,-1.0,1.0,0
realAWSCloudwatch/ec2_cpu_utilization_77c1ca.csv,realAWSCloudwatch,ec2_cpu_utilization_77c1ca,A_rolling_zscore,budget,0.001,50.0,3182,3,0.0009428032683846638,11.04513888888889,0.0,0.0,0.0,0,3,403,2776,0.007444168734491315,0.0,0.0,0.0,0,3,403,1,0,0.0,3,0,3,0.0,0.2716127004086765,0.2716127004086765,,,-1.3300000000000003,-1.0,1.0,-16.500000000000014,-1.66,-1.0,1.0,-32.99999999999999,-2.3299999999999996,-2.0,1.0,-10.999999999999988,0,3,1,-1.3300000000000003,-1.0,1.0,3
realAWSCloudwatch/ec2_cpu_utilization_77c1ca.csv,realAWSCloudwatch,ec2_cpu_utilization_77c1ca,A_rolling_zscore,train,0.001,50.0,3182,0,0.0,11.04513888888889,0.0,0.0,0.0,0,0,403,2779,0.0,0.0,0.0,0.0,0,0,403,1,0,0.0,0,0,0,,0.0,0.0,,,-1.0,-1.0,1.0,0.0,-1.0,-1.0,1.0,0.0,-2.0,-2.0,1.0,0.0,0,0,1,-1.0,-1.0,1.0,0
realAWSCloudwatch/ec2_cpu_utilization_77c1ca.csv,realAWSCloudwatch,ec2_cpu_utilization_77c1ca,A_rolling_zscore,budget,0.002,50.0,3182,6,0.0018856065367693275,11.04513888888889,0.0,0.0,0.0,0,6,403,2773,0.01488833746898263,0.0,0.0,0.0,0,6,403,1,0,0.0,6,0,6,0.0,0.543225400817353,0.543225400817353,,,-1.6600000000000006,-1.0,1.0,-33.00000000000003,-2.3200000000000003,-1.0,1.0,-66.00000000000001,-2.6599999999999993,-2.0,1.0,-21.999999999999975,0,6,1,-1.6600000000000006,-1.0,1.0,6
realAWSCloudwatch/ec2_cpu_utilization_77c1ca.csv,realAWSCloudwatch,ec2_cpu_utilization_77c1ca,A_rolling_zscore,train,0.002,50.0,3182,0,0.0,11.04513888888889,0.0,0.0,0.0,0,0,403,2779,0.0,0.0,0.0,0.0,0,0,403,1,0,0.0,0,0,0,,0.0,0.0,,,-1.0,-1.0,1.0,0.0,-1.0,-1.0,1.0,0.0,-2.0,-2.0,1.0,0.0,0,0,1,-1.0,-1.0,1.0,0
realAWSCloudwatch/ec2_cpu_utilization_77c1ca.csv,realAWSCloudwatch,ec2_cpu_utilization_77c1ca,A_rolling_zscore,budget,0.005,50.0,3182,15,0.004714016341923318,11.04513888888889,0.4,0.01488833746898263,0.028708133971291867,6,9,397,2770,0.03722084367245657,0.9781553398058253,1.0,0.9889570552147239,403,9,0,1,1,1.0,15,6,9,0.4,0.8148381012260295,1.3580635020433824,20.0,0.009950248756218905,0.009314550455145149,-1.0,1.0,50.465727522757255,-0.9806854495448548,-1.0,1.0,0.9657275227572593,0.009314550455145149,-2.0,1.0,66.97715168183818,1,9,0,0.009314550455145149,-1.0,1.0,9
realAWSCloudwatch/ec2_cpu_utilization_77c1ca.csv,realAWSCloudwatch,ec2_cpu_utilization_77c1ca,A_rolling_zscore,train,0.005,50.0,3182,0,0.0,11.04513888888889,0.0,0.0,0.0,0,0,403,2779,0.0,0.0,0.0,0.0,0,0,403,1,0,0.0,0,0,0,,0.0,0.0,,,-1.0,-1.0,1.0,0.0,-1.0,-1.0,1.0,0.0,-2.0,-2.0,1.0,0.0,0,0,1,-1.0,-1.0,1.0,0
realAWSCloudwatch/ec2_cpu_utilization_77c1ca.csv,realAWSCloudwatch,ec2_cpu_utilization_77c1ca,A_rolling_zscore,budget,0.01,50.0,3182,31,0.00974230043997486,11.04513888888889,0.22580645161290322,0.017369727047146403,0.03225806451612904,7,24,396,2755,0.07692307692307693,0.9437939110070258,1.0,0.9710843373493977,403,24,0,1,1,1.0,30,7,23,0.23333333333333334,2.0823640364665197,2.716127004086765,20.0,0.009950248756218905,-1.3399500466214425,-1.0,1.0,-16.997502331072123,-3.67921464369803,-1.0,1.0,-133.9607321849015,-1.3399500466214425,-2.0,1.0,22.001665112618586,1,23,0,-1.438854396948008,-1.0,1.0,24
realAWSCloudwatch/ec2_cpu_utilization_77c1ca.csv,realAWSCloudwatch,ec2_cpu_utilization_77c1ca,A_rolling_zscore,train,0.01,50.0,3182,0,0.0,11.04513888888889,0.0,0.0,0.0,0,0,403,2779,0.0,0.0,0.0,0.0,0,0,403,1,0,0.0,0,0,0,,0.0,0.0,,,-1.0,-1.0,1.0,0.0,-1.0,-1.0,1.0,0.0,-2.0,-2.0,1.0,0.0,0,0,1,-1.0,-1.0,1.0,0
realAWSCloudwatch/ec2_cpu_utilization_77c1ca.csv,realAWSCloudwatch,ec2_cpu_utilization_77c1ca,A_rolling_zscore,budget,0.02,13.439683950719726,3182,63,0.019798868636077938,11.04513888888889,0.15873015873015872,0.02481389578163772,0.04291845493562232,10,53,393,2726,0.15632754342431762,0.8837719298245614,1.0,0.9383003492433062,403,53,0,1,1,1.0,52,8,44,0.15384615384615385,3.9836529393272553,4.7079534737503925,20.0,0.009950248756218905,-3.5839707807706063,-1.0,1.0,-129.19853903853033,-8.167256111996357,-1.0,1.0,-358.3628055998179,-3.5839707807706063,-2.0,1.0,-52.79902602568688,1,44,0,-4.560319798564378,-1.0,1.0,53
realAWSCloudwatch/ec2_cpu_utilization_77c1ca.csv,realAWSCloudwatch,ec2_cpu_utilization_77c1ca,A_rolling_zscore,train,0.02,25.982672244253134,3182,48,0.01508485229415462,11.04513888888889,0.14583333333333334,0.017369727047146403,0.031042128603104218,7,41,396,2738,0.11910669975186104,0.9076576576576577,1.0,0.9515938606847698,403,41,0,1,1,1.0,47,7,40,0.14893617021276595,3.6215026721156867,4.255265639735932,20.0,0.009950248756218905,-3.144453036578518,-1.0,1.0,-107.22265182892589,-7.28822062361218,-1.0,1.0,-314.411031180609,-3.144453036578518,-2.0,1.0,-38.14843455261727,1,40,0,-3.2433573869050836,-1.0,1.0,41
realAWSCloudwatch/ec2_cpu_utilization_77c1ca.csv,realAWSCloudwatch,ec2_cpu_utilization_77c1ca,A_rolling_zscore,budget,0.05,3.298737450280638,3182,159,0.04996857322438718,11.04513888888889,0.15723270440251572,0.062034739454094295,0.08896797153024912,25,134,378,2645,0.3945409429280397,0.750465549348231,1.0,0.8574468085106383,403,134,0,1,1,1.0,95,11,84,0.11578947368421053,7.605155611442942,8.601068846274757,20.0,0.009950248756218905,-7.750663700897198,-1.0,1.0,-337.5331850448599,-16.500641952249538,-1.0,1.0,-775.032097612477,-7.750663700897198,-2.0,1.0,-191.6887900299066,1,84,0,-12.645912804063302,-1.0,1.0,134
realAWSCloudwatch/ec2_cpu_utilization_77c1ca.csv,realAWSCloudwatch,ec2_cpu_utilization_77c1ca,A_rolling_zscore,train,0.05,2.9752658171620614,3182,189,0.05939660590823381,11.04513888888889,0.17989417989417988,0.08436724565756824,0.11486486486486487,34,155,369,2624,0.46898263027295284,0.7222222222222222,1.0,0.8387096774193548,403,155,0,1,1,1.0,106,15,91,0.14150943396226415,8.238918579063187,9.59698208110657,20.0,0.009950248756218905,-8.413066724834792,-1.0,1.0,-370.65333624173957,-17.82544800012472,-1.0,1.0,-841.272400006236,-8.413066724834792,-2.0,1.0,-213.76889082782637,1,91,0,-14.765311040653113,-1.0,1.0,155
realAWSCloudwatch/ec2_cpu_utilization_77c1ca.csv,realAWSCloudwatch,ec2_cpu_utilization_77c1ca,B_iforest_raw,budget,0.0005,0.7535101217904782,3182,1,0.00031426775612822125,11.04513888888889,1.0,0.0024813895781637717,0.0049504950495049506,1,0,402,2779,0.0024813895781637717,1.0,1.0,1.0,403,0,0,1,1,1.0,1,1,0,1.0,0.0,0.09053756680289217,465.0,0.23134328358208955,0.9711698718078927,-1.0,1.0,98.55849359039463,0.9711698718078927,-1.0,1.0,98.55849359039463,0.9711698718078927,-2.0,1.0,99.03899572692977,1,0,0,0.9711698718078927,-1.0,1.0,0
realAWSCloudwatch/ec2_cpu_utilization_77c1ca.csv,realAWSCloudwatch,ec2_cpu_utilization_77c1ca,B_iforest_raw,train,0.0005,0.751959000406518,3182,19,0.005971087366436203,11.04513888888889,0.3157894736842105,0.01488833746898263,0.028436018957345977,6,13,397,2766,0.04714640198511166,0.96875,1.0,0.9841269841269841,403,13,0,1,1,1.0,18,6,12,0.3333333333333333,1.086450801634706,1.629676202452059,40.0,0.01990049751243781,-0.20629052151868915,-1.0,1.0,39.68547392406554,-1.411175771075092,-1.0,1.0,-20.558788553754603,-0.20629052151868915,-2.0,1.0,59.790315949377025,1,12,0,-0.31629052151868914,-1.0,1.0,13
realAWSCloudwatch/ec2_cpu_utilization_77c1ca.csv,realAWSCloudwatch,ec2_cpu_utilization_77c1ca,B_iforest_raw,budget,0.001,0.7531509051499187,3182,3,0.0009428032683846638,11.04513888888889,1.0,0.007444168734491315,0.01477832512315271,3,0,400,2779,0.007444168734491315,1.0,1.0,1.0,403,0,0,1,1,1.0,3,3,0,1.0,0.0,0.2716127004086765,245.0,0.12189054726368159,0.9887877345520926,-1.0,1.0,99.43938672760463,0.9887877345520926,-1.0,1.0,99.43938672760463,0.9887877345520926,-2.0,1.0,99.62625781840308,1,0,0,0.9887877345520926,-1.0,1.0,0
realAWSCloudwatch/ec2_cpu_utilization_77c1ca.csv,realAWSCloudwatch,ec2_cpu_utilization_77c1ca,B_iforest_raw,train,0.001,0.7515310653223946,3182,22,0.0069138906348208675,11.04513888888889,0.2727272727272727,0.01488833746898263,0.028235294117647063,6,16,397,2763,0.05459057071960298,0.9618138424821002,1.0,0.9805352798053527,403,16,0,1,1,1.0,21,6,15,0.2857142857142857,1.3580635020433824,1.9012889028607356,40.0,0.01990049751243781,-0.5278081612301107,-1.0,1.0,23.609591938494468,-2.054211050497935,-1.0,1.0,-52.710552524896755,-0.5278081612301107,-2.0,1.0,49.07306129232964,1,15,0,-0.6378081612301106,-1.0,1.0,16
realAWSCloudwatch/ec2_cpu_utilization_77c1ca.csv,realAWSCloudwatch,ec2_cpu_utilization_77c1ca,B_iforest_raw,budget,0.002,0.7528961624434012,3182,6,0.0018856065367693275,11.04513888888889,0.5,0.007444168734491315,0.01466992665036675,3,3,400,2776,0.01488833746898263,0.9926108374384236,1.0,0.996291718170581,403,3,0,1,1,1.0,5,3,2,0.6,0.18107513360578434,0.45268783401446083,245.0,0.12189054726368159,0.7687877345520926,-1.0,1.0,88.43938672760463,0.5487877345520926,-1.0,1.0,77.43938672760463,0.7687877345520926,-2.0,1.0,92.29292448506976,1,2,0,0.6587877345520926,-1.0,1.0,3
realAWSCloudwatch/ec2_cpu_utilization_77c1ca.csv,realAWSCloudwatch,ec2_cpu_utilization_77c1ca,B_iforest_raw,train,0.002,0.7502436247529058,3182,38,0.011942174732872407,11.04513888888889,0.18421052631578946,0.017369727047146403,0.031746031746031744,7,31,396,2748,0.09429280397022333,0.9285714285714286,1.0,0.962962962962963,403,31,0,1,1,1.0,36,7,29,0.19444444444444445,2.625589437283873,3.259352404904118,40.0,0.01990049751243781,-1.9211879273281427,-1.0,1.0,-46.059396366407135,-4.8409705826939975,-1.0,1.0,-192.04852913469986,-1.9211879273281427,-2.0,1.0,2.62706908906191,1,29,0,-2.07682935023797,-1.0,1.0,31
realAWSCloudwatch/ec2_cpu_utilization_77c1ca.csv,realAWSCloudwatch,ec2_cpu_utilization_77c1ca,B_iforest_raw,budget,0.005,0.7523869354906413,3182,15,0.004714016341923318,11.04513888888889,0.4,0.01488833746898263,0.028708133971291867,6,9,397,2770,0.03722084367245657,0.9781553398058253,1.0,0.9889570552147239,403,9,0,1,1,1.0,14,6,8,0.42857142857142855,0.7243005344231374,1.2675259352404904,40.0,0.01990049751243781,0.23370947848131085,-1.0,1.0,61.68547392406553,-0.5311757710750922,-1.0,1.0,23.44121144624539,0.23370947848131085,-2.0,1.0,74.45698261604369,1,8,0,0.12370947848131085,-1.0,1.0,9
realAWSCloudwatch/ec2_cpu_utilization_77c1ca.csv,realAWSCloudwatch,ec2_cpu_utilization_77c1ca,B_iforest_raw,train,0.005,0.742557417405368,3182,93,0.029226901319924576,11.04513888888889,0.15053763440860216,0.034739454094292806,0.05645161290322581,14,79,389,2700,0.23076923076923078,0.8360995850622407,1.0,0.9107344632768362,403,79,0,1,1,1.0,67,10,57,0.14925373134328357,5.160641307764854,6.066016975793775,40.0,0.01990049751243781,-4.731380781981378,-1.0,1.0,-186.5690390990689,-10.461356292000474,-1.0,1.0,-473.06781460002367,-4.731380781981378,-2.0,1.0,-91.04602606604594,1,57,0,-6.6830727540062576,-1.0,1.0,79
realAWSCloudwatch/ec2_cpu_utilization_77c1ca.csv,realAWSCloudwatch,ec2_cpu_utilization_77c1ca,B_iforest_raw,budget,0.01,0.750607351930875,3182,31,0.00974230043997486,11.04513888888889,0.22580645161290322,0.017369727047146403,0.03225806451612904,7,24,396,2755,0.07692307692307693,0.9437939110070258,1.0,0.9710843373493977,403,24,0,1,1,1.0,29,7,22,0.2413793103448276,1.9918264696636276,2.625589437283873,40.0,0.01990049751243781,-1.1714445237669329,-1.0,1.0,-8.572226188346644,-3.34148377557158,-1.0,1.0,-117.074188778579,-1.1714445237669329,-2.0,1.0,27.618515874435573,1,22,0,-1.3270859466767608,-1.0,1.0,24
realAWSCloudwatch/ec2_cpu_utilization_77c1ca.csv,realAWSCloudwatch,ec2_cpu_utilization_77c1ca,B_iforest_raw,train,0.01,0.7275115574430799,3182,129,0.04054054054054054,11.04513888888889,0.16279069767441862,0.052109181141439205,0.07894736842105264,21,108,382,2671,0.3200992555831266,0.7886497064579256,1.0,0.8818380743982495,403,108,0,1,1,1.0,83,15,68,0.18072289156626506,6.156554542596668,7.51461804464005,20.0,0.009950248756218905,-5.987933250948892,-1.0,1.0,-249.39666254744458,-12.975181052352932,-1.0,1.0,-598.7590526176466,-5.987933250948892,-2.0,1.0,-132.93110836496305,1,68,0,-9.633572385347255,-1.0,1.0,108
realAWSCloudwatch/ec2_cpu_utilization_77c1ca.csv,realAWSCloudwatch,ec2_cpu_utilization_77c1ca,B_iforest_raw,budget,0.02,0.7470608023382257,3182,63,0.019798868636077938,11.04513888888889,0.14285714285714285,0.022332506203473945,0.03862660944206008,9,54,394,2725,0.15632754342431762,0.8818380743982495,1.0,0.9372093023255814,403,54,0,1,1,1.0,51,8,43,0.1568627450980392,3.8931153725243632,4.6174159069475005,40.0,0.01990049751243781,-3.3127316943958713,-1.0,1.0,-115.63658471979356,-7.624058116829455,-1.0,1.0,-331.2029058414728,-3.3127316943958713,-2.0,1.0,-43.75772314652904,1,43,0,-4.214431436609556,-1.0,1.0,54
realAWSCloudwatch/ec2_cpu_utilization_77c1ca.csv,realAWSCloudwatch,ec2_cpu_utilization_77c1ca,B_iforest_raw,train,0.02,0.7058073819799113,3182,210,0.06599622878692646,11.04513888888889,0.1523809523809524,0.0794044665012407,0.10440456769983687,32,178,371,2601,0.5210918114143921,0.693631669535284,1.0,0.8191056910569106,403,178,0,1,1,1.0,113,22,91,0.19469026548672566,8.238918579063187,10.230745048726815,20.0,0.009950248756218905,-8.410613508938168,-1.0,1.0,-370.5306754469084,-17.820541568331475,-1.0,1.0,-841.0270784165738,-8.410613508938168,-2.0,1.0,-213.6871169646056,1,91,0,-16.896798818159077,-1.0,1.0,178
realAWSCloudwatch/ec2_cpu_utilization_77c1ca.csv,realAWSCloudwatch,ec2_cpu_utilization_77c1ca,B_iforest_raw,budget,0.05,0.7113834698720838,3182,159,0.04996857322438718,11.04513888888889,0.1761006289308176,0.06947890818858561,0.099644128113879,28,131,375,2648,0.3945409429280397,0.7546816479400749,1.0,0.8601921024546424,403,131,0,1,1,1.0,99,19,80,0.1919191919191919,7.243005344231373,8.963219113486325,20.0,0.009950248756218905,-7.255976110697785,-1.0,1.0,-312.79880553488925,-15.511266771850718,-1.0,1.0,-725.5633385925358,-7.255976110697785,-2.0,1.0,-175.19920368992618,1,80,0,-12.027411863574349,-1.0,1.0,131
realAWSCloudwatch/ec2_cpu_utilization_77c1ca.csv,realAWSCloudwatch,ec2_cpu_utilization_77c1ca,B_iforest_raw,train,0.05,0.6678862495157961,3182,313,0.09836580766813324,11.04513888888889,0.1597444089456869,0.12406947890818859,0.13966480446927373,50,263,353,2516,0.7766749379652605,0.6051051051051051,1.0,0.7539756782039289,403,263,0,1,1,1.0,123,21,102,0.17073170731707318,9.234831813895001,11.136120716755737,20.0,0.009950248756218905,-9.663896109276857,-1.0,1.0,-433.19480546384284,-20.327106769008854,-1.0,1.0,-966.3553384504427,-9.663896109276857,-2.0,1.0,-255.4632036425619,1,102,0,-25.720630768074475,-1.0,1.0,263
realAWSCloudwatch/ec2_cpu_utilization_77c1ca.csv,realAWSCloudwatch,ec2_cpu_utilization_77c1ca,C_iforest_contextual,budget,0.0005,0.7435705032202753,3182,1,0.00031426775612822125,11.04513888888889,0.0,0.0,0.0,0,1,403,2778,0.0024813895781637717,0.0,0.0,0.0,0,1,403,1,0,0.0,1,0,1,0.0,0.09053756680289217,0.09053756680289217,,,-1.11,-1.0,1.0,-5.500000000000005,-1.22,-1.0,1.0,-10.999999999999998,-2.11,-2.0,1.0,-3.6666666666666625,0,1,1,-1.11,-1.0,1.0,1
realAWSCloudwatch/ec2_cpu_utilization_77c1ca.csv,realAWSCloudwatch,ec2_cpu_utilization_77c1ca,C_iforest_contextual,train,0.0005,0.7495253578945045,3182,2,0.0006285355122564425,11.04513888888889,0.0,0.0,0.0,0,2,403,2777,0.004962779156327543,0.0,0.0,0.0,0,2,403,1,0,0.0,2,0,2,0.0,0.18107513360578434,0.18107513360578434,,,-1.2200000000000002,-1.0,1.0,-11.00000000000001,-1.44,-1.0,1.0,-21.999999999999996,-2.2199999999999998,-2.0,1.0,-7.333333333333325,0,2,1,-1.2200000000000002,-1.0,1.0,2
realAWSCloudwatch/ec2_cpu_utilization_77c1ca.csv,realAWSCloudwatch,ec2_cpu_utilization_77c1ca,C_iforest_contextual,budget,0.001,0.7382154682968842,3182,3,0.0009428032683846638,11.04513888888889,0.0,0.0,0.0,0,3,403,2776,0.007444168734491315,0.0,0.0,0.0,0,3,403,1,0,0.0,3,0,3,0.0,0.2716127004086765,0.2716127004086765,,,-1.3300000000000003,-1.0,1.0,-16.500000000000014,-1.66,-1.0,1.0,-32.99999999999999,-2.3299999999999996,-2.0,1.0,-10.999999999999988,0,3,1,-1.3300000000000003,-1.0,1.0,3
realAWSCloudwatch/ec2_cpu_utilization_77c1ca.csv,realAWSCloudwatch,ec2_cpu_utilization_77c1ca,C_iforest_contextual,train,0.001,0.7452059874394319,3182,2,0.0006285355122564425,11.04513888888889,0.0,0.0,0.0,0,2,403,2777,0.004962779156327543,0.0,0.0,0.0,0,2,403,1,0,0.0,2,0,2,0.0,0.18107513360578434,0.18107513360578434,,,-1.2200000000000002,-1.0,1.0,-11.00000000000001,-1.44,-1.0,1.0,-21.999999999999996,-2.2199999999999998,-2.0,1.0,-7.333333333333325,0,2,1,-1.2200000000000002,-1.0,1.0,2
realAWSCloudwatch/ec2_cpu_utilization_77c1ca.csv,realAWSCloudwatch,ec2_cpu_utilization_77c1ca,C_iforest_contextual,budget,0.002,0.7370450992869674,3182,6,0.0018856065367693275,11.04513888888889,0.16666666666666666,0.0024813895781637717,0.004889975550122249,1,5,402,2774,0.01488833746898263,0.9877450980392157,1.0,0.9938347718865598,403,5,0,1,1,1.0,6,1,5,0.16666666666666666,0.45268783401446083,0.543225400817353,1635.0,0.8134328358208955,-0.015604911700151686,-1.0,1.0,49.219754414992416,-0.4765525041016728,-1.0,1.0,26.172374794916358,-0.015604911700151686,-2.0,1.0,66.14650294332827,1,5,0,-0.015604911700151686,-1.0,1.0,5
realAWSCloudwatch/ec2_cpu_utilization_77c1ca.csv,realAWSCloudwatch,ec2_cpu_utilization_77c1ca,C_iforest_contextual,train,0.002,0.735568283413273,3182,8,0.00251414204902577,11.04513888888889,0.125,0.0024813895781637717,0.004866180048661801,1,7,402,2772,0.019851116625310174,0.9829268292682927,1.0,0.991389913899139,403,7,0,1,1,1.0,8,1,7,0.125,0.6337629676202452,0.7243005344231374,1635.0,0.8134328358208955,-0.2356049117001517,-1.0,1.0,38.219754414992416,-0.9165525041016728,-1.0,1.0,4.172374794916362,-0.2356049117001517,-2.0,1.0,58.81316960999494,1,7,0,-0.2356049117001517,-1.0,1.0,7
realAWSCloudwatch/ec2_cpu_utilization_77c1ca.csv,realAWSCloudwatch,ec2_cpu_utilization_77c1ca,C_iforest_contextual,budget,0.005,0.7086991861930719,3182,15,0.004714016341923318,11.04513888888889,0.13333333333333333,0.004962779156327543,0.009569377990430623,2,13,401,2766,0.03722084367245657,0.96875,1.0,0.9841269841269841,403,13,0,1,1,1.0,15,2,13,0.13333333333333333,1.1769883684375981,1.3580635020433824,465.0,0.23134328358208955,-0.36495595333493547,-1.0,1.0,31.752202333253226,-1.7010817784777637,-1.0,1.0,-35.05408892388818,-0.36495595333493547,-2.0,1.0,54.50146822216882,1,13,0,-0.36495595333493547,-1.0,1.0,13
realAWSCloudwatch/ec2_cpu_utilization_77c1ca.csv,realAWSCloudwatch,ec2_cpu_utilization_77c1ca,C_iforest_contextual,train,0.005,0.7144936116595859,3182,13,0.004085480829666876,11.04513888888889,0.07692307692307693,0.0024813895781637717,0.004807692307692308,1,12,402,2767,0.03225806451612903,0.9710843373493976,1.0,0.9853300733496333,403,12,0,1,1,1.0,13,1,12,0.07692307692307693,1.086450801634706,1.1769883684375981,1635.0,0.8134328358208955,-0.7807831444414589,-1.0,1.0,10.960842777927054,-2.006908969584287,-1.0,1.0,-50.34544847921436,-0.7807831444414589,-2.0,1.0,40.640561851951375,1,12,0,-0.7807831444414589,-1.0,1.0,12
realAWSCloudwatch/ec2_cpu_utilization_77c1ca.csv,realAWSCloudwatch,ec2_cpu_utilization_77c1ca,C_iforest_contextual,budget,0.01,0.6937774020788797,3182,31,0.00974230043997486,11.04513888888889,0.1935483870967742,0.01488833746898263,0.027649769585253454,6,25,397,2754,0.07692307692307693,0.9415887850467289,1.0,0.9699157641395909,403,25,0,1,1,1.0,31,6,25,0.1935483870967742,2.263439170072304,2.8066645708896574,20.0,0.009950248756218905,-1.566695558475715,-1.0,1.0,-28.334777923785747,-4.132705667406576,-1.0,1.0,-156.6352833703288,-1.566695558475715,-2.0,1.0,14.443481384142835,1,25,0,-1.566695558475715,-1.0,1.0,25
realAWSCloudwatch/ec2_cpu_utilization_77c1ca.csv,realAWSCloudwatch,ec2_cpu_utilization_77c1ca,C_iforest_contextual,train,0.01,0.7034011797143077,3182,21,0.006599622878692646,11.04513888888889,0.14285714285714285,0.007444168734491315,0.014150943396226417,3,18,400,2761,0.052109181141439205,0.9572446555819477,1.0,0.9781553398058253,403,18,0,1,1,1.0,21,3,18,0.14285714285714285,1.629676202452059,1.9012889028607356,20.0,0.009950248756218905,-0.8868108980058161,-1.0,1.0,5.659455099709193,-2.772936346466778,-1.0,1.0,-88.6468173233389,-0.8868108980058161,-2.0,1.0,37.10630339980613,1,18,0,-0.8868108980058161,-1.0,1.0,18
realAWSCloudwatch/ec2_cpu_utilization_77c1ca.csv,realAWSCloudwatch,ec2_cpu_utilization_77c1ca,C_iforest_contextual,budget,0.02,0.6638301877614132,3182,63,0.019798868636077938,11.04513888888889,0.20634920634920634,0.03225806451612903,0.05579399141630901,13,50,390,2729,0.15632754342431762,0.8896247240618101,1.0,0.941588785046729,403,50,0,1,1,1.0,56,11,45,0.19642857142857142,4.074190506130147,5.070103740961962,20.0,0.009950248756218905,-3.7473485116813516,-1.0,1.0,-137.36742558406758,-8.494011573817849,-1.0,1.0,-374.7005786908924,-3.7473485116813516,-2.0,1.0,-58.24495038937838,1,45,0,-4.297088620284044,-1.0,1.0,50
realAWSCloudwatch/ec2_cpu_utilization_77c1ca.csv,realAWSCloudwatch,ec2_cpu_utilization_77c1ca,C_iforest_contextual,train,0.02,0.6581554149610233,3182,72,0.02262727844123193,11.04513888888889,0.2361111111111111,0.04218362282878412,0.07157894736842105,17,55,386,2724,0.17866004962779156,0.8799126637554585,1.0,0.9361207897793263,403,55,0,1,1,1.0,62,14,48,0.22580645161290322,4.345803206538824,5.613329141779315,20.0,0.009950248756218905,-4.077348511681351,-1.0,1.0,-153.86742558406758,-9.15401157381785,-1.0,1.0,-407.70057869089254,-4.077348511681351,-2.0,1.0,-69.24495038937837,1,48,0,-4.847088544072279,-1.0,1.0,55
realAWSCloudwatch/ec2_cpu_utilization_77c1ca.csv,realAWSCloudwatch,ec2_cpu_utilization_77c1ca,C_iforest_contextual,budget,0.05,0.6274947230210453,3182,159,0.04996857322438718,11.04513888888889,0.20125786163522014,0.0794044665012407,0.11387900355871886,32,127,371,2652,0.3945409429280397,0.7603773584905661,1.0,0.8638799571275455,403,127,0,1,1,1.0,96,16,80,0.16666666666666666,7.243005344231373,8.691606413077649,20.0,0.009950248756218905,-7.266251243860735,-1.0,1.0,-313.31256219303674,-15.531817038176618,-1.0,1.0,-726.5908519088309,-7.266251243860735,-2.0,1.0,-175.54170812869117,1,80,0,-12.247080926367072,-1.0,1.0,127
realAWSCloudwatch/ec2_cpu_utilization_77c1ca.csv,realAWSCloudwatch,ec2_cpu_utilization_77c1ca,C_iforest_contextual,train,0.05,0.5893931180281728,3182,383,0.12036455059710874,11.04513888888889,0.2506527415143603,0.23821339950372208,0.24427480916030533,96,287,307,2492,0.9503722084367245,0.5840579710144927,1.0,0.7374199451052149,403,287,0,1,1,1.0,108,12,96,0.1111111111111111,8.691606413077649,9.778057214712355,20.0,0.009950248756218905,-8.91914008827866,-1.0,1.0,-395.95700441393296,-18.83759472701246,-1.0,1.0,-891.8797363506229,-8.91914008827866,-2.0,1.0,-230.63800294262197,1,96,0,-28.317176425111636,-1.0,1.0,287
realAWSCloudwatch/ec2_cpu_utilization_825cc2.csv,realAWSCloudwatch,ec2_cpu_utilization_825cc2,A_rolling_zscore,budget,0.0005,12.847201508039495,3182,1,0.00031426775612822125,11.04861111111111,0.0,0.0,0.0,0,1,343,2838,0.0029154518950437317,0.0,0.0,0.0,0,1,343,1,0,0.0,1,0,1,0.0,0.09050911376492772,0.09050911376492772,,,-1.022975573412828,-1.0,1.0,-1.1487786706414038,-1.045951146825656,-1.0,1.0,-2.2975573412827965,-2.022975573412828,-2.0,1.0,-0.7658524470942693,0,1,1,-1.022975573412828,-1.0,1.0,1
realAWSCloudwatch/ec2_cpu_utilization_825cc2.csv,realAWSCloudwatch,ec2_cpu_utilization_825cc2,A_rolling_zscore,train,0.0005,6.032589605430996,3182,5,0.0015713387806411063,11.04861111111111,0.8,0.011661807580174927,0.022988505747126436,4,1,339,2838,0.014577259475218658,0.997093023255814,1.0,0.9985443959243085,343,1,0,1,1,1.0,4,3,1,0.75,0.09050911376492772,0.3620364550597109,500.0,0.29239766081871343,0.9335622668707345,-1.0,1.0,96.67811334353674,0.9105866934579065,-1.0,1.0,95.52933467289533,0.9335622668707345,-2.0,1.0,97.78540889569115,1,1,0,0.9335622668707345,-1.0,1.0,1
realAWSCloudwatch/ec2_cpu_utilization_825cc2.csv,realAWSCloudwatch,ec2_cpu_utilization_825cc2,A_rolling_zscore,budget,0.001,8.830931790591862,3182,3,0.0009428032683846638,11.04861111111111,0.6666666666666666,0.0058309037900874635,0.011560693641618498,2,1,341,2838,0.008746355685131196,0.997093023255814,1.0,0.9985443959243085,343,1,0,1,1,1.0,3,2,1,0.6666666666666666,0.09050911376492772,0.2715273412947832,500.0,0.29239766081871343,0.9335622668707345,-1.0,1.0,96.67811334353674,0.9105866934579065,-1.0,1.0,95.52933467289533,0.9335622668707345,-2.0,1.0,97.78540889569115,1,1,0,0.9335622668707345,-1.0,1.0,1
realAWSCloudwatch/ec2_cpu_utilization_825cc2.csv,realAWSCloudwatch,ec2_cpu_utilization_825cc2,A_rolling_zscore,train,0.001,5.790129503827646,3182,8,0.00251414204902577,11.04861111111111,0.75,0.01749271137026239,0.034188034188034185,6,2,337,2837,0.023323615160349854,0.9942028985507246,1.0,0.9970930232558141,343,2,0,1,1,1.0,7,5,2,0.7142857142857143,0.18101822752985544,0.633563796354494,390.0,0.22807017543859648,0.8388869072976334,-1.0,1.0,91.94434536488167,0.7059113338848054,-1.0,1.0,85.29556669424028,0.8388869072976334,-2.0,1.0,94.62956357658778,1,2,0,0.8388869072976334,-1.0,1.0,2
realAWSCloudwatch/ec2_cpu_utilization_825cc2.csv,realAWSCloudwatch,ec2_cpu_utilization_825cc2,A_rolling_zscore,budget,0.002,5.806907851310084,3182,6,0.0018856065367693275,11.04861111111111,0.8333333333333334,0.014577259475218658,0.028653295128939826,5,1,338,2838,0.01749271137026239,0.997093023255814,1.0,0.9985443959243085,343,1,0,1,1,1.0,5,4,1,0.8,0.09050911376492772,0.4525455688246386,500.0,0.29239766081871343,0.9335622668707345,-1.0,1.0,96.67811334353674,0.9105866934579065,-1.0,1.0,95.52933467289533,0.9335622668707345,-2.0,1.0,97.78540889569115,1,1,0,0.9335622668707345,-1.0,1.0,1
realAWSCloudwatch/ec2_cpu_utilization_825cc2.csv,realAWSCloudwatch,ec2_cpu_utilization_825cc2,A_rolling_zscore,train,0.002,5.391468827063115,3182,8,0.00251414204902577,11.04861111111111,0.75,0.01749271137026239,0.034188034188034185,6,2,337,2837,0.023323615160349854,0.9942028985507246,1.0,0.9970930232558141,343,2,0,1,1,1.0,7,5,2,0.7142857142857143,0.18101822752985544,0.633563796354494,390.0,0.22807017543859648,0.8388869072976334,-1.0,1.0,91.94434536488167,0.7059113338848054,-1.0,1.0,85.29556669424028,0.8388869072976334,-2.0,1.0,94.62956357658778,1,2,0,0.8388869072976334,-1.0,1.0,2
realAWSCloudwatch/ec2_cpu_utilization_825cc2.csv,realAWSCloudwatch,ec2_cpu_utilization_825cc2,A_rolling_zscore,budget,0.005,4.519189943431445,3182,15,0.004714016341923318,11.04861111111111,0.4,0.01749271137026239,0.033519553072625705,6,9,337,2830,0.043731778425655975,0.9744318181818182,1.0,0.9870503597122302,343,9,0,1,1,1.0,14,5,9,0.35714285714285715,0.8145820238843495,1.267127592708988,390.0,0.22807017543859648,0.13180204974282728,-1.0,1.0,56.59010248714136,-0.708258381224807,-1.0,1.0,14.58708093875965,0.13180204974282728,-2.0,1.0,71.0600683247609,1,9,0,0.13180204974282728,-1.0,1.0,9
realAWSCloudwatch/ec2_cpu_utilization_825cc2.csv,realAWSCloudwatch,ec2_cpu_utilization_825cc2,A_rolling_zscore,train,0.005,4.6062676848340605,3182,15,0.004714016341923318,11.04861111111111,0.4,0.01749271137026239,0.033519553072625705,6,9,337,2830,0.043731778425655975,0.9744318181818182,1.0,0.9870503597122302,343,9,0,1,1,1.0,14,5,9,0.35714285714285715,0.8145820238843495,1.267127592708988,390.0,0.22807017543859648,0.13180204974282728,-1.0,1.0,56.59010248714136,-0.708258381224807,-1.0,1.0,14.58708093875965,0.13180204974282728,-2.0,1.0,71.0600683247609,1,9,0,0.13180204974282728,-1.0,1.0,9
realAWSCloudwatch/ec2_cpu_utilization_825cc2.csv,realAWSCloudwatch,ec2_cpu_utilization_825cc2,A_rolling_zscore,budget,0.01,3.794624799032155,3182,31,0.00974230043997486,11.04861111111111,0.22580645161290322,0.02040816326530612,0.0374331550802139,7,24,336,2815,0.09037900874635568,0.9346049046321526,1.0,0.9661971830985916,343,24,0,1,1,1.0,30,6,24,0.2,2.1722187303582654,2.7152734129478318,390.0,0.22807017543859648,-1.3559261011332389,-1.0,1.0,-17.796305056661943,-3.6837146829769396,-1.0,1.0,-134.185734148847,-1.3559261011332389,-2.0,1.0,21.46912996222537,1,24,0,-1.3559261011332389,-1.0,1.0,24
realAWSCloudwatch/ec2_cpu_utilization_825cc2.csv,realAWSCloudwatch,ec2_cpu_utilization_825cc2,A_rolling_zscore,train,0.01,3.8339572849254746,3182,29,0.009113764927718416,11.04861111111111,0.2413793103448276,0.02040816326530612,0.03763440860215054,7,22,336,2817,0.08454810495626822,0.9397260273972603,1.0,0.9689265536723164,343,22,0,1,1,1.0,28,6,22,0.21428571428571427,1.9912005028284099,2.534255185417976,390.0,0.22807017543859648,-1.247276891299736,-1.0,1.0,-12.363844564986803,-3.466416263309934,-1.0,1.0,-123.3208131654967,-1.247276891299736,-2.0,1.0,25.090770290008795,1,22,0,-1.247276891299736,-1.0,1.0,22
realAWSCloudwatch/ec2_cpu_utilization_825cc2.csv,realAWSCloudwatch,ec2_cpu_utilization_825cc2,A_rolling_zscore,budget,0.02,3.2233589117787127,3182,63,0.019798868636077938,11.04861111111111,0.23809523809523808,0.043731778425655975,0.07389162561576355,15,48,328,2791,0.1836734693877551,0.8772378516624041,1.0,0.9346049046321525,343,48,0,1,1,1.0,60,14,46,0.23333333333333334,4.1634192331866755,5.4305468258956635,125.0,0.07309941520467836,-3.4994923144708965,-1.0,1.0,-124.97461572354483,-7.993076459455268,-1.0,1.0,-349.6538229727634,-3.4994923144708965,-2.0,1.0,-49.98307714902989,1,46,0,-3.5462112893093347,-1.0,1.0,48
realAWSCloudwatch/ec2_cpu_utilization_825cc2.csv,realAWSCloudwatch,ec2_cpu_utilization_825cc2,A_rolling_zscore,train,0.02,3.252027398215149,3182,62,0.01948460087994972,11.04861111111111,0.24193548387096775,0.043731778425655975,0.07407407407407407,15,47,328,2792,0.18075801749271136,0.8794871794871795,1.0,0.9358799454297407,343,47,0,1,1,1.0,60,14,46,0.23333333333333334,4.1634192331866755,5.4305468258956635,125.0,0.07309941520467836,-3.5010349432419576,-1.0,1.0,-125.05174716209788,-7.99616171699739,-1.0,1.0,-349.8080858498695,-3.5010349432419576,-2.0,1.0,-50.03449810806526,1,46,0,-3.5247783446675682,-1.0,1.0,47
realAWSCloudwatch/ec2_cpu_utilization_825cc2.csv,realAWSCloudwatch,ec2_cpu_utilization_825cc2,A_rolling_zscore,budget,0.05,2.4624360202606654,3182,159,0.04996857322438718,11.04861111111111,0.16981132075471697,0.07871720116618076,0.10756972111553785,27,132,316,2707,0.46355685131195334,0.7221052631578947,1.0,0.8386308068459658,343,132,0,1,1,1.0,138,23,115,0.16666666666666666,10.408548082966687,12.490257699560026,105.0,0.06140350877192982,-11.001578320600265,-1.0,1.0,-500.07891603001326,-22.99834159134462,-1.0,1.0,-1099.917079567231,-11.001578320600265,-2.0,1.0,-300.0526106866755,1,115,0,-12.658830914975008,-1.0,1.0,132
realAWSCloudwatch/ec2_cpu_utilization_825cc2.csv,realAWSCloudwatch,ec2_cpu_utilization_825cc2,A_rolling_zscore,train,0.05,2.4607988603963618,3182,160,0.0502828409805154,11.04861111111111,0.16875,0.07871720116618076,0.10735586481113321,27,133,316,2706,0.46647230320699706,0.7205882352941176,1.0,0.8376068376068375,343,133,0,1,1,1.0,138,23,115,0.16666666666666666,10.408548082966687,12.490257699560026,105.0,0.06140350877192982,-11.001578320600265,-1.0,1.0,-500.07891603001326,-22.99834159134462,-1.0,1.0,-1099.917079567231,-11.001578320600265,-2.0,1.0,-300.0526106866755,1,115,0,-12.768830914975007,-1.0,1.0,133
realAWSCloudwatch/ec2_cpu_utilization_825cc2.csv,realAWSCloudwatch,ec2_cpu_utilization_825cc2,B_iforest_raw,budget,0.0005,0.7843542688906779,3182,1,0.00031426775612822125,11.04861111111111,0.0,0.0,0.0,0,1,343,2838,0.0029154518950437317,0.0,0.0,0.0,0,1,343,1,0,0.0,1,0,1,0.0,0.09050911376492772,0.09050911376492772,,,-1.11,-1.0,1.0,-5.500000000000005,-1.22,-1.0,1.0,-10.999999999999998,-2.11,-2.0,1.0,-3.6666666666666625,0,1,1,-1.11,-1.0,1.0,1
realAWSCloudwatch/ec2_cpu_utilization_825cc2.csv,realAWSCloudwatch,ec2_cpu_utilization_825cc2,B_iforest_raw,train,0.0005,0.7765328477224764,3182,276,0.08673790069138906,11.04861111111111,0.4057971014492754,0.32653061224489793,0.3618739903069467,112,164,231,2675,0.8046647230320699,0.6765285996055227,1.0,0.8070588235294117,343,164,0,1,1,1.0,93,6,87,0.06451612903225806,7.874292897548711,8.417347580138278,500.0,0.29239766081871343,-8.115455038720052,-1.0,1.0,-355.7727519360026,-17.18744791772366,-1.0,1.0,-809.372395886183,-8.115455038720052,-2.0,1.0,-203.8485012906684,1,87,0,-13.262182738103492,-1.0,1.0,164
realAWSCloudwatch/ec2_cpu_utilization_825cc2.csv,realAWSCloudwatch,ec2_cpu_utilization_825cc2,B_iforest_raw,budget,0.001,0.7843542688906779,3182,3,0.0009428032683846638,11.04861111111111,0.6666666666666666,0.0058309037900874635,0.011560693641618498,2,1,341,2838,0.008746355685131196,0.997093023255814,1.0,0.9985443959243085,343,1,0,1,1,1.0,2,1,1,0.5,0.09050911376492772,0.18101822752985544,500.0,0.29239766081871343,0.8465378402835625,-1.0,1.0,92.32689201417811,0.7365378402835625,-1.0,1.0,86.82689201417813,0.8465378402835625,-2.0,1.0,94.88459467611875,1,1,0,0.8465378402835625,-1.0,1.0,1
realAWSCloudwatch/ec2_cpu_utilization_825cc2.csv,realAWSCloudwatch,ec2_cpu_utilization_825cc2,B_iforest_raw,train,0.001,0.7687114265542718,3182,306,0.0961659333752357,11.04861111111111,0.3660130718954248,0.32653061224489793,0.3451463790446841,112,194,231,2645,0.892128279883382,0.638733705772812,1.0,0.7795454545454545,343,194,0,1,1,1.0,107,6,101,0.056074766355140186,9.1414204902577,9.684475172847266,500.0,0.29239766081871343,-9.654789985880011,-1.0,1.0,-432.73949929400055,-20.266117812043575,-1.0,1.0,-963.3058906021788,-9.654789985880011,-2.0,1.0,-255.15966619600036,1,101,0,-16.50569023138967,-1.0,1.0,194
realAWSCloudwatch/ec2_cpu_utilization_825cc2.csv,realAWSCloudwatch,ec2_cpu_utilization_825cc2,B_iforest_raw,budget,0.002,0.7843542688906779,3182,6,0.0018856065367693275,11.04861111111111,0.8333333333333334,0.014577259475218658,0.028653295128939826,5,1,338,2838,0.01749271137026239,0.997093023255814,1.0,0.9985443959243085,343,1,0,1,1,1.0,3,2,1,0.6666666666666666,0.09050911376492772,0.2715273412947832,500.0,0.29239766081871343,0.8465378402835625,-1.0,1.0,92.32689201417811,0.7365378402835625,-1.0,1.0,86.82689201417813,0.8465378402835625,-2.0,1.0,94.88459467611875,1,1,0,0.8465378402835625,-1.0,1.0,1
realAWSCloudwatch/ec2_cpu_utilization_825cc2.csv,realAWSCloudwatch,ec2_cpu_utilization_825cc2,B_iforest_raw,train,0.002,0.7534688757148013,3182,428,0.1345065996228787,11.04861111111111,0.26869158878504673,0.33527696793002915,0.29831387808041504,115,313,228,2526,1.0,0.5228658536585366,1.0,0.6866866866866866,343,313,0,1,1,1.0,131,8,123,0.061068702290076333,11.13262099308611,11.856693903205532,430.0,0.25146198830409355,-12.096326263344288,-1.0,1.0,-554.8163131672144,-25.15947548046454,-1.0,1.0,-1207.973774023227,-12.096326263344288,-2.0,1.0,-336.54420877814294,1,123,0,-29.27169245234633,-1.0,1.0,313
realAWSCloudwatch/ec2_cpu_utilization_825cc2.csv,realAWSCloudwatch,ec2_cpu_utilization_825cc2,B_iforest_raw,budget,0.005,0.7843542688906779,3182,15,0.004714016341923318,11.04861111111111,0.9333333333333333,0.04081632653061224,0.07821229050279328,14,1,329,2838,0.043731778425655975,0.997093023255814,1.0,0.9985443959243085,343,1,0,1,1,1.0,7,6,1,0.8571428571428571,0.09050911376492772,0.633563796354494,500.0,0.29239766081871343,0.8465378402835625,-1.0,1.0,92.32689201417811,0.7365378402835625,-1.0,1.0,86.82689201417813,0.8465378402835625,-2.0,1.0,94.88459467611875,1,1,0,0.8465378402835625,-1.0,1.0,1
realAWSCloudwatch/ec2_cpu_utilization_825cc2.csv,realAWSCloudwatch,ec2_cpu_utilization_825cc2,B_iforest_raw,train,0.005,0.7308779824487297,3182,541,0.17001885606536768,11.04861111111111,0.21256931608133087,0.33527696793002915,0.2601809954751131,115,426,228,2413,1.0,0.4460338101430429,1.0,0.6169064748201439,343,426,0,1,1,1.0,137,8,129,0.058394160583941604,11.675675675675675,12.399748585795098,430.0,0.25146198830409355,-12.718617717932421,-1.0,1.0,-585.930885896621,-26.404058389640802,-1.0,1.0,-1270.2029194820402,-12.718617717932421,-2.0,1.0,-357.287257264414,1,129,0,-41.35317068172369,-1.0,1.0,426
realAWSCloudwatch/ec2_cpu_utilization_825cc2.csv,realAWSCloudwatch,ec2_cpu_utilization_825cc2,B_iforest_raw,budget,0.01,0.7843542688906779,3182,31,0.00974230043997486,11.04861111111111,0.967741935483871,0.08746355685131195,0.160427807486631,30,1,313,2838,0.09037900874635568,0.997093023255814,1.0,0.9985443959243085,343,1,0,1,1,1.0,7,6,1,0.8571428571428571,0.09050911376492772,0.633563796354494,500.0,0.29239766081871343,0.8465378402835625,-1.0,1.0,92.32689201417811,0.7365378402835625,-1.0,1.0,86.82689201417813,0.8465378402835625,-2.0,1.0,94.88459467611875,1,1,0,0.8465378402835625,-1.0,1.0,1
realAWSCloudwatch/ec2_cpu_utilization_825cc2.csv,realAWSCloudwatch,ec2_cpu_utilization_825cc2,B_iforest_raw,train,0.01,0.7024005844622335,3182,667,0.20961659333752358,11.04861111111111,0.18140929535232383,0.35276967930029157,0.23960396039603962,121,546,222,2293,1.0,0.3858267716535433,1.0,0.5568181818181818,343,546,0,1,1,1.0,144,9,135,0.0625,12.218730358265242,13.033312382149592,430.0,0.25146198830409355,-13.409497900949887,-1.0,1.0,-620.4748950474943,-27.785818755675738,-1.0,1.0,-1339.2909377837868,-13.409497900949887,-2.0,1.0,-380.31659669832953,1,135,0,-54.28400968639485,-1.0,1.0,546
realAWSCloudwatch/ec2_cpu_utilization_825cc2.csv,realAWSCloudwatch,ec2_cpu_utilization_825cc2,B_iforest_raw,budget,0.02,0.7843542688906779,3182,63,0.019798868636077938,11.04861111111111,0.9841269841269841,0.18075801749271136,0.3054187192118226,62,1,281,2838,0.1836734693877551,0.997093023255814,1.0,0.9985443959243085,343,1,0,1,1,1.0,7,6,1,0.8571428571428571,0.09050911376492772,0.633563796354494,500.0,0.29239766081871343,0.8465378402835625,-1.0,1.0,92.32689201417811,0.7365378402835625,-1.0,1.0,86.82689201417813,0.8465378402835625,-2.0,1.0,94.88459467611875,1,1,0,0.8465378402835625,-1.0,1.0,1
realAWSCloudwatch/ec2_cpu_utilization_825cc2.csv,realAWSCloudwatch,ec2_cpu_utilization_825cc2,B_iforest_raw,train,0.02,0.644915976794469,3182,852,0.2677561282212445,11.04861111111111,0.15375586854460094,0.3819241982507289,0.21924686192468618,131,721,212,2118,1.0,0.3223684210526316,1.0,0.48756218905472637,343,721,0,1,1,1.0,151,6,145,0.039735099337748346,13.12382149591452,13.666876178504086,415.0,0.24269005847953215,-14.558778171371157,-1.0,1.0,-677.9389085685578,-30.086335263911668,-1.0,1.0,-1454.3167631955835,-14.558778171371157,-2.0,1.0,-418.62593904570525,1,145,0,-73.32170834563986,-1.0,1.0,721
realAWSCloudwatch/ec2_cpu_utilization_825cc2.csv,realAWSCloudwatch,ec2_cpu_utilization_825cc2,B_iforest_raw,budget,0.05,0.7843542688906779,3182,159,0.04996857322438718,11.04861111111111,0.6981132075471698,0.3236151603498542,0.44223107569721115,111,48,232,2791,0.46355685131195334,0.8772378516624041,1.0,0.9346049046321525,343,48,0,1,1,1.0,17,6,11,0.35294117647058826,0.9956002514142049,1.5386549340037712,500.0,0.29239766081871343,0.12977875791578863,-1.0,1.0,56.488937895789434,-0.6969803244519849,-1.0,1.0,15.150983777400755,0.12977875791578863,-2.0,1.0,70.99262526385962,1,11,0,-0.7307573317433339,-1.0,1.0,48
realAWSCloudwatch/ec2_cpu_utilization_825cc2.csv,realAWSCloudwatch,ec2_cpu_utilization_825cc2,B_iforest_raw,train,0.05,0.6025050543625471,3182,1076,0.3381521055939661,11.04861111111111,0.13104089219330856,0.4110787172011662,0.19873150105708248,141,935,202,1904,1.0,0.2683881064162754,1.0,0.4231955582973473,343,935,0,1,1,1.0,145,9,136,0.06206896551724138,12.30923947203017,13.12382149591452,20.0,0.011695906432748537,-13.520441817546276,-1.0,1.0,-626.0220908773138,-28.040074796509927,-1.0,1.0,-1352.0037398254963,-13.520441817546276,-2.0,1.0,-384.0147272515425,1,136,0,-95.69871952527073,-1.0,1.0,935
realAWSCloudwatch/ec2_cpu_utilization_825cc2.csv,realAWSCloudwatch,ec2_cpu_utilization_825cc2,C_iforest_contextual,budget,0.0005,0.7180271495739629,3182,1,0.00031426775612822125,11.04861111111111,0.0,0.0,0.0,0,1,343,2838,0.0029154518950437317,0.0,0.0,0.0,0,1,343,1,0,0.0,1,0,1,0.0,0.09050911376492772,0.09050911376492772,,,-1.0024118940736975,-1.0,1.0,-0.12059470368487313,-1.004823788147395,-1.0,1.0,-0.24118940736974626,-2.0024118940736977,-2.0,1.0,-0.08039646912325615,0,1,1,-1.0024118940736975,-1.0,1.0,1
realAWSCloudwatch/ec2_cpu_utilization_825cc2.csv,realAWSCloudwatch,ec2_cpu_utilization_825cc2,C_iforest_contextual,train,0.0005,0.6778651581162857,3182,28,0.008799497171590195,11.04861111111111,0.5714285714285714,0.04664723032069971,0.08625336927223719,16,12,327,2827,0.08163265306122448,0.9661971830985916,1.0,0.9828080229226361,343,12,0,1,1,1.0,22,12,10,0.5454545454545454,0.9050911376492772,1.9912005028284099,500.0,0.29239766081871343,0.15078091528412318,-1.0,1.0,57.539045764206165,-0.6549760097153166,-1.0,1.0,17.251199514234173,0.15078091528412318,-2.0,1.0,71.69269717613744,1,10,0,0.1040619404456846,-1.0,1.0,12
realAWSCloudwatch/ec2_cpu_utilization_825cc2.csv,realAWSCloudwatch,ec2_cpu_utilization_825cc2,C_iforest_contextual,budget,0.001,0.7175264336030204,3182,3,0.0009428032683846638,11.04861111111111,0.6666666666666666,0.0058309037900874635,0.011560693641618498,2,1,341,2838,0.008746355685131196,0.997093023255814,1.0,0.9985443959243085,343,1,0,1,1,1.0,3,2,1,0.6666666666666666,0.09050911376492772,0.2715273412947832,1305.0,0.7631578947368421,0.5402397104553848,-1.0,1.0,77.01198552276924,0.5378278163816872,-1.0,1.0,76.89139081908436,0.5402397104553848,-2.0,1.0,84.67465701517949,1,1,0,0.5402397104553848,-1.0,1.0,1
realAWSCloudwatch/ec2_cpu_utilization_825cc2.csv,realAWSCloudwatch,ec2_cpu_utilization_825cc2,C_iforest_contextual,train,0.001,0.6728169988550052,3182,30,0.009428032683846637,11.04861111111111,0.5333333333333333,0.04664723032069971,0.08579088471849866,16,14,327,2825,0.08746355685131195,0.9607843137254902,1.0,0.98,343,14,0,1,1,1.0,23,12,11,0.5217391304347826,0.9956002514142049,2.0817096165933378,500.0,0.29239766081871343,0.040780915284123184,-1.0,1.0,52.03904576420616,-0.8749760097153165,-1.0,1.0,6.251199514234173,0.040780915284123184,-2.0,1.0,68.02603050947077,1,11,0,-0.009153517508701442,-1.0,1.0,14
realAWSCloudwatch/ec2_cpu_utilization_825cc2.csv,realAWSCloudwatch,ec2_cpu_utilization_825cc2,C_iforest_contextual,budget,0.002,0.7165499128904258,3182,6,0.0018856065367693275,11.04861111111111,0.8333333333333334,0.014577259475218658,0.028653295128939826,5,1,338,2838,0.01749271137026239,0.997093023255814,1.0,0.9985443959243085,343,1,0,1,1,1.0,6,5,1,0.8333333333333334,0.09050911376492772,0.5430546825895664,1210.0,0.7076023391812866,0.632906710866067,-1.0,1.0,81.64533554330336,0.6304948167923694,-1.0,1.0,81.52474083961847,0.632906710866067,-2.0,1.0,87.7635570288689,1,1,0,0.632906710866067,-1.0,1.0,1
realAWSCloudwatch/ec2_cpu_utilization_825cc2.csv,realAWSCloudwatch,ec2_cpu_utilization_825cc2,C_iforest_contextual,train,0.002,0.6626992721302519,3182,44,0.013827781269641735,11.04861111111111,0.4772727272727273,0.061224489795918366,0.10852713178294573,21,23,322,2816,0.1282798833819242,0.9371584699453552,1.0,0.9675599435825106,343,23,0,1,1,1.0,31,13,18,0.41935483870967744,1.629164047768699,2.8057825267127594,430.0,0.25146198830409355,-0.6256876189300956,-1.0,1.0,18.71561905349522,-2.218198191636159,-1.0,1.0,-60.90990958180795,-0.6256876189300956,-2.0,1.0,45.81041270233015,1,18,0,-0.7984284954888865,-1.0,1.0,23
realAWSCloudwatch/ec2_cpu_utilization_825cc2.csv,realAWSCloudwatch,ec2_cpu_utilization_825cc2,C_iforest_contextual,budget,0.005,0.694438619806467,3182,15,0.004714016341923318,11.04861111111111,0.6666666666666666,0.029154518950437316,0.055865921787709494,10,5,333,2834,0.043731778425655975,0.985632183908046,1.0,0.9927641099855282,343,5,0,1,1,1.0,13,9,4,0.6923076923076923,0.3620364550597109,1.1766184789440604,570.0,0.3333333333333333,0.7982109845636858,-1.0,1.0,89.9105492281843,0.6523528488043163,-1.0,1.0,82.6176424402158,0.7982109845636858,-2.0,1.0,93.27369948545619,1,4,0,0.7752354111508578,-1.0,1.0,5
realAWSCloudwatch/ec2_cpu_utilization_825cc2.csv,realAWSCloudwatch,ec2_cpu_utilization_825cc2,C_iforest_contextual,train,0.005,0.6432237156988013,3182,110,0.034569453174104335,11.04861111111111,0.35454545454545455,0.11370262390670553,0.17218543046357615,39,71,304,2768,0.3206997084548105,0.8285024154589372,1.0,0.9062087186261558,343,71,0,1,1,1.0,62,13,49,0.20967741935483872,4.434946574481458,5.611565053425519,430.0,0.25146198830409355,-3.682745013576928,-1.0,1.0,-134.1372506788464,-8.332312980929826,-1.0,1.0,-366.6156490464913,-3.682745013576928,-2.0,1.0,-56.091500452564276,1,49,0,-5.549069244048936,-1.0,1.0,71
realAWSCloudwatch/ec2_cpu_utilization_825cc2.csv,realAWSCloudwatch,ec2_cpu_utilization_825cc2,C_iforest_contextual,budget,0.01,0.6702374797380874,3182,31,0.00974230043997486,11.04861111111111,0.5161290322580645,0.04664723032069971,0.0855614973262032,16,15,327,2824,0.09037900874635568,0.9581005586592178,1.0,0.9786019971469329,343,15,0,1,1,1.0,24,12,12,0.5,1.0861093651791327,2.1722187303582654,500.0,0.29239766081871343,-0.06921908471587682,-1.0,1.0,46.53904576420616,-1.0949760097153165,-1.0,1.0,-4.748800485765825,-0.06921908471587682,-2.0,1.0,64.3593638428041,1,12,0,-0.11915351750870144,-1.0,1.0,15
realAWSCloudwatch/ec2_cpu_utilization_825cc2.csv,realAWSCloudwatch,ec2_cpu_utilization_825cc2,C_iforest_contextual,train,0.01,0.6321736601478273,3182,155,0.048711502199874294,11.04861111111111,0.3096774193548387,0.13994169096209913,0.1927710843373494,48,107,295,2732,0.4518950437317784,0.7622222222222222,1.0,0.8650693568726355,343,107,0,1,1,1.0,86,17,69,0.19767441860465115,6.245128849780013,7.783783783783784,430.0,0.25146198830409355,-5.960404929964515,-1.0,1.0,-248.02024649822573,-12.887632813705002,-1.0,1.0,-594.3816406852501,-5.960404929964515,-2.0,1.0,-132.0134976654838,1,69,0,-9.234274894050133,-1.0,1.0,107
realAWSCloudwatch/ec2_cpu_utilization_825cc2.csv,realAWSCloudwatch,ec2_cpu_utilization_825cc2,C_iforest_contextual,budget,0.02,0.6550989696901109,3182,63,0.019798868636077938,11.04861111111111,0.47619047619047616,0.08746355685131195,0.1477832512315271,30,33,313,2806,0.1836734693877551,0.9122340425531915,1.0,0.9541029207232268,343,33,0,1,1,1.0,39,13,26,0.3333333333333333,2.3532369578881207,3.529855436832181,430.0,0.25146198830409355,-1.3899742964812083,-1.0,1.0,-19.498714824060414,-3.746771546738385,-1.0,1.0,-137.33857733691926,-1.3899742964812083,-2.0,1.0,20.33419011729306,1,26,0,-1.6949205702276653,-1.0,1.0,33
realAWSCloudwatch/ec2_cpu_utilization_825cc2.csv,realAWSCloudwatch,ec2_cpu_utilization_825cc2,C_iforest_contextual,train,0.02,0.5933503005613229,3182,487,0.15304839723444374,11.04861111111111,0.2751540041067762,0.39067055393586003,0.3228915662650602,134,353,209,2486,1.0,0.492816091954023,1.0,0.6602502406159769,343,353,0,1,1,1.0,140,11,129,0.07857142857142857,11.675675675675675,12.671275927089882,245.0,0.14327485380116958,-12.83115258667299,-1.0,1.0,-591.5576293336495,-26.64835024479414,-1.0,1.0,-1282.417512239707,-12.83115258667299,-2.0,1.0,-361.0384195557663,1,129,0,-32.06580319798776,-1.0,1.0,353
realAWSCloudwatch/ec2_cpu_utilization_825cc2.csv,realAWSCloudwatch,ec2_cpu_utilization_825cc2,C_iforest_contextual,budget,0.05,0.6310492302981041,3182,159,0.04996857322438718,11.04861111111111,0.3018867924528302,0.13994169096209913,0.19123505976095617,48,111,295,2728,0.46355685131195334,0.7555066079295154,1.0,0.8607277289836889,343,111,0,1,1,1.0,87,17,70,0.19540229885057472,6.335637963544941,7.874292897548711,430.0,0.25146198830409355,-6.070404929964515,-1.0,1.0,-253.52024649822576,-13.107632813705003,-1.0,1.0,-605.3816406852501,-6.070404929964515,-2.0,1.0,-135.6801643321505,1,70,0,-9.640593892266855,-1.0,1.0,111
realAWSCloudwatch/ec2_cpu_utilization_825cc2.csv,realAWSCloudwatch,ec2_cpu_utilization_825cc2,C_iforest_contextual,train,0.05,0.5645738096548055,3182,898,0.2822124450031427,11.04861111111111,0.17037861915367483,0.446064139941691,0.2465753424657534,153,745,190,2094,1.0,0.31525735294117646,1.0,0.47938504542278126,343,745,0,1,1,1.0,163,12,151,0.0736196319018405,13.666876178504086,14.752985543683218,20.0,0.011695906432748537,-15.351139424248192,-1.0,1.0,-717.5569712124096,-31.70147000991376,-1.0,1.0,-1535.073500495688,-15.351139424248192,-2.0,1.0,-445.03798080827306,1,151,0,-72.57292681399275,-1.0,1.0,745
realAWSCloudwatch/ec2_cpu_utilization_ac20cd.csv,realAWSCloudwatch,ec2_cpu_utilization_ac20cd,A_rolling_zscore,budget,0.0005,5.875169271927462,3182,1,0.00031426775612822125,11.0625,1.0,0.0024813895781637717,0.0049504950495049506,1,0,402,2779,0.0024813895781637717,1.0,1.0,1.0,403,0,0,1,1,1.0,1,1,0,1.0,0.0,0.0903954802259887,955.0,0.47160493827160493,0.8773127770158184,-1.0,1.0,93.86563885079092,0.8773127770158184,-1.0,1.0,93.86563885079092,0.8773127770158184,-2.0,1.0,95.91042590052729,1,0,0,0.8773127770158184,-1.0,1.0,0
realAWSCloudwatch/ec2_cpu_utilization_ac20cd.csv,realAWSCloudwatch,ec2_cpu_utilization_ac20cd,A_rolling_zscore,train,0.0005,38.8475545943961,3182,0,0.0,11.0625,0.0,0.0,0.0,0,0,403,2779,0.0,0.0,0.0,0.0,0,0,403,1,0,0.0,0,0,0,,0.0,0.0,,,-1.0,-1.0,1.0,0.0,-1.0,-1.0,1.0,0.0,-2.0,-2.0,1.0,0.0,0,0,1,-1.0,-1.0,1.0,0
realAWSCloudwatch/ec2_cpu_utilization_ac20cd.csv,realAWSCloudwatch,ec2_cpu_utilization_ac20cd,A_rolling_zscore,budget,0.001,5.258894448236952,3182,3,0.0009428032683846638,11.0625,1.0,0.007444168734491315,0.01477832512315271,3,0,400,2779,0.007444168734491315,1.0,1.0,1.0,403,0,0,1,1,1.0,3,3,0,1.0,0.0,0.2711864406779661,245.0,0.12098765432098765,0.9887877345520926,-1.0,1.0,99.43938672760463,0.9887877345520926,-1.0,1.0,99.43938672760463,0.9887877345520926,-2.0,1.0,99.62625781840308,1,0,0,0.9887877345520926,-1.0,1.0,0
realAWSCloudwatch/ec2_cpu_utilization_ac20cd.csv,realAWSCloudwatch,ec2_cpu_utilization_ac20cd,A_rolling_zscore,train,0.001,27.695109188787672,3182,0,0.0,11.0625,0.0,0.0,0.0,0,0,403,2779,0.0,0.0,0.0,0.0,0,0,403,1,0,0.0,0,0,0,,0.0,0.0,,,-1.0,-1.0,1.0,0.0,-1.0,-1.0,1.0,0.0,-2.0,-2.0,1.0,0.0,0,0,1,-1.0,-1.0,1.0,0
realAWSCloudwatch/ec2_cpu_utilization_ac20cd.csv,realAWSCloudwatch,ec2_cpu_utilization_ac20cd,A_rolling_zscore,budget,0.002,4.884559435114392,3182,6,0.0018856065367693275,11.0625,0.5,0.007444168734491315,0.01466992665036675,3,3,400,2776,0.01488833746898263,0.9926108374384236,1.0,0.996291718170581,403,3,0,1,1,1.0,6,3,3,0.5,0.2711864406779661,0.5423728813559322,245.0,0.12098765432098765,0.6587877345520926,-1.0,1.0,82.93938672760464,0.32878773455209265,-1.0,1.0,66.43938672760463,0.6587877345520926,-2.0,1.0,88.62625781840309,1,3,0,0.6587877345520926,-1.0,1.0,3
realAWSCloudwatch/ec2_cpu_utilization_ac20cd.csv,realAWSCloudwatch,ec2_cpu_utilization_ac20cd,A_rolling_zscore,train,0.002,9.750162243868962,3182,1,0.00031426775612822125,11.0625,1.0,0.0024813895781637717,0.0049504950495049506,1,0,402,2779,0.0024813895781637717,1.0,1.0,1.0,403,0,0,1,1,1.0,1,1,0,1.0,0.0,0.0903954802259887,955.0,0.47160493827160493,0.8773127770158184,-1.0,1.0,93.86563885079092,0.8773127770158184,-1.0,1.0,93.86563885079092,0.8773127770158184,-2.0,1.0,95.91042590052729,1,0,0,0.8773127770158184,-1.0,1.0,0
realAWSCloudwatch/ec2_cpu_utilization_ac20cd.csv,realAWSCloudwatch,ec2_cpu_utilization_ac20cd,A_rolling_zscore,budget,0.005,4.127672146090075,3182,15,0.004714016341923318,11.0625,0.4,0.01488833746898263,0.028708133971291867,6,9,397,2770,0.03722084367245657,0.9781553398058253,1.0,0.9889570552147239,403,9,0,1,1,1.0,15,6,9,0.4,0.8135593220338984,1.3559322033898304,245.0,0.12098765432098765,0.08000185957450562,-1.0,1.0,54.00009297872528,-0.8287840154030814,-1.0,1.0,8.560799229845928,0.08000185957450562,-2.0,1.0,69.33339531915018,1,9,0,0.08000185957450562,-1.0,1.0,9
realAWSCloudwatch/ec2_cpu_utilization_ac20cd.csv,realAWSCloudwatch,ec2_cpu_utilization_ac20cd,A_rolling_zscore,train,0.005,5.61445588165423,3182,2,0.0006285355122564425,11.0625,1.0,0.004962779156327543,0.009876543209876543,2,0,401,2779,0.004962779156327543,1.0,1.0,1.0,403,0,0,1,1,1.0,2,2,0,1.0,0.0,0.1807909604519774,955.0,0.47160493827160493,0.8773127770158184,-1.0,1.0,93.86563885079092,0.8773127770158184,-1.0,1.0,93.86563885079092,0.8773127770158184,-2.0,1.0,95.91042590052729,1,0,0,0.8773127770158184,-1.0,1.0,0
realAWSCloudwatch/ec2_cpu_utilization_ac20cd.csv,realAWSCloudwatch,ec2_cpu_utilization_ac20cd,A_rolling_zscore,budget,0.01,3.616952714497805,3182,31,0.00974230043997486,11.0625,0.25806451612903225,0.019851116625310174,0.0368663594470046,8,23,395,2756,0.07692307692307693,0.9460093896713615,1.0,0.9722557297949337,403,23,0,1,1,1.0,31,8,23,0.25806451612903225,2.07909604519774,2.8022598870056497,245.0,0.12098765432098765,-1.3645165613833268,-1.0,1.0,-18.22582806916634,-3.7178208573187472,-1.0,1.0,-135.89104286593735,-1.3645165613833268,-2.0,1.0,21.18278128722244,1,23,0,-1.3645165613833268,-1.0,1.0,23
realAWSCloudwatch/ec2_cpu_utilization_ac20cd.csv,realAWSCloudwatch,ec2_cpu_utilization_ac20cd,A_rolling_zscore,train,0.01,3.728824470316057,3182,26,0.008170961659333752,11.0625,0.2692307692307692,0.017369727047146403,0.03263403263403264,7,19,396,2760,0.06451612903225806,0.9549763033175356,1.0,0.9769696969696969,403,19,0,1,1,1.0,26,7,19,0.2692307692307692,1.7175141242937852,2.3502824858757063,245.0,0.12098765432098765,-0.9443202030032086,-1.0,1.0,2.7839898498395685,-2.87742814055851,-1.0,1.0,-93.87140702792549,-0.9443202030032086,-2.0,1.0,35.18932656655971,1,19,0,-0.9443202030032086,-1.0,1.0,19
realAWSCloudwatch/ec2_cpu_utilization_ac20cd.csv,realAWSCloudwatch,ec2_cpu_utilization_ac20cd,A_rolling_zscore,budget,0.02,3.0473421999871233,3182,63,0.019798868636077938,11.0625,0.1746031746031746,0.02729528535980149,0.04721030042918455,11,52,392,2727,0.15632754342431762,0.8857142857142857,1.0,0.9393939393939393,403,52,0,1,1,1.0,58,10,48,0.1724137931034483,4.338983050847458,5.242937853107344,245.0,0.12098765432098765,-3.945474169643191,-1.0,1.0,-147.27370848215955,-8.87973607383847,-1.0,1.0,-393.9868036919235,-3.945474169643191,-2.0,1.0,-64.84913898810636,1,48,0,-4.38547416964319,-1.0,1.0,52
realAWSCloudwatch/ec2_cpu_utilization_ac20cd.csv,realAWSCloudwatch,ec2_cpu_utilization_ac20cd,A_rolling_zscore,train,0.02,3.260449020602947,3182,53,0.016656191074795726,11.0625,0.18867924528301888,0.02481389578163772,0.043859649122807015,10,43,393,2736,0.1315136476426799,0.9035874439461884,1.0,0.9493521790341579,403,43,0,1,1,1.0,49,9,40,0.1836734693877551,3.615819209039548,4.429378531073446,245.0,0.12098765432098765,-3.0905159683562857,-1.0,1.0,-104.52579841781429,-7.169819671264663,-1.0,1.0,-308.49098356323316,-3.0905159683562857,-2.0,1.0,-36.35053227854286,1,40,0,-3.4205159683562854,-1.0,1.0,43
realAWSCloudwatch/ec2_cpu_utilization_ac20cd.csv,realAWSCloudwatch,ec2_cpu_utilization_ac20cd,A_rolling_zscore,budget,0.05,2.3787352453883193,3182,159,0.04996857322438718,11.0625,0.13836477987421383,0.05459057071960298,0.07829181494661923,22,137,381,2642,0.3945409429280397,0.7462962962962963,1.0,0.8547189819724283,403,137,0,1,1,1.0,135,19,116,0.14074074074074075,10.485875706214689,12.203389830508474,245.0,0.12098765432098765,-11.266611349117047,-1.0,1.0,-513.3305674558524,-23.522010432786182,-1.0,1.0,-1126.1005216393091,-11.266611349117047,-2.0,1.0,-308.88704497056824,1,116,0,-13.44997047974518,-1.0,1.0,137
realAWSCloudwatch/ec2_cpu_utilization_ac20cd.csv,realAWSCloudwatch,ec2_cpu_utilization_ac20cd,A_rolling_zscore,train,0.05,2.5135240772440692,3182,128,0.04022627278441232,11.0625,0.15625,0.04962779156327544,0.07532956685499059,20,108,383,2671,0.3176178660049628,0.7886497064579256,1.0,0.8818380743982495,403,108,0,1,1,1.0,109,17,92,0.1559633027522936,8.31638418079096,9.853107344632768,245.0,0.12098765432098765,-8.731825814486848,-1.0,1.0,-386.5912907243424,-18.452439363525784,-1.0,1.0,-872.6219681762892,-8.731825814486848,-2.0,1.0,-224.39419381622827,1,92,0,-10.365184945114983,-1.0,1.0,108
realAWSCloudwatch/ec2_cpu_utilization_ac20cd.csv,realAWSCloudwatch,ec2_cpu_utilization_ac20cd,B_iforest_raw,budget,0.0005,0.7998960606250983,3182,1,0.00031426775612822125,11.0625,1.0,0.0024813895781637717,0.0049504950495049506,1,0,402,2779,0.0024813895781637717,1.0,1.0,1.0,403,0,0,1,1,1.0,1,1,0,1.0,0.0,0.0903954802259887,1020.0,0.5037037037037037,0.8606718242697022,-1.0,1.0,93.03359121348511,0.8606718242697022,-1.0,1.0,93.03359121348511,0.8606718242697022,-2.0,1.0,95.35572747565675,1,0,0,0.8606718242697022,-1.0,1.0,0
realAWSCloudwatch/ec2_cpu_utilization_ac20cd.csv,realAWSCloudwatch,ec2_cpu_utilization_ac20cd,B_iforest_raw,train,0.0005,0.7831704683457846,3182,458,0.14393463230672532,11.0625,0.4432314410480349,0.5037220843672456,0.47154471544715443,203,255,200,2524,1.0,0.6124620060790273,1.0,0.7596606974552309,403,255,0,1,1,1.0,2,2,0,1.0,0.0,0.1807909604519774,975.0,0.48148148148148145,0.8757274094930131,-1.0,1.0,93.78637047465065,0.8757274094930131,-1.0,1.0,93.78637047465065,0.8757274094930131,-2.0,1.0,95.85758031643377,1,0,0,-15.691019972973924,-1.0,1.0,255
realAWSCloudwatch/ec2_cpu_utilization_ac20cd.csv,realAWSCloudwatch,ec2_cpu_utilization_ac20cd,B_iforest_raw,budget,0.001,0.7998960606250983,3182,3,0.0009428032683846638,11.0625,1.0,0.007444168734491315,0.01477832512315271,3,0,400,2779,0.007444168734491315,1.0,1.0,1.0,403,0,0,1,1,1.0,1,1,0,1.0,0.0,0.0903954802259887,1020.0,0.5037037037037037,0.8606718242697022,-1.0,1.0,93.03359121348511,0.8606718242697022,-1.0,1.0,93.03359121348511,0.8606718242697022,-2.0,1.0,95.35572747565675,1,0,0,0.8606718242697022,-1.0,1.0,0
realAWSCloudwatch/ec2_cpu_utilization_ac20cd.csv,realAWSCloudwatch,ec2_cpu_utilization_ac20cd,B_iforest_raw,train,0.001,0.7664448760664642,3182,459,0.14424890006285354,11.0625,0.4444444444444444,0.5062034739454094,0.4733178654292343,204,255,199,2524,1.0,0.6124620060790273,1.0,0.7596606974552309,403,255,0,1,1,1.0,3,3,0,1.0,0.0,0.2711864406779661,955.0,0.47160493827160493,0.8773127770158184,-1.0,1.0,93.86563885079092,0.8773127770158184,-1.0,1.0,93.86563885079092,0.8773127770158184,-2.0,1.0,95.91042590052729,1,0,0,-15.689434605451119,-1.0,1.0,255
realAWSCloudwatch/ec2_cpu_utilization_ac20cd.csv,realAWSCloudwatch,ec2_cpu_utilization_ac20cd,B_iforest_raw,budget,0.002,0.7998960606250983,3182,6,0.0018856065367693275,11.0625,1.0,0.01488833746898263,0.0293398533007335,6,0,397,2779,0.01488833746898263,1.0,1.0,1.0,403,0,0,1,1,1.0,1,1,0,1.0,0.0,0.0903954802259887,1020.0,0.5037037037037037,0.8606718242697022,-1.0,1.0,93.03359121348511,0.8606718242697022,-1.0,1.0,93.03359121348511,0.8606718242697022,-2.0,1.0,95.35572747565675,1,0,0,0.8606718242697022,-1.0,1.0,0
realAWSCloudwatch/ec2_cpu_utilization_ac20cd.csv,realAWSCloudwatch,ec2_cpu_utilization_ac20cd,B_iforest_raw,train,0.002,0.7395400586941824,3182,459,0.14424890006285354,11.0625,0.4444444444444444,0.5062034739454094,0.4733178654292343,204,255,199,2524,1.0,0.6124620060790273,1.0,0.7596606974552309,403,255,0,1,1,1.0,3,3,0,1.0,0.0,0.2711864406779661,955.0,0.47160493827160493,0.8773127770158184,-1.0,1.0,93.86563885079092,0.8773127770158184,-1.0,1.0,93.86563885079092,0.8773127770158184,-2.0,1.0,95.91042590052729,1,0,0,-15.689434605451119,-1.0,1.0,255
realAWSCloudwatch/ec2_cpu_utilization_ac20cd.csv,realAWSCloudwatch,ec2_cpu_utilization_ac20cd,B_iforest_raw,budget,0.005,0.7998960606250983,3182,15,0.004714016341923318,11.0625,1.0,0.03722084367245657,0.07177033492822966,15,0,388,2779,0.03722084367245657,1.0,1.0,1.0,403,0,0,1,1,1.0,1,1,0,1.0,0.0,0.0903954802259887,1020.0,0.5037037037037037,0.8606718242697022,-1.0,1.0,93.03359121348511,0.8606718242697022,-1.0,1.0,93.03359121348511,0.8606718242697022,-2.0,1.0,95.35572747565675,1,0,0,0.8606718242697022,-1.0,1.0,0
realAWSCloudwatch/ec2_cpu_utilization_ac20cd.csv,realAWSCloudwatch,ec2_cpu_utilization_ac20cd,B_iforest_raw,train,0.005,0.7276047829475846,3182,459,0.14424890006285354,11.0625,0.4444444444444444,0.5062034739454094,0.4733178654292343,204,255,199,2524,1.0,0.6124620060790273,1.0,0.7596606974552309,403,255,0,1,1,1.0,3,3,0,1.0,0.0,0.2711864406779661,955.0,0.47160493827160493,0.8773127770158184,-1.0,1.0,93.86563885079092,0.8773127770158184,-1.0,1.0,93.86563885079092,0.8773127770158184,-2.0,1.0,95.91042590052729,1,0,0,-15.689434605451119,-1.0,1.0,255
realAWSCloudwatch/ec2_cpu_utilization_ac20cd.csv,realAWSCloudwatch,ec2_cpu_utilization_ac20cd,B_iforest_raw,budget,0.01,0.7998960606250983,3182,31,0.00974230043997486,11.0625,1.0,0.07692307692307693,0.14285714285714288,31,0,372,2779,0.07692307692307693,1.0,1.0,1.0,403,0,0,1,1,1.0,1,1,0,1.0,0.0,0.0903954802259887,1020.0,0.5037037037037037,0.8606718242697022,-1.0,1.0,93.03359121348511,0.8606718242697022,-1.0,1.0,93.03359121348511,0.8606718242697022,-2.0,1.0,95.35572747565675,1,0,0,0.8606718242697022,-1.0,1.0,0
realAWSCloudwatch/ec2_cpu_utilization_ac20cd.csv,realAWSCloudwatch,ec2_cpu_utilization_ac20cd,B_iforest_raw,train,0.01,0.6933860222406848,3182,461,0.14487743557511,11.0625,0.44251626898047725,0.5062034739454094,0.4722222222222222,204,257,199,2522,1.0,0.6106060606060606,1.0,0.7582314205079962,403,257,0,1,1,1.0,5,3,2,0.6,0.1807909604519774,0.4519774011299435,955.0,0.47160493827160493,0.6573127770158185,-1.0,1.0,82.86563885079093,0.4373127770158185,-1.0,1.0,71.86563885079093,0.6573127770158185,-2.0,1.0,88.57709256719396,1,2,0,-15.909434605451118,-1.0,1.0,257
realAWSCloudwatch/ec2_cpu_utilization_ac20cd.csv,realAWSCloudwatch,ec2_cpu_utilization_ac20cd,B_iforest_raw,budget,0.02,0.7998960606250983,3182,63,0.019798868636077938,11.0625,1.0,0.15632754342431762,0.2703862660944206,63,0,340,2779,0.15632754342431762,1.0,1.0,1.0,403,0,0,1,1,1.0,1,1,0,1.0,0.0,0.0903954802259887,1020.0,0.5037037037037037,0.8606718242697022,-1.0,1.0,93.03359121348511,0.8606718242697022,-1.0,1.0,93.03359121348511,0.8606718242697022,-2.0,1.0,95.35572747565675,1,0,0,0.8606718242697022,-1.0,1.0,0
realAWSCloudwatch/ec2_cpu_utilization_ac20cd.csv,realAWSCloudwatch,ec2_cpu_utilization_ac20cd,B_iforest_raw,train,0.02,0.6462182761551988,3182,479,0.15053425518541796,11.0625,0.42588726513569936,0.5062034739454094,0.4625850340136054,204,275,199,2504,1.0,0.5943952802359882,1.0,0.7456059204440333,403,275,0,1,1,1.0,23,3,20,0.13043478260869565,1.807909604519774,2.07909604519774,955.0,0.47160493827160493,-1.3226872229841817,-1.0,1.0,-16.134361149209088,-3.5226872229841826,-1.0,1.0,-126.13436114920913,-1.3226872229841817,-2.0,1.0,22.577092567193944,1,20,0,-17.88943460545113,-1.0,1.0,275
realAWSCloudwatch/ec2_cpu_utilization_ac20cd.csv,realAWSCloudwatch,ec2_cpu_utilization_ac20cd,B_iforest_raw,budget,0.05,0.7998960606250983,3182,159,0.04996857322438718,11.0625,1.0,0.3945409429280397,0.5658362989323843,159,0,244,2779,0.3945409429280397,1.0,1.0,1.0,403,0,0,1,1,1.0,1,1,0,1.0,0.0,0.0903954802259887,1020.0,0.5037037037037037,0.8606718242697022,-1.0,1.0,93.03359121348511,0.8606718242697022,-1.0,1.0,93.03359121348511,0.8606718242697022,-2.0,1.0,95.35572747565675,1,0,0,0.8606718242697022,-1.0,1.0,0
realAWSCloudwatch/ec2_cpu_utilization_ac20cd.csv,realAWSCloudwatch,ec2_cpu_utilization_ac20cd,B_iforest_raw,train,0.05,0.5907824248007717,3182,513,0.1612193588937775,11.0625,0.40350877192982454,0.5136476426799007,0.45196506550218335,207,306,196,2473,1.0,0.5684062059238364,1.0,0.7248201438848921,403,306,0,1,1,1.0,55,6,49,0.10909090909090909,4.429378531073446,4.971751412429379,100.0,0.04938271604938271,-4.393788355427109,-1.0,1.0,-169.68941777135544,-9.783788355427113,-1.0,1.0,-439.18941777135564,-4.393788355427109,-2.0,1.0,-79.79294518090363,1,49,0,-21.18053573789406,-1.0,1.0,306
realAWSCloudwatch/ec2_cpu_utilization_ac20cd.csv,realAWSCloudwatch,ec2_cpu_utilization_ac20cd,C_iforest_contextual,budget,0.0005,0.6751338537521864,3182,1,0.00031426775612822125,11.0625,1.0,0.0024813895781637717,0.0049504950495049506,1,0,402,2779,0.0024813895781637717,1.0,1.0,1.0,403,0,0,1,1,1.0,1,1,0,1.0,0.0,0.0903954802259887,1020.0,0.5037037037037037,0.8606718242697022,-1.0,1.0,93.03359121348511,0.8606718242697022,-1.0,1.0,93.03359121348511,0.8606718242697022,-2.0,1.0,95.35572747565675,1,0,0,0.8606718242697022,-1.0,1.0,0
realAWSCloudwatch/ec2_cpu_utilization_ac20cd.csv,realAWSCloudwatch,ec2_cpu_utilization_ac20cd,C_iforest_contextual,train,0.0005,0.7275315172437513,3182,0,0.0,11.0625,0.0,0.0,0.0,0,0,403,2779,0.0,0.0,0.0,0.0,0,0,403,1,0,0.0,0,0,0,,0.0,0.0,,,-1.0,-1.0,1.0,0.0,-1.0,-1.0,1.0,0.0,-2.0,-2.0,1.0,0.0,0,0,1,-1.0,-1.0,1.0,0
realAWSCloudwatch/ec2_cpu_utilization_ac20cd.csv,realAWSCloudwatch,ec2_cpu_utilization_ac20cd,C_iforest_contextual,budget,0.001,0.6689294186762343,3182,3,0.0009428032683846638,11.0625,1.0,0.007444168734491315,0.01477832512315271,3,0,400,2779,0.007444168734491315,1.0,1.0,1.0,403,0,0,1,1,1.0,1,1,0,1.0,0.0,0.0903954802259887,1020.0,0.5037037037037037,0.8606718242697022,-1.0,1.0,93.03359121348511,0.8606718242697022,-1.0,1.0,93.03359121348511,0.8606718242697022,-2.0,1.0,95.35572747565675,1,0,0,0.8606718242697022,-1.0,1.0,0
realAWSCloudwatch/ec2_cpu_utilization_ac20cd.csv,realAWSCloudwatch,ec2_cpu_utilization_ac20cd,C_iforest_contextual,train,0.001,0.70858592716295,3182,0,0.0,11.0625,0.0,0.0,0.0,0,0,403,2779,0.0,0.0,0.0,0.0,0,0,403,1,0,0.0,0,0,0,,0.0,0.0,,,-1.0,-1.0,1.0,0.0,-1.0,-1.0,1.0,0.0,-2.0,-2.0,1.0,0.0,0,0,1,-1.0,-1.0,1.0,0
realAWSCloudwatch/ec2_cpu_utilization_ac20cd.csv,realAWSCloudwatch,ec2_cpu_utilization_ac20cd,C_iforest_contextual,budget,0.002,0.6565864720200957,3182,6,0.0018856065367693275,11.0625,1.0,0.01488833746898263,0.0293398533007335,6,0,397,2779,0.01488833746898263,1.0,1.0,1.0,403,0,0,1,1,1.0,1,1,0,1.0,0.0,0.0903954802259887,1020.0,0.5037037037037037,0.8606718242697022,-1.0,1.0,93.03359121348511,0.8606718242697022,-1.0,1.0,93.03359121348511,0.8606718242697022,-2.0,1.0,95.35572747565675,1,0,0,0.8606718242697022,-1.0,1.0,0
realAWSCloudwatch/ec2_cpu_utilization_ac20cd.csv,realAWSCloudwatch,ec2_cpu_utilization_ac20cd,C_iforest_contextual,train,0.002,0.6773023173272686,3182,2,0.0006285355122564425,11.0625,1.0,0.004962779156327543,0.009876543209876543,2,0,401,2779,0.004962779156327543,1.0,1.0,1.0,403,0,0,1,1,1.0,1,1,0,1.0,0.0,0.0903954802259887,1020.0,0.5037037037037037,0.8606718242697022,-1.0,1.0,93.03359121348511,0.8606718242697022,-1.0,1.0,93.03359121348511,0.8606718242697022,-2.0,1.0,95.35572747565675,1,0,0,0.8606718242697022,-1.0,1.0,0
realAWSCloudwatch/ec2_cpu_utilization_ac20cd.csv,realAWSCloudwatch,ec2_cpu_utilization_ac20cd,C_iforest_contextual,budget,0.005,0.598694986391334,3182,15,0.004714016341923318,11.0625,0.9333333333333333,0.034739454094292806,0.06698564593301436,14,1,389,2778,0.03722084367245657,0.9975247524752475,1.0,0.9987608426270136,403,1,0,1,1,1.0,4,3,1,0.75,0.0903954802259887,0.3615819209039548,955.0,0.47160493827160493,0.7673127770158185,-1.0,1.0,88.36563885079092,0.6573127770158185,-1.0,1.0,82.86563885079093,0.7673127770158185,-2.0,1.0,92.24375923386062,1,1,0,0.7673127770158185,-1.0,1.0,1
realAWSCloudwatch/ec2_cpu_utilization_ac20cd.csv,realAWSCloudwatch,ec2_cpu_utilization_ac20cd,C_iforest_contextual,train,0.005,0.6482675705263906,3182,8,0.00251414204902577,11.0625,1.0,0.019851116625310174,0.038929440389294405,8,0,395,2779,0.019851116625310174,1.0,1.0,1.0,403,0,0,1,1,1.0,1,1,0,1.0,0.0,0.0903954802259887,1020.0,0.5037037037037037,0.8606718242697022,-1.0,1.0,93.03359121348511,0.8606718242697022,-1.0,1.0,93.03359121348511,0.8606718242697022,-2.0,1.0,95.35572747565675,1,0,0,0.8606718242697022,-1.0,1.0,0
realAWSCloudwatch/ec2_cpu_utilization_ac20cd.csv,realAWSCloudwatch,ec2_cpu_utilization_ac20cd,C_iforest_contextual,budget,0.01,0.5795428355856609,3182,31,0.00974230043997486,11.0625,0.5483870967741935,0.04218362282878412,0.0783410138248848,17,14,386,2765,0.07692307692307693,0.9664268585131894,1.0,0.9829268292682927,403,14,0,1,1,1.0,19,5,14,0.2631578947368421,1.265536723163842,1.7175141242937852,245.0,0.12098765432098765,-0.5512122654479074,-1.0,1.0,22.43938672760463,-2.0912122654479073,-1.0,1.0,-54.560613272395365,-0.5512122654479074,-2.0,1.0,48.29292448506976,1,14,0,-0.5512122654479074,-1.0,1.0,14
realAWSCloudwatch/ec2_cpu_utilization_ac20cd.csv,realAWSCloudwatch,ec2_cpu_utilization_ac20cd,C_iforest_contextual,train,0.01,0.6186421131036993,3182,14,0.0043997485857950975,11.0625,0.9285714285714286,0.03225806451612903,0.06235011990407673,13,1,390,2778,0.034739454094292806,0.9975247524752475,1.0,0.9987608426270136,403,1,0,1,1,1.0,3,2,1,0.6666666666666666,0.0903954802259887,0.2711864406779661,955.0,0.47160493827160493,0.7673127770158185,-1.0,1.0,88.36563885079092,0.6573127770158185,-1.0,1.0,82.86563885079093,0.7673127770158185,-2.0,1.0,92.24375923386062,1,1,0,0.7673127770158185,-1.0,1.0,1
realAWSCloudwatch/ec2_cpu_utilization_ac20cd.csv,realAWSCloudwatch,ec2_cpu_utilization_ac20cd,C_iforest_contextual,budget,0.02,0.5655497235460922,3182,63,0.019798868636077938,11.0625,0.4444444444444444,0.06947890818858561,0.1201716738197425,28,35,375,2744,0.15632754342431762,0.9200913242009132,1.0,0.9583828775267539,403,35,0,1,1,1.0,44,14,30,0.3181818181818182,2.711864406779661,3.977401129943503,245.0,0.12098765432098765,-2.2914086238280262,-1.0,1.0,-64.57043119140131,-5.571604982208144,-1.0,1.0,-228.5802491104072,-2.2914086238280262,-2.0,1.0,-9.713620794267541,1,30,0,-2.8414086238280256,-1.0,1.0,35
realAWSCloudwatch/ec2_cpu_utilization_ac20cd.csv,realAWSCloudwatch,ec2_cpu_utilization_ac20cd,C_iforest_contextual,train,0.02,0.6002535917671438,3182,15,0.004714016341923318,11.0625,0.9333333333333333,0.034739454094292806,0.06698564593301436,14,1,389,2778,0.03722084367245657,0.9975247524752475,1.0,0.9987608426270136,403,1,0,1,1,1.0,4,3,1,0.75,0.0903954802259887,0.3615819209039548,955.0,0.47160493827160493,0.7673127770158185,-1.0,1.0,88.36563885079092,0.6573127770158185,-1.0,1.0,82.86563885079093,0.7673127770158185,-2.0,1.0,92.24375923386062,1,1,0,0.7673127770158185,-1.0,1.0,1
realAWSCloudwatch/ec2_cpu_utilization_ac20cd.csv,realAWSCloudwatch,ec2_cpu_utilization_ac20cd,C_iforest_contextual,budget,0.05,0.5545334764040911,3182,159,0.04996857322438718,11.0625,0.5094339622641509,0.20099255583126552,0.28825622775800713,81,78,322,2701,0.3945409429280397,0.8378378378378378,1.0,0.911764705882353,403,78,0,1,1,1.0,79,17,62,0.21518987341772153,5.604519774011299,7.141242937853107,100.0,0.04938271604938271,-5.57443878474983,-1.0,1.0,-228.7219392374915,-12.145089214072556,-1.0,1.0,-557.2544607036277,-5.57443878474983,-2.0,1.0,-119.14795949166101,1,62,0,-7.334438784749835,-1.0,1.0,78
realAWSCloudwatch/ec2_cpu_utilization_ac20cd.csv,realAWSCloudwatch,ec2_cpu_utilization_ac20cd,C_iforest_contextual,train,0.05,0.5534168835705621,3182,181,0.056882463859208046,11.0625,0.5469613259668509,0.2456575682382134,0.339041095890411,99,82,304,2697,0.4491315136476427,0.8309278350515464,1.0,0.9076576576576576,403,82,0,1,1,1.0,84,19,65,0.2261904761904762,5.875706214689266,7.593220338983051,55.0,0.027160493827160494,-5.902619143149534,-1.0,1.0,-245.13095715747667,-12.803269572472258,-1.0,1.0,-590.163478623613,-5.902619143149534,-2.0,1.0,-130.0873047716511,1,65,0,-7.772619143149539,-1.0,1.0,82
realAWSCloudwatch/ec2_cpu_utilization_c6585a.csv,realAWSCloudwatch,ec2_cpu_utilization_c6585a,A_rolling_zscore,budget,0.0005,49.82895076240498,3182,1,0.00031426775612822125,11.04513888888889,0.0,0.0,0.0,0,1,0,3181,,0.0,0.0,0.0,0,1,0,0,0,,1,0,1,0.0,0.09053756680289217,0.09053756680289217,,,-0.11,-0.0,0.0,,-0.22,-0.0,0.0,,-0.11,-0.0,0.0,,0,1,0,-0.11,-0.0,0.0,1
realAWSCloudwatch/ec2_cpu_utilization_c6585a.csv,realAWSCloudwatch,ec2_cpu_utilization_c6585a,A_rolling_zscore,train,0.0005,46.16971184164814,3182,5,0.0015713387806411063,11.04513888888889,0.0,0.0,0.0,0,5,0,3177,,0.0,0.0,0.0,0,5,0,0,0,,5,0,5,0.0,0.45268783401446083,0.45268783401446083,,,-0.55,-0.0,0.0,,-1.1,-0.0,0.0,,-0.55,-0.0,0.0,,0,5,0,-0.55,-0.0,0.0,5
realAWSCloudwatch/ec2_cpu_utilization_c6585a.csv,realAWSCloudwatch,ec2_cpu_utilization_c6585a,A_rolling_zscore,budget,0.001,48.28435981746198,3182,3,0.0009428032683846638,11.04513888888889,0.0,0.0,0.0,0,3,0,3179,,0.0,0.0,0.0,0,3,0,0,0,,3,0,3,0.0,0.2716127004086765,0.2716127004086765,,,-0.33,-0.0,0.0,,-0.66,-0.0,0.0,,-0.33,-0.0,0.0,,0,3,0,-0.33,-0.0,0.0,3
realAWSCloudwatch/ec2_cpu_utilization_c6585a.csv,realAWSCloudwatch,ec2_cpu_utilization_c6585a,A_rolling_zscore,train,0.001,44.61688187693269,3182,9,0.0028284098051539913,11.04513888888889,0.0,0.0,0.0,0,9,0,3173,,0.0,0.0,0.0,0,9,0,0,0,,9,0,9,0.0,0.8148381012260295,0.8148381012260295,,,-0.99,-0.0,0.0,,-1.98,-0.0,0.0,,-0.99,-0.0,0.0,,0,9,0,-0.99,-0.0,0.0,9
realAWSCloudwatch/ec2_cpu_utilization_c6585a.csv,realAWSCloudwatch,ec2_cpu_utilization_c6585a,A_rolling_zscore,budget,0.002,45.444006632132705,3182,6,0.0018856065367693275,11.04513888888889,0.0,0.0,0.0,0,6,0,3176,,0.0,0.0,0.0,0,6,0,0,0,,6,0,6,0.0,0.543225400817353,0.543225400817353,,,-0.66,-0.0,0.0,,-1.32,-0.0,0.0,,-0.66,-0.0,0.0,,0,6,0,-0.66,-0.0,0.0,6
realAWSCloudwatch/ec2_cpu_utilization_c6585a.csv,realAWSCloudwatch,ec2_cpu_utilization_c6585a,A_rolling_zscore,train,0.002,37.54685111041728,3182,10,0.0031426775612822125,11.04513888888889,0.0,0.0,0.0,0,10,0,3172,,0.0,0.0,0.0,0,10,0,0,0,,10,0,10,0.0,0.9053756680289217,0.9053756680289217,,,-1.1,-0.0,0.0,,-2.2,-0.0,0.0,,-1.1,-0.0,0.0,,0,10,0,-1.1,-0.0,0.0,10
realAWSCloudwatch/ec2_cpu_utilization_c6585a.csv,realAWSCloudwatch,ec2_cpu_utilization_c6585a,A_rolling_zscore,budget,0.005,4.933407837861182,3182,15,0.004714016341923318,11.04513888888889,0.0,0.0,0.0,0,15,0,3167,,0.0,0.0,0.0,0,15,0,0,0,,15,0,15,0.0,1.3580635020433824,1.3580635020433824,,,-1.6500000000000006,-0.0,0.0,,-3.300000000000001,-0.0,0.0,,-1.6500000000000006,-0.0,0.0,,0,15,0,-1.6500000000000006,-0.0,0.0,15
realAWSCloudwatch/ec2_cpu_utilization_c6585a.csv,realAWSCloudwatch,ec2_cpu_utilization_c6585a,A_rolling_zscore,train,0.005,4.050448856681135,3182,24,0.00754242614707731,11.04513888888889,0.0,0.0,0.0,0,24,0,3158,,0.0,0.0,0.0,0,24,0,0,0,,24,0,24,0.0,2.172901603269412,2.172901603269412,,,-2.64,-0.0,0.0,,-5.28,-0.0,0.0,,-2.64,-0.0,0.0,,0,24,0,-2.64,-0.0,0.0,24
realAWSCloudwatch/ec2_cpu_utilization_c6585a.csv,realAWSCloudwatch,ec2_cpu_utilization_c6585a,A_rolling_zscore,budget,0.01,2.3558164939270605,3182,31,0.00974230043997486,11.04513888888889,0.0,0.0,0.0,0,31,0,3151,,0.0,0.0,0.0,0,31,0,0,0,,31,0,31,0.0,2.8066645708896574,2.8066645708896574,,,-3.4099999999999993,-0.0,0.0,,-6.8199999999999985,-0.0,0.0,,-3.4099999999999993,-0.0,0.0,,0,31,0,-3.4099999999999993,-0.0,0.0,31
realAWSCloudwatch/ec2_cpu_utilization_c6585a.csv,realAWSCloudwatch,ec2_cpu_utilization_c6585a,A_rolling_zscore,train,0.01,2.355789832684775,3182,35,0.010999371464487744,11.04513888888889,0.0,0.0,0.0,0,35,0,3147,,0.0,0.0,0.0,0,35,0,0,0,,35,0,35,0.0,3.168814838101226,3.168814838101226,,,-3.8499999999999988,-0.0,0.0,,-7.6999999999999975,-0.0,0.0,,-3.8499999999999988,-0.0,0.0,,0,35,0,-3.8499999999999988,-0.0,0.0,35
realAWSCloudwatch/ec2_cpu_utilization_c6585a.csv,realAWSCloudwatch,ec2_cpu_utilization_c6585a,A_rolling_zscore,budget,0.02,2.3167609398957567,3182,63,0.019798868636077938,11.04513888888889,0.0,0.0,0.0,0,63,0,3119,,0.0,0.0,0.0,0,63,0,0,0,,62,0,62,0.0,5.613329141779315,5.613329141779315,,,-6.8200000000000065,-0.0,0.0,,-13.640000000000013,-0.0,0.0,,-6.8200000000000065,-0.0,0.0,,0,62,0,-6.930000000000007,-0.0,0.0,63
realAWSCloudwatch/ec2_cpu_utilization_c6585a.csv,realAWSCloudwatch,ec2_cpu_utilization_c6585a,A_rolling_zscore,train,0.02,2.2753803608311807,3182,89,0.02796983029541169,11.04513888888889,0.0,0.0,0.0,0,89,0,3093,,0.0,0.0,0.0,0,89,0,0,0,,88,0,88,0.0,7.967305878654511,7.967305878654511,,,-9.680000000000001,-0.0,0.0,,-19.360000000000003,-0.0,0.0,,-9.680000000000001,-0.0,0.0,,0,88,0,-9.790000000000001,-0.0,0.0,89
realAWSCloudwatch/ec2_cpu_utilization_c6585a.csv,realAWSCloudwatch,ec2_cpu_utilization_c6585a,A_rolling_zscore,budget,0.05,2.274869602557916,3182,159,0.04996857322438718,11.04513888888889,0.0,0.0,0.0,0,159,0,3023,,0.0,0.0,0.0,0,159,0,0,0,,154,0,154,0.0,13.942785287645394,13.942785287645394,,,-16.939999999999966,-0.0,0.0,,-33.87999999999993,-0.0,0.0,,-16.939999999999966,-0.0,0.0,,0,154,0,-17.489999999999963,-0.0,0.0,159
realAWSCloudwatch/ec2_cpu_utilization_c6585a.csv,realAWSCloudwatch,ec2_cpu_utilization_c6585a,A_rolling_zscore,train,0.05,2.2351140536944643,3182,253,0.07950974230043997,11.04513888888889,0.0,0.0,0.0,0,253,0,2929,,0.0,0.0,0.0,0,253,0,0,0,,234,0,234,0.0,21.185790631876767,21.185790631876767,,,-25.73999999999992,-0.0,0.0,,-51.47999999999984,-0.0,0.0,,-25.73999999999992,-0.0,0.0,,0,234,0,-27.82999999999991,-0.0,0.0,253
realAWSCloudwatch/ec2_cpu_utilization_c6585a.csv,realAWSCloudwatch,ec2_cpu_utilization_c6585a,B_iforest_raw,budget,0.0005,0.8985970067151873,3182,1,0.00031426775612822125,11.04513888888889,0.0,0.0,0.0,0,1,0,3181,,0.0,0.0,0.0,0,1,0,0,0,,1,0,1,0.0,0.09053756680289217,0.09053756680289217,,,-0.11,-0.0,0.0,,-0.22,-0.0,0.0,,-0.11,-0.0,0.0,,0,1,0,-0.11,-0.0,0.0,1
realAWSCloudwatch/ec2_cpu_utilization_c6585a.csv,realAWSCloudwatch,ec2_cpu_utilization_c6585a,B_iforest_raw,train,0.0005,0.8971515943807034,3182,5,0.0015713387806411063,11.04513888888889,0.0,0.0,0.0,0,5,0,3177,,0.0,0.0,0.0,0,5,0,0,0,,5,0,5,0.0,0.45268783401446083,0.45268783401446083,,,-0.55,-0.0,0.0,,-1.1,-0.0,0.0,,-0.55,-0.0,0.0,,0,5,0,-0.55,-0.0,0.0,5
realAWSCloudwatch/ec2_cpu_utilization_c6585a.csv,realAWSCloudwatch,ec2_cpu_utilization_c6585a,B_iforest_raw,budget,0.001,0.8985970067151873,3182,3,0.0009428032683846638,11.04513888888889,0.0,0.0,0.0,0,3,0,3179,,0.0,0.0,0.0,0,3,0,0,0,,3,0,3,0.0,0.2716127004086765,0.2716127004086765,,,-0.33,-0.0,0.0,,-0.66,-0.0,0.0,,-0.33,-0.0,0.0,,0,3,0,-0.33,-0.0,0.0,3
realAWSCloudwatch/ec2_cpu_utilization_c6585a.csv,realAWSCloudwatch,ec2_cpu_utilization_c6585a,B_iforest_raw,train,0.001,0.8957061820462189,3182,7,0.0021998742928975488,11.04513888888889,0.0,0.0,0.0,0,7,0,3175,,0.0,0.0,0.0,0,7,0,0,0,,7,0,7,0.0,0.6337629676202452,0.6337629676202452,,,-0.77,-0.0,0.0,,-1.54,-0.0,0.0,,-0.77,-0.0,0.0,,0,7,0,-0.77,-0.0,0.0,7
realAWSCloudwatch/ec2_cpu_utilization_c6585a.csv,realAWSCloudwatch,ec2_cpu_utilization_c6585a,B_iforest_raw,budget,0.002,0.8965295190631857,3182,6,0.0018856065367693275,11.04513888888889,0.0,0.0,0.0,0,6,0,3176,,0.0,0.0,0.0,0,6,0,0,0,,6,0,6,0.0,0.543225400817353,0.543225400817353,,,-0.66,-0.0,0.0,,-1.32,-0.0,0.0,,-0.66,-0.0,0.0,,0,6,0,-0.66,-0.0,0.0,6
realAWSCloudwatch/ec2_cpu_utilization_c6585a.csv,realAWSCloudwatch,ec2_cpu_utilization_c6585a,B_iforest_raw,train,0.002,0.8844506669410934,3182,11,0.0034569453174104338,11.04513888888889,0.0,0.0,0.0,0,11,0,3171,,0.0,0.0,0.0,0,11,0,0,0,,11,0,11,0.0,0.9959132348318138,0.9959132348318138,,,-1.2100000000000002,-0.0,0.0,,-2.4200000000000004,-0.0,0.0,,-1.2100000000000002,-0.0,0.0,,0,11,0,-1.2100000000000002,-0.0,0.0,11
realAWSCloudwatch/ec2_cpu_utilization_c6585a.csv,realAWSCloudwatch,ec2_cpu_utilization_c6585a,B_iforest_raw,budget,0.005,0.8197280000538629,3182,15,0.004714016341923318,11.04513888888889,0.0,0.0,0.0,0,15,0,3167,,0.0,0.0,0.0,0,15,0,0,0,,14,0,14,0.0,1.2675259352404904,1.2675259352404904,,,-1.5400000000000005,-0.0,0.0,,-3.080000000000001,-0.0,0.0,,-1.5400000000000005,-0.0,0.0,,0,14,0,-1.6500000000000006,-0.0,0.0,15
realAWSCloudwatch/ec2_cpu_utilization_c6585a.csv,realAWSCloudwatch,ec2_cpu_utilization_c6585a,B_iforest_raw,train,0.005,0.8161198717874142,3182,17,0.005342551854179761,11.04513888888889,0.0,0.0,0.0,0,17,0,3165,,0.0,0.0,0.0,0,17,0,0,0,,16,0,16,0.0,1.4486010688462747,1.4486010688462747,,,-1.7600000000000007,-0.0,0.0,,-3.5200000000000014,-0.0,0.0,,-1.7600000000000007,-0.0,0.0,,0,16,0,-1.8700000000000008,-0.0,0.0,17
realAWSCloudwatch/ec2_cpu_utilization_c6585a.csv,realAWSCloudwatch,ec2_cpu_utilization_c6585a,B_iforest_raw,budget,0.01,0.6401557509076466,3182,31,0.00974230043997486,11.04513888888889,0.0,0.0,0.0,0,31,0,3151,,0.0,0.0,0.0,0,31,0,0,0,,30,0,30,0.0,2.716127004086765,2.716127004086765,,,-3.2999999999999994,-0.0,0.0,,-6.599999999999999,-0.0,0.0,,-3.2999999999999994,-0.0,0.0,,0,30,0,-3.4099999999999993,-0.0,0.0,31
realAWSCloudwatch/ec2_cpu_utilization_c6585a.csv,realAWSCloudwatch,ec2_cpu_utilization_c6585a,B_iforest_raw,train,0.01,0.6620463973984694,3182,28,0.008799497171590195,11.04513888888889,0.0,0.0,0.0,0,28,0,3154,,0.0,0.0,0.0,0,28,0,0,0,,27,0,27,0.0,2.4445143036780888,2.4445143036780888,,,-2.9699999999999998,-0.0,0.0,,-5.9399999999999995,-0.0,0.0,,-2.9699999999999998,-0.0,0.0,,0,27,0,-3.0799999999999996,-0.0,0.0,28
realAWSCloudwatch/ec2_cpu_utilization_c6585a.csv,realAWSCloudwatch,ec2_cpu_utilization_c6585a,B_iforest_raw,budget,0.02,0.6401557509076466,3182,63,0.019798868636077938,11.04513888888889,0.0,0.0,0.0,0,63,0,3119,,0.0,0.0,0.0,0,63,0,0,0,,62,0,62,0.0,5.613329141779315,5.613329141779315,,,-6.8200000000000065,-0.0,0.0,,-13.640000000000013,-0.0,0.0,,-6.8200000000000065,-0.0,0.0,,0,62,0,-6.930000000000007,-0.0,0.0,63
realAWSCloudwatch/ec2_cpu_utilization_c6585a.csv,realAWSCloudwatch,ec2_cpu_utilization_c6585a,B_iforest_raw,train,0.02,0.6401557509076466,3182,28,0.008799497171590195,11.04513888888889,0.0,0.0,0.0,0,28,0,3154,,0.0,0.0,0.0,0,28,0,0,0,,27,0,27,0.0,2.4445143036780888,2.4445143036780888,,,-2.9699999999999998,-0.0,0.0,,-5.9399999999999995,-0.0,0.0,,-2.9699999999999998,-0.0,0.0,,0,27,0,-3.0799999999999996,-0.0,0.0,28
realAWSCloudwatch/ec2_cpu_utilization_c6585a.csv,realAWSCloudwatch,ec2_cpu_utilization_c6585a,B_iforest_raw,budget,0.05,0.5438812176650732,3182,159,0.04996857322438718,11.04513888888889,0.0,0.0,0.0,0,159,0,3023,,0.0,0.0,0.0,0,159,0,0,0,,146,0,146,0.0,13.218484753222256,13.218484753222256,,,-16.05999999999997,-0.0,0.0,,-32.11999999999994,-0.0,0.0,,-16.05999999999997,-0.0,0.0,,0,146,0,-17.489999999999963,-0.0,0.0,159
realAWSCloudwatch/ec2_cpu_utilization_c6585a.csv,realAWSCloudwatch,ec2_cpu_utilization_c6585a,B_iforest_raw,train,0.05,0.5438812176650732,3182,80,0.0251414204902577,11.04513888888889,0.0,0.0,0.0,0,80,0,3102,,0.0,0.0,0.0,0,80,0,0,0,,79,0,79,0.0,7.152467777428481,7.152467777428481,,,-8.690000000000007,-0.0,0.0,,-17.380000000000013,-0.0,0.0,,-8.690000000000007,-0.0,0.0,,0,79,0,-8.800000000000006,-0.0,0.0,80
realAWSCloudwatch/ec2_cpu_utilization_c6585a.csv,realAWSCloudwatch,ec2_cpu_utilization_c6585a,C_iforest_contextual,budget,0.0005,0.8152248974380774,3182,1,0.00031426775612822125,11.04513888888889,0.0,0.0,0.0,0,1,0,3181,,0.0,0.0,0.0,0,1,0,0,0,,1,0,1,0.0,0.09053756680289217,0.09053756680289217,,,-0.11,-0.0,0.0,,-0.22,-0.0,0.0,,-0.11,-0.0,0.0,,0,1,0,-0.11,-0.0,0.0,1
realAWSCloudwatch/ec2_cpu_utilization_c6585a.csv,realAWSCloudwatch,ec2_cpu_utilization_c6585a,C_iforest_contextual,train,0.0005,0.8107711125702698,3182,5,0.0015713387806411063,11.04513888888889,0.0,0.0,0.0,0,5,0,3177,,0.0,0.0,0.0,0,5,0,0,0,,5,0,5,0.0,0.45268783401446083,0.45268783401446083,,,-0.55,-0.0,0.0,,-1.1,-0.0,0.0,,-0.55,-0.0,0.0,,0,5,0,-0.55,-0.0,0.0,5
realAWSCloudwatch/ec2_cpu_utilization_c6585a.csv,realAWSCloudwatch,ec2_cpu_utilization_c6585a,C_iforest_contextual,budget,0.001,0.8132645105758769,3182,3,0.0009428032683846638,11.04513888888889,0.0,0.0,0.0,0,3,0,3179,,0.0,0.0,0.0,0,3,0,0,0,,3,0,3,0.0,0.2716127004086765,0.2716127004086765,,,-0.33,-0.0,0.0,,-0.66,-0.0,0.0,,-0.33,-0.0,0.0,,0,3,0,-0.33,-0.0,0.0,3
realAWSCloudwatch/ec2_cpu_utilization_c6585a.csv,realAWSCloudwatch,ec2_cpu_utilization_c6585a,C_iforest_contextual,train,0.001,0.8102696907208939,3182,5,0.0015713387806411063,11.04513888888889,0.0,0.0,0.0,0,5,0,3177,,0.0,0.0,0.0,0,5,0,0,0,,5,0,5,0.0,0.45268783401446083,0.45268783401446083,,,-0.55,-0.0,0.0,,-1.1,-0.0,0.0,,-0.55,-0.0,0.0,,0,5,0,-0.55,-0.0,0.0,5
realAWSCloudwatch/ec2_cpu_utilization_c6585a.csv,realAWSCloudwatch,ec2_cpu_utilization_c6585a,C_iforest_contextual,budget,0.002,0.8060986432649457,3182,6,0.0018856065367693275,11.04513888888889,0.0,0.0,0.0,0,6,0,3176,,0.0,0.0,0.0,0,6,0,0,0,,6,0,6,0.0,0.543225400817353,0.543225400817353,,,-0.66,-0.0,0.0,,-1.32,-0.0,0.0,,-0.66,-0.0,0.0,,0,6,0,-0.66,-0.0,0.0,6
realAWSCloudwatch/ec2_cpu_utilization_c6585a.csv,realAWSCloudwatch,ec2_cpu_utilization_c6585a,C_iforest_contextual,train,0.002,0.7974244687080567,3182,10,0.0031426775612822125,11.04513888888889,0.0,0.0,0.0,0,10,0,3172,,0.0,0.0,0.0,0,10,0,0,0,,10,0,10,0.0,0.9053756680289217,0.9053756680289217,,,-1.1,-0.0,0.0,,-2.2,-0.0,0.0,,-1.1,-0.0,0.0,,0,10,0,-1.1,-0.0,0.0,10
realAWSCloudwatch/ec2_cpu_utilization_c6585a.csv,realAWSCloudwatch,ec2_cpu_utilization_c6585a,C_iforest_contextual,budget,0.005,0.7024411854850722,3182,15,0.004714016341923318,11.04513888888889,0.0,0.0,0.0,0,15,0,3167,,0.0,0.0,0.0,0,15,0,0,0,,14,0,14,0.0,1.2675259352404904,1.2675259352404904,,,-1.5400000000000005,-0.0,0.0,,-3.080000000000001,-0.0,0.0,,-1.5400000000000005,-0.0,0.0,,0,14,0,-1.6500000000000006,-0.0,0.0,15
realAWSCloudwatch/ec2_cpu_utilization_c6585a.csv,realAWSCloudwatch,ec2_cpu_utilization_c6585a,C_iforest_contextual,train,0.005,0.7008630304902442,3182,22,0.0069138906348208675,11.04513888888889,0.0,0.0,0.0,0,22,0,3160,,0.0,0.0,0.0,0,22,0,0,0,,21,0,21,0.0,1.9012889028607356,1.9012889028607356,,,-2.3100000000000005,-0.0,0.0,,-4.620000000000001,-0.0,0.0,,-2.3100000000000005,-0.0,0.0,,0,21,0,-2.4200000000000004,-0.0,0.0,22
realAWSCloudwatch/ec2_cpu_utilization_c6585a.csv,realAWSCloudwatch,ec2_cpu_utilization_c6585a,C_iforest_contextual,budget,0.01,0.6705346288161537,3182,31,0.00974230043997486,11.04513888888889,0.0,0.0,0.0,0,31,0,3151,,0.0,0.0,0.0,0,31,0,0,0,,25,0,25,0.0,2.263439170072304,2.263439170072304,,,-2.75,-0.0,0.0,,-5.5,-0.0,0.0,,-2.75,-0.0,0.0,,0,25,0,-3.4099999999999993,-0.0,0.0,31
realAWSCloudwatch/ec2_cpu_utilization_c6585a.csv,realAWSCloudwatch,ec2_cpu_utilization_c6585a,C_iforest_contextual,train,0.01,0.6716494188330473,3182,32,0.01005656819610308,11.04513888888889,0.0,0.0,0.0,0,32,0,3150,,0.0,0.0,0.0,0,32,0,0,0,,25,0,25,0.0,2.263439170072304,2.263439170072304,,,-2.75,-0.0,0.0,,-5.5,-0.0,0.0,,-2.75,-0.0,0.0,,0,25,0,-3.519999999999999,-0.0,0.0,32
realAWSCloudwatch/ec2_cpu_utilization_c6585a.csv,realAWSCloudwatch,ec2_cpu_utilization_c6585a,C_iforest_contextual,budget,0.02,0.628871324748495,3182,63,0.019798868636077938,11.04513888888889,0.0,0.0,0.0,0,63,0,3119,,0.0,0.0,0.0,0,63,0,0,0,,39,0,39,0.0,3.5309651053127946,3.5309651053127946,,,-4.289999999999999,-0.0,0.0,,-8.579999999999998,-0.0,0.0,,-4.289999999999999,-0.0,0.0,,0,39,0,-6.930000000000007,-0.0,0.0,63
realAWSCloudwatch/ec2_cpu_utilization_c6585a.csv,realAWSCloudwatch,ec2_cpu_utilization_c6585a,C_iforest_contextual,train,0.02,0.6238483705926648,3182,68,0.021370207416719043,11.04513888888889,0.0,0.0,0.0,0,68,0,3114,,0.0,0.0,0.0,0,68,0,0,0,,39,0,39,0.0,3.5309651053127946,3.5309651053127946,,,-4.289999999999999,-0.0,0.0,,-8.579999999999998,-0.0,0.0,,-4.289999999999999,-0.0,0.0,,0,39,0,-7.480000000000008,-0.0,0.0,68
realAWSCloudwatch/ec2_cpu_utilization_c6585a.csv,realAWSCloudwatch,ec2_cpu_utilization_c6585a,C_iforest_contextual,budget,0.05,0.5891952146355054,3182,159,0.04996857322438718,11.04513888888889,0.0,0.0,0.0,0,159,0,3023,,0.0,0.0,0.0,0,159,0,0,0,,40,0,40,0.0,3.6215026721156867,3.6215026721156867,,,-4.3999999999999995,-0.0,0.0,,-8.799999999999999,-0.0,0.0,,-4.3999999999999995,-0.0,0.0,,0,40,0,-17.489999999999963,-0.0,0.0,159
realAWSCloudwatch/ec2_cpu_utilization_c6585a.csv,realAWSCloudwatch,ec2_cpu_utilization_c6585a,C_iforest_contextual,train,0.05,0.5713354308889691,3182,276,0.08673790069138906,11.04513888888889,0.0,0.0,0.0,0,276,0,2906,,0.0,0.0,0.0,0,276,0,0,0,,126,0,126,0.0,11.407733417164414,11.407733417164414,,,-13.85999999999998,-0.0,0.0,,-27.71999999999996,-0.0,0.0,,-13.85999999999998,-0.0,0.0,,0,126,0,-30.359999999999896,-0.0,0.0,276
realAWSCloudwatch/ec2_cpu_utilization_fe7f93.csv,realAWSCloudwatch,ec2_cpu_utilization_fe7f93,A_rolling_zscore,budget,0.0005,50.0,3182,1,0.00031426775612822125,11.04513888888889,0.0,0.0,0.0,0,1,270,2911,0.003703703703703704,0.0,0.0,0.0,0,1,270,2,0,0.0,1,0,1,0.0,0.09053756680289217,0.09053756680289217,,,-2.11,-2.0,2.0,-2.749999999999997,-2.22,-2.0,2.0,-5.500000000000005,-4.11,-4.0,2.0,-1.8333333333333386,0,1,2,-2.11,-2.0,2.0,1
realAWSCloudwatch/ec2_cpu_utilization_fe7f93.csv,realAWSCloudwatch,ec2_cpu_utilization_fe7f93,A_rolling_zscore,train,0.0005,47.379526872811404,3182,19,0.005971087366436203,11.04513888888889,0.0,0.0,0.0,0,19,270,2893,0.07037037037037037,0.0,0.0,0.0,0,19,270,2,0,0.0,19,0,19,0.0,1.7202137692549513,1.7202137692549513,,,-4.089983992386305,-2.0,2.0,-52.249599809657624,-6.179967984772613,-2.0,2.0,-104.49919961931533,-6.089983992386312,-4.0,2.0,-34.83306653977186,0,19,2,-4.089983992386305,-2.0,2.0,19
realAWSCloudwatch/ec2_cpu_utilization_fe7f93.csv,realAWSCloudwatch,ec2_cpu_utilization_fe7f93,A_rolling_zscore,budget,0.001,50.0,3182,3,0.0009428032683846638,11.04513888888889,0.0,0.0,0.0,0,3,270,2909,0.011111111111111112,0.0,0.0,0.0,0,3,270,2,0,0.0,3,0,3,0.0,0.2716127004086765,0.2716127004086765,,,-2.3299999999999996,-2.0,2.0,-8.249999999999991,-2.6600000000000006,-2.0,2.0,-16.500000000000014,-4.330000000000001,-4.0,2.0,-5.500000000000017,0,3,2,-2.3299999999999996,-2.0,2.0,3
realAWSCloudwatch/ec2_cpu_utilization_fe7f93.csv,realAWSCloudwatch,ec2_cpu_utilization_fe7f93,A_rolling_zscore,train,0.001,44.75905374562175,3182,20,0.006285355122564425,11.04513888888889,0.0,0.0,0.0,0,20,270,2892,0.07407407407407407,0.0,0.0,0.0,0,20,270,2,0,0.0,20,0,20,0.0,1.8107513360578433,1.8107513360578433,,,-4.199983992386305,-2.0,2.0,-54.99959980965763,-6.399967984772613,-2.0,2.0,-109.99919961931532,-6.199983992386312,-4.0,2.0,-36.666399873105206,0,20,2,-4.199983992386305,-2.0,2.0,20
realAWSCloudwatch/ec2_cpu_utilization_fe7f93.csv,realAWSCloudwatch,ec2_cpu_utilization_fe7f93,A_rolling_zscore,budget,0.002,50.0,3182,6,0.0018856065367693275,11.04513888888889,0.0,0.0,0.0,0,6,270,2906,0.022222222222222223,0.0,0.0,0.0,0,6,270,2,0,0.0,6,0,6,0.0,0.543225400817353,0.543225400817353,,,-2.6599999999999993,-2.0,2.0,-16.499999999999982,-3.320000000000001,-2.0,2.0,-33.00000000000003,-4.660000000000002,-4.0,2.0,-11.000000000000034,0,6,2,-2.6599999999999993,-2.0,2.0,6
realAWSCloudwatch/ec2_cpu_utilization_fe7f93.csv,realAWSCloudwatch,ec2_cpu_utilization_fe7f93,A_rolling_zscore,train,0.002,40.28671662154334,3182,21,0.006599622878692646,11.04513888888889,0.0,0.0,0.0,0,21,270,2891,0.07777777777777778,0.0,0.0,0.0,0,21,270,2,0,0.0,21,0,21,0.0,1.9012889028607356,1.9012889028607356,,,-4.3099839923863055,-2.0,2.0,-57.74959980965764,-6.619967984772613,-2.0,2.0,-115.49919961931532,-6.309983992386313,-4.0,2.0,-38.49973320643854,0,21,2,-4.3099839923863055,-2.0,2.0,21
realAWSCloudwatch/ec2_cpu_utilization_fe7f93.csv,realAWSCloudwatch,ec2_cpu_utilization_fe7f93,A_rolling_zscore,budget,0.005,50.0,3182,15,0.004714016341923318,11.04513888888889,0.0,0.0,0.0,0,15,270,2897,0.05555555555555555,0.0,0.0,0.0,0,15,270,2,0,0.0,15,0,15,0.0,1.3580635020433824,1.3580635020433824,,,-3.649983992386305,-2.0,2.0,-41.249599809657624,-5.299967984772614,-2.0,2.0,-82.49919961931536,-5.649983992386311,-4.0,2.0,-27.49973320643851,0,15,2,-3.649983992386305,-2.0,2.0,15
realAWSCloudwatch/ec2_cpu_utilization_fe7f93.csv,realAWSCloudwatch,ec2_cpu_utilization_fe7f93,A_rolling_zscore,train,0.005,22.828893890613926,3182,35,0.010999371464487744,11.04513888888889,0.02857142857142857,0.003703703703703704,0.006557377049180328,1,34,269,2878,0.12962962962962962,0.7988165680473372,0.5,0.6150341685649203,135,34,135,2,1,0.5,35,1,34,0.02857142857142857,3.078277271298334,3.168814838101226,255.0,0.3805970149253731,-3.8128747158665783,-2.0,2.0,-45.32186789666446,-7.552856911780768,-2.0,2.0,-138.82142279451918,-4.812874715866581,-4.0,2.0,-13.547911931109683,1,34,1,-3.8128747158665783,-2.0,2.0,34
realAWSCloudwatch/ec2_cpu_utilization_fe7f93.csv,realAWSCloudwatch,ec2_cpu_utilization_fe7f93,A_rolling_zscore,budget,0.01,31.569144362567737,3182,31,0.00974230043997486,11.04513888888889,0.03225806451612903,0.003703703703703704,0.006644518272425249,1,30,269,2882,0.11481481481481481,0.8181818181818182,0.5,0.6206896551724137,135,30,135,2,1,0.5,31,1,30,0.03225806451612903,2.716127004086765,2.8066645708896574,255.0,0.3805970149253731,-3.3728747158665784,-2.0,2.0,-34.32186789666446,-6.672856911780768,-2.0,2.0,-116.8214227945192,-4.37287471586658,-4.0,2.0,-6.214578597776328,1,30,1,-3.3728747158665784,-2.0,2.0,30
realAWSCloudwatch/ec2_cpu_utilization_fe7f93.csv,realAWSCloudwatch,ec2_cpu_utilization_fe7f93,A_rolling_zscore,train,0.01,13.673351658771583,3182,47,0.0147705845380264,11.04513888888889,0.02127659574468085,0.003703703703703704,0.006309148264984227,1,46,269,2866,0.17407407407407408,0.7458563535911602,0.5,0.5986696230598669,135,46,135,2,1,0.5,46,1,45,0.021739130434782608,4.074190506130147,4.164728072933039,255.0,0.3805970149253731,-5.022874715866581,-2.0,2.0,-75.57186789666453,-9.972856911780772,-2.0,2.0,-199.3214227945193,-6.0228747158665845,-4.0,2.0,-33.71457859777641,1,45,1,-5.132874715866581,-2.0,2.0,46
realAWSCloudwatch/ec2_cpu_utilization_fe7f93.csv,realAWSCloudwatch,ec2_cpu_utilization_fe7f93,A_rolling_zscore,budget,0.02,9.969903642844448,3182,63,0.019798868636077938,11.04513888888889,0.07936507936507936,0.018518518518518517,0.03003003003003003,5,58,265,2854,0.23333333333333334,0.823170731707317,1.0,0.903010033444816,270,58,0,2,2,1.0,61,5,56,0.08196721311475409,5.070103740961962,5.522791574976423,177.5,0.26492537313432835,-4.226368920726918,-2.0,2.0,-55.659223018172945,-10.365162857034635,-2.0,2.0,-209.12907142586587,-4.226368920726918,-4.0,2.0,-3.772815345448629,2,56,0,-4.446368920726918,-2.0,2.0,58
realAWSCloudwatch/ec2_cpu_utilization_fe7f93.csv,realAWSCloudwatch,ec2_cpu_utilization_fe7f93,A_rolling_zscore,train,0.02,11.556980276406879,3182,52,0.016341923318667503,11.04513888888889,0.057692307692307696,0.011111111111111112,0.018633540372670808,3,49,267,2863,0.1925925925925926,0.8463949843260188,1.0,0.9168081494057725,270,49,0,2,2,1.0,51,3,48,0.058823529411764705,4.345803206538824,4.6174159069475005,177.5,0.26492537313432835,-3.367557180333396,-2.0,2.0,-34.188929508334894,-8.647539376247584,-2.0,2.0,-166.18848440618962,-3.367557180333396,-4.0,2.0,10.540713661110068,2,48,0,-3.477557180333396,-2.0,2.0,49
realAWSCloudwatch/ec2_cpu_utilization_fe7f93.csv,realAWSCloudwatch,ec2_cpu_utilization_fe7f93,A_rolling_zscore,budget,0.05,3.7284843354042523,3182,159,0.04996857322438718,11.04513888888889,0.050314465408805034,0.02962962962962963,0.0372960372960373,8,151,262,2761,0.5888888888888889,0.6413301662707839,1.0,0.7814761215629523,270,151,0,2,2,1.0,122,7,115,0.05737704918032787,10.4118201823326,11.045583149952845,72.5,0.10820895522388059,-10.490577107488111,-2.0,2.0,-212.26442768720278,-22.96115435661859,-2.0,2.0,-524.0288589154648,-10.490577107488111,-4.0,2.0,-108.17628512480185,2,115,0,-14.450560937258487,-2.0,2.0,151
realAWSCloudwatch/ec2_cpu_utilization_fe7f93.csv,realAWSCloudwatch,ec2_cpu_utilization_fe7f93,A_rolling_zscore,train,0.05,3.6612161514172117,3182,161,0.05059710873664362,11.04513888888889,0.049689440993788817,0.02962962962962963,0.037122969837587005,8,153,262,2759,0.5962962962962963,0.6382978723404256,1.0,0.7792207792207793,270,153,0,2,2,1.0,123,7,116,0.056910569105691054,10.502357749135491,11.136120716755737,72.5,0.10820895522388059,-10.60057710748811,-2.0,2.0,-215.01442768720275,-23.18115435661859,-2.0,2.0,-529.5288589154648,-10.60057710748811,-4.0,2.0,-110.00961845813517,2,116,0,-14.670560937258488,-2.0,2.0,153
realAWSCloudwatch/ec2_cpu_utilization_fe7f93.csv,realAWSCloudwatch,ec2_cpu_utilization_fe7f93,B_iforest_raw,budget,0.0005,0.789144990382841,3182,1,0.00031426775612822125,11.04513888888889,1.0,0.003703703703703704,0.007380073800738007,1,0,269,2912,0.003703703703703704,1.0,0.5,0.6666666666666666,135,0,135,2,1,0.5,1,1,0,1.0,0.0,0.09053756680289217,330.0,0.4925373134328358,-0.13249613920403025,-2.0,2.0,46.687596519899245,-0.13249613920403025,-2.0,2.0,46.687596519899245,-1.1324961392040302,-4.0,2.0,47.791731013266165,1,0,1,-0.13249613920403025,-2.0,2.0,0
realAWSCloudwatch/ec2_cpu_utilization_fe7f93.csv,realAWSCloudwatch,ec2_cpu_utilization_fe7f93,B_iforest_raw,train,0.0005,0.7878011930042895,3182,8,0.00251414204902577,11.04513888888889,0.25,0.007407407407407408,0.014388489208633094,2,6,268,2906,0.02962962962962963,0.9574468085106383,0.5,0.656934306569343,135,6,135,2,1,0.5,7,1,6,0.14285714285714285,0.543225400817353,0.6337629676202452,330.0,0.4925373134328358,-0.7924961392040302,-2.0,2.0,30.187596519899245,-1.45249613920403,-2.0,2.0,13.687596519899248,-1.7924961392040308,-4.0,2.0,36.79173101326615,1,6,1,-0.7924961392040302,-2.0,2.0,6
realAWSCloudwatch/ec2_cpu_utilization_fe7f93.csv,realAWSCloudwatch,ec2_cpu_utilization_fe7f93,B_iforest_raw,budget,0.001,0.789144990382841,3182,3,0.0009428032683846638,11.04513888888889,0.6666666666666666,0.007407407407407408,0.014652014652014652,2,1,268,2911,0.011111111111111112,0.9926470588235294,0.5,0.6650246305418719,135,1,135,2,1,0.5,2,1,1,0.5,0.09053756680289217,0.18107513360578434,330.0,0.4925373134328358,-0.24249613920403024,-2.0,2.0,43.937596519899245,-0.3524961392040302,-2.0,2.0,41.187596519899245,-1.2424961392040303,-4.0,2.0,45.95839767993282,1,1,1,-0.24249613920403024,-2.0,2.0,1
realAWSCloudwatch/ec2_cpu_utilization_fe7f93.csv,realAWSCloudwatch,ec2_cpu_utilization_fe7f93,B_iforest_raw,train,0.001,0.7864573956257374,3182,8,0.00251414204902577,11.04513888888889,0.25,0.007407407407407408,0.014388489208633094,2,6,268,2906,0.02962962962962963,0.9574468085106383,0.5,0.656934306569343,135,6,135,2,1,0.5,7,1,6,0.14285714285714285,0.543225400817353,0.6337629676202452,330.0,0.4925373134328358,-0.7924961392040302,-2.0,2.0,30.187596519899245,-1.45249613920403,-2.0,2.0,13.687596519899248,-1.7924961392040308,-4.0,2.0,36.79173101326615,1,6,1,-0.7924961392040302,-2.0,2.0,6
realAWSCloudwatch/ec2_cpu_utilization_fe7f93.csv,realAWSCloudwatch,ec2_cpu_utilization_fe7f93,B_iforest_raw,budget,0.002,0.789144990382841,3182,6,0.0018856065367693275,11.04513888888889,0.3333333333333333,0.007407407407407408,0.014492753623188406,2,4,268,2908,0.022222222222222223,0.9712230215827338,0.5,0.6601466992665037,135,4,135,2,1,0.5,5,1,4,0.2,0.3621502672115687,0.45268783401446083,330.0,0.4925373134328358,-0.5724961392040302,-2.0,2.0,35.687596519899245,-1.0124961392040301,-2.0,2.0,24.687596519899245,-1.5724961392040306,-4.0,2.0,40.45839767993282,1,4,1,-0.5724961392040302,-2.0,2.0,4
realAWSCloudwatch/ec2_cpu_utilization_fe7f93.csv,realAWSCloudwatch,ec2_cpu_utilization_fe7f93,B_iforest_raw,train,0.002,0.7812338546616425,3182,9,0.0028284098051539913,11.04513888888889,0.2222222222222222,0.007407407407407408,0.014336917562724014,2,7,268,2905,0.03333333333333333,0.9507042253521126,0.5,0.6553398058252428,135,7,135,2,1,0.5,8,1,7,0.125,0.6337629676202452,0.7243005344231374,330.0,0.4925373134328358,-0.9024961392040302,-2.0,2.0,27.437596519899245,-1.67249613920403,-2.0,2.0,8.187596519899248,-1.902496139204031,-4.0,2.0,34.95839767993282,1,7,1,-0.9024961392040302,-2.0,2.0,7
realAWSCloudwatch/ec2_cpu_utilization_fe7f93.csv,realAWSCloudwatch,ec2_cpu_utilization_fe7f93,B_iforest_raw,budget,0.005,0.75903383560395,3182,15,0.004714016341923318,11.04513888888889,0.26666666666666666,0.014814814814814815,0.028070175438596492,4,11,266,2901,0.05555555555555555,0.9246575342465754,0.5,0.6490384615384616,135,11,135,2,1,0.5,13,2,11,0.15384615384615385,0.9959132348318138,1.1769883684375981,275.0,0.41044776119402987,-1.2960146389271234,-2.0,2.0,17.599634026821914,-2.5060087151881127,-2.0,2.0,-12.650217879702819,-2.2960146389271237,-4.0,2.0,28.399756017881273,1,11,1,-1.2960146389271234,-2.0,2.0,11
realAWSCloudwatch/ec2_cpu_utilization_fe7f93.csv,realAWSCloudwatch,ec2_cpu_utilization_fe7f93,B_iforest_raw,train,0.005,0.7579511231430066,3182,25,0.00785669390320553,11.04513888888889,0.28,0.025925925925925925,0.04745762711864407,7,18,263,2894,0.09259259259259259,0.8823529411764706,0.5,0.6382978723404256,135,18,135,2,1,0.5,19,3,16,0.15789473684210525,1.4486010688462747,1.7202137692549513,275.0,0.41044776119402987,-1.846014638927124,-2.0,2.0,3.849634026821902,-3.6060087151881137,-2.0,2.0,-40.15021787970284,-2.846014638927123,-4.0,2.0,19.233089351214616,1,16,1,-2.066014638927124,-2.0,2.0,18
realAWSCloudwatch/ec2_cpu_utilization_fe7f93.csv,realAWSCloudwatch,ec2_cpu_utilization_fe7f93,B_iforest_raw,budget,0.01,0.7564704144585832,3182,31,0.00974230043997486,11.04513888888889,0.22580645161290322,0.025925925925925925,0.04651162790697674,7,24,263,2888,0.11481481481481481,0.8490566037735849,0.5,0.6293706293706294,135,24,135,2,1,0.5,22,3,19,0.13636363636363635,1.7202137692549513,1.9918264696636276,275.0,0.41044776119402987,-2.1760137878968786,-2.0,2.0,-4.400344697421965,-4.266007013127623,-2.0,2.0,-56.650175328190564,-3.176013787896878,-4.0,2.0,13.733103535052031,1,19,1,-2.726013787896878,-2.0,2.0,24
realAWSCloudwatch/ec2_cpu_utilization_fe7f93.csv,realAWSCloudwatch,ec2_cpu_utilization_fe7f93,B_iforest_raw,train,0.01,0.7535249954900247,3182,48,0.01508485229415462,11.04513888888889,0.1875,0.03333333333333333,0.05660377358490567,9,39,261,2873,0.17777777777777778,0.7758620689655172,0.5,0.608108108108108,135,39,135,2,1,0.5,33,3,30,0.09090909090909091,2.716127004086765,2.9877397044954415,255.0,0.3805970149253731,-3.3728705222176476,-2.0,2.0,-34.32176305544119,-6.672848524482905,-2.0,2.0,-116.82121311207263,-4.3728705222176485,-4.0,2.0,-6.214508703627476,1,30,1,-4.362864173415455,-2.0,2.0,39
realAWSCloudwatch/ec2_cpu_utilization_fe7f93.csv,realAWSCloudwatch,ec2_cpu_utilization_fe7f93,B_iforest_raw,budget,0.02,0.7463030102639956,3182,63,0.019798868636077938,11.04513888888889,0.15873015873015872,0.037037037037037035,0.06006006006006006,10,53,260,2859,0.23333333333333334,0.7180851063829787,0.5,0.5895196506550219,135,53,135,2,1,0.5,36,2,34,0.05555555555555555,3.078277271298334,3.259352404904118,255.0,0.3805970149253731,-3.8128612315766564,-2.0,2.0,-45.32153078941641,-7.5528299432009245,-2.0,2.0,-138.82074858002312,-4.81286123157666,-4.0,2.0,-13.547687192944332,1,34,1,-5.90284284685727,-2.0,2.0,53
realAWSCloudwatch/ec2_cpu_utilization_fe7f93.csv,realAWSCloudwatch,ec2_cpu_utilization_fe7f93,B_iforest_raw,train,0.02,0.7399628291801873,3182,87,0.027341294783155248,11.04513888888889,0.13793103448275862,0.044444444444444446,0.06722689075630252,12,75,258,2837,0.32222222222222224,0.6428571428571429,0.5,0.5625000000000001,135,75,135,2,1,0.5,43,2,41,0.046511627906976744,3.712040238918579,3.8931153725243632,255.0,0.3805970149253731,-4.582859568785069,-2.0,2.0,-64.57148921962673,-9.092826617617748,-2.0,2.0,-177.3206654404437,-5.5828595687850715,-4.0,2.0,-26.38099281308452,1,41,1,-8.322826078339135,-2.0,2.0,75
realAWSCloudwatch/ec2_cpu_utilization_fe7f93.csv,realAWSCloudwatch,ec2_cpu_utilization_fe7f93,B_iforest_raw,budget,0.05,0.69551794444288,3182,159,0.04996857322438718,11.04513888888889,0.09433962264150944,0.05555555555555555,0.06993006993006994,15,144,255,2768,0.5888888888888889,0.4838709677419355,0.5,0.4918032786885246,135,144,135,2,1,0.5,61,3,58,0.04918032786885246,5.251178874567746,5.522791574976423,255.0,0.3805970149253731,-6.452855014077627,-2.0,2.0,-111.32137535194066,-12.832817508202865,-2.0,2.0,-270.82043770507164,-7.452855014077628,-4.0,2.0,-57.54758356796048,1,58,1,-15.912781342558974,-2.0,2.0,144
realAWSCloudwatch/ec2_cpu_utilization_fe7f93.csv,realAWSCloudwatch,ec2_cpu_utilization_fe7f93,B_iforest_raw,train,0.05,0.664639011380754,3182,254,0.0798240100565682,11.04513888888889,0.07480314960629922,0.07037037037037037,0.07251908396946564,19,235,251,2677,0.9407407407407408,0.36486486486486486,0.5,0.42187499999999994,135,235,135,2,1,0.5,81,3,78,0.037037037037037035,7.061930210625589,7.333542911034265,255.0,0.3805970149253731,-8.65285453717261,-2.0,2.0,-166.32136342931526,-17.23281655439283,-2.0,2.0,-380.82041385982075,-9.652854537172605,-4.0,2.0,-94.21424228621008,1,78,1,-25.922729564854702,-2.0,2.0,235
realAWSCloudwatch/ec2_cpu_utilization_fe7f93.csv,realAWSCloudwatch,ec2_cpu_utilization_fe7f93,C_iforest_contextual,budget,0.0005,0.7855789745077881,3182,1,0.00031426775612822125,11.04513888888889,0.0,0.0,0.0,0,1,270,2911,0.003703703703703704,0.0,0.0,0.0,0,1,270,2,0,0.0,1,0,1,0.0,0.09053756680289217,0.09053756680289217,,,-2.11,-2.0,2.0,-2.749999999999997,-2.22,-2.0,2.0,-5.500000000000005,-4.11,-4.0,2.0,-1.8333333333333386,0,1,2,-2.11,-2.0,2.0,1
realAWSCloudwatch/ec2_cpu_utilization_fe7f93.csv,realAWSCloudwatch,ec2_cpu_utilization_fe7f93,C_iforest_contextual,train,0.0005,0.7714151062494558,3182,9,0.0028284098051539913,11.04513888888889,0.0,0.0,0.0,0,9,270,2903,0.03333333333333333,0.0,0.0,0.0,0,9,270,2,0,0.0,9,0,9,0.0,0.8148381012260295,0.8148381012260295,,,-2.9899990481689884,-2.0,2.0,-24.749976204224712,-3.9799980963379804,-2.0,2.0,-49.49995240844951,-4.9899990481689915,-4.0,2.0,-16.49998413614986,0,9,2,-2.9899990481689884,-2.0,2.0,9
realAWSCloudwatch/ec2_cpu_utilization_fe7f93.csv,realAWSCloudwatch,ec2_cpu_utilization_fe7f93,C_iforest_contextual,budget,0.001,0.7825276767654546,3182,3,0.0009428032683846638,11.04513888888889,0.0,0.0,0.0,0,3,270,2909,0.011111111111111112,0.0,0.0,0.0,0,3,270,2,0,0.0,3,0,3,0.0,0.2716127004086765,0.2716127004086765,,,-2.3299999999999996,-2.0,2.0,-8.249999999999991,-2.6600000000000006,-2.0,2.0,-16.500000000000014,-4.330000000000001,-4.0,2.0,-5.500000000000017,0,3,2,-2.3299999999999996,-2.0,2.0,3
realAWSCloudwatch/ec2_cpu_utilization_fe7f93.csv,realAWSCloudwatch,ec2_cpu_utilization_fe7f93,C_iforest_contextual,train,0.001,0.7698867074161708,3182,10,0.0031426775612822125,11.04513888888889,0.0,0.0,0.0,0,10,270,2902,0.037037037037037035,0.0,0.0,0.0,0,10,270,2,0,0.0,10,0,10,0.0,0.9053756680289217,0.9053756680289217,,,-3.0999990481689883,-2.0,2.0,-27.49997620422471,-4.19999809633798,-2.0,2.0,-54.9999524084495,-5.099999048168992,-4.0,2.0,-18.333317469483198,0,10,2,-3.0999990481689883,-2.0,2.0,10
realAWSCloudwatch/ec2_cpu_utilization_fe7f93.csv,realAWSCloudwatch,ec2_cpu_utilization_fe7f93,C_iforest_contextual,budget,0.002,0.7779995371098448,3182,6,0.0018856065367693275,11.04513888888889,0.0,0.0,0.0,0,6,270,2906,0.022222222222222223,0.0,0.0,0.0,0,6,270,2,0,0.0,6,0,6,0.0,0.543225400817353,0.543225400817353,,,-2.659999048168989,-2.0,2.0,-16.49997620422472,-3.31999809633798,-2.0,2.0,-32.999952408449495,-4.659999048168991,-4.0,2.0,-10.999984136149843,0,6,2,-2.659999048168989,-2.0,2.0,6
realAWSCloudwatch/ec2_cpu_utilization_fe7f93.csv,realAWSCloudwatch,ec2_cpu_utilization_fe7f93,C_iforest_contextual,train,0.002,0.7671688994188133,3182,11,0.0034569453174104338,11.04513888888889,0.0,0.0,0.0,0,11,270,2901,0.040740740740740744,0.0,0.0,0.0,0,11,270,2,0,0.0,11,0,11,0.0,0.9959132348318138,0.9959132348318138,,,-3.209999048168988,-2.0,2.0,-30.249976204224705,-4.41999809633798,-2.0,2.0,-60.499952408449495,-5.209999048168992,-4.0,2.0,-20.166650802816537,0,11,2,-3.209999048168988,-2.0,2.0,11
realAWSCloudwatch/ec2_cpu_utilization_fe7f93.csv,realAWSCloudwatch,ec2_cpu_utilization_fe7f93,C_iforest_contextual,budget,0.005,0.7597237316187696,3182,15,0.004714016341923318,11.04513888888889,0.0,0.0,0.0,0,15,270,2897,0.05555555555555555,0.0,0.0,0.0,0,15,270,2,0,0.0,15,0,15,0.0,1.3580635020433824,1.3580635020433824,,,-3.6499990481689877,-2.0,2.0,-41.249976204224694,-5.299998096337979,-2.0,2.0,-82.49995240844947,-5.6499990481689935,-4.0,2.0,-27.49998413614989,0,15,2,-3.6499990481689877,-2.0,2.0,15
realAWSCloudwatch/ec2_cpu_utilization_fe7f93.csv,realAWSCloudwatch,ec2_cpu_utilization_fe7f93,C_iforest_contextual,train,0.005,0.7277359990035853,3182,39,0.01225644248900063,11.04513888888889,0.05128205128205128,0.007407407407407408,0.012944983818770227,2,37,268,2875,0.14444444444444443,0.7848837209302325,0.5,0.6108597285067873,135,37,135,2,1,0.5,38,2,36,0.05263157894736842,3.259352404904118,3.4404275385099026,310.0,0.4626865671641791,-4.073622191912486,-2.0,2.0,-51.84055479781215,-8.033598531386154,-2.0,2.0,-150.83996328465386,-5.07362219191249,-4.0,2.0,-17.8937031985415,1,36,1,-4.1836221919124865,-2.0,2.0,37
realAWSCloudwatch/ec2_cpu_utilization_fe7f93.csv,realAWSCloudwatch,ec2_cpu_utilization_fe7f93,C_iforest_contextual,budget,0.01,0.7361189700277097,3182,31,0.00974230043997486,11.04513888888889,0.03225806451612903,0.003703703703703704,0.006644518272425249,1,30,269,2882,0.11481481481481481,0.8181818181818182,0.5,0.6206896551724137,135,30,135,2,1,0.5,31,1,30,0.03225806451612903,2.716127004086765,2.8066645708896574,310.0,0.4626865671641791,-3.413622191912487,-2.0,2.0,-35.340554797812175,-6.713598531386155,-2.0,2.0,-117.83996328465388,-4.413622191912488,-4.0,2.0,-6.893703198541464,1,30,1,-3.413622191912487,-2.0,2.0,30
realAWSCloudwatch/ec2_cpu_utilization_fe7f93.csv,realAWSCloudwatch,ec2_cpu_utilization_fe7f93,C_iforest_contextual,train,0.01,0.6996942036306019,3182,69,0.021684475172847266,11.04513888888889,0.13043478260869565,0.03333333333333333,0.05309734513274337,9,60,261,2852,0.25555555555555554,0.6923076923076923,0.5,0.5806451612903226,135,60,135,2,1,0.5,52,4,48,0.07692307692307693,4.345803206538824,4.7079534737503925,255.0,0.3805970149253731,-5.3528589827881445,-2.0,2.0,-83.82147456970361,-10.632825445623899,-2.0,2.0,-215.8206361405975,-6.3528589827881445,-4.0,2.0,-39.214316379802405,1,48,1,-6.6728589827881475,-2.0,2.0,60
realAWSCloudwatch/ec2_cpu_utilization_fe7f93.csv,realAWSCloudwatch,ec2_cpu_utilization_fe7f93,C_iforest_contextual,budget,0.02,0.7048037996626167,3182,63,0.019798868636077938,11.04513888888889,0.14285714285714285,0.03333333333333333,0.05405405405405406,9,54,261,2858,0.23333333333333334,0.7142857142857143,0.5,0.588235294117647,135,54,135,2,1,0.5,49,4,45,0.08163265306122448,4.074190506130147,4.436340773341716,255.0,0.3805970149253731,-5.022859343558254,-2.0,2.0,-75.57148358895635,-9.972826167164117,-2.0,2.0,-199.32065417910292,-6.022859343558255,-4.0,2.0,-33.714322392637584,1,45,1,-6.012859343558257,-2.0,2.0,54
realAWSCloudwatch/ec2_cpu_utilization_fe7f93.csv,realAWSCloudwatch,ec2_cpu_utilization_fe7f93,C_iforest_contextual,train,0.02,0.6416526181376976,3182,190,0.059710873664362035,11.04513888888889,0.12105263157894737,0.08518518518518518,0.1,23,167,247,2745,0.7037037037037037,0.4470198675496689,0.5,0.4720279720279721,135,167,135,2,1,0.5,56,3,53,0.05357142857142857,4.798491040553285,5.070103740961962,255.0,0.3805970149253731,-5.902858982788146,-2.0,2.0,-97.57147456970365,-11.732825445623902,-2.0,2.0,-243.32063614059757,-6.902858982788145,-4.0,2.0,-48.38098304646908,1,53,1,-18.442737282273022,-2.0,2.0,167
realAWSCloudwatch/ec2_cpu_utilization_fe7f93.csv,realAWSCloudwatch,ec2_cpu_utilization_fe7f93,C_iforest_contextual,budget,0.05,0.6507861707659516,3182,159,0.04996857322438718,11.04513888888889,0.12578616352201258,0.07407407407407407,0.09324009324009323,20,139,250,2773,0.5888888888888889,0.4927007299270073,0.5,0.4963235294117647,135,139,135,2,1,0.5,56,2,54,0.03571428571428571,4.8890286073561775,5.070103740961962,255.0,0.3805970149253731,-6.012858162927504,-2.0,2.0,-100.3214540731876,-11.952823805902618,-2.0,2.0,-248.82059514756546,-7.012858162927503,-4.0,2.0,-50.21430271545839,1,54,1,-15.362776052198454,-2.0,2.0,139
realAWSCloudwatch/ec2_cpu_utilization_fe7f93.csv,realAWSCloudwatch,ec2_cpu_utilization_fe7f93,C_iforest_contextual,train,0.05,0.5890038009004108,3182,313,0.09836580766813324,11.04513888888889,0.09904153354632587,0.11481481481481481,0.10634648370497427,31,282,239,2630,1.0,0.3237410071942446,0.5,0.3930131004366812,135,282,135,2,1,0.5,80,1,79,0.0125,7.152467777428481,7.243005344231373,255.0,0.3805970149253731,-8.756146515102982,-2.0,2.0,-168.90366287757453,-17.439400510253574,-2.0,2.0,-385.98501275633936,-9.756146515102976,-4.0,2.0,-95.93577525171628,1,79,1,-31.085986044779087,-2.0,2.0,282
realAWSCloudwatch/ec2_disk_write_bytes_1ef3de.csv,realAWSCloudwatch,ec2_disk_write_bytes_1ef3de,A_rolling_zscore,budget,0.0005,50.0,408,0,0.0,12.215277777777779,0.0,0.0,0.0,0,0,65,343,0.0,0.0,0.0,0.0,0,0,65,1,0,0.0,0,0,0,,0.0,0.0,,,-1.0,-1.0,1.0,0.0,-1.0,-1.0,1.0,0.0,-2.0,-2.0,1.0,0.0,0,0,1,-1.0,-1.0,1.0,0
realAWSCloudwatch/ec2_disk_write_bytes_1ef3de.csv,realAWSCloudwatch,ec2_disk_write_bytes_1ef3de,A_rolling_zscore,train,0.0005,49.12311544855154,408,6,0.014705882352941176,12.215277777777779,0.0,0.0,0.0,0,6,65,337,0.09230769230769231,0.0,0.0,0.0,0,6,65,1,0,0.0,5,0,5,0.0,0.4093234792495736,0.4093234792495736,,,-1.549997766128428,-1.0,1.0,-27.499888306421404,-2.0999955322568553,-1.0,1.0,-54.999776612842766,-2.5499977661284277,-2.0,1.0,-18.33325887094759,0,5,1,-1.6599962344320531,-1.0,1.0,6
realAWSCloudwatch/ec2_disk_write_bytes_1ef3de.csv,realAWSCloudwatch,ec2_disk_write_bytes_1ef3de,A_rolling_zscore,budget,0.001,50.0,408,0,0.0,12.215277777777779,0.0,0.0,0.0,0,0,65,343,0.0,0.0,0.0,0.0,0,0,65,1,0,0.0,0,0,0,,0.0,0.0,,,-1.0,-1.0,1.0,0.0,-1.0,-1.0,1.0,0.0,-2.0,-2.0,1.0,0.0,0,0,1,-1.0,-1.0,1.0,0
realAWSCloudwatch/ec2_disk_write_bytes_1ef3de.csv,realAWSCloudwatch,ec2_disk_write_bytes_1ef3de,A_rolling_zscore,train,0.001,48.246230897103075,408,6,0.014705882352941176,12.215277777777779,0.0,0.0,0.0,0,6,65,337,0.09230769230769231,0.0,0.0,0.0,0,6,65,1,0,0.0,5,0,5,0.0,0.4093234792495736,0.4093234792495736,,,-1.549997766128428,-1.0,1.0,-27.499888306421404,-2.0999955322568553,-1.0,1.0,-54.999776612842766,-2.5499977661284277,-2.0,1.0,-18.33325887094759,0,5,1,-1.6599962344320531,-1.0,1.0,6
realAWSCloudwatch/ec2_disk_write_bytes_1ef3de.csv,realAWSCloudwatch,ec2_disk_write_bytes_1ef3de,A_rolling_zscore,budget,0.002,50.0,408,0,0.0,12.215277777777779,0.0,0.0,0.0,0,0,65,343,0.0,0.0,0.0,0.0,0,0,65,1,0,0.0,0,0,0,,0.0,0.0,,,-1.0,-1.0,1.0,0.0,-1.0,-1.0,1.0,0.0,-2.0,-2.0,1.0,0.0,0,0,1,-1.0,-1.0,1.0,0
realAWSCloudwatch/ec2_disk_write_bytes_1ef3de.csv,realAWSCloudwatch,ec2_disk_write_bytes_1ef3de,A_rolling_zscore,train,0.002,46.49246179420615,408,6,0.014705882352941176,12.215277777777779,0.0,0.0,0.0,0,6,65,337,0.09230769230769231,0.0,0.0,0.0,0,6,65,1,0,0.0,5,0,5,0.0,0.4093234792495736,0.4093234792495736,,,-1.549997766128428,-1.0,1.0,-27.499888306421404,-2.0999955322568553,-1.0,1.0,-54.999776612842766,-2.5499977661284277,-2.0,1.0,-18.33325887094759,0,5,1,-1.6599962344320531,-1.0,1.0,6
realAWSCloudwatch/ec2_disk_write_bytes_1ef3de.csv,realAWSCloudwatch,ec2_disk_write_bytes_1ef3de,A_rolling_zscore,budget,0.005,50.0,408,2,0.004901960784313725,12.215277777777779,0.0,0.0,0.0,0,2,65,341,0.03076923076923077,0.0,0.0,0.0,0,2,65,1,0,0.0,2,0,2,0.0,0.16372939169982945,0.16372939169982945,,,-1.2199983438422728,-1.0,1.0,-10.999917192113639,-1.4399966876845456,-1.0,1.0,-21.999834384227277,-2.219998343842273,-2.0,1.0,-7.333278128075759,0,2,1,-1.2199983438422728,-1.0,1.0,2
realAWSCloudwatch/ec2_disk_write_bytes_1ef3de.csv,realAWSCloudwatch,ec2_disk_write_bytes_1ef3de,A_rolling_zscore,train,0.005,41.23115448551572,408,6,0.014705882352941176,12.215277777777779,0.0,0.0,0.0,0,6,65,337,0.09230769230769231,0.0,0.0,0.0,0,6,65,1,0,0.0,5,0,5,0.0,0.4093234792495736,0.4093234792495736,,,-1.549997766128428,-1.0,1.0,-27.499888306421404,-2.0999955322568553,-1.0,1.0,-54.999776612842766,-2.5499977661284277,-2.0,1.0,-18.33325887094759,0,5,1,-1.6599962344320531,-1.0,1.0,6
realAWSCloudwatch/ec2_disk_write_bytes_1ef3de.csv,realAWSCloudwatch,ec2_disk_write_bytes_1ef3de,A_rolling_zscore,budget,0.01,49.94074175550452,408,4,0.00980392156862745,12.215277777777779,0.0,0.0,0.0,0,4,65,339,0.06153846153846154,0.0,0.0,0.0,0,4,65,1,0,0.0,4,0,4,0.0,0.3274587833996589,0.3274587833996589,,,-1.4399977661284278,-1.0,1.0,-21.99988830642139,-1.8799955322568556,-1.0,1.0,-43.99977661284278,-2.439997766128428,-2.0,1.0,-14.666592204280926,0,4,1,-1.4399977661284278,-1.0,1.0,4
realAWSCloudwatch/ec2_disk_write_bytes_1ef3de.csv,realAWSCloudwatch,ec2_disk_write_bytes_1ef3de,A_rolling_zscore,train,0.01,32.46230897103144,408,15,0.03676470588235294,12.215277777777779,0.0,0.0,0.0,0,15,65,328,0.23076923076923078,0.0,0.0,0.0,0,15,65,1,0,0.0,14,0,14,0.0,1.146105741898806,1.146105741898806,,,-2.395491682684139,-1.0,1.0,-69.77458413420695,-3.7909833653682763,-1.0,1.0,-139.5491682684138,-3.3954916826841384,-2.0,1.0,-46.516389422804615,0,14,1,-2.5054901509877636,-1.0,1.0,15
realAWSCloudwatch/ec2_disk_write_bytes_1ef3de.csv,realAWSCloudwatch,ec2_disk_write_bytes_1ef3de,A_rolling_zscore,budget,0.02,38.328707599375925,408,8,0.0196078431372549,12.215277777777779,0.0,0.0,0.0,0,8,65,335,0.12307692307692308,0.0,0.0,0.0,0,8,65,1,0,0.0,7,0,7,0.0,0.573052870949403,0.573052870949403,,,-1.758421523624915,-1.0,1.0,-37.92107618124575,-2.51684304724983,-1.0,1.0,-75.8421523624915,-2.7584215236249148,-2.0,1.0,-25.280717454163824,0,7,1,-1.86841999192854,-1.0,1.0,8
realAWSCloudwatch/ec2_disk_write_bytes_1ef3de.csv,realAWSCloudwatch,ec2_disk_write_bytes_1ef3de,A_rolling_zscore,train,0.02,25.291858538437964,408,28,0.06862745098039216,12.215277777777779,0.07142857142857142,0.03076923076923077,0.043010752688172046,2,26,63,317,0.4307692307692308,0.7142857142857143,1.0,0.8333333333333333,65,26,0,1,1,1.0,27,2,25,0.07407407407407407,2.0466173962478678,2.2103467879476972,455.0,0.3181818181818182,-1.482510369781808,-1.0,1.0,-24.125518489090403,-3.955452701997958,-1.0,1.0,-147.7726350998979,-1.482510369781808,-2.0,1.0,17.249654340606398,1,25,0,-1.592508838085433,-1.0,1.0,26
realAWSCloudwatch/ec2_disk_write_bytes_1ef3de.csv,realAWSCloudwatch,ec2_disk_write_bytes_1ef3de,A_rolling_zscore,budget,0.05,28.812620855417187,408,20,0.049019607843137254,12.215277777777779,0.05,0.015384615384615385,0.023529411764705885,1,19,64,324,0.3076923076923077,0.7738095238095238,1.0,0.8724832214765101,65,19,0,1,1,1.0,19,1,18,0.05263157894736842,1.473564525298465,1.5554292211483796,455.0,0.3181818181818182,-0.8448057974166353,-1.0,1.0,7.759710129168234,-2.680043557267613,-1.0,1.0,-84.00217786338064,-0.8448057974166353,-2.0,1.0,38.506473419445484,1,18,0,-0.9548042657202602,-1.0,1.0,19
realAWSCloudwatch/ec2_disk_write_bytes_1ef3de.csv,realAWSCloudwatch,ec2_disk_write_bytes_1ef3de,A_rolling_zscore,train,0.05,11.789207878513652,408,31,0.07598039215686274,12.215277777777779,0.06451612903225806,0.03076923076923077,0.041666666666666664,2,29,63,314,0.47692307692307695,0.6914893617021277,1.0,0.8176100628930818,65,29,0,1,1,1.0,30,2,28,0.06666666666666667,2.292211483797612,2.4559408754974417,455.0,0.3181818181818182,-1.8125103697818077,-1.0,1.0,-40.62551848909038,-4.615452701997959,-1.0,1.0,-180.77263509989794,-1.8125103697818077,-2.0,1.0,6.249654340606411,1,28,0,-1.9225088380854327,-1.0,1.0,29
realAWSCloudwatch/ec2_disk_write_bytes_1ef3de.csv,realAWSCloudwatch,ec2_disk_write_bytes_1ef3de,B_iforest_raw,budget,0.0005,0.7861539439877319,408,0,0.0,12.215277777777779,0.0,0.0,0.0,0,0,65,343,0.0,0.0,0.0,0.0,0,0,65,1,0,0.0,0,0,0,,0.0,0.0,,,-1.0,-1.0,1.0,0.0,-1.0,-1.0,1.0,0.0,-2.0,-2.0,1.0,0.0,0,0,1,-1.0,-1.0,1.0,0
realAWSCloudwatch/ec2_disk_write_bytes_1ef3de.csv,realAWSCloudwatch,ec2_disk_write_bytes_1ef3de,B_iforest_raw,train,0.0005,0.7832230313980495,408,41,0.10049019607843138,12.215277777777779,0.17073170731707318,0.1076923076923077,0.1320754716981132,7,34,58,309,0.6307692307692307,0.6565656565656566,1.0,0.7926829268292683,65,34,0,1,1,1.0,39,6,33,0.15384615384615385,2.7015349630471857,3.192723138146674,570.0,0.3986013986013986,-2.3642252610931522,-1.0,1.0,-68.2112630546576,-5.692740620712475,-1.0,1.0,-234.63703103562375,-2.3642252610931522,-2.0,1.0,-12.140842036438407,1,33,0,-2.4695420436985933,-1.0,1.0,34
realAWSCloudwatch/ec2_disk_write_bytes_1ef3de.csv,realAWSCloudwatch,ec2_disk_write_bytes_1ef3de,B_iforest_raw,budget,0.001,0.7861539439877319,408,0,0.0,12.215277777777779,0.0,0.0,0.0,0,0,65,343,0.0,0.0,0.0,0.0,0,0,65,1,0,0.0,0,0,0,,0.0,0.0,,,-1.0,-1.0,1.0,0.0,-1.0,-1.0,1.0,0.0,-2.0,-2.0,1.0,0.0,0,0,1,-1.0,-1.0,1.0,0
realAWSCloudwatch/ec2_disk_write_bytes_1ef3de.csv,realAWSCloudwatch,ec2_disk_write_bytes_1ef3de,B_iforest_raw,train,0.001,0.7802921188083671,408,41,0.10049019607843138,12.215277777777779,0.17073170731707318,0.1076923076923077,0.1320754716981132,7,34,58,309,0.6307692307692307,0.6565656565656566,1.0,0.7926829268292683,65,34,0,1,1,1.0,39,6,33,0.15384615384615385,2.7015349630471857,3.192723138146674,570.0,0.3986013986013986,-2.3642252610931522,-1.0,1.0,-68.2112630546576,-5.692740620712475,-1.0,1.0,-234.63703103562375,-2.3642252610931522,-2.0,1.0,-12.140842036438407,1,33,0,-2.4695420436985933,-1.0,1.0,34
realAWSCloudwatch/ec2_disk_write_bytes_1ef3de.csv,realAWSCloudwatch,ec2_disk_write_bytes_1ef3de,B_iforest_raw,budget,0.002,0.7861539439877319,408,0,0.0,12.215277777777779,0.0,0.0,0.0,0,0,65,343,0.0,0.0,0.0,0.0,0,0,65,1,0,0.0,0,0,0,,0.0,0.0,,,-1.0,-1.0,1.0,0.0,-1.0,-1.0,1.0,0.0,-2.0,-2.0,1.0,0.0,0,0,1,-1.0,-1.0,1.0,0
realAWSCloudwatch/ec2_disk_write_bytes_1ef3de.csv,realAWSCloudwatch,ec2_disk_write_bytes_1ef3de,B_iforest_raw,train,0.002,0.7744302936290025,408,41,0.10049019607843138,12.215277777777779,0.17073170731707318,0.1076923076923077,0.1320754716981132,7,34,58,309,0.6307692307692307,0.6565656565656566,1.0,0.7926829268292683,65,34,0,1,1,1.0,39,6,33,0.15384615384615385,2.7015349630471857,3.192723138146674,570.0,0.3986013986013986,-2.3642252610931522,-1.0,1.0,-68.2112630546576,-5.692740620712475,-1.0,1.0,-234.63703103562375,-2.3642252610931522,-2.0,1.0,-12.140842036438407,1,33,0,-2.4695420436985933,-1.0,1.0,34
realAWSCloudwatch/ec2_disk_write_bytes_1ef3de.csv,realAWSCloudwatch,ec2_disk_write_bytes_1ef3de,B_iforest_raw,budget,0.005,0.7861539439877319,408,2,0.004901960784313725,12.215277777777779,0.0,0.0,0.0,0,2,65,341,0.03076923076923077,0.0,0.0,0.0,0,2,65,1,0,0.0,2,0,2,0.0,0.16372939169982945,0.16372939169982945,,,-1.2200000000000002,-1.0,1.0,-11.00000000000001,-1.44,-1.0,1.0,-21.999999999999996,-2.2199999999999998,-2.0,1.0,-7.333333333333325,0,2,1,-1.2200000000000002,-1.0,1.0,2
realAWSCloudwatch/ec2_disk_write_bytes_1ef3de.csv,realAWSCloudwatch,ec2_disk_write_bytes_1ef3de,B_iforest_raw,train,0.005,0.7568448180909096,408,41,0.10049019607843138,12.215277777777779,0.17073170731707318,0.1076923076923077,0.1320754716981132,7,34,58,309,0.6307692307692307,0.6565656565656566,1.0,0.7926829268292683,65,34,0,1,1,1.0,39,6,33,0.15384615384615385,2.7015349630471857,3.192723138146674,570.0,0.3986013986013986,-2.3642252610931522,-1.0,1.0,-68.2112630546576,-5.692740620712475,-1.0,1.0,-234.63703103562375,-2.3642252610931522,-2.0,1.0,-12.140842036438407,1,33,0,-2.4695420436985933,-1.0,1.0,34
realAWSCloudwatch/ec2_disk_write_bytes_1ef3de.csv,realAWSCloudwatch,ec2_disk_write_bytes_1ef3de,B_iforest_raw,budget,0.01,0.7861539439877319,408,4,0.00980392156862745,12.215277777777779,0.25,0.015384615384615385,0.028985507246376812,1,3,64,340,0.06153846153846154,0.9558823529411765,1.0,0.9774436090225563,65,3,0,1,1,1.0,4,1,3,0.25,0.24559408754974416,0.3274587833996589,570.0,0.3986013986013986,0.634290098526171,-1.0,1.0,81.71450492630855,0.30429009852617106,-1.0,1.0,65.21450492630856,0.634290098526171,-2.0,1.0,87.80966995087238,1,3,0,0.634290098526171,-1.0,1.0,3
realAWSCloudwatch/ec2_disk_write_bytes_1ef3de.csv,realAWSCloudwatch,ec2_disk_write_bytes_1ef3de,B_iforest_raw,train,0.01,0.7275356921940874,408,43,0.1053921568627451,12.215277777777779,0.16279069767441862,0.1076923076923077,0.12962962962962965,7,36,58,307,0.6615384615384615,0.6435643564356436,1.0,0.7831325301204819,65,36,0,1,1,1.0,41,6,35,0.14634146341463414,2.865264354747015,3.3564525298465036,570.0,0.3986013986013986,-2.5842252610931524,-1.0,1.0,-79.21126305465762,-6.132740620712475,-1.0,1.0,-256.63703103562375,-2.5842252610931524,-2.0,1.0,-19.474175369771746,1,35,0,-2.6895420436985935,-1.0,1.0,36
realAWSCloudwatch/ec2_disk_write_bytes_1ef3de.csv,realAWSCloudwatch,ec2_disk_write_bytes_1ef3de,B_iforest_raw,budget,0.02,0.7861539439877319,408,8,0.0196078431372549,12.215277777777779,0.625,0.07692307692307693,0.13698630136986303,5,3,60,340,0.12307692307692308,0.9558823529411765,1.0,0.9774436090225563,65,3,0,1,1,1.0,7,4,3,0.5714285714285714,0.24559408754974416,0.573052870949403,570.0,0.3986013986013986,0.634290098526171,-1.0,1.0,81.71450492630855,0.30429009852617106,-1.0,1.0,65.21450492630856,0.634290098526171,-2.0,1.0,87.80966995087238,1,3,0,0.634290098526171,-1.0,1.0,3
realAWSCloudwatch/ec2_disk_write_bytes_1ef3de.csv,realAWSCloudwatch,ec2_disk_write_bytes_1ef3de,B_iforest_raw,train,0.02,0.7026626875788472,408,47,0.11519607843137254,12.215277777777779,0.1702127659574468,0.12307692307692308,0.14285714285714285,8,39,57,304,0.7230769230769231,0.625,1.0,0.7692307692307693,65,39,0,1,1,1.0,43,6,37,0.13953488372093023,3.0289937464468446,3.520181921546333,570.0,0.3986013986013986,-2.804224986473556,-1.0,1.0,-90.21124932367779,-6.572740071473281,-1.0,1.0,-278.63700357366406,-2.804224986473556,-2.0,1.0,-26.80749954911853,1,37,0,-3.0195141948258595,-1.0,1.0,39
realAWSCloudwatch/ec2_disk_write_bytes_1ef3de.csv,realAWSCloudwatch,ec2_disk_write_bytes_1ef3de,B_iforest_raw,budget,0.05,0.7861539439877319,408,20,0.049019607843137254,12.215277777777779,0.35,0.1076923076923077,0.16470588235294117,7,13,58,330,0.3076923076923077,0.8333333333333334,1.0,0.9090909090909091,65,13,0,1,1,1.0,18,6,12,0.3333333333333333,0.9823763501989766,1.473564525298465,570.0,0.3986013986013986,-0.05997291577024687,-1.0,1.0,47.00135421148766,-1.0842359300666649,-1.0,1.0,-4.211796503333243,-0.05997291577024687,-2.0,1.0,64.6675694743251,1,12,0,-0.16528969837568763,-1.0,1.0,13
realAWSCloudwatch/ec2_disk_write_bytes_1ef3de.csv,realAWSCloudwatch,ec2_disk_write_bytes_1ef3de,B_iforest_raw,train,0.05,0.6289387399591011,408,57,0.13970588235294118,12.215277777777779,0.17543859649122806,0.15384615384615385,0.1639344262295082,10,47,55,296,0.8769230769230769,0.5803571428571429,1.0,0.7344632768361583,65,47,0,1,1,1.0,46,6,40,0.13043478260869565,3.2745878339965886,3.765776009096077,570.0,0.3986013986013986,-3.134224977734879,-1.0,1.0,-106.71124888674395,-7.232740053995928,-1.0,1.0,-311.6370026997964,-3.134224977734879,-2.0,1.0,-37.8074992578293,1,40,0,-3.888537955139435,-1.0,1.0,47
realAWSCloudwatch/ec2_disk_write_bytes_1ef3de.csv,realAWSCloudwatch,ec2_disk_write_bytes_1ef3de,C_iforest_contextual,budget,0.0005,0.7134218779190717,408,0,0.0,12.215277777777779,0.0,0.0,0.0,0,0,65,343,0.0,0.0,0.0,0.0,0,0,65,1,0,0.0,0,0,0,,0.0,0.0,,,-1.0,-1.0,1.0,0.0,-1.0,-1.0,1.0,0.0,-2.0,-2.0,1.0,0.0,0,0,1,-1.0,-1.0,1.0,0
realAWSCloudwatch/ec2_disk_write_bytes_1ef3de.csv,realAWSCloudwatch,ec2_disk_write_bytes_1ef3de,C_iforest_contextual,train,0.0005,0.6202066167590928,408,59,0.14460784313725492,12.215277777777779,0.13559322033898305,0.12307692307692308,0.12903225806451613,8,51,57,292,0.9076923076923077,0.5603448275862069,1.0,0.718232044198895,65,51,0,1,1,1.0,51,7,44,0.13725490196078433,3.6020466173962475,4.1750994883456505,455.0,0.3181818181818182,-3.5409001544153127,-1.0,1.0,-127.04500772076564,-8.072232271264967,-1.0,1.0,-353.6116135632484,-3.5409001544153127,-2.0,1.0,-51.36333848051043,1,44,0,-4.181609002197705,-1.0,1.0,51
realAWSCloudwatch/ec2_disk_write_bytes_1ef3de.csv,realAWSCloudwatch,ec2_disk_write_bytes_1ef3de,C_iforest_contextual,budget,0.001,0.7131167677811107,408,0,0.0,12.215277777777779,0.0,0.0,0.0,0,0,65,343,0.0,0.0,0.0,0.0,0,0,65,1,0,0.0,0,0,0,,0.0,0.0,,,-1.0,-1.0,1.0,0.0,-1.0,-1.0,1.0,0.0,-2.0,-2.0,1.0,0.0,0,0,1,-1.0,-1.0,1.0,0
realAWSCloudwatch/ec2_disk_write_bytes_1ef3de.csv,realAWSCloudwatch,ec2_disk_write_bytes_1ef3de,C_iforest_contextual,train,0.001,0.6199765803918771,408,59,0.14460784313725492,12.215277777777779,0.13559322033898305,0.12307692307692308,0.12903225806451613,8,51,57,292,0.9076923076923077,0.5603448275862069,1.0,0.718232044198895,65,51,0,1,1,1.0,51,7,44,0.13725490196078433,3.6020466173962475,4.1750994883456505,455.0,0.3181818181818182,-3.5409001544153127,-1.0,1.0,-127.04500772076564,-8.072232271264967,-1.0,1.0,-353.6116135632484,-3.5409001544153127,-2.0,1.0,-51.36333848051043,1,44,0,-4.181609002197705,-1.0,1.0,51
realAWSCloudwatch/ec2_disk_write_bytes_1ef3de.csv,realAWSCloudwatch,ec2_disk_write_bytes_1ef3de,C_iforest_contextual,budget,0.002,0.7125065475051886,408,0,0.0,12.215277777777779,0.0,0.0,0.0,0,0,65,343,0.0,0.0,0.0,0.0,0,0,65,1,0,0.0,0,0,0,,0.0,0.0,,,-1.0,-1.0,1.0,0.0,-1.0,-1.0,1.0,0.0,-2.0,-2.0,1.0,0.0,0,0,1,-1.0,-1.0,1.0,0
realAWSCloudwatch/ec2_disk_write_bytes_1ef3de.csv,realAWSCloudwatch,ec2_disk_write_bytes_1ef3de,C_iforest_contextual,train,0.002,0.6195165076574457,408,59,0.14460784313725492,12.215277777777779,0.13559322033898305,0.12307692307692308,0.12903225806451613,8,51,57,292,0.9076923076923077,0.5603448275862069,1.0,0.718232044198895,65,51,0,1,1,1.0,51,7,44,0.13725490196078433,3.6020466173962475,4.1750994883456505,455.0,0.3181818181818182,-3.5409001544153127,-1.0,1.0,-127.04500772076564,-8.072232271264967,-1.0,1.0,-353.6116135632484,-3.5409001544153127,-2.0,1.0,-51.36333848051043,1,44,0,-4.181609002197705,-1.0,1.0,51
realAWSCloudwatch/ec2_disk_write_bytes_1ef3de.csv,realAWSCloudwatch,ec2_disk_write_bytes_1ef3de,C_iforest_contextual,budget,0.005,0.7117055254208515,408,2,0.004901960784313725,12.215277777777779,0.0,0.0,0.0,0,2,65,341,0.03076923076923077,0.0,0.0,0.0,0,2,65,1,0,0.0,2,0,2,0.0,0.16372939169982945,0.16372939169982945,,,-1.2198458854921608,-1.0,1.0,-10.992294274608039,-1.4396917709843216,-1.0,1.0,-21.984588549216078,-2.2198458854921608,-2.0,1.0,-7.328196183072026,0,2,1,-1.2198458854921608,-1.0,1.0,2
realAWSCloudwatch/ec2_disk_write_bytes_1ef3de.csv,realAWSCloudwatch,ec2_disk_write_bytes_1ef3de,C_iforest_contextual,train,0.005,0.6181362894541513,408,59,0.14460784313725492,12.215277777777779,0.13559322033898305,0.12307692307692308,0.12903225806451613,8,51,57,292,0.9076923076923077,0.5603448275862069,1.0,0.718232044198895,65,51,0,1,1,1.0,51,7,44,0.13725490196078433,3.6020466173962475,4.1750994883456505,455.0,0.3181818181818182,-3.5409001544153127,-1.0,1.0,-127.04500772076564,-8.072232271264967,-1.0,1.0,-353.6116135632484,-3.5409001544153127,-2.0,1.0,-51.36333848051043,1,44,0,-4.181609002197705,-1.0,1.0,51
realAWSCloudwatch/ec2_disk_write_bytes_1ef3de.csv,realAWSCloudwatch,ec2_disk_write_bytes_1ef3de,C_iforest_contextual,budget,0.01,0.6973947408459217,408,4,0.00980392156862745,12.215277777777779,0.0,0.0,0.0,0,4,65,339,0.06153846153846154,0.0,0.0,0.0,0,4,65,1,0,0.0,4,0,4,0.0,0.3274587833996589,0.3274587833996589,,,-1.4377342172909466,-1.0,1.0,-21.886710864547332,-1.8754684345818933,-1.0,1.0,-43.773421729094665,-2.437734217290947,-2.0,1.0,-14.591140576364895,0,4,1,-1.4377342172909466,-1.0,1.0,4
realAWSCloudwatch/ec2_disk_write_bytes_1ef3de.csv,realAWSCloudwatch,ec2_disk_write_bytes_1ef3de,C_iforest_contextual,train,0.01,0.6158359257819941,408,59,0.14460784313725492,12.215277777777779,0.13559322033898305,0.12307692307692308,0.12903225806451613,8,51,57,292,0.9076923076923077,0.5603448275862069,1.0,0.718232044198895,65,51,0,1,1,1.0,51,7,44,0.13725490196078433,3.6020466173962475,4.1750994883456505,455.0,0.3181818181818182,-3.5409001544153127,-1.0,1.0,-127.04500772076564,-8.072232271264967,-1.0,1.0,-353.6116135632484,-3.5409001544153127,-2.0,1.0,-51.36333848051043,1,44,0,-4.181609002197705,-1.0,1.0,51
realAWSCloudwatch/ec2_disk_write_bytes_1ef3de.csv,realAWSCloudwatch,ec2_disk_write_bytes_1ef3de,C_iforest_contextual,budget,0.02,0.6859932187783642,408,8,0.0196078431372549,12.215277777777779,0.125,0.015384615384615385,0.027397260273972605,1,7,64,336,0.12307692307692308,0.9027777777777778,1.0,0.9489051094890512,65,7,0,1,1,1.0,8,1,7,0.125,0.573052870949403,0.6549175667993178,785.0,0.548951048951049,0.0319128874706789,-1.0,1.0,51.59564437353394,-0.7239996369466053,-1.0,1.0,13.800018152669736,0.0319128874706789,-2.0,1.0,67.73042958235597,1,7,0,0.0319128874706789,-1.0,1.0,7
realAWSCloudwatch/ec2_disk_write_bytes_1ef3de.csv,realAWSCloudwatch,ec2_disk_write_bytes_1ef3de,C_iforest_contextual,train,0.02,0.6056838629228595,408,61,0.14950980392156862,12.215277777777779,0.13114754098360656,0.12307692307692308,0.12698412698412698,8,53,57,290,0.9384615384615385,0.5508474576271186,1.0,0.7103825136612022,65,53,0,1,1,1.0,51,7,44,0.13725490196078433,3.6020466173962475,4.1750994883456505,455.0,0.3181818181818182,-3.5409001544153127,-1.0,1.0,-127.04500772076564,-8.072232271264967,-1.0,1.0,-353.6116135632484,-3.5409001544153127,-2.0,1.0,-51.36333848051043,1,44,0,-4.390718126176868,-1.0,1.0,53
realAWSCloudwatch/ec2_disk_write_bytes_1ef3de.csv,realAWSCloudwatch,ec2_disk_write_bytes_1ef3de,C_iforest_contextual,budget,0.05,0.6720236557001964,408,20,0.049019607843137254,12.215277777777779,0.05,0.015384615384615385,0.023529411764705885,1,19,64,324,0.3076923076923077,0.7738095238095238,1.0,0.8724832214765101,65,19,0,1,1,1.0,20,1,19,0.05,1.5554292211483796,1.6372939169982943,785.0,0.548951048951049,-1.154820327910429,-1.0,1.0,-7.7410163955214495,-3.097466067708821,-1.0,1.0,-104.87330338544105,-1.154820327910429,-2.0,1.0,28.172655736319033,1,19,0,-1.154820327910429,-1.0,1.0,19
realAWSCloudwatch/ec2_disk_write_bytes_1ef3de.csv,realAWSCloudwatch,ec2_disk_write_bytes_1ef3de,C_iforest_contextual,train,0.05,0.5898401271386989,408,77,0.18872549019607843,12.215277777777779,0.12987012987012986,0.15384615384615385,0.14084507042253522,10,67,55,276,1.0,0.49242424242424243,1.0,0.6598984771573604,65,67,0,1,1,1.0,58,9,49,0.15517241379310345,4.0113700966458214,4.748152359295053,0.0,0.0,-4.081318159834996,-1.0,1.0,-154.0659079917498,-9.162636319669993,-1.0,1.0,-408.1318159834996,-4.081318159834996,-2.0,1.0,-69.37727199449988,1,49,0,-5.855402306747482,-1.0,1.0,67
realAWSCloudwatch/ec2_disk_write_bytes_c0d644.csv,realAWSCloudwatch,ec2_disk_write_bytes_c0d644,A_rolling_zscore,budget,0.0005,50.0,603,0,0.0,10.597222222222221,0.0,0.0,0.0,0,0,128,475,0.0,0.0,0.0,0.0,0,0,128,2,0,0.0,0,0,0,,0.0,0.0,,,-2.0,-2.0,2.0,0.0,-2.0,-2.0,2.0,0.0,-4.0,-4.0,2.0,0.0,0,0,2,-2.0,-2.0,2.0,0
realAWSCloudwatch/ec2_disk_write_bytes_c0d644.csv,realAWSCloudwatch,ec2_disk_write_bytes_c0d644,A_rolling_zscore,train,0.0005,50.0,603,0,0.0,10.597222222222221,0.0,0.0,0.0,0,0,128,475,0.0,0.0,0.0,0.0,0,0,128,2,0,0.0,0,0,0,,0.0,0.0,,,-2.0,-2.0,2.0,0.0,-2.0,-2.0,2.0,0.0,-4.0,-4.0,2.0,0.0,0,0,2,-2.0,-2.0,2.0,0
realAWSCloudwatch/ec2_disk_write_bytes_c0d644.csv,realAWSCloudwatch,ec2_disk_write_bytes_c0d644,A_rolling_zscore,budget,0.001,50.0,603,0,0.0,10.597222222222221,0.0,0.0,0.0,0,0,128,475,0.0,0.0,0.0,0.0,0,0,128,2,0,0.0,0,0,0,,0.0,0.0,,,-2.0,-2.0,2.0,0.0,-2.0,-2.0,2.0,0.0,-4.0,-4.0,2.0,0.0,0,0,2,-2.0,-2.0,2.0,0
realAWSCloudwatch/ec2_disk_write_bytes_c0d644.csv,realAWSCloudwatch,ec2_disk_write_bytes_c0d644,A_rolling_zscore,train,0.001,50.0,603,0,0.0,10.597222222222221,0.0,0.0,0.0,0,0,128,475,0.0,0.0,0.0,0.0,0,0,128,2,0,0.0,0,0,0,,0.0,0.0,,,-2.0,-2.0,2.0,0.0,-2.0,-2.0,2.0,0.0,-4.0,-4.0,2.0,0.0,0,0,2,-2.0,-2.0,2.0,0
realAWSCloudwatch/ec2_disk_write_bytes_c0d644.csv,realAWSCloudwatch,ec2_disk_write_bytes_c0d644,A_rolling_zscore,budget,0.002,50.0,603,1,0.001658374792703151,10.597222222222221,0.0,0.0,0.0,0,1,128,474,0.0078125,0.0,0.0,0.0,0,1,128,2,0,0.0,1,0,1,0.0,0.0943643512450852,0.0943643512450852,,,-2.11,-2.0,2.0,-2.749999999999997,-2.22,-2.0,2.0,-5.500000000000005,-4.11,-4.0,2.0,-1.8333333333333386,0,1,2,-2.11,-2.0,2.0,1
realAWSCloudwatch/ec2_disk_write_bytes_c0d644.csv,realAWSCloudwatch,ec2_disk_write_bytes_c0d644,A_rolling_zscore,train,0.002,50.0,603,0,0.0,10.597222222222221,0.0,0.0,0.0,0,0,128,475,0.0,0.0,0.0,0.0,0,0,128,2,0,0.0,0,0,0,,0.0,0.0,,,-2.0,-2.0,2.0,0.0,-2.0,-2.0,2.0,0.0,-4.0,-4.0,2.0,0.0,0,0,2,-2.0,-2.0,2.0,0
realAWSCloudwatch/ec2_disk_write_bytes_c0d644.csv,realAWSCloudwatch,ec2_disk_write_bytes_c0d644,A_rolling_zscore,budget,0.005,50.0,603,3,0.004975124378109453,10.597222222222221,0.0,0.0,0.0,0,3,128,472,0.0234375,0.0,0.0,0.0,0,3,128,2,0,0.0,3,0,3,0.0,0.2830930537352556,0.2830930537352556,,,-2.2276280487505553,-2.0,2.0,-5.690701218763882,-2.455256097501111,-2.0,2.0,-11.381402437527777,-4.227628048750556,-4.0,2.0,-3.7938008125092626,0,3,2,-2.2276280487505553,-2.0,2.0,3
realAWSCloudwatch/ec2_disk_write_bytes_c0d644.csv,realAWSCloudwatch,ec2_disk_write_bytes_c0d644,A_rolling_zscore,train,0.005,50.0,603,0,0.0,10.597222222222221,0.0,0.0,0.0,0,0,128,475,0.0,0.0,0.0,0.0,0,0,128,2,0,0.0,0,0,0,,0.0,0.0,,,-2.0,-2.0,2.0,0.0,-2.0,-2.0,2.0,0.0,-4.0,-4.0,2.0,0.0,0,0,2,-2.0,-2.0,2.0,0
realAWSCloudwatch/ec2_disk_write_bytes_c0d644.csv,realAWSCloudwatch,ec2_disk_write_bytes_c0d644,A_rolling_zscore,budget,0.01,50.0,603,6,0.009950248756218905,10.597222222222221,0.5,0.0234375,0.04477611940298507,3,3,125,472,0.046875,0.9615384615384616,0.5859375,0.7281553398058251,75,3,53,2,1,0.5,6,3,3,0.5,0.2830930537352556,0.5661861074705112,100.0,0.14925373134328357,-0.23294544264135303,-2.0,2.0,44.17636393396617,-0.4605734913919085,-2.0,2.0,38.48566271520228,-1.232945442641353,-4.0,2.0,46.11757595597745,1,3,1,-0.23294544264135303,-2.0,2.0,3
realAWSCloudwatch/ec2_disk_write_bytes_c0d644.csv,realAWSCloudwatch,ec2_disk_write_bytes_c0d644,A_rolling_zscore,train,0.01,50.0,603,0,0.0,10.597222222222221,0.0,0.0,0.0,0,0,128,475,0.0,0.0,0.0,0.0,0,0,128,2,0,0.0,0,0,0,,0.0,0.0,,,-2.0,-2.0,2.0,0.0,-2.0,-2.0,2.0,0.0,-4.0,-4.0,2.0,0.0,0,0,2,-2.0,-2.0,2.0,0
realAWSCloudwatch/ec2_disk_write_bytes_c0d644.csv,realAWSCloudwatch,ec2_disk_write_bytes_c0d644,A_rolling_zscore,budget,0.02,50.0,603,12,0.01990049751243781,10.597222222222221,0.3333333333333333,0.03125,0.05714285714285714,4,8,124,467,0.09375,0.9036144578313253,0.5859375,0.7109004739336492,75,8,53,2,1,0.5,12,4,8,0.3333333333333333,0.7549148099606816,1.1323722149410225,100.0,0.14925373134328357,-0.7191030441234028,-2.0,2.0,32.02242389691493,-1.432888694356008,-2.0,2.0,14.177782641099801,-1.7191030441234028,-4.0,2.0,38.01494926460995,1,8,1,-0.7191030441234028,-2.0,2.0,8
realAWSCloudwatch/ec2_disk_write_bytes_c0d644.csv,realAWSCloudwatch,ec2_disk_write_bytes_c0d644,A_rolling_zscore,train,0.02,50.0,603,0,0.0,10.597222222222221,0.0,0.0,0.0,0,0,128,475,0.0,0.0,0.0,0.0,0,0,128,2,0,0.0,0,0,0,,0.0,0.0,,,-2.0,-2.0,2.0,0.0,-2.0,-2.0,2.0,0.0,-4.0,-4.0,2.0,0.0,0,0,2,-2.0,-2.0,2.0,0
realAWSCloudwatch/ec2_disk_write_bytes_c0d644.csv,realAWSCloudwatch,ec2_disk_write_bytes_c0d644,A_rolling_zscore,budget,0.05,20.59201253237096,603,30,0.04975124378109453,10.597222222222221,0.16666666666666666,0.0390625,0.06329113924050632,5,25,123,450,0.234375,0.8366013071895425,1.0,0.9110320284697508,128,25,0,2,2,1.0,29,5,24,0.1724137931034483,2.264744429882045,2.7365661861074706,105.0,0.18142298217649616,-0.4709579428873667,-2.0,2.0,38.22605142781583,-2.928508653622864,-2.0,2.0,-23.212716340571603,-0.4709579428873667,-4.0,2.0,58.81736761854389,2,24,0,-0.5809545547295953,-2.0,2.0,25
realAWSCloudwatch/ec2_disk_write_bytes_c0d644.csv,realAWSCloudwatch,ec2_disk_write_bytes_c0d644,A_rolling_zscore,train,0.05,35.96443607752676,603,21,0.03482587064676617,10.597222222222221,0.19047619047619047,0.03125,0.053691275167785234,4,17,124,458,0.1640625,0.8152173913043478,0.5859375,0.6818181818181819,75,17,53,2,1,0.5,21,4,17,0.19047619047619047,1.6041939711664484,1.981651376146789,100.0,0.14925373134328357,-1.7090805595302172,-2.0,2.0,7.27298601174457,-3.412843725169637,-2.0,2.0,-35.32109312924092,-2.709080559530217,-4.0,2.0,21.51532400782972,1,17,1,-1.7090805595302172,-2.0,2.0,17
realAWSCloudwatch/ec2_disk_write_bytes_c0d644.csv,realAWSCloudwatch,ec2_disk_write_bytes_c0d644,B_iforest_raw,budget,0.0005,0.666997208034341,603,0,0.0,10.597222222222221,0.0,0.0,0.0,0,0,128,475,0.0,0.0,0.0,0.0,0,0,128,2,0,0.0,0,0,0,,0.0,0.0,,,-2.0,-2.0,2.0,0.0,-2.0,-2.0,2.0,0.0,-4.0,-4.0,2.0,0.0,0,0,2,-2.0,-2.0,2.0,0
realAWSCloudwatch/ec2_disk_write_bytes_c0d644.csv,realAWSCloudwatch,ec2_disk_write_bytes_c0d644,B_iforest_raw,train,0.0005,0.6676279203723622,603,0,0.0,10.597222222222221,0.0,0.0,0.0,0,0,128,475,0.0,0.0,0.0,0.0,0,0,128,2,0,0.0,0,0,0,,0.0,0.0,,,-2.0,-2.0,2.0,0.0,-2.0,-2.0,2.0,0.0,-4.0,-4.0,2.0,0.0,0,0,2,-2.0,-2.0,2.0,0
realAWSCloudwatch/ec2_disk_write_bytes_c0d644.csv,realAWSCloudwatch,ec2_disk_write_bytes_c0d644,B_iforest_raw,budget,0.001,0.6668504881231948,603,0,0.0,10.597222222222221,0.0,0.0,0.0,0,0,128,475,0.0,0.0,0.0,0.0,0,0,128,2,0,0.0,0,0,0,,0.0,0.0,,,-2.0,-2.0,2.0,0.0,-2.0,-2.0,2.0,0.0,-4.0,-4.0,2.0,0.0,0,0,2,-2.0,-2.0,2.0,0
realAWSCloudwatch/ec2_disk_write_bytes_c0d644.csv,realAWSCloudwatch,ec2_disk_write_bytes_c0d644,B_iforest_raw,train,0.001,0.6675676569504,603,0,0.0,10.597222222222221,0.0,0.0,0.0,0,0,128,475,0.0,0.0,0.0,0.0,0,0,128,2,0,0.0,0,0,0,,0.0,0.0,,,-2.0,-2.0,2.0,0.0,-2.0,-2.0,2.0,0.0,-4.0,-4.0,2.0,0.0,0,0,2,-2.0,-2.0,2.0,0
realAWSCloudwatch/ec2_disk_write_bytes_c0d644.csv,realAWSCloudwatch,ec2_disk_write_bytes_c0d644,B_iforest_raw,budget,0.002,0.6665895518397443,603,1,0.001658374792703151,10.597222222222221,0.0,0.0,0.0,0,1,128,474,0.0078125,0.0,0.0,0.0,0,1,128,2,0,0.0,1,0,1,0.0,0.0943643512450852,0.0943643512450852,,,-2.11,-2.0,2.0,-2.749999999999997,-2.22,-2.0,2.0,-5.500000000000005,-4.11,-4.0,2.0,-1.8333333333333386,0,1,2,-2.11,-2.0,2.0,1
realAWSCloudwatch/ec2_disk_write_bytes_c0d644.csv,realAWSCloudwatch,ec2_disk_write_bytes_c0d644,B_iforest_raw,train,0.002,0.6674471301064755,603,0,0.0,10.597222222222221,0.0,0.0,0.0,0,0,128,475,0.0,0.0,0.0,0.0,0,0,128,2,0,0.0,0,0,0,,0.0,0.0,,,-2.0,-2.0,2.0,0.0,-2.0,-2.0,2.0,0.0,-4.0,-4.0,2.0,0.0,0,0,2,-2.0,-2.0,2.0,0
realAWSCloudwatch/ec2_disk_write_bytes_c0d644.csv,realAWSCloudwatch,ec2_disk_write_bytes_c0d644,B_iforest_raw,budget,0.005,0.6660508285734186,603,3,0.004975124378109453,10.597222222222221,0.3333333333333333,0.0078125,0.015267175572519083,1,2,127,473,0.0234375,0.9636363636363636,0.4140625,0.5792349726775956,53,2,75,2,1,0.5,3,1,2,0.3333333333333333,0.1887287024901704,0.2830930537352556,330.0,0.6407766990291263,-0.3638930613752973,-2.0,2.0,40.90267346561757,-0.5807398487180564,-2.0,2.0,35.48150378204859,-1.3638930613752975,-4.0,2.0,43.935115643745036,1,2,1,-0.3638930613752973,-2.0,2.0,2
realAWSCloudwatch/ec2_disk_write_bytes_c0d644.csv,realAWSCloudwatch,ec2_disk_write_bytes_c0d644,B_iforest_raw,train,0.005,0.6670855495747019,603,1,0.001658374792703151,10.597222222222221,0.0,0.0,0.0,0,1,128,474,0.0078125,0.0,0.0,0.0,0,1,128,2,0,0.0,1,0,1,0.0,0.0943643512450852,0.0943643512450852,,,-2.11,-2.0,2.0,-2.749999999999997,-2.22,-2.0,2.0,-5.500000000000005,-4.11,-4.0,2.0,-1.8333333333333386,0,1,2,-2.11,-2.0,2.0,1
realAWSCloudwatch/ec2_disk_write_bytes_c0d644.csv,realAWSCloudwatch,ec2_disk_write_bytes_c0d644,B_iforest_raw,budget,0.01,0.6637719644906825,603,6,0.009950248756218905,10.597222222222221,0.5,0.0234375,0.04477611940298507,3,3,125,472,0.046875,0.9770992366412213,1.0,0.9884169884169884,128,3,0,2,2,1.0,6,3,3,0.5,0.2830930537352556,0.5661861074705112,172.5,0.2821692508332126,1.599236491624813,-2.0,2.0,89.98091229062032,1.2723897042820542,-2.0,2.0,81.80974260705136,1.599236491624813,-4.0,2.0,93.32060819374688,2,3,0,1.599236491624813,-2.0,2.0,3
realAWSCloudwatch/ec2_disk_write_bytes_c0d644.csv,realAWSCloudwatch,ec2_disk_write_bytes_c0d644,B_iforest_raw,train,0.01,0.666385036967457,603,2,0.003316749585406302,10.597222222222221,0.5,0.0078125,0.015384615384615385,1,1,127,474,0.015625,0.9814814814814815,0.4140625,0.5824175824175825,53,1,75,2,1,0.5,2,1,1,0.5,0.0943643512450852,0.1887287024901704,330.0,0.6407766990291263,-0.2570462740325382,-2.0,2.0,43.573843149186544,-0.3670462740325382,-2.0,2.0,40.823843149186544,-1.2570462740325383,-4.0,2.0,45.71589543279103,1,1,1,-0.2570462740325382,-2.0,2.0,1
realAWSCloudwatch/ec2_disk_write_bytes_c0d644.csv,realAWSCloudwatch,ec2_disk_write_bytes_c0d644,B_iforest_raw,budget,0.02,0.6460444818782967,603,12,0.01990049751243781,10.597222222222221,0.4166666666666667,0.0390625,0.07142857142857142,5,7,123,468,0.09375,0.9481481481481482,1.0,0.973384030418251,128,7,0,2,2,1.0,11,4,7,0.36363636363636365,0.6605504587155964,1.0380078636959371,172.5,0.2821692508332126,1.1592364916248126,-2.0,2.0,78.98091229062032,0.39238970428205433,-2.0,2.0,59.80974260705136,1.1592364916248126,-4.0,2.0,85.98727486041355,2,7,0,1.1592364916248126,-2.0,2.0,7
realAWSCloudwatch/ec2_disk_write_bytes_c0d644.csv,realAWSCloudwatch,ec2_disk_write_bytes_c0d644,B_iforest_raw,train,0.02,0.6624039655309919,603,8,0.013266998341625208,10.597222222222221,0.5,0.03125,0.058823529411764705,4,4,124,471,0.0625,0.9696969696969697,1.0,0.9846153846153847,128,4,0,2,2,1.0,8,4,4,0.5,0.3774574049803408,0.7549148099606816,172.5,0.2821692508332126,1.4892364916248129,-2.0,2.0,87.23091229062032,1.0523897042820543,-2.0,2.0,76.30974260705136,1.4892364916248129,-4.0,2.0,91.48727486041355,2,4,0,1.4892364916248129,-2.0,2.0,4
realAWSCloudwatch/ec2_disk_write_bytes_c0d644.csv,realAWSCloudwatch,ec2_disk_write_bytes_c0d644,B_iforest_raw,budget,0.05,0.6460444818782967,603,30,0.04975124378109453,10.597222222222221,0.43333333333333335,0.1015625,0.16455696202531647,13,17,115,458,0.234375,0.8827586206896552,1.0,0.9377289377289377,128,17,0,2,2,1.0,28,12,16,0.42857142857142855,1.5098296199213632,2.6422018348623855,172.5,0.2821692508332126,0.37454715040395115,-2.0,2.0,59.36367876009878,-1.176988978159669,-2.0,2.0,20.575275546008275,0.37454715040395115,-4.0,2.0,72.90911917339919,2,16,0,0.2674150583082725,-2.0,2.0,17
realAWSCloudwatch/ec2_disk_write_bytes_c0d644.csv,realAWSCloudwatch,ec2_disk_write_bytes_c0d644,B_iforest_raw,train,0.05,0.6443361839610213,603,55,0.0912106135986733,10.597222222222221,0.2545454545454545,0.109375,0.15300546448087432,14,41,114,434,0.4296875,0.757396449704142,1.0,0.861952861952862,128,41,0,2,2,1.0,43,13,30,0.3023255813953488,2.8309305373525557,4.057667103538663,117.5,0.17537313432835822,-1.156944924157421,-2.0,2.0,21.076376896064474,-4.248062965543484,-2.0,2.0,-56.201574138587105,-1.156944924157421,-4.0,2.0,47.38425126404298,2,30,0,-2.3630630401137775,-2.0,2.0,41
realAWSCloudwatch/ec2_disk_write_bytes_c0d644.csv,realAWSCloudwatch,ec2_disk_write_bytes_c0d644,C_iforest_contextual,budget,0.0005,0.6799619523082974,603,0,0.0,10.597222222222221,0.0,0.0,0.0,0,0,128,475,0.0,0.0,0.0,0.0,0,0,128,2,0,0.0,0,0,0,,0.0,0.0,,,-2.0,-2.0,2.0,0.0,-2.0,-2.0,2.0,0.0,-4.0,-4.0,2.0,0.0,0,0,2,-2.0,-2.0,2.0,0
realAWSCloudwatch/ec2_disk_write_bytes_c0d644.csv,realAWSCloudwatch,ec2_disk_write_bytes_c0d644,C_iforest_contextual,train,0.0005,0.6466052894258096,603,24,0.03980099502487562,10.597222222222221,0.2916666666666667,0.0546875,0.09210526315789475,7,17,121,458,0.1875,0.8827586206896552,1.0,0.9377289377289377,128,17,0,2,2,1.0,23,7,16,0.30434782608695654,1.5098296199213632,2.1703800786369594,245.0,0.40946964208085784,0.0482447624863591,-2.0,2.0,51.206119062158976,-1.6776404808717935,-2.0,2.0,8.058987978205161,0.0482447624863591,-4.0,2.0,67.47074604143931,2,16,0,-0.0617552375136409,-2.0,2.0,17
realAWSCloudwatch/ec2_disk_write_bytes_c0d644.csv,realAWSCloudwatch,ec2_disk_write_bytes_c0d644,C_iforest_contextual,budget,0.001,0.6779883425492514,603,0,0.0,10.597222222222221,0.0,0.0,0.0,0,0,128,475,0.0,0.0,0.0,0.0,0,0,128,2,0,0.0,0,0,0,,0.0,0.0,,,-2.0,-2.0,2.0,0.0,-2.0,-2.0,2.0,0.0,-4.0,-4.0,2.0,0.0,0,0,2,-2.0,-2.0,2.0,0
realAWSCloudwatch/ec2_disk_write_bytes_c0d644.csv,realAWSCloudwatch,ec2_disk_write_bytes_c0d644,C_iforest_contextual,train,0.001,0.6460459446596748,603,25,0.04145936981757877,10.597222222222221,0.28,0.0546875,0.09150326797385622,7,18,121,457,0.1953125,0.8767123287671232,1.0,0.9343065693430657,128,18,0,2,2,1.0,24,7,17,0.2916666666666667,1.6041939711664484,2.264744429882045,245.0,0.40946964208085784,-0.05979485752169403,-2.0,2.0,48.50512856195765,-1.8937197208879002,-2.0,2.0,2.657006977802495,-0.05979485752169403,-4.0,2.0,65.67008570797177,2,17,0,-0.16979485752169404,-2.0,2.0,18
realAWSCloudwatch/ec2_disk_write_bytes_c0d644.csv,realAWSCloudwatch,ec2_disk_write_bytes_c0d644,C_iforest_contextual,budget,0.002,0.6751358568390878,603,1,0.001658374792703151,10.597222222222221,0.0,0.0,0.0,0,1,128,474,0.0078125,0.0,0.0,0.0,0,1,128,2,0,0.0,1,0,1,0.0,0.0943643512450852,0.0943643512450852,,,-2.11,-2.0,2.0,-2.749999999999997,-2.22,-2.0,2.0,-5.500000000000005,-4.11,-4.0,2.0,-1.8333333333333386,0,1,2,-2.11,-2.0,2.0,1
realAWSCloudwatch/ec2_disk_write_bytes_c0d644.csv,realAWSCloudwatch,ec2_disk_write_bytes_c0d644,C_iforest_contextual,train,0.002,0.644927255127405,603,26,0.04311774461028192,10.597222222222221,0.2692307692307692,0.0546875,0.09090909090909091,7,19,121,456,0.203125,0.8707482993197279,1.0,0.9309090909090908,128,19,0,2,2,1.0,25,7,18,0.28,1.6985583224115335,2.35910878112713,245.0,0.40946964208085784,-0.16710514495247036,-2.0,2.0,45.822371376188244,-2.108340295749452,-2.0,2.0,-2.7085073937363036,-0.16710514495247036,-4.0,2.0,63.88158091745883,2,18,0,-0.27710514495247035,-2.0,2.0,19
realAWSCloudwatch/ec2_disk_write_bytes_c0d644.csv,realAWSCloudwatch,ec2_disk_write_bytes_c0d644,C_iforest_contextual,budget,0.005,0.6733428393844302,603,3,0.004975124378109453,10.597222222222221,0.3333333333333333,0.0078125,0.015267175572519083,1,2,127,473,0.0234375,0.9636363636363636,0.4140625,0.5792349726775956,53,2,75,2,1,0.5,3,1,2,0.3333333333333333,0.1887287024901704,0.2830930537352556,490.0,0.9514563106796117,-0.9405627328292144,-2.0,2.0,26.485931679269637,-1.1605627328292145,-2.0,2.0,20.985931679269637,-1.9405627328292145,-4.0,2.0,34.32395445284642,1,2,1,-0.9405627328292144,-2.0,2.0,2
realAWSCloudwatch/ec2_disk_write_bytes_c0d644.csv,realAWSCloudwatch,ec2_disk_write_bytes_c0d644,C_iforest_contextual,train,0.005,0.641571186530596,603,28,0.04643449419568822,10.597222222222221,0.25,0.0546875,0.08974358974358974,7,21,121,454,0.21875,0.8590604026845637,1.0,0.9241877256317689,128,21,0,2,2,1.0,27,7,20,0.25925925925925924,1.887287024901704,2.5478374836173003,245.0,0.40946964208085784,-0.3870980206444339,-2.0,2.0,40.322549483889155,-2.5483260471333797,-2.0,2.0,-13.708151178334493,-0.3870980206444339,-4.0,2.0,60.21503298925944,2,20,0,-0.49709802064443387,-2.0,2.0,21
realAWSCloudwatch/ec2_disk_write_bytes_c0d644.csv,realAWSCloudwatch,ec2_disk_write_bytes_c0d644,C_iforest_contextual,budget,0.01,0.6674836406322473,603,6,0.009950248756218905,10.597222222222221,0.5,0.0234375,0.04477611940298507,3,3,125,472,0.046875,0.9464285714285714,0.4140625,0.5760869565217391,53,3,75,2,1,0.5,6,3,3,0.5,0.2830930537352556,0.5661861074705112,385.0,0.7475728155339806,-0.6271865329523139,-2.0,2.0,34.320336676192156,-0.9543186250479924,-2.0,2.0,26.142034373800193,-1.627186532952314,-4.0,2.0,39.54689111746143,1,3,1,-0.6271865329523139,-2.0,2.0,3
realAWSCloudwatch/ec2_disk_write_bytes_c0d644.csv,realAWSCloudwatch,ec2_disk_write_bytes_c0d644,C_iforest_contextual,train,0.01,0.6365133356767957,603,37,0.06135986733001658,10.597222222222221,0.2702702702702703,0.078125,0.1212121212121212,10,27,118,448,0.2890625,0.8258064516129032,1.0,0.9045936395759718,128,27,0,2,2,1.0,33,9,24,0.2727272727272727,2.264744429882045,3.1140235910878116,147.5,0.22014925373134328,-0.5712744283746143,-2.0,2.0,35.718139290634646,-2.9975369535941025,-2.0,2.0,-24.938423839852565,-0.5712744283746143,-4.0,2.0,57.14542619375643,2,24,0,-0.8775886888826772,-2.0,2.0,27
realAWSCloudwatch/ec2_disk_write_bytes_c0d644.csv,realAWSCloudwatch,ec2_disk_write_bytes_c0d644,C_iforest_contextual,budget,0.02,0.6623134373575057,603,12,0.01990049751243781,10.597222222222221,0.4166666666666667,0.0390625,0.07142857142857142,5,7,123,468,0.09375,0.9481481481481482,1.0,0.973384030418251,128,7,0,2,2,1.0,12,5,7,0.4166666666666667,0.6605504587155964,1.1323722149410225,335.0,0.575242718446602,0.8704090248162888,-2.0,2.0,71.76022562040723,0.10348564866436491,-2.0,2.0,52.587141216609126,0.8704090248162888,-4.0,2.0,81.17348374693815,2,7,0,0.8704090248162888,-2.0,2.0,7
realAWSCloudwatch/ec2_disk_write_bytes_c0d644.csv,realAWSCloudwatch,ec2_disk_write_bytes_c0d644,C_iforest_contextual,train,0.02,0.633215248087962,603,38,0.06301824212271974,10.597222222222221,0.2631578947368421,0.078125,0.12048192771084337,10,28,118,447,0.296875,0.8205128205128205,1.0,0.9014084507042254,128,28,0,2,2,1.0,34,9,25,0.2647058823529412,2.35910878112713,3.2083879423328967,147.5,0.22014925373134328,-0.6812744283746143,-2.0,2.0,32.968139290634646,-3.2175369535941027,-2.0,2.0,-30.438423839852568,-0.6812744283746143,-4.0,2.0,55.31209286042309,2,25,0,-0.9875886888826771,-2.0,2.0,28
realAWSCloudwatch/ec2_disk_write_bytes_c0d644.csv,realAWSCloudwatch,ec2_disk_write_bytes_c0d644,C_iforest_contextual,budget,0.05,0.6387907704251459,603,30,0.04975124378109453,10.597222222222221,0.26666666666666666,0.0625,0.10126582278481013,8,22,120,453,0.234375,0.8533333333333334,1.0,0.9208633093525179,128,22,0,2,2,1.0,29,8,21,0.27586206896551724,1.981651376146789,2.7365661861074706,147.5,0.22014925373134328,-0.4022855957681435,-2.0,2.0,39.94286010579641,-2.6595592883811605,-2.0,2.0,-16.488982209529013,-0.4022855957681435,-4.0,2.0,59.96190673719761,2,21,0,-0.5122855957681435,-2.0,2.0,22
realAWSCloudwatch/ec2_disk_write_bytes_c0d644.csv,realAWSCloudwatch,ec2_disk_write_bytes_c0d644,C_iforest_contextual,train,0.05,0.6079601170069306,603,63,0.1044776119402985,10.597222222222221,0.2698412698412698,0.1328125,0.17801047120418848,17,46,111,429,0.4921875,0.735632183908046,1.0,0.847682119205298,128,46,0,2,2,1.0,50,15,35,0.3,3.302752293577982,4.71821756225426,50.0,0.07462686567164178,-1.6094942872219549,-2.0,2.0,9.762642819451129,-5.213671180553109,-2.0,2.0,-80.34177951382773,-1.6094942872219549,-4.0,2.0,39.841761879634085,2,35,0,-2.795253679363547,-2.0,2.0,46
realAWSCloudwatch/ec2_network_in_257a54.csv,realAWSCloudwatch,ec2_network_in_257a54,A_rolling_zscore,budget,0.0005,50.0,3182,1,0.00031426775612822125,11.04861111111111,1.0,0.0024813895781637717,0.0049504950495049506,1,0,402,2779,0.0024813895781637717,1.0,1.0,1.0,403,0,0,1,1,1.0,1,1,0,1.0,0.0,0.09050911376492772,1230.0,0.6119402985074627,0.7606143061275237,-1.0,1.0,88.03071530637618,0.7606143061275237,-1.0,1.0,88.03071530637618,0.7606143061275237,-2.0,1.0,92.02047687091745,1,0,0,0.7606143061275237,-1.0,1.0,0
realAWSCloudwatch/ec2_network_in_257a54.csv,realAWSCloudwatch,ec2_network_in_257a54,A_rolling_zscore,train,0.0005,2.9298519415360538,3182,91,0.028598365807668134,11.04861111111111,0.12087912087912088,0.02729528535980149,0.04453441295546559,11,80,392,2699,0.22580645161290322,0.8343685300207039,1.0,0.909706546275395,403,80,0,1,1,1.0,75,8,67,0.10666666666666667,6.0641106222501575,6.788183532369579,1005.0,0.5,-5.995971551747903,-1.0,1.0,-249.79857758739516,-12.852614927765513,-1.0,1.0,-592.6307463882756,-5.995971551747903,-2.0,1.0,-133.19905172493011,1,67,0,-7.118836970909549,-1.0,1.0,80
realAWSCloudwatch/ec2_network_in_257a54.csv,realAWSCloudwatch,ec2_network_in_257a54,A_rolling_zscore,budget,0.001,47.36978767734166,3182,3,0.0009428032683846638,11.04861111111111,0.3333333333333333,0.0024813895781637717,0.0049261083743842365,1,2,402,2777,0.007444168734491315,0.9950617283950617,1.0,0.9975247524752474,403,2,0,1,1,1.0,3,1,2,0.3333333333333333,0.18101822752985544,0.2715273412947832,1230.0,0.6119402985074627,0.5577251635549146,-1.0,1.0,77.88625817774573,0.3548360209823055,-1.0,1.0,67.74180104911527,0.5577251635549146,-2.0,1.0,85.25750545183048,1,2,0,0.5577251635549146,-1.0,1.0,2
realAWSCloudwatch/ec2_network_in_257a54.csv,realAWSCloudwatch,ec2_network_in_257a54,A_rolling_zscore,train,0.001,2.7487958696096886,3182,106,0.03331238214959145,11.04861111111111,0.14150943396226415,0.03722084367245657,0.05893909626719057,15,91,388,2688,0.2630272952853598,0.8157894736842105,1.0,0.898550724637681,403,91,0,1,1,1.0,89,12,77,0.1348314606741573,6.969201759899435,8.055311125078568,1005.0,0.5,-6.982154343570331,-1.0,1.0,-299.10771717851657,-14.824980511410367,-1.0,1.0,-691.2490255705184,-6.982154343570331,-2.0,1.0,-166.07181145234435,1,77,0,-8.21477886636128,-1.0,1.0,91
realAWSCloudwatch/ec2_network_in_257a54.csv,realAWSCloudwatch,ec2_network_in_257a54,A_rolling_zscore,budget,0.002,18.464069536108067,3182,6,0.0018856065367693275,11.04861111111111,0.3333333333333333,0.004962779156327543,0.009779951100244499,2,4,401,2775,0.01488833746898263,0.9901719901719902,1.0,0.9950617283950617,403,4,0,1,1,1.0,6,2,4,0.3333333333333333,0.3620364550597109,0.5430546825895664,1015.0,0.5049751243781094,0.43423773887777906,-1.0,1.0,71.71188694388894,0.011348596305169989,-1.0,1.0,50.5674298152585,0.43423773887777906,-2.0,1.0,81.14125796259263,1,4,0,0.43423773887777906,-1.0,1.0,4
realAWSCloudwatch/ec2_network_in_257a54.csv,realAWSCloudwatch,ec2_network_in_257a54,A_rolling_zscore,train,0.002,2.446589653841472,3182,143,0.04494028912633564,11.04861111111111,0.13986013986013987,0.04962779156327544,0.07326007326007326,20,123,383,2656,0.3548387096774194,0.7661596958174905,1.0,0.8675995694294941,403,123,0,1,1,1.0,116,12,104,0.10344827586206896,9.412947831552483,10.499057196731616,1005.0,0.5,-9.94859314689593,-1.0,1.0,-447.4296573447965,-20.757858118061556,-1.0,1.0,-987.8929059030778,-9.94859314689593,-2.0,1.0,-264.953104896531,1,104,0,-11.71250012999039,-1.0,1.0,123
realAWSCloudwatch/ec2_network_in_257a54.csv,realAWSCloudwatch,ec2_network_in_257a54,A_rolling_zscore,budget,0.005,7.109302341127739,3182,15,0.004714016341923318,11.04861111111111,0.3333333333333333,0.01240694789081886,0.023923444976076555,5,10,398,2769,0.03722084367245657,0.9757869249394673,1.0,0.9877450980392156,403,10,0,1,1,1.0,13,4,9,0.3076923076923077,0.8145820238843495,1.1766184789440604,1005.0,0.5,0.013866153487894078,-1.0,1.0,50.6933076743947,-0.8329395172939144,-1.0,1.0,8.353024135304283,0.013866153487894078,-2.0,1.0,67.1288717829298,1,9,0,-0.09389428271343195,-1.0,1.0,10
realAWSCloudwatch/ec2_network_in_257a54.csv,realAWSCloudwatch,ec2_network_in_257a54,A_rolling_zscore,train,0.005,2.3040491586548755,3182,159,0.04996857322438718,11.04861111111111,0.12578616352201258,0.04962779156327544,0.0711743772241993,20,139,383,2640,0.3945409429280397,0.7435424354243543,1.0,0.852910052910053,403,139,0,1,1,1.0,127,12,115,0.09448818897637795,10.408548082966687,11.494657448145821,1005.0,0.5,-11.156928739558808,-1.0,1.0,-507.84643697794036,-23.17452930338731,-1.0,1.0,-1108.7264651693654,-11.156928739558808,-2.0,1.0,-305.23095798529357,1,115,0,-13.358707498101078,-1.0,1.0,139
realAWSCloudwatch/ec2_network_in_257a54.csv,realAWSCloudwatch,ec2_network_in_257a54,A_rolling_zscore,budget,0.01,4.3451709330579735,3182,31,0.00974230043997486,11.04861111111111,0.25806451612903225,0.019851116625310174,0.0368663594470046,8,23,395,2756,0.07692307692307693,0.9460093896713615,1.0,0.9722557297949337,403,23,0,1,1,1.0,27,5,22,0.18518518518518517,1.9912005028284099,2.4437460716530484,1005.0,0.5,-1.3283246587329922,-1.0,1.0,-16.41623293664961,-3.5173211417356876,-1.0,1.0,-125.86605708678438,-1.3283246587329922,-2.0,1.0,22.389178042233592,1,22,0,-1.4360850949343185,-1.0,1.0,23
realAWSCloudwatch/ec2_network_in_257a54.csv,realAWSCloudwatch,ec2_network_in_257a54,A_rolling_zscore,train,0.01,2.2613874799697453,3182,173,0.05436832181018227,11.04861111111111,0.13872832369942195,0.05955334987593052,0.08333333333333333,24,149,379,2630,0.4292803970223325,0.730072463768116,1.0,0.8439790575916231,403,149,0,1,1,1.0,137,15,122,0.10948905109489052,11.042111879321181,12.399748585795098,10.0,0.004975124378109453,-11.75405826392266,-1.0,1.0,-537.7029131961331,-24.50777799668762,-1.0,1.0,-1175.388899834381,-11.75405826392266,-2.0,1.0,-325.1352754640887,1,122,0,-14.140100731163734,-1.0,1.0,149
realAWSCloudwatch/ec2_network_in_257a54.csv,realAWSCloudwatch,ec2_network_in_257a54,A_rolling_zscore,budget,0.02,3.491679676378729,3182,63,0.019798868636077938,11.04861111111111,0.14285714285714285,0.022332506203473945,0.03862660944206008,9,54,394,2725,0.15632754342431762,0.8818380743982495,1.0,0.9372093023255814,403,54,0,1,1,1.0,54,6,48,0.1111111111111111,4.344437460716531,4.887492143306097,1005.0,0.5,-4.0028860934355075,-1.0,1.0,-150.1443046717754,-8.86644401114072,-1.0,1.0,-393.322200557036,-4.0028860934355075,-2.0,1.0,-66.76286978118358,1,48,0,-4.513493239710195,-1.0,1.0,54
realAWSCloudwatch/ec2_network_in_257a54.csv,realAWSCloudwatch,ec2_network_in_257a54,A_rolling_zscore,train,0.02,2.2544814009554135,3182,182,0.05719673161533627,11.04861111111111,0.14285714285714285,0.06451612903225806,0.08888888888888889,26,156,377,2623,0.45161290322580644,0.7209302325581395,1.0,0.8378378378378378,403,156,0,1,1,1.0,146,17,129,0.11643835616438356,11.675675675675675,13.214330609679447,10.0,0.004975124378109453,-12.524058263922651,-1.0,1.0,-576.2029131961325,-26.047777996687604,-1.0,1.0,-1252.3888998343803,-12.524058263922651,-2.0,1.0,-350.801942130755,1,129,0,-14.910100731163736,-1.0,1.0,156
realAWSCloudwatch/ec2_network_in_257a54.csv,realAWSCloudwatch,ec2_network_in_257a54,A_rolling_zscore,budget,0.05,2.300541726503362,3182,159,0.04996857322438718,11.04861111111111,0.12578616352201258,0.04962779156327544,0.0711743772241993,20,139,383,2640,0.3945409429280397,0.7435424354243543,1.0,0.852910052910053,403,139,0,1,1,1.0,127,12,115,0.09448818897637795,10.408548082966687,11.494657448145821,1005.0,0.5,-11.156928739558808,-1.0,1.0,-507.84643697794036,-23.17452930338731,-1.0,1.0,-1108.7264651693654,-11.156928739558808,-2.0,1.0,-305.23095798529357,1,115,0,-13.358707498101078,-1.0,1.0,139
realAWSCloudwatch/ec2_network_in_257a54.csv,realAWSCloudwatch,ec2_network_in_257a54,A_rolling_zscore,train,0.05,2.245119747234246,3182,203,0.06379635449402891,11.04861111111111,0.15270935960591134,0.07692307692307693,0.10231023102310233,31,172,372,2607,0.5037220843672456,0.7008695652173913,1.0,0.8241308793456033,403,172,0,1,1,1.0,161,21,140,0.13043478260869565,12.671275927089882,14.571967316153364,10.0,0.004975124378109453,-13.734058263922648,-1.0,1.0,-636.7029131961324,-28.467777996687605,-1.0,1.0,-1373.3888998343803,-13.734058263922648,-2.0,1.0,-391.13527546408824,1,140,0,-16.670100731163743,-1.0,1.0,172
realAWSCloudwatch/ec2_network_in_257a54.csv,realAWSCloudwatch,ec2_network_in_257a54,B_iforest_raw,budget,0.0005,0.8237880695775885,3182,1,0.00031426775612822125,11.04861111111111,1.0,0.0024813895781637717,0.0049504950495049506,1,0,402,2779,0.0024813895781637717,1.0,1.0,1.0,403,0,0,1,1,1.0,1,1,0,1.0,0.0,0.09050911376492772,1005.0,0.5,0.8606718242697022,-1.0,1.0,93.03359121348511,0.8606718242697022,-1.0,1.0,93.03359121348511,0.8606718242697022,-2.0,1.0,95.35572747565675,1,0,0,0.8606718242697022,-1.0,1.0,0
realAWSCloudwatch/ec2_network_in_257a54.csv,realAWSCloudwatch,ec2_network_in_257a54,B_iforest_raw,train,0.0005,0.8161368893334265,3182,6,0.0018856065367693275,11.04861111111111,1.0,0.01488833746898263,0.0293398533007335,6,0,397,2779,0.01488833746898263,1.0,1.0,1.0,403,0,0,1,1,1.0,2,2,0,1.0,0.0,0.18101822752985544,1005.0,0.5,0.8606718242697022,-1.0,1.0,93.03359121348511,0.8606718242697022,-1.0,1.0,93.03359121348511,0.8606718242697022,-2.0,1.0,95.35572747565675,1,0,0,0.8606718242697022,-1.0,1.0,0
realAWSCloudwatch/ec2_network_in_257a54.csv,realAWSCloudwatch,ec2_network_in_257a54,B_iforest_raw,budget,0.001,0.8237880695775885,3182,3,0.0009428032683846638,11.04861111111111,1.0,0.007444168734491315,0.01477832512315271,3,0,400,2779,0.007444168734491315,1.0,1.0,1.0,403,0,0,1,1,1.0,1,1,0,1.0,0.0,0.09050911376492772,1005.0,0.5,0.8606718242697022,-1.0,1.0,93.03359121348511,0.8606718242697022,-1.0,1.0,93.03359121348511,0.8606718242697022,-2.0,1.0,95.35572747565675,1,0,0,0.8606718242697022,-1.0,1.0,0
realAWSCloudwatch/ec2_network_in_257a54.csv,realAWSCloudwatch,ec2_network_in_257a54,B_iforest_raw,train,0.001,0.8084857090892614,3182,6,0.0018856065367693275,11.04861111111111,1.0,0.01488833746898263,0.0293398533007335,6,0,397,2779,0.01488833746898263,1.0,1.0,1.0,403,0,0,1,1,1.0,2,2,0,1.0,0.0,0.18101822752985544,1005.0,0.5,0.8606718242697022,-1.0,1.0,93.03359121348511,0.8606718242697022,-1.0,1.0,93.03359121348511,0.8606718242697022,-2.0,1.0,95.35572747565675,1,0,0,0.8606718242697022,-1.0,1.0,0
realAWSCloudwatch/ec2_network_in_257a54.csv,realAWSCloudwatch,ec2_network_in_257a54,B_iforest_raw,budget,0.002,0.7962417259661575,3182,6,0.0018856065367693275,11.04861111111111,1.0,0.01488833746898263,0.0293398533007335,6,0,397,2779,0.01488833746898263,1.0,1.0,1.0,403,0,0,1,1,1.0,2,2,0,1.0,0.0,0.18101822752985544,1005.0,0.5,0.8606718242697022,-1.0,1.0,93.03359121348511,0.8606718242697022,-1.0,1.0,93.03359121348511,0.8606718242697022,-2.0,1.0,95.35572747565675,1,0,0,0.8606718242697022,-1.0,1.0,0
realAWSCloudwatch/ec2_network_in_257a54.csv,realAWSCloudwatch,ec2_network_in_257a54,B_iforest_raw,train,0.002,0.7961829558715163,3182,8,0.00251414204902577,11.04861111111111,0.75,0.01488833746898263,0.029197080291970802,6,2,397,2777,0.019851116625310174,0.9950617283950617,1.0,0.9975247524752474,403,2,0,1,1,1.0,4,2,2,0.5,0.18101822752985544,0.3620364550597109,1005.0,0.5,0.6406718242697023,-1.0,1.0,82.03359121348511,0.4206718242697023,-1.0,1.0,71.03359121348511,0.6406718242697023,-2.0,1.0,88.02239414232342,1,2,0,0.6406718242697023,-1.0,1.0,2
realAWSCloudwatch/ec2_network_in_257a54.csv,realAWSCloudwatch,ec2_network_in_257a54,B_iforest_raw,budget,0.005,0.7681232553403812,3182,15,0.004714016341923318,11.04861111111111,0.5333333333333333,0.019851116625310174,0.038277511961722493,8,7,395,2772,0.03722084367245657,0.9829268292682927,1.0,0.991389913899139,403,7,0,1,1,1.0,11,4,7,0.36363636363636365,0.633563796354494,0.9956002514142049,1005.0,0.5,0.2587114005715819,-1.0,1.0,62.93557002857909,-0.34324902312653854,-1.0,1.0,32.83754884367307,0.2587114005715819,-2.0,1.0,75.29038001905273,1,7,0,0.2587114005715819,-1.0,1.0,7
realAWSCloudwatch/ec2_network_in_257a54.csv,realAWSCloudwatch,ec2_network_in_257a54,B_iforest_raw,train,0.005,0.7862003096510329,3182,10,0.0031426775612822125,11.04861111111111,0.7,0.017369727047146403,0.03389830508474576,7,3,396,2776,0.02481389578163772,0.9926108374384236,1.0,0.996291718170581,403,3,0,1,1,1.0,6,3,3,0.5,0.2715273412947832,0.5430546825895664,1005.0,0.5,0.5327263922863529,-1.0,1.0,76.63631961431764,0.2047809603030036,-1.0,1.0,60.239048015150175,0.5327263922863529,-2.0,1.0,84.42421307621176,1,3,0,0.5327263922863529,-1.0,1.0,3
realAWSCloudwatch/ec2_network_in_257a54.csv,realAWSCloudwatch,ec2_network_in_257a54,B_iforest_raw,budget,0.01,0.7207611537839067,3182,31,0.00974230043997486,11.04861111111111,0.25806451612903225,0.019851116625310174,0.0368663594470046,8,23,395,2756,0.07692307692307693,0.9460093896713615,1.0,0.9722557297949337,403,23,0,1,1,1.0,23,4,19,0.17391304347826086,1.7196731615336267,2.0817096165933378,1005.0,0.5,-1.0076695118043613,-1.0,1.0,-0.3834755902180631,-2.8760108478784248,-1.0,1.0,-93.80054239392123,-1.0076695118043613,-2.0,1.0,33.077682939854625,1,19,0,-1.340407421147164,-1.0,1.0,23
realAWSCloudwatch/ec2_network_in_257a54.csv,realAWSCloudwatch,ec2_network_in_257a54,B_iforest_raw,train,0.01,0.736316473105552,3182,27,0.008485229415461974,11.04861111111111,0.2962962962962963,0.019851116625310174,0.037209302325581395,8,19,395,2760,0.06699751861042183,0.9549763033175356,1.0,0.9769696969696969,403,19,0,1,1,1.0,20,4,16,0.2,1.4481458202388435,1.8101822752985544,1005.0,0.5,-0.7048547092514315,-1.0,1.0,14.757264537428426,-2.270381242772565,-1.0,1.0,-63.51906213862826,-0.7048547092514315,-2.0,1.0,43.17150969161895,1,16,0,-0.9655692465765616,-1.0,1.0,19
realAWSCloudwatch/ec2_network_in_257a54.csv,realAWSCloudwatch,ec2_network_in_257a54,B_iforest_raw,budget,0.02,0.6647885839171329,3182,63,0.019798868636077938,11.04861111111111,0.25396825396825395,0.03970223325062035,0.06866952789699571,16,47,387,2732,0.15632754342431762,0.8955555555555555,1.0,0.9449003516998827,403,47,0,1,1,1.0,44,7,37,0.1590909090909091,3.3488372093023258,3.9824010056568198,1005.0,0.5,-2.90369118458111,-1.0,1.0,-95.18455922905551,-6.668054193431923,-1.0,1.0,-283.40270967159614,-2.90369118458111,-2.0,1.0,-30.123039486037005,1,37,0,-3.742609234428697,-1.0,1.0,47
realAWSCloudwatch/ec2_network_in_257a54.csv,realAWSCloudwatch,ec2_network_in_257a54,B_iforest_raw,train,0.02,0.6804591642981779,3182,61,0.019170333123821496,11.04861111111111,0.2459016393442623,0.03722084367245657,0.0646551724137931,15,46,388,2733,0.1513647642679901,0.8975501113585747,1.0,0.9460093896713615,403,46,0,1,1,1.0,44,7,37,0.1590909090909091,3.3488372093023258,3.9824010056568198,1005.0,0.5,-2.9037754296707123,-1.0,1.0,-95.18877148353562,-6.668222683611127,-1.0,1.0,-283.41113418055636,-2.9037754296707123,-2.0,1.0,-30.12584765569041,1,37,0,-3.634933043316973,-1.0,1.0,46
realAWSCloudwatch/ec2_network_in_257a54.csv,realAWSCloudwatch,ec2_network_in_257a54,B_iforest_raw,budget,0.05,0.6514846816170212,3182,159,0.04996857322438718,11.04861111111111,0.4088050314465409,0.16129032258064516,0.2313167259786477,65,94,338,2685,0.3945409429280397,0.8108651911468813,1.0,0.8955555555555555,403,94,0,1,1,1.0,67,16,51,0.23880597014925373,4.615964802011314,6.0641106222501575,675.0,0.3358208955223881,-3.6098276228109096,-1.0,1.0,-130.49138114054549,-8.16283770413877,-1.0,1.0,-358.1418852069385,-3.6098276228109096,-2.0,1.0,-53.66092076036366,1,51,0,-6.754316970196571,-1.0,1.0,94
realAWSCloudwatch/ec2_network_in_257a54.csv,realAWSCloudwatch,ec2_network_in_257a54,B_iforest_raw,train,0.05,0.6262121786698571,3182,875,0.2749842866121936,11.04861111111111,0.112,0.24317617866004962,0.15336463223787167,98,777,305,2002,1.0,0.34152542372881356,1.0,0.5091598231206569,403,777,0,1,1,1.0,171,19,152,0.1111111111111111,13.757385292269014,15.477058453802641,80.0,0.03980099502487562,-14.79495467524515,-1.0,1.0,-689.7477337622574,-30.58695444594511,-1.0,1.0,-1479.3477222972556,-14.79495467524515,-2.0,1.0,-426.4984891748383,1,152,0,-80.42188046579592,-1.0,1.0,777
realAWSCloudwatch/ec2_network_in_257a54.csv,realAWSCloudwatch,ec2_network_in_257a54,C_iforest_contextual,budget,0.0005,0.7480147007192537,3182,1,0.00031426775612822125,11.04861111111111,1.0,0.0024813895781637717,0.0049504950495049506,1,0,402,2779,0.0024813895781637717,1.0,1.0,1.0,403,0,0,1,1,1.0,1,1,0,1.0,0.0,0.09050911376492772,1030.0,0.5124378109452736,0.8516681246152519,-1.0,1.0,92.5834062307626,0.8516681246152519,-1.0,1.0,92.5834062307626,0.8516681246152519,-2.0,1.0,95.05560415384173,1,0,0,0.8516681246152519,-1.0,1.0,0
realAWSCloudwatch/ec2_network_in_257a54.csv,realAWSCloudwatch,ec2_network_in_257a54,C_iforest_contextual,train,0.0005,0.7210156969118883,3182,6,0.0018856065367693275,11.04861111111111,1.0,0.01488833746898263,0.0293398533007335,6,0,397,2779,0.01488833746898263,1.0,1.0,1.0,403,0,0,1,1,1.0,2,2,0,1.0,0.0,0.18101822752985544,1005.0,0.5,0.8606718242697022,-1.0,1.0,93.03359121348511,0.8606718242697022,-1.0,1.0,93.03359121348511,0.8606718242697022,-2.0,1.0,95.35572747565675,1,0,0,0.8606718242697022,-1.0,1.0,0
realAWSCloudwatch/ec2_network_in_257a54.csv,realAWSCloudwatch,ec2_network_in_257a54,C_iforest_contextual,budget,0.001,0.7394961552309387,3182,3,0.0009428032683846638,11.04861111111111,1.0,0.007444168734491315,0.01477832512315271,3,0,400,2779,0.007444168734491315,1.0,1.0,1.0,403,0,0,1,1,1.0,1,1,0,1.0,0.0,0.09050911376492772,1010.0,0.5024875621890548,0.8589086704377245,-1.0,1.0,92.94543352188623,0.8589086704377245,-1.0,1.0,92.94543352188623,0.8589086704377245,-2.0,1.0,95.29695568125749,1,0,0,0.8589086704377245,-1.0,1.0,0
realAWSCloudwatch/ec2_network_in_257a54.csv,realAWSCloudwatch,ec2_network_in_257a54,C_iforest_contextual,train,0.001,0.7205653862450861,3182,6,0.0018856065367693275,11.04861111111111,1.0,0.01488833746898263,0.0293398533007335,6,0,397,2779,0.01488833746898263,1.0,1.0,1.0,403,0,0,1,1,1.0,2,2,0,1.0,0.0,0.18101822752985544,1005.0,0.5,0.8606718242697022,-1.0,1.0,93.03359121348511,0.8606718242697022,-1.0,1.0,93.03359121348511,0.8606718242697022,-2.0,1.0,95.35572747565675,1,0,0,0.8606718242697022,-1.0,1.0,0
realAWSCloudwatch/ec2_network_in_257a54.csv,realAWSCloudwatch,ec2_network_in_257a54,C_iforest_contextual,budget,0.002,0.6999273784953802,3182,6,0.0018856065367693275,11.04861111111111,1.0,0.01488833746898263,0.0293398533007335,6,0,397,2779,0.01488833746898263,1.0,1.0,1.0,403,0,0,1,1,1.0,2,2,0,1.0,0.0,0.18101822752985544,1005.0,0.5,0.8606718242697022,-1.0,1.0,93.03359121348511,0.8606718242697022,-1.0,1.0,93.03359121348511,0.8606718242697022,-2.0,1.0,95.35572747565675,1,0,0,0.8606718242697022,-1.0,1.0,0
realAWSCloudwatch/ec2_network_in_257a54.csv,realAWSCloudwatch,ec2_network_in_257a54,C_iforest_contextual,train,0.002,0.7170933017342047,3182,6,0.0018856065367693275,11.04861111111111,1.0,0.01488833746898263,0.0293398533007335,6,0,397,2779,0.01488833746898263,1.0,1.0,1.0,403,0,0,1,1,1.0,2,2,0,1.0,0.0,0.18101822752985544,1005.0,0.5,0.8606718242697022,-1.0,1.0,93.03359121348511,0.8606718242697022,-1.0,1.0,93.03359121348511,0.8606718242697022,-2.0,1.0,95.35572747565675,1,0,0,0.8606718242697022,-1.0,1.0,0
realAWSCloudwatch/ec2_network_in_257a54.csv,realAWSCloudwatch,ec2_network_in_257a54,C_iforest_contextual,budget,0.005,0.6683719739626363,3182,15,0.004714016341923318,11.04861111111111,0.5333333333333333,0.019851116625310174,0.038277511961722493,8,7,395,2772,0.03722084367245657,0.9829268292682927,1.0,0.991389913899139,403,7,0,1,1,1.0,10,3,7,0.3,0.633563796354494,0.9050911376492772,250.0,0.12437810945273632,0.355354653826038,-1.0,1.0,67.7677326913019,-0.27777290105029495,-1.0,1.0,36.11135494748525,0.355354653826038,-2.0,1.0,78.51182179420127,1,7,0,0.355354653826038,-1.0,1.0,7
realAWSCloudwatch/ec2_network_in_257a54.csv,realAWSCloudwatch,ec2_network_in_257a54,C_iforest_contextual,train,0.005,0.6951047716107543,3182,7,0.0021998742928975488,11.04861111111111,1.0,0.017369727047146403,0.03414634146341464,7,0,396,2779,0.017369727047146403,1.0,1.0,1.0,403,0,0,1,1,1.0,2,2,0,1.0,0.0,0.18101822752985544,1005.0,0.5,0.8606718242697022,-1.0,1.0,93.03359121348511,0.8606718242697022,-1.0,1.0,93.03359121348511,0.8606718242697022,-2.0,1.0,95.35572747565675,1,0,0,0.8606718242697022,-1.0,1.0,0
realAWSCloudwatch/ec2_network_in_257a54.csv,realAWSCloudwatch,ec2_network_in_257a54,C_iforest_contextual,budget,0.01,0.6544383448810219,3182,31,0.00974230043997486,11.04861111111111,0.25806451612903225,0.019851116625310174,0.0368663594470046,8,23,395,2756,0.07692307692307693,0.9460093896713615,1.0,0.9722557297949337,403,23,0,1,1,1.0,24,3,21,0.125,1.9006913890634822,2.1722187303582654,250.0,0.12437810945273632,-1.0991331438010712,-1.0,1.0,-4.956657190053559,-3.1867484963045136,-1.0,1.0,-109.33742481522569,-1.0991331438010712,-2.0,1.0,30.02889520663096,1,21,0,-1.2940913450879774,-1.0,1.0,23
realAWSCloudwatch/ec2_network_in_257a54.csv,realAWSCloudwatch,ec2_network_in_257a54,C_iforest_contextual,train,0.01,0.6835451646851396,3182,7,0.0021998742928975488,11.04861111111111,1.0,0.017369727047146403,0.03414634146341464,7,0,396,2779,0.017369727047146403,1.0,1.0,1.0,403,0,0,1,1,1.0,2,2,0,1.0,0.0,0.18101822752985544,1005.0,0.5,0.8606718242697022,-1.0,1.0,93.03359121348511,0.8606718242697022,-1.0,1.0,93.03359121348511,0.8606718242697022,-2.0,1.0,95.35572747565675,1,0,0,0.8606718242697022,-1.0,1.0,0
realAWSCloudwatch/ec2_network_in_257a54.csv,realAWSCloudwatch,ec2_network_in_257a54,C_iforest_contextual,budget,0.02,0.6227663688833416,3182,63,0.019798868636077938,11.04861111111111,0.23809523809523808,0.03722084367245657,0.06437768240343347,15,48,388,2731,0.15632754342431762,0.893569844789357,1.0,0.9437939110070257,403,48,0,1,1,1.0,44,5,39,0.11363636363636363,3.529855436832181,3.9824010056568198,240.0,0.11940298507462686,-2.99622402937016,-1.0,1.0,-99.81120146850799,-6.981537643463707,-1.0,1.0,-299.0768821731853,-2.99622402937016,-2.0,1.0,-33.207467645672,1,39,0,-3.823130957142413,-1.0,1.0,48
realAWSCloudwatch/ec2_network_in_257a54.csv,realAWSCloudwatch,ec2_network_in_257a54,C_iforest_contextual,train,0.02,0.6407875858925615,3182,51,0.016027655562539284,11.04861111111111,0.23529411764705882,0.02977667493796526,0.05286343612334801,12,39,391,2740,0.12655086848635236,0.9117647058823529,1.0,0.9538461538461539,403,39,0,1,1,1.0,36,4,32,0.1111111111111111,2.896291640477687,3.258328095537398,240.0,0.11940298507462686,-2.2582969464544953,-1.0,1.0,-62.91484732272477,-5.505683477632377,-1.0,1.0,-225.28417388161884,-2.2582969464544953,-2.0,1.0,-8.609898215149842,1,32,0,-2.895993057084203,-1.0,1.0,39
realAWSCloudwatch/ec2_network_in_257a54.csv,realAWSCloudwatch,ec2_network_in_257a54,C_iforest_contextual,budget,0.05,0.5956125043266867,3182,159,0.04996857322438718,11.04861111111111,0.14465408805031446,0.05707196029776675,0.08185053380782918,23,136,380,2643,0.3945409429280397,0.7476808905380334,1.0,0.8556263269639066,403,136,0,1,1,1.0,104,10,94,0.09615384615384616,8.507856693903205,9.412947831552483,220.0,0.10945273631840796,-8.983759954704476,-1.0,1.0,-399.1879977352238,-18.957780993253053,-1.0,1.0,-897.8890496626526,-8.983759954704476,-2.0,1.0,-232.7919984901492,1,94,0,-12.89514797020792,-1.0,1.0,136
realAWSCloudwatch/ec2_network_in_257a54.csv,realAWSCloudwatch,ec2_network_in_257a54,C_iforest_contextual,train,0.05,0.5856099488133539,3182,371,0.11659333752357008,11.04861111111111,0.1078167115902965,0.09925558312655088,0.103359173126615,40,331,363,2448,0.9205955334987593,0.5490463215258855,1.0,0.7088830255057167,403,331,0,1,1,1.0,183,11,172,0.060109289617486336,15.567567567567568,16.563167818981775,220.0,0.10945273631840796,-17.47875687605231,-1.0,1.0,-823.9378438026155,-35.94777483594873,-1.0,1.0,-1747.3887417974363,-17.47875687605231,-2.0,1.0,-515.958562535077,1,172,0,-34.0225118810173,-1.0,1.0,331
realAWSCloudwatch/ec2_network_in_5abac7.csv,realAWSCloudwatch,ec2_network_in_5abac7,A_rolling_zscore,budget,0.0005,50.0,3766,1,0.0002655337227827934,13.11111111111111,0.0,0.0,0.0,0,1,474,3291,0.002109704641350211,0.0,0.0,0.0,0,1,474,2,0,0.0,1,0,1,0.0,0.07627118644067797,0.07627118644067797,,,-2.11,-2.0,2.0,-2.749999999999997,-2.22,-2.0,2.0,-5.500000000000005,-4.11,-4.0,2.0,-1.8333333333333386,0,1,2,-2.11,-2.0,2.0,1
realAWSCloudwatch/ec2_network_in_5abac7.csv,realAWSCloudwatch,ec2_network_in_5abac7,A_rolling_zscore,train,0.0005,50.0,3766,0,0.0,13.11111111111111,0.0,0.0,0.0,0,0,474,3292,0.0,0.0,0.0,0.0,0,0,474,2,0,0.0,0,0,0,,0.0,0.0,,,-2.0,-2.0,2.0,0.0,-2.0,-2.0,2.0,0.0,-4.0,-4.0,2.0,0.0,0,0,2,-2.0,-2.0,2.0,0
realAWSCloudwatch/ec2_network_in_5abac7.csv,realAWSCloudwatch,ec2_network_in_5abac7,A_rolling_zscore,budget,0.001,50.0,3766,3,0.0007966011683483802,13.11111111111111,0.0,0.0,0.0,0,3,474,3289,0.006329113924050633,0.0,0.0,0.0,0,3,474,2,0,0.0,2,0,2,0.0,0.15254237288135594,0.15254237288135594,,,-2.2199999999999998,-2.0,2.0,-5.499999999999994,-2.4400000000000004,-2.0,2.0,-11.00000000000001,-4.220000000000001,-4.0,2.0,-3.666666666666677,0,2,2,-2.3299999999999996,-2.0,2.0,3
realAWSCloudwatch/ec2_network_in_5abac7.csv,realAWSCloudwatch,ec2_network_in_5abac7,A_rolling_zscore,train,0.001,50.0,3766,0,0.0,13.11111111111111,0.0,0.0,0.0,0,0,474,3292,0.0,0.0,0.0,0.0,0,0,474,2,0,0.0,0,0,0,,0.0,0.0,,,-2.0,-2.0,2.0,0.0,-2.0,-2.0,2.0,0.0,-4.0,-4.0,2.0,0.0,0,0,2,-2.0,-2.0,2.0,0
realAWSCloudwatch/ec2_network_in_5abac7.csv,realAWSCloudwatch,ec2_network_in_5abac7,A_rolling_zscore,budget,0.002,50.0,3766,7,0.0018587360594795538,13.11111111111111,0.0,0.0,0.0,0,7,474,3285,0.014767932489451477,0.0,0.0,0.0,0,7,474,2,0,0.0,4,0,4,0.0,0.3050847457627119,0.3050847457627119,,,-2.4399999999999995,-2.0,2.0,-10.999999999999988,-2.880000000000001,-2.0,2.0,-22.00000000000002,-4.440000000000001,-4.0,2.0,-7.333333333333354,0,4,2,-2.769999999999999,-2.0,2.0,7
realAWSCloudwatch/ec2_network_in_5abac7.csv,realAWSCloudwatch,ec2_network_in_5abac7,A_rolling_zscore,train,0.002,50.0,3766,0,0.0,13.11111111111111,0.0,0.0,0.0,0,0,474,3292,0.0,0.0,0.0,0.0,0,0,474,2,0,0.0,0,0,0,,0.0,0.0,,,-2.0,-2.0,2.0,0.0,-2.0,-2.0,2.0,0.0,-4.0,-4.0,2.0,0.0,0,0,2,-2.0,-2.0,2.0,0
realAWSCloudwatch/ec2_network_in_5abac7.csv,realAWSCloudwatch,ec2_network_in_5abac7,A_rolling_zscore,budget,0.005,50.0,3766,18,0.004779607010090282,13.11111111111111,0.0,0.0,0.0,0,18,474,3274,0.0379746835443038,0.0,0.0,0.0,0,18,474,2,0,0.0,11,0,11,0.0,0.8389830508474576,0.8389830508474576,,,-3.2099999999999986,-2.0,2.0,-30.249999999999964,-4.420000000000002,-2.0,2.0,-60.50000000000004,-5.2100000000000035,-4.0,2.0,-20.166666666666725,0,11,2,-3.9799999999999978,-2.0,2.0,18
realAWSCloudwatch/ec2_network_in_5abac7.csv,realAWSCloudwatch,ec2_network_in_5abac7,A_rolling_zscore,train,0.005,50.0,3766,0,0.0,13.11111111111111,0.0,0.0,0.0,0,0,474,3292,0.0,0.0,0.0,0.0,0,0,474,2,0,0.0,0,0,0,,0.0,0.0,,,-2.0,-2.0,2.0,0.0,-2.0,-2.0,2.0,0.0,-4.0,-4.0,2.0,0.0,0,0,2,-2.0,-2.0,2.0,0
realAWSCloudwatch/ec2_network_in_5abac7.csv,realAWSCloudwatch,ec2_network_in_5abac7,A_rolling_zscore,budget,0.01,50.0,3766,37,0.009824747742963356,13.11111111111111,0.24324324324324326,0.0189873417721519,0.035225048923679066,9,28,465,3264,0.07805907172995781,0.9442231075697212,1.0,0.9713114754098361,474,28,0,2,2,1.0,23,6,17,0.2608695652173913,1.2966101694915255,1.7542372881355932,290.0,0.24576271186440676,0.14368169270574202,-2.0,2.0,53.59204231764355,-1.6457818259964052,-2.0,2.0,8.85545435008987,0.14368169270574202,-4.0,2.0,69.06136154509569,2,17,0,-1.0560999609084163,-2.0,2.0,28
realAWSCloudwatch/ec2_network_in_5abac7.csv,realAWSCloudwatch,ec2_network_in_5abac7,A_rolling_zscore,train,0.01,50.0,3766,0,0.0,13.11111111111111,0.0,0.0,0.0,0,0,474,3292,0.0,0.0,0.0,0.0,0,0,474,2,0,0.0,0,0,0,,0.0,0.0,,,-2.0,-2.0,2.0,0.0,-2.0,-2.0,2.0,0.0,-4.0,-4.0,2.0,0.0,0,0,2,-2.0,-2.0,2.0,0
realAWSCloudwatch/ec2_network_in_5abac7.csv,realAWSCloudwatch,ec2_network_in_5abac7,A_rolling_zscore,budget,0.02,37.052563197966414,3766,75,0.019915029208709505,13.11111111111111,0.21333333333333335,0.03375527426160337,0.05828779599271402,16,59,458,3233,0.15822784810126583,0.8893058161350844,1.0,0.9414101290963257,474,59,0,2,2,1.0,47,10,37,0.2127659574468085,2.8220338983050848,3.5847457627118646,290.0,0.24576271186440676,-2.0104045916765654,-2.0,2.0,-0.26011479191413445,-5.953954394761016,-2.0,2.0,-98.8488598690254,-2.0104045916765654,-4.0,2.0,33.159923472057244,2,37,0,-4.382711083072392,-2.0,2.0,59
realAWSCloudwatch/ec2_network_in_5abac7.csv,realAWSCloudwatch,ec2_network_in_5abac7,A_rolling_zscore,train,0.02,36.08581109757439,3766,76,0.0201805629314923,13.11111111111111,0.21052631578947367,0.03375527426160337,0.058181818181818175,16,60,458,3232,0.16033755274261605,0.8876404494382022,1.0,0.9404761904761905,474,60,0,2,2,1.0,48,10,38,0.20833333333333334,2.898305084745763,3.6610169491525424,290.0,0.24576271186440676,-2.120404591676565,-2.0,2.0,-3.0101147919141202,-6.173954394761017,-2.0,2.0,-104.34885986902542,-2.120404591676565,-4.0,2.0,31.32659013872392,2,38,0,-4.492711083072392,-2.0,2.0,60
realAWSCloudwatch/ec2_network_in_5abac7.csv,realAWSCloudwatch,ec2_network_in_5abac7,A_rolling_zscore,budget,0.05,2.5034578256873785,3766,188,0.04992033988316516,13.11111111111111,0.15425531914893617,0.06118143459915612,0.08761329305135952,29,159,445,3133,0.39662447257383965,0.7488151658767772,1.0,0.8563685636856369,474,159,0,2,2,1.0,146,20,126,0.136986301369863,9.610169491525424,11.135593220338983,212.5,0.18008474576271186,-11.520014289770856,-2.0,2.0,-238.0003572442714,-25.000501392247916,-2.0,2.0,-575.0125348061979,-11.520014289770856,-4.0,2.0,-125.33357149618094,2,126,0,-15.092499759021713,-2.0,2.0,159
realAWSCloudwatch/ec2_network_in_5abac7.csv,realAWSCloudwatch,ec2_network_in_5abac7,A_rolling_zscore,train,0.05,2.23603387788432,3766,238,0.06319702602230483,13.11111111111111,0.13865546218487396,0.06962025316455696,0.09269662921348315,33,205,441,3087,0.5021097046413502,0.6980854197349042,1.0,0.8222029488291414,474,205,0,2,2,1.0,189,22,167,0.1164021164021164,12.737288135593221,14.415254237288137,152.5,0.1292372881355932,-15.742751960835037,-2.0,2.0,-343.56879902087593,-33.4570799894799,-2.0,2.0,-786.4269997369976,-15.742751960835037,-4.0,2.0,-195.71253268058396,2,167,0,-19.859118569243,-2.0,2.0,205
realAWSCloudwatch/ec2_network_in_5abac7.csv,realAWSCloudwatch,ec2_network_in_5abac7,B_iforest_raw,budget,0.0005,0.824640976839311,3766,1,0.0002655337227827934,13.11111111111111,0.0,0.0,0.0,0,1,474,3291,0.002109704641350211,0.0,0.0,0.0,0,1,474,2,0,0.0,1,0,1,0.0,0.07627118644067797,0.07627118644067797,,,-2.11,-2.0,2.0,-2.749999999999997,-2.22,-2.0,2.0,-5.500000000000005,-4.11,-4.0,2.0,-1.8333333333333386,0,1,2,-2.11,-2.0,2.0,1
realAWSCloudwatch/ec2_network_in_5abac7.csv,realAWSCloudwatch,ec2_network_in_5abac7,B_iforest_raw,train,0.0005,0.8242044148903714,3766,3,0.0007966011683483802,13.11111111111111,0.0,0.0,0.0,0,3,474,3289,0.006329113924050633,0.0,0.0,0.0,0,3,474,2,0,0.0,3,0,3,0.0,0.2288135593220339,0.2288135593220339,,,-2.3299999999999996,-2.0,2.0,-8.249999999999991,-2.6600000000000006,-2.0,2.0,-16.500000000000014,-4.330000000000001,-4.0,2.0,-5.500000000000017,0,3,2,-2.3299999999999996,-2.0,2.0,3
realAWSCloudwatch/ec2_network_in_5abac7.csv,realAWSCloudwatch,ec2_network_in_5abac7,B_iforest_raw,budget,0.001,0.8164448004167436,3766,3,0.0007966011683483802,13.11111111111111,0.0,0.0,0.0,0,3,474,3289,0.006329113924050633,0.0,0.0,0.0,0,3,474,2,0,0.0,3,0,3,0.0,0.2288135593220339,0.2288135593220339,,,-2.3299999999999996,-2.0,2.0,-8.249999999999991,-2.6600000000000006,-2.0,2.0,-16.500000000000014,-4.330000000000001,-4.0,2.0,-5.500000000000017,0,3,2,-2.3299999999999996,-2.0,2.0,3
realAWSCloudwatch/ec2_network_in_5abac7.csv,realAWSCloudwatch,ec2_network_in_5abac7,B_iforest_raw,train,0.001,0.8195891828070185,3766,4,0.0010621348911311736,13.11111111111111,0.0,0.0,0.0,0,4,474,3288,0.008438818565400843,0.0,0.0,0.0,0,4,474,2,0,0.0,4,0,4,0.0,0.3050847457627119,0.3050847457627119,,,-2.4399999999999995,-2.0,2.0,-10.999999999999988,-2.880000000000001,-2.0,2.0,-22.00000000000002,-4.440000000000001,-4.0,2.0,-7.333333333333354,0,4,2,-2.4399999999999995,-2.0,2.0,4
realAWSCloudwatch/ec2_network_in_5abac7.csv,realAWSCloudwatch,ec2_network_in_5abac7,B_iforest_raw,budget,0.002,0.804781709114719,3766,7,0.0018587360594795538,13.11111111111111,0.0,0.0,0.0,0,7,474,3285,0.014767932489451477,0.0,0.0,0.0,0,7,474,2,0,0.0,7,0,7,0.0,0.5338983050847458,0.5338983050847458,,,-2.769999999999999,-2.0,2.0,-19.24999999999998,-3.5400000000000014,-2.0,2.0,-38.500000000000036,-4.770000000000002,-4.0,2.0,-12.833333333333371,0,7,2,-2.769999999999999,-2.0,2.0,7
realAWSCloudwatch/ec2_network_in_5abac7.csv,realAWSCloudwatch,ec2_network_in_5abac7,B_iforest_raw,train,0.002,0.8127569683445875,3766,5,0.0013276686139139671,13.11111111111111,0.0,0.0,0.0,0,5,474,3287,0.010548523206751054,0.0,0.0,0.0,0,5,474,2,0,0.0,5,0,5,0.0,0.38135593220338987,0.38135593220338987,,,-2.5499999999999994,-2.0,2.0,-13.749999999999984,-3.100000000000001,-2.0,2.0,-27.500000000000025,-4.550000000000002,-4.0,2.0,-9.166666666666693,0,5,2,-2.5499999999999994,-2.0,2.0,5
realAWSCloudwatch/ec2_network_in_5abac7.csv,realAWSCloudwatch,ec2_network_in_5abac7,B_iforest_raw,budget,0.005,0.804781709114719,3766,18,0.004779607010090282,13.11111111111111,0.0,0.0,0.0,0,18,474,3274,0.0379746835443038,0.0,0.0,0.0,0,18,474,2,0,0.0,18,0,18,0.0,1.3728813559322035,1.3728813559322035,,,-3.9799999999999978,-2.0,2.0,-49.49999999999994,-5.96,-2.0,2.0,-99.0,-5.980000000000006,-4.0,2.0,-33.00000000000009,0,18,2,-3.9799999999999978,-2.0,2.0,18
realAWSCloudwatch/ec2_network_in_5abac7.csv,realAWSCloudwatch,ec2_network_in_5abac7,B_iforest_raw,train,0.005,0.8009767870972171,3766,64,0.016994158258098777,13.11111111111111,0.328125,0.04430379746835443,0.07806691449814125,21,43,453,3249,0.1350210970464135,0.9168278529980658,1.0,0.9566094853683148,474,43,0,2,2,1.0,59,16,43,0.2711864406779661,3.2796610169491527,4.5,295.0,0.25,-2.7519322351911626,-2.0,2.0,-18.798305879779065,-7.435056390398042,-2.0,2.0,-135.87640975995106,-2.7519322351911626,-4.0,2.0,20.801129413480623,2,43,0,-2.7519322351911626,-2.0,2.0,43
realAWSCloudwatch/ec2_network_in_5abac7.csv,realAWSCloudwatch,ec2_network_in_5abac7,B_iforest_raw,budget,0.01,0.804781709114719,3766,37,0.009824747742963356,13.11111111111111,0.40540540540540543,0.03164556962025317,0.05870841487279844,15,22,459,3270,0.07805907172995781,0.9556451612903226,1.0,0.9773195876288661,474,22,0,2,2,1.0,33,11,22,0.3333333333333333,1.6779661016949152,2.516949152542373,295.0,0.25,-0.4848039456160839,-2.0,2.0,37.8799013595979,-2.9007998112478846,-2.0,2.0,-22.519995281197115,-0.4848039456160839,-4.0,2.0,58.586600906398594,2,22,0,-0.4848039456160839,-2.0,2.0,22
realAWSCloudwatch/ec2_network_in_5abac7.csv,realAWSCloudwatch,ec2_network_in_5abac7,B_iforest_raw,train,0.01,0.7908662688997611,3766,68,0.018056293149229952,13.11111111111111,0.3382352941176471,0.04852320675105485,0.08487084870848707,23,45,451,3247,0.14345991561181434,0.9132947976878613,1.0,0.9546827794561934,474,45,0,2,2,1.0,61,16,45,0.26229508196721313,3.4322033898305087,4.652542372881356,295.0,0.25,-2.971932235191162,-2.0,2.0,-24.298305879779047,-7.875056390398043,-2.0,2.0,-146.87640975995106,-2.971932235191162,-4.0,2.0,17.13446274681397,2,45,0,-2.971932235191162,-2.0,2.0,45
realAWSCloudwatch/ec2_network_in_5abac7.csv,realAWSCloudwatch,ec2_network_in_5abac7,B_iforest_raw,budget,0.02,0.7603188018003818,3766,75,0.019915029208709505,13.11111111111111,0.32,0.05063291139240506,0.08743169398907104,24,51,450,3241,0.15822784810126583,0.9028571428571428,1.0,0.9489489489489489,474,51,0,2,2,1.0,64,16,48,0.25,3.6610169491525424,4.88135593220339,295.0,0.25,-3.3019322351911624,-2.0,2.0,-32.54830587977906,-8.535056390398045,-2.0,2.0,-163.37640975995114,-3.3019322351911624,-4.0,2.0,11.63446274681396,2,48,0,-3.6319322351911625,-2.0,2.0,51
realAWSCloudwatch/ec2_network_in_5abac7.csv,realAWSCloudwatch,ec2_network_in_5abac7,B_iforest_raw,train,0.02,0.7446486830182221,3766,98,0.026022304832713755,13.11111111111111,0.2857142857142857,0.05907172995780591,0.0979020979020979,28,70,446,3222,0.20675105485232068,0.8713235294117647,1.0,0.9312377210216111,474,70,0,2,2,1.0,66,16,50,0.24242424242424243,3.8135593220338984,5.033898305084746,295.0,0.25,-3.51571802317352,-2.0,2.0,-37.892950579338006,-8.962627966362762,-2.0,2.0,-174.06569915906906,-3.51571802317352,-4.0,2.0,8.071366280441332,2,50,0,-5.676214431831296,-2.0,2.0,70
realAWSCloudwatch/ec2_network_in_5abac7.csv,realAWSCloudwatch,ec2_network_in_5abac7,B_iforest_raw,budget,0.05,0.7324836438947857,3766,188,0.04992033988316516,13.11111111111111,0.2765957446808511,0.10970464135021098,0.1570996978851964,52,136,422,3156,0.39662447257383965,0.7770491803278688,1.0,0.8745387453874538,474,136,0,2,2,1.0,83,18,65,0.21686746987951808,4.957627118644068,6.330508474576272,295.0,0.25,-5.095745311380187,-2.0,2.0,-77.39363278450469,-12.122682542776088,-2.0,2.0,-253.0670635694022,-5.095745311380187,-4.0,2.0,-18.262421856336456,2,65,0,-12.85505878100011,-2.0,2.0,136
realAWSCloudwatch/ec2_network_in_5abac7.csv,realAWSCloudwatch,ec2_network_in_5abac7,B_iforest_raw,train,0.05,0.7009953689099191,3766,267,0.07089750398300584,13.11111111111111,0.24344569288389514,0.1371308016877637,0.17543859649122803,65,202,409,3090,0.5632911392405063,0.7011834319526628,1.0,0.8243478260869564,474,202,0,2,2,1.0,84,18,66,0.21428571428571427,5.033898305084746,6.406779661016949,295.0,0.25,-5.205745311380187,-2.0,2.0,-80.14363278450467,-12.342682542776092,-2.0,2.0,-258.5670635694023,-5.205745311380187,-4.0,2.0,-20.09575518966978,2,66,0,-20.068951426731097,-2.0,2.0,202
realAWSCloudwatch/ec2_network_in_5abac7.csv,realAWSCloudwatch,ec2_network_in_5abac7,C_iforest_contextual,budget,0.0005,0.774097444325391,3766,1,0.0002655337227827934,13.11111111111111,0.0,0.0,0.0,0,1,474,3291,0.002109704641350211,0.0,0.0,0.0,0,1,474,2,0,0.0,1,0,1,0.0,0.07627118644067797,0.07627118644067797,,,-2.11,-2.0,2.0,-2.749999999999997,-2.22,-2.0,2.0,-5.500000000000005,-4.11,-4.0,2.0,-1.8333333333333386,0,1,2,-2.11,-2.0,2.0,1
realAWSCloudwatch/ec2_network_in_5abac7.csv,realAWSCloudwatch,ec2_network_in_5abac7,C_iforest_contextual,train,0.0005,0.7603693433433779,3766,26,0.006903876792352629,13.11111111111111,0.15384615384615385,0.008438818565400843,0.015999999999999997,4,22,470,3270,0.05485232067510549,0.9556451612903226,1.0,0.9773195876288661,474,22,0,2,2,1.0,26,4,22,0.15384615384615385,1.6779661016949152,1.9830508474576272,475.0,0.40254237288135597,-0.5784420341203671,-2.0,2.0,35.538949146990824,-2.971211467386327,-2.0,2.0,-24.28028668465817,-0.5784420341203671,-4.0,2.0,57.02596609799389,2,22,0,-0.5784420341203671,-2.0,2.0,22
realAWSCloudwatch/ec2_network_in_5abac7.csv,realAWSCloudwatch,ec2_network_in_5abac7,C_iforest_contextual,budget,0.001,0.7723468029352265,3766,3,0.0007966011683483802,13.11111111111111,0.3333333333333333,0.002109704641350211,0.0041928721174004195,1,2,473,3290,0.006329113924050633,0.9916317991631799,0.5,0.6647966339410939,237,2,237,2,1,0.5,3,1,2,0.3333333333333333,0.15254237288135594,0.2288135593220339,790.0,0.6694915254237288,-0.5284817526803642,-2.0,2.0,36.7879561829909,-0.7484817526803642,-2.0,2.0,31.287956182990897,-1.5284817526803645,-4.0,2.0,41.19197078866059,1,2,1,-0.5284817526803642,-2.0,2.0,2
realAWSCloudwatch/ec2_network_in_5abac7.csv,realAWSCloudwatch,ec2_network_in_5abac7,C_iforest_contextual,train,0.001,0.7564760768507602,3766,36,0.009559214020180564,13.11111111111111,0.19444444444444445,0.014767932489451477,0.027450980392156862,7,29,467,3263,0.0759493670886076,0.9423459244532804,1.0,0.970317297850563,474,29,0,2,2,1.0,36,7,29,0.19444444444444445,2.211864406779661,2.745762711864407,475.0,0.40254237288135597,-1.3325551325904348,-2.0,2.0,16.68612168523913,-4.479437664326461,-2.0,2.0,-61.98594160816153,-1.3325551325904348,-4.0,2.0,44.457414456826086,2,29,0,-1.3325551325904348,-2.0,2.0,29
realAWSCloudwatch/ec2_network_in_5abac7.csv,realAWSCloudwatch,ec2_network_in_5abac7,C_iforest_contextual,budget,0.002,0.7665760891824097,3766,7,0.0018587360594795538,13.11111111111111,0.42857142857142855,0.006329113924050633,0.012474012474012475,3,4,471,3288,0.014767932489451477,0.9916317991631799,1.0,0.995798319327731,474,4,0,2,2,1.0,7,3,4,0.42857142857142855,0.3050847457627119,0.5338983050847458,475.0,0.40254237288135597,1.37494482128117,-2.0,2.0,84.37362053202925,0.9355622434167463,-2.0,2.0,73.38905608541866,1.37494482128117,-4.0,2.0,89.58241368801951,2,4,0,1.37494482128117,-2.0,2.0,4
realAWSCloudwatch/ec2_network_in_5abac7.csv,realAWSCloudwatch,ec2_network_in_5abac7,C_iforest_contextual,train,0.002,0.7521402290707452,3766,47,0.01248008497079129,13.11111111111111,0.2553191489361702,0.02531645569620253,0.04606525911708253,12,35,462,3257,0.09915611814345991,0.931237721021611,1.0,0.9643947100712106,474,35,0,2,2,1.0,47,12,35,0.2553191489361702,2.669491525423729,3.5847457627118646,295.0,0.25,-1.8756700870311673,-2.0,2.0,3.1082478242208165,-5.682532094078049,-2.0,2.0,-92.06330235195122,-1.8756700870311673,-4.0,2.0,35.40549854948054,2,35,0,-1.8756700870311673,-2.0,2.0,35
realAWSCloudwatch/ec2_network_in_5abac7.csv,realAWSCloudwatch,ec2_network_in_5abac7,C_iforest_contextual,budget,0.005,0.7627775931957419,3766,18,0.004779607010090282,13.11111111111111,0.2222222222222222,0.008438818565400843,0.016260162601626015,4,14,470,3278,0.0379746835443038,0.9713114754098361,1.0,0.9854469854469855,474,14,0,2,2,1.0,18,4,14,0.2222222222222222,1.0677966101694916,1.3728813559322035,475.0,0.40254237288135597,0.275153220809006,-2.0,2.0,56.87883052022515,-1.2640209575275805,-2.0,2.0,18.39947606181049,0.275153220809006,-4.0,2.0,71.2525536801501,2,14,0,0.275153220809006,-2.0,2.0,14
realAWSCloudwatch/ec2_network_in_5abac7.csv,realAWSCloudwatch,ec2_network_in_5abac7,C_iforest_contextual,train,0.005,0.7476717231078505,3766,56,0.01486988847583643,13.11111111111111,0.25,0.029535864978902954,0.052830188679245285,14,42,460,3250,0.11814345991561181,0.9186046511627907,1.0,0.9575757575757576,474,42,0,2,2,1.0,56,14,42,0.25,3.2033898305084745,4.271186440677966,295.0,0.25,-2.6456341888295296,-2.0,2.0,-16.14085472073824,-7.222460297674776,-2.0,2.0,-130.5615074418694,-2.6456341888295296,-4.0,2.0,22.57276351950784,2,42,0,-2.6456341888295296,-2.0,2.0,42
realAWSCloudwatch/ec2_network_in_5abac7.csv,realAWSCloudwatch,ec2_network_in_5abac7,C_iforest_contextual,budget,0.01,0.7549984492602857,3766,37,0.009824747742963356,13.11111111111111,0.21621621621621623,0.016877637130801686,0.03131115459882583,8,29,466,3263,0.07805907172995781,0.9423459244532804,1.0,0.970317297850563,474,29,0,2,2,1.0,37,8,29,0.21621621621621623,2.211864406779661,2.8220338983050848,407.5,0.3453389830508475,-1.269330295500527,-2.0,2.0,18.266742612486826,-4.416212827236554,-2.0,2.0,-60.405320680913846,-1.269330295500527,-4.0,2.0,45.51116174165788,2,29,0,-1.269330295500527,-2.0,2.0,29
realAWSCloudwatch/ec2_network_in_5abac7.csv,realAWSCloudwatch,ec2_network_in_5abac7,C_iforest_contextual,train,0.01,0.7433250510703104,3766,61,0.0161975570897504,13.11111111111111,0.2786885245901639,0.035864978902953586,0.06355140186915888,17,44,457,3248,0.12869198312236288,0.915057915057915,1.0,0.9556451612903225,474,44,0,2,2,1.0,60,16,44,0.26666666666666666,3.3559322033898304,4.576271186440678,295.0,0.25,-2.861932235191162,-2.0,2.0,-21.54830587977905,-7.655056390398043,-2.0,2.0,-141.37640975995106,-2.861932235191162,-4.0,2.0,18.9677960801473,2,44,0,-2.861932235191162,-2.0,2.0,44
realAWSCloudwatch/ec2_network_in_5abac7.csv,realAWSCloudwatch,ec2_network_in_5abac7,C_iforest_contextual,budget,0.02,0.7071641063834985,3766,75,0.019915029208709505,13.11111111111111,0.26666666666666666,0.04219409282700422,0.07285974499089254,20,55,454,3237,0.15822784810126583,0.8960302457466919,1.0,0.9451645064805583,474,55,0,2,2,1.0,70,16,54,0.22857142857142856,4.11864406779661,5.338983050847458,295.0,0.25,-3.891959523397826,-2.0,2.0,-47.29898808494565,-9.715110966811372,-2.0,2.0,-192.87777417028428,-3.891959523397826,-4.0,2.0,1.8006746100362347,2,54,0,-4.001959523397827,-2.0,2.0,55
realAWSCloudwatch/ec2_network_in_5abac7.csv,realAWSCloudwatch,ec2_network_in_5abac7,C_iforest_contextual,train,0.02,0.6947760140790458,3766,82,0.02177376526818906,13.11111111111111,0.2926829268292683,0.05063291139240506,0.08633093525179857,24,58,450,3234,0.1729957805907173,0.8909774436090225,1.0,0.9423459244532804,474,58,0,2,2,1.0,75,20,55,0.26666666666666666,4.194915254237288,5.720338983050848,295.0,0.25,-4.001959523397827,-2.0,2.0,-50.04898808494567,-9.93511096681137,-2.0,2.0,-198.37777417028425,-4.001959523397827,-4.0,2.0,-0.032658723297111315,2,55,0,-4.331959523397828,-2.0,2.0,58
realAWSCloudwatch/ec2_network_in_5abac7.csv,realAWSCloudwatch,ec2_network_in_5abac7,C_iforest_contextual,budget,0.05,0.6297314749047178,3766,188,0.04992033988316516,13.11111111111111,0.2074468085106383,0.08227848101265822,0.11782477341389729,39,149,435,3143,0.39662447257383965,0.7608346709470305,1.0,0.8641750227894258,474,149,0,2,2,1.0,83,18,65,0.21686746987951808,4.957627118644068,6.330508474576272,292.5,0.2478813559322034,-5.093052491647882,-2.0,2.0,-77.32631229119704,-12.118523462586158,-2.0,2.0,-252.96308656465393,-5.093052491647882,-4.0,2.0,-18.217541527464693,2,65,0,-14.231359036269291,-2.0,2.0,149
realAWSCloudwatch/ec2_network_in_5abac7.csv,realAWSCloudwatch,ec2_network_in_5abac7,C_iforest_contextual,train,0.05,0.5846318139084777,3766,320,0.0849707912904939,13.11111111111111,0.21875,0.14767932489451477,0.17632241813602018,70,250,404,3042,0.6751054852320675,0.6546961325966851,1.0,0.7913188647746244,474,250,0,2,2,1.0,86,18,68,0.20930232558139536,5.186440677966102,6.559322033898305,290.0,0.24576271186440676,-5.418398546761271,-2.0,2.0,-85.45996366903177,-12.769942304930428,-2.0,2.0,-269.2485576232607,-5.418398546761271,-4.0,2.0,-23.63997577935451,2,68,0,-25.296167848798586,-2.0,2.0,250
realAWSCloudwatch/elb_request_count_8c0756.csv,realAWSCloudwatch,elb_request_count_8c0756,A_rolling_zscore,budget,0.0005,11.918294402472485,3182,1,0.00031426775612822125,11.069444444444445,0.0,0.0,0.0,0,1,235,2946,0.00425531914893617,0.0,0.0,0.0,0,1,235,2,0,0.0,1,0,1,0.0,0.09033877038895859,0.09033877038895859,,,-2.11,-2.0,2.0,-2.749999999999997,-2.22,-2.0,2.0,-5.500000000000005,-4.11,-4.0,2.0,-1.8333333333333386,0,1,2,-2.11,-2.0,2.0,1
realAWSCloudwatch/elb_request_count_8c0756.csv,realAWSCloudwatch,elb_request_count_8c0756,A_rolling_zscore,train,0.0005,6.349982369362146,3182,9,0.0028284098051539913,11.069444444444445,0.1111111111111111,0.00425531914893617,0.00819672131147541,1,8,234,2939,0.03829787234042553,0.9617224880382775,0.8553191489361702,0.9054054054054055,201,8,34,2,1,0.5,9,1,8,0.1111111111111111,0.7227101631116687,0.8130489335006273,500.0,0.5,-1.009832738909114,-2.0,2.0,24.754181527272152,-1.8812162798938257,-2.0,2.0,2.969593002654358,-2.0098327389091146,-4.0,2.0,33.16945435151476,1,8,1,-1.009832738909114,-2.0,2.0,8
realAWSCloudwatch/elb_request_count_8c0756.csv,realAWSCloudwatch,elb_request_count_8c0756,A_rolling_zscore,budget,0.001,9.801266561379977,3182,3,0.0009428032683846638,11.069444444444445,0.3333333333333333,0.00425531914893617,0.008403361344537815,1,2,234,2945,0.01276595744680851,0.9901477832512315,0.8553191489361702,0.9178082191780822,201,2,34,2,1,0.5,3,1,2,0.3333333333333333,0.18067754077791717,0.2710163111668758,500.0,0.5,-0.3584491979244022,-2.0,2.0,41.03877005188995,-0.5784491979244022,-2.0,2.0,35.53877005188995,-1.3584491979244024,-4.0,2.0,44.02584670125996,1,2,1,-0.3584491979244022,-2.0,2.0,2
realAWSCloudwatch/elb_request_count_8c0756.csv,realAWSCloudwatch,elb_request_count_8c0756,A_rolling_zscore,train,0.001,6.082471764082118,3182,13,0.004085480829666876,11.069444444444445,0.07692307692307693,0.00425531914893617,0.008064516129032258,1,12,234,2935,0.05531914893617021,0.9436619718309859,0.8553191489361702,0.8973214285714285,201,12,34,2,1,0.5,13,1,12,0.07692307692307693,1.0840652446675032,1.1744040150564616,500.0,0.5,-1.4493925259355918,-2.0,2.0,13.765186851610206,-2.760335853946781,-2.0,2.0,-19.00839634866952,-2.4493925259355915,-4.0,2.0,25.843457901073474,1,12,1,-1.4493925259355918,-2.0,2.0,12
realAWSCloudwatch/elb_request_count_8c0756.csv,realAWSCloudwatch,elb_request_count_8c0756,A_rolling_zscore,budget,0.002,7.248351223213934,3182,6,0.0018856065367693275,11.069444444444445,0.16666666666666666,0.00425531914893617,0.008298755186721992,1,5,234,2942,0.02553191489361702,0.9757281553398058,0.8553191489361702,0.9115646258503401,201,5,34,2,1,0.5,6,1,5,0.16666666666666666,0.45169385194479295,0.5420326223337516,500.0,0.5,-0.679832738909114,-2.0,2.0,33.004181527272145,-1.2212162798938258,-2.0,2.0,19.469593002654356,-1.6798327389091146,-4.0,2.0,38.66945435151476,1,5,1,-0.679832738909114,-2.0,2.0,5
realAWSCloudwatch/elb_request_count_8c0756.csv,realAWSCloudwatch,elb_request_count_8c0756,A_rolling_zscore,train,0.002,5.629155160679536,3182,19,0.005971087366436203,11.069444444444445,0.05263157894736842,0.00425531914893617,0.007874015748031496,1,18,234,2929,0.08085106382978724,0.9178082191780822,0.8553191489361702,0.8854625550660793,201,18,34,2,1,0.5,18,1,17,0.05555555555555555,1.535759096612296,1.6260978670012547,500.0,0.5,-1.9381757617512378,-2.0,2.0,1.5456059562190538,-3.7379023255780734,-2.0,2.0,-43.447558139451836,-2.938175761751238,-4.0,2.0,17.697070637479367,1,17,1,-2.048175761751238,-2.0,2.0,18
realAWSCloudwatch/elb_request_count_8c0756.csv,realAWSCloudwatch,elb_request_count_8c0756,A_rolling_zscore,budget,0.005,5.741125659292932,3182,15,0.004714016341923318,11.069444444444445,0.06666666666666667,0.00425531914893617,0.008,1,14,234,2933,0.06382978723404255,0.9348837209302325,0.8553191489361702,0.8933333333333333,201,14,34,2,1,0.5,15,1,14,0.06666666666666667,1.2647427854454203,1.355081555834379,500.0,0.5,-1.6687914945677293,-2.0,2.0,8.280212635806766,-3.199133791211056,-2.0,2.0,-29.9783447802764,-2.668791494567729,-4.0,2.0,22.18680842387118,1,14,1,-1.6687914945677293,-2.0,2.0,14
realAWSCloudwatch/elb_request_count_8c0756.csv,realAWSCloudwatch,elb_request_count_8c0756,A_rolling_zscore,train,0.005,5.23025450687908,3182,28,0.008799497171590195,11.069444444444445,0.03571428571428571,0.00425531914893617,0.0076045627376425855,1,27,234,2920,0.11914893617021277,0.881578947368421,0.8553191489361702,0.8682505399568033,201,27,34,2,1,0.5,26,1,25,0.038461538461538464,2.258469259723965,2.3488080301129233,500.0,0.5,-2.814843046001907,-2.0,2.0,-20.371076150047674,-5.491236894079411,-2.0,2.0,-87.28092235198528,-3.814843046001905,-4.0,2.0,3.0859492333015806,1,25,1,-3.0348430460019067,-2.0,2.0,27
realAWSCloudwatch/elb_request_count_8c0756.csv,realAWSCloudwatch,elb_request_count_8c0756,A_rolling_zscore,budget,0.01,5.0351284494711965,3182,31,0.00974230043997486,11.069444444444445,0.06451612903225806,0.00851063829787234,0.015037593984962407,2,29,233,2918,0.13191489361702127,0.8901515151515151,1.0,0.9418837675350701,235,29,0,2,2,1.0,29,2,27,0.06896551724137931,2.439146800501882,2.619824341279799,310.0,0.6136363636363636,-1.4000523704139531,-2.0,2.0,14.998690739651172,-4.296446218491459,-2.0,2.0,-57.41115546228648,-1.4000523704139531,-4.0,2.0,43.332460493100776,2,27,0,-1.6200523704139533,-2.0,2.0,29
realAWSCloudwatch/elb_request_count_8c0756.csv,realAWSCloudwatch,elb_request_count_8c0756,A_rolling_zscore,train,0.01,4.717425730289456,3182,38,0.011942174732872407,11.069444444444445,0.07894736842105263,0.01276595744680851,0.021978021978021973,3,35,232,2912,0.16170212765957448,0.8703703703703703,1.0,0.9306930693069307,235,35,0,2,2,1.0,36,3,33,0.08333333333333333,2.9811794228356336,3.2521957340025094,230.0,0.5336363636363637,-1.9795575851399203,-2.0,2.0,0.5110603715019923,-5.535951433217425,-2.0,2.0,-88.39878583043563,-1.9795575851399203,-4.0,2.0,33.674040247667996,2,33,0,-2.1995575851399205,-2.0,2.0,35
realAWSCloudwatch/elb_request_count_8c0756.csv,realAWSCloudwatch,elb_request_count_8c0756,A_rolling_zscore,budget,0.02,3.889251700086167,3182,63,0.019798868636077938,11.069444444444445,0.06349206349206349,0.01702127659574468,0.026845637583892617,4,59,231,2888,0.2680851063829787,0.7993197278911565,1.0,0.888468809073724,235,59,0,2,2,1.0,59,4,55,0.06779661016949153,4.968632371392722,5.329987452948557,92.5,0.3961363636363636,-4.237569259132127,-2.0,2.0,-55.93923147830318,-10.104797050919373,-2.0,2.0,-202.61992627298434,-4.237569259132127,-4.0,2.0,-3.959487652202117,2,55,0,-4.6775692591321265,-2.0,2.0,59
realAWSCloudwatch/elb_request_count_8c0756.csv,realAWSCloudwatch,elb_request_count_8c0756,A_rolling_zscore,train,0.02,4.111110493404509,3182,54,0.01697045883092395,11.069444444444445,0.05555555555555555,0.01276595744680851,0.020761245674740483,3,51,232,2896,0.2297872340425532,0.8216783216783217,1.0,0.9021113243761996,235,51,0,2,2,1.0,51,3,48,0.058823529411764705,4.336260978670013,4.607277289836889,230.0,0.5336363636363637,-3.5203915288496623,-2.0,2.0,-38.00978822124156,-8.617619320636908,-2.0,2.0,-165.44048301592272,-3.5203915288496623,-4.0,2.0,7.9934745191722945,2,48,0,-3.850391528849662,-2.0,2.0,51
realAWSCloudwatch/elb_request_count_8c0756.csv,realAWSCloudwatch,elb_request_count_8c0756,A_rolling_zscore,budget,0.05,2.7216652613790373,3182,159,0.04996857322438718,11.069444444444445,0.08176100628930817,0.05531914893617021,0.06598984771573603,13,146,222,2801,0.676595744680851,0.6167979002624672,1.0,0.7629870129870129,235,146,0,2,2,1.0,142,10,132,0.07042253521126761,11.924717691342535,12.82810539523212,42.5,0.13106060606060607,-12.245382780564608,-2.0,2.0,-256.1345695141152,-26.463005277268756,-2.0,2.0,-611.5751319317189,-12.245382780564608,-4.0,2.0,-137.42304634274345,2,132,0,-13.718348047821065,-2.0,2.0,146
realAWSCloudwatch/elb_request_count_8c0756.csv,realAWSCloudwatch,elb_request_count_8c0756,A_rolling_zscore,train,0.05,2.797449337220674,3182,150,0.04714016341923319,11.069444444444445,0.07333333333333333,0.04680851063829787,0.05714285714285714,11,139,224,2808,0.6382978723404256,0.6283422459893048,1.0,0.7717569786535303,235,139,0,2,2,1.0,136,10,126,0.07352941176470588,11.382685069008783,12.286072772898368,50.0,0.13856060606060605,-11.59093373123409,-2.0,2.0,-239.77334328085226,-25.152774015580363,-2.0,2.0,-578.819350389509,-11.59093373123409,-4.0,2.0,-126.51556218723483,2,126,0,-12.953898998490548,-2.0,2.0,139
realAWSCloudwatch/elb_request_count_8c0756.csv,realAWSCloudwatch,elb_request_count_8c0756,B_iforest_raw,budget,0.0005,0.7946484720920598,3182,1,0.00031426775612822125,11.069444444444445,1.0,0.00425531914893617,0.008474576271186442,1,0,234,2947,0.00425531914893617,1.0,0.8553191489361702,0.9220183486238532,201,0,34,2,1,0.5,1,1,0,1.0,0.0,0.09033877038895859,500.0,0.5,-0.13844919792440225,-2.0,2.0,46.53877005188994,-0.13844919792440225,-2.0,2.0,46.53877005188994,-1.1384491979244022,-4.0,2.0,47.69251336792663,1,0,1,-0.13844919792440225,-2.0,2.0,0
realAWSCloudwatch/elb_request_count_8c0756.csv,realAWSCloudwatch,elb_request_count_8c0756,B_iforest_raw,train,0.0005,0.8204506658795034,3182,0,0.0,11.069444444444445,0.0,0.0,0.0,0,0,235,2947,0.0,0.0,0.0,0.0,0,0,235,2,0,0.0,0,0,0,,0.0,0.0,,,-2.0,-2.0,2.0,0.0,-2.0,-2.0,2.0,0.0,-4.0,-4.0,2.0,0.0,0,0,2,-2.0,-2.0,2.0,0
realAWSCloudwatch/elb_request_count_8c0756.csv,realAWSCloudwatch,elb_request_count_8c0756,B_iforest_raw,budget,0.001,0.7704202997499757,3182,3,0.0009428032683846638,11.069444444444445,0.6666666666666666,0.00851063829787234,0.01680672268907563,2,1,233,2946,0.01276595744680851,0.995049504950495,0.8553191489361702,0.9199084668192219,201,1,34,2,1,0.5,2,1,1,0.5,0.09033877038895859,0.18067754077791717,500.0,0.5,-0.24844919792440223,-2.0,2.0,43.78877005188995,-0.3584491979244022,-2.0,2.0,41.03877005188995,-1.2484491979244023,-4.0,2.0,45.859180034593294,1,1,1,-0.24844919792440223,-2.0,2.0,1
realAWSCloudwatch/elb_request_count_8c0756.csv,realAWSCloudwatch,elb_request_count_8c0756,B_iforest_raw,train,0.001,0.8204506658795034,3182,0,0.0,11.069444444444445,0.0,0.0,0.0,0,0,235,2947,0.0,0.0,0.0,0.0,0,0,235,2,0,0.0,0,0,0,,0.0,0.0,,,-2.0,-2.0,2.0,0.0,-2.0,-2.0,2.0,0.0,-4.0,-4.0,2.0,0.0,0,0,2,-2.0,-2.0,2.0,0
realAWSCloudwatch/elb_request_count_8c0756.csv,realAWSCloudwatch,elb_request_count_8c0756,B_iforest_raw,budget,0.002,0.737620132645983,3182,6,0.0018856065367693275,11.069444444444445,0.3333333333333333,0.00851063829787234,0.016597510373443983,2,4,233,2943,0.02553191489361702,0.9804878048780488,0.8553191489361702,0.9136363636363637,201,4,34,2,1,0.5,5,1,4,0.2,0.36135508155583435,0.45169385194479295,500.0,0.5,-0.5784491979244022,-2.0,2.0,35.53877005188995,-1.0184491979244021,-2.0,2.0,24.538770051889948,-1.5784491979244026,-4.0,2.0,40.35918003459329,1,4,1,-0.5784491979244022,-2.0,2.0,4
realAWSCloudwatch/elb_request_count_8c0756.csv,realAWSCloudwatch,elb_request_count_8c0756,B_iforest_raw,train,0.002,0.8157710305700877,3182,1,0.00031426775612822125,11.069444444444445,1.0,0.00425531914893617,0.008474576271186442,1,0,234,2947,0.00425531914893617,1.0,0.8553191489361702,0.9220183486238532,201,0,34,2,1,0.5,1,1,0,1.0,0.0,0.09033877038895859,500.0,0.5,-0.13844919792440225,-2.0,2.0,46.53877005188994,-0.13844919792440225,-2.0,2.0,46.53877005188994,-1.1384491979244022,-4.0,2.0,47.69251336792663,1,0,1,-0.13844919792440225,-2.0,2.0,0
realAWSCloudwatch/elb_request_count_8c0756.csv,realAWSCloudwatch,elb_request_count_8c0756,B_iforest_raw,budget,0.005,0.6831609773346464,3182,15,0.004714016341923318,11.069444444444445,0.26666666666666666,0.01702127659574468,0.032,4,11,231,2936,0.06382978723404255,0.9481132075471698,0.8553191489361702,0.8993288590604026,201,11,34,2,1,0.5,13,3,10,0.23076923076923078,0.9033877038895859,1.1744040150564616,340.0,0.34,-1.146006631192003,-2.0,2.0,21.349834220199927,-2.234058849733637,-2.0,2.0,-5.851471243340923,-2.1460066311920034,-4.0,2.0,30.89988948013328,1,10,1,-1.256006631192003,-2.0,2.0,11
realAWSCloudwatch/elb_request_count_8c0756.csv,realAWSCloudwatch,elb_request_count_8c0756,B_iforest_raw,train,0.005,0.7267352233083784,3182,10,0.0031426775612822125,11.069444444444445,0.3,0.01276595744680851,0.024489795918367346,3,7,232,2940,0.0425531914893617,0.9663461538461539,0.8553191489361702,0.90744920993228,201,7,34,2,1,0.5,9,2,7,0.2222222222222222,0.6323713927227101,0.8130489335006273,340.0,0.34,-0.8193379536350806,-2.0,2.0,29.516551159122983,-1.5807214946197923,-2.0,2.0,10.481962634505193,-1.8193379536350813,-4.0,2.0,36.344367439415315,1,7,1,-0.8193379536350806,-2.0,2.0,7
realAWSCloudwatch/elb_request_count_8c0756.csv,realAWSCloudwatch,elb_request_count_8c0756,B_iforest_raw,budget,0.01,0.6773410043141891,3182,31,0.00974230043997486,11.069444444444445,0.16129032258064516,0.02127659574468085,0.03759398496240601,5,26,230,2921,0.13191489361702127,0.8854625550660793,0.8553191489361702,0.8701298701298702,201,26,34,2,1,0.5,26,3,23,0.11538461538461539,2.0777917189460475,2.3488080301129233,340.0,0.34,-2.573124541558744,-2.0,2.0,-14.328113538968601,-5.0882946704671195,-2.0,2.0,-77.20736676167799,-3.5731245415587427,-4.0,2.0,7.114590974020955,1,23,1,-2.9031245415587437,-2.0,2.0,26
realAWSCloudwatch/elb_request_count_8c0756.csv,realAWSCloudwatch,elb_request_count_8c0756,B_iforest_raw,train,0.01,0.6855516351822041,3182,13,0.004085480829666876,11.069444444444445,0.3076923076923077,0.01702127659574468,0.03225806451612903,4,9,231,2938,0.05531914893617021,0.9571428571428572,0.8553191489361702,0.9033707865168539,201,9,34,2,1,0.5,12,3,9,0.25,0.8130489335006273,1.0840652446675032,340.0,0.34,-1.0360066311920029,-2.0,2.0,24.099834220199927,-2.0140588497336367,-2.0,2.0,-0.3514712433409173,-2.0360066311920035,-4.0,2.0,32.733222813466604,1,9,1,-1.0360066311920029,-2.0,2.0,9
realAWSCloudwatch/elb_request_count_8c0756.csv,realAWSCloudwatch,elb_request_count_8c0756,B_iforest_raw,budget,0.02,0.6664510202784448,3182,63,0.019798868636077938,11.069444444444445,0.1746031746031746,0.04680851063829787,0.0738255033557047,11,52,224,2895,0.2680851063829787,0.7944664031620553,0.8553191489361702,0.8237704918032788,201,52,34,2,1,0.5,57,9,48,0.15789473684210525,4.336260978670013,5.14930991217064,340.0,0.34,-5.306817247216798,-2.0,2.0,-82.67043118041994,-10.555680081783228,-2.0,2.0,-213.8920020445807,-6.306817247216801,-4.0,2.0,-38.44695412028002,1,48,1,-5.746817247216799,-2.0,2.0,52
realAWSCloudwatch/elb_request_count_8c0756.csv,realAWSCloudwatch,elb_request_count_8c0756,B_iforest_raw,train,0.02,0.6744145476334819,3182,52,0.016341923318667503,11.069444444444445,0.21153846153846154,0.04680851063829787,0.07665505226480836,11,41,224,2906,0.22127659574468084,0.8305785123966942,0.8553191489361702,0.8427672955974843,201,41,34,2,1,0.5,47,9,38,0.19148936170212766,3.4328732747804267,4.245922208281054,340.0,0.34,-4.223124541558742,-2.0,2.0,-55.57811353896855,-8.388294670467115,-2.0,2.0,-159.70736676167786,-5.223124541558744,-4.0,2.0,-20.385409025979065,1,38,1,-4.553124541558742,-2.0,2.0,41
realAWSCloudwatch/elb_request_count_8c0756.csv,realAWSCloudwatch,elb_request_count_8c0756,B_iforest_raw,budget,0.05,0.601591228164492,3182,159,0.04996857322438718,11.069444444444445,0.1320754716981132,0.08936170212765958,0.10659898477157362,21,138,214,2809,0.676595744680851,0.6300268096514745,1.0,0.7730263157894737,235,138,0,2,2,1.0,129,12,117,0.09302325581395349,10.569636135508155,11.653701380175658,162.5,0.32696969696969697,-10.756919460201917,-2.0,2.0,-218.92298650504793,-23.40399931762576,-2.0,2.0,-535.099982940644,-10.756919460201917,-4.0,2.0,-112.61532433669862,2,117,0,-13.066917838958096,-2.0,2.0,138
realAWSCloudwatch/elb_request_count_8c0756.csv,realAWSCloudwatch,elb_request_count_8c0756,B_iforest_raw,train,0.05,0.6081832243834416,3182,129,0.04054054054054054,11.069444444444445,0.14728682170542637,0.08085106382978724,0.10439560439560441,19,110,216,2837,0.548936170212766,0.6811594202898551,1.0,0.810344827586207,235,110,0,2,2,1.0,105,12,93,0.11428571428571428,8.401505646173149,9.485570890840652,162.5,0.32696969696969697,-8.194592174293852,-2.0,2.0,-154.86480435734632,-18.279344745809638,-2.0,2.0,-406.98361864524094,-8.194592174293852,-4.0,2.0,-69.90986957156422,2,93,0,-10.064592174293846,-2.0,2.0,110
realAWSCloudwatch/elb_request_count_8c0756.csv,realAWSCloudwatch,elb_request_count_8c0756,C_iforest_contextual,budget,0.0005,0.7123585491946439,3182,1,0.00031426775612822125,11.069444444444445,0.0,0.0,0.0,0,1,235,2946,0.00425531914893617,0.0,0.0,0.0,0,1,235,2,0,0.0,1,0,1,0.0,0.09033877038895859,0.09033877038895859,,,-2.11,-2.0,2.0,-2.749999999999997,-2.22,-2.0,2.0,-5.500000000000005,-4.11,-4.0,2.0,-1.8333333333333386,0,1,2,-2.11,-2.0,2.0,1
realAWSCloudwatch/elb_request_count_8c0756.csv,realAWSCloudwatch,elb_request_count_8c0756,C_iforest_contextual,train,0.0005,0.7124208719444747,3182,2,0.0006285355122564425,11.069444444444445,0.5,0.00425531914893617,0.008438818565400843,1,1,234,2946,0.00851063829787234,0.995049504950495,0.8553191489361702,0.9199084668192219,201,1,34,2,1,0.5,2,1,1,0.5,0.09033877038895859,0.18067754077791717,500.0,0.5,-0.24844919792440223,-2.0,2.0,43.78877005188995,-0.3584491979244022,-2.0,2.0,41.03877005188995,-1.2484491979244023,-4.0,2.0,45.859180034593294,1,1,1,-0.24844919792440223,-2.0,2.0,1
realAWSCloudwatch/elb_request_count_8c0756.csv,realAWSCloudwatch,elb_request_count_8c0756,C_iforest_contextual,budget,0.001,0.7108140143426348,3182,3,0.0009428032683846638,11.069444444444445,0.3333333333333333,0.00425531914893617,0.008403361344537815,1,2,234,2945,0.01276595744680851,0.9901477832512315,0.8553191489361702,0.9178082191780822,201,2,34,2,1,0.5,3,1,2,0.3333333333333333,0.18067754077791717,0.2710163111668758,500.0,0.5,-0.3584491979244022,-2.0,2.0,41.03877005188995,-0.5784491979244022,-2.0,2.0,35.53877005188995,-1.3584491979244024,-4.0,2.0,44.02584670125996,1,2,1,-0.3584491979244022,-2.0,2.0,2
realAWSCloudwatch/elb_request_count_8c0756.csv,realAWSCloudwatch,elb_request_count_8c0756,C_iforest_contextual,train,0.001,0.7111474712121114,3182,4,0.001257071024512885,11.069444444444445,0.25,0.00425531914893617,0.008368200836820083,1,3,234,2944,0.01702127659574468,0.9852941176470589,0.8553191489361702,0.9157175398633257,201,3,34,2,1,0.5,4,1,3,0.25,0.2710163111668758,0.36135508155583435,500.0,0.5,-0.4684491979244022,-2.0,2.0,38.28877005188994,-0.7984491979244022,-2.0,2.0,30.038770051889944,-1.4684491979244025,-4.0,2.0,42.19251336792662,1,3,1,-0.4684491979244022,-2.0,2.0,3
realAWSCloudwatch/elb_request_count_8c0756.csv,realAWSCloudwatch,elb_request_count_8c0756,C_iforest_contextual,budget,0.002,0.6905553540443675,3182,6,0.0018856065367693275,11.069444444444445,0.3333333333333333,0.00851063829787234,0.016597510373443983,2,4,233,2943,0.02553191489361702,0.9804878048780488,0.8553191489361702,0.9136363636363637,201,4,34,2,1,0.5,6,2,4,0.3333333333333333,0.36135508155583435,0.5420326223337516,340.0,0.34,-0.48933795363508065,-2.0,2.0,37.76655115912298,-0.9207214946197925,-2.0,2.0,26.981962634505187,-1.489337953635081,-4.0,2.0,41.844367439415315,1,4,1,-0.48933795363508065,-2.0,2.0,4
realAWSCloudwatch/elb_request_count_8c0756.csv,realAWSCloudwatch,elb_request_count_8c0756,C_iforest_contextual,train,0.002,0.7076685340849099,3182,4,0.001257071024512885,11.069444444444445,0.25,0.00425531914893617,0.008368200836820083,1,3,234,2944,0.01702127659574468,0.9852941176470589,0.8553191489361702,0.9157175398633257,201,3,34,2,1,0.5,4,1,3,0.25,0.2710163111668758,0.36135508155583435,500.0,0.5,-0.4684491979244022,-2.0,2.0,38.28877005188994,-0.7984491979244022,-2.0,2.0,30.038770051889944,-1.4684491979244025,-4.0,2.0,42.19251336792662,1,3,1,-0.4684491979244022,-2.0,2.0,3
realAWSCloudwatch/elb_request_count_8c0756.csv,realAWSCloudwatch,elb_request_count_8c0756,C_iforest_contextual,budget,0.005,0.6614234839260106,3182,15,0.004714016341923318,11.069444444444445,0.26666666666666666,0.01702127659574468,0.032,4,11,231,2936,0.06382978723404255,0.9481132075471698,0.8553191489361702,0.8993288590604026,201,11,34,2,1,0.5,13,2,11,0.15384615384615385,0.9937264742785445,1.1744040150564616,340.0,0.34,-1.2588963473553045,-2.0,2.0,18.527591316117388,-2.4598382820602405,-2.0,2.0,-11.49595705150601,-2.258896347355305,-4.0,2.0,29.018394210744916,1,11,1,-1.2588963473553045,-2.0,2.0,11
realAWSCloudwatch/elb_request_count_8c0756.csv,realAWSCloudwatch,elb_request_count_8c0756,C_iforest_contextual,train,0.005,0.6867891069209667,3182,7,0.0021998742928975488,11.069444444444445,0.2857142857142857,0.00851063829787234,0.016528925619834708,2,5,233,2942,0.029787234042553193,0.9757281553398058,0.8553191489361702,0.9115646258503401,201,5,34,2,1,0.5,7,2,5,0.2857142857142857,0.45169385194479295,0.6323713927227101,340.0,0.34,-0.5988977406615579,-2.0,2.0,35.027556483461055,-1.139841068672747,-2.0,2.0,21.503973283181328,-1.5988977406615583,-4.0,2.0,40.01837098897403,1,5,1,-0.5988977406615579,-2.0,2.0,5
realAWSCloudwatch/elb_request_count_8c0756.csv,realAWSCloudwatch,elb_request_count_8c0756,C_iforest_contextual,budget,0.01,0.6341043606034977,3182,31,0.00974230043997486,11.069444444444445,0.1935483870967742,0.02553191489361702,0.045112781954887216,6,25,229,2922,0.13191489361702127,0.8893805309734514,0.8553191489361702,0.8720173535791758,201,25,34,2,1,0.5,29,4,25,0.13793103448275862,2.258469259723965,2.619824341279799,260.0,0.26,-2.709187918583035,-2.0,2.0,-17.729697964575873,-5.383342171424943,-2.0,2.0,-84.58355428562359,-3.7091879185830336,-4.0,2.0,4.846868023616106,1,25,1,-2.709187918583035,-2.0,2.0,25
realAWSCloudwatch/elb_request_count_8c0756.csv,realAWSCloudwatch,elb_request_count_8c0756,C_iforest_contextual,train,0.01,0.6451576314771424,3182,25,0.00785669390320553,11.069444444444445,0.2,0.02127659574468085,0.03846153846153846,5,20,230,2927,0.10638297872340426,0.9095022624434389,0.8553191489361702,0.881578947368421,201,20,34,2,1,0.5,23,3,20,0.13043478260869565,1.8067754077791718,2.0777917189460475,340.0,0.34,-2.2264004300736864,-2.0,2.0,-5.66001075184216,-4.394846447497004,-2.0,2.0,-59.8711611874251,-3.226400430073686,-4.0,2.0,12.893326165438568,1,20,1,-2.2264004300736864,-2.0,2.0,20
realAWSCloudwatch/elb_request_count_8c0756.csv,realAWSCloudwatch,elb_request_count_8c0756,C_iforest_contextual,budget,0.02,0.6028237319140468,3182,63,0.019798868636077938,11.069444444444445,0.09523809523809523,0.02553191489361702,0.040268456375838924,6,57,229,2890,0.2680851063829787,0.7790697674418605,0.8553191489361702,0.8154158215010143,201,57,34,2,1,0.5,59,4,55,0.06779661016949153,4.968632371392722,5.329987452948557,260.0,0.26,-5.991039778949215,-2.0,2.0,-99.77599447373038,-11.947045892157302,-2.0,2.0,-248.67614730393254,-6.991039778949219,-4.0,2.0,-49.85066298248697,1,55,1,-6.211039778949216,-2.0,2.0,57
realAWSCloudwatch/elb_request_count_8c0756.csv,realAWSCloudwatch,elb_request_count_8c0756,C_iforest_contextual,train,0.02,0.6073294327900498,3182,54,0.01697045883092395,11.069444444444445,0.1111111111111111,0.02553191489361702,0.04152249134948097,6,48,229,2899,0.2297872340425532,0.8072289156626506,0.8553191489361702,0.8305785123966942,201,48,34,2,1,0.5,50,4,46,0.08,4.155583437892095,4.51693851944793,260.0,0.26,-5.017347073291158,-2.0,2.0,-75.43367683227895,-9.99966048084119,-2.0,2.0,-199.99151202102973,-6.017347073291162,-4.0,2.0,-33.62245122151936,1,46,1,-5.237347073291159,-2.0,2.0,48
realAWSCloudwatch/elb_request_count_8c0756.csv,realAWSCloudwatch,elb_request_count_8c0756,C_iforest_contextual,budget,0.05,0.566313460732815,3182,159,0.04996857322438718,11.069444444444445,0.1069182389937107,0.07234042553191489,0.08629441624365482,17,142,218,2805,0.676595744680851,0.623342175066313,1.0,0.7679738562091503,235,142,0,2,2,1.0,140,12,128,0.08571428571428572,11.563362609786699,12.647427854454204,50.0,0.13856060606060605,-11.833156779533368,-2.0,2.0,-245.8289194883342,-25.63722011217892,-2.0,2.0,-590.930502804473,-11.833156779533368,-4.0,2.0,-130.5526129922228,2,128,0,-13.37315677953336,-2.0,2.0,142
realAWSCloudwatch/elb_request_count_8c0756.csv,realAWSCloudwatch,elb_request_count_8c0756,C_iforest_contextual,train,0.05,0.5620830791649465,3182,169,0.05311125078566939,11.069444444444445,0.11242603550295859,0.08085106382978724,0.09405940594059406,19,150,216,2797,0.7191489361702128,0.6103896103896104,1.0,0.7580645161290321,235,150,0,2,2,1.0,148,14,134,0.0945945945945946,12.105395232120452,13.370138017565871,50.0,0.13856060606060605,-12.493156779533365,-2.0,2.0,-262.3289194883341,-26.957220112178913,-2.0,2.0,-623.9305028044728,-12.493156779533365,-4.0,2.0,-141.55261299222275,2,134,0,-14.253156779533356,-2.0,2.0,150
realAWSCloudwatch/grok_asg_anomaly.csv,realAWSCloudwatch,grok_asg_anomaly,A_rolling_zscore,budget,0.0005,50.0,3303,1,0.0003027550711474417,13.006944444444445,0.0,0.0,0.0,0,1,429,2873,0.002331002331002331,0.0,0.0,0.0,0,1,429,3,0,0.0,1,0,1,0.0,0.07688200747463961,0.07688200747463961,,,-3.11,-3.0,3.0,-1.8333333333333313,-3.22,-3.0,3.0,-3.66666666666667,-6.11,-6.0,3.0,-1.2222222222222259,0,1,3,-3.11,-3.0,3.0,1
realAWSCloudwatch/grok_asg_anomaly.csv,realAWSCloudwatch,grok_asg_anomaly,A_rolling_zscore,train,0.0005,50.0,3303,0,0.0,13.006944444444445,0.0,0.0,0.0,0,0,429,2874,0.0,0.0,0.0,0.0,0,0,429,3,0,0.0,0,0,0,,0.0,0.0,,,-3.0,-3.0,3.0,0.0,-3.0,-3.0,3.0,0.0,-6.0,-6.0,3.0,0.0,0,0,3,-3.0,-3.0,3.0,0
realAWSCloudwatch/grok_asg_anomaly.csv,realAWSCloudwatch,grok_asg_anomaly,A_rolling_zscore,budget,0.001,50.0,3303,3,0.0009082652134423251,13.006944444444445,0.0,0.0,0.0,0,3,429,2871,0.006993006993006993,0.0,0.0,0.0,0,3,429,3,0,0.0,3,0,3,0.0,0.23064602242391885,0.23064602242391885,,,-3.3299999999999996,-3.0,3.0,-5.499999999999994,-3.6600000000000006,-3.0,3.0,-11.000000000000009,-6.330000000000001,-6.0,3.0,-3.6666666666666776,0,3,3,-3.3299999999999996,-3.0,3.0,3
realAWSCloudwatch/grok_asg_anomaly.csv,realAWSCloudwatch,grok_asg_anomaly,A_rolling_zscore,train,0.001,50.0,3303,0,0.0,13.006944444444445,0.0,0.0,0.0,0,0,429,2874,0.0,0.0,0.0,0.0,0,0,429,3,0,0.0,0,0,0,,0.0,0.0,,,-3.0,-3.0,3.0,0.0,-3.0,-3.0,3.0,0.0,-6.0,-6.0,3.0,0.0,0,0,3,-3.0,-3.0,3.0,0
realAWSCloudwatch/grok_asg_anomaly.csv,realAWSCloudwatch,grok_asg_anomaly,A_rolling_zscore,budget,0.002,50.0,3303,6,0.0018165304268846503,13.006944444444445,0.0,0.0,0.0,0,6,429,2868,0.013986013986013986,0.0,0.0,0.0,0,6,429,3,0,0.0,6,0,6,0.0,0.4612920448478377,0.4612920448478377,,,-3.6599999999999993,-3.0,3.0,-10.999999999999988,-4.32,-3.0,3.0,-22.000000000000004,-6.660000000000002,-6.0,3.0,-7.333333333333355,0,6,3,-3.6599999999999993,-3.0,3.0,6
realAWSCloudwatch/grok_asg_anomaly.csv,realAWSCloudwatch,grok_asg_anomaly,A_rolling_zscore,train,0.002,47.62949284504614,3303,14,0.004238570996064184,13.006944444444445,0.14285714285714285,0.004662004662004662,0.009029345372460496,2,12,427,2862,0.03263403263403263,0.9083969465648855,0.2773892773892774,0.42500000000000004,119,12,310,3,1,0.3333333333333333,14,2,12,0.14285714285714285,0.9225840896956754,1.0763481046449546,120.0,0.15584415584415584,-2.2866082326292614,-3.0,3.0,11.889862789512309,-3.550021204594433,-3.0,3.0,-9.167020076573884,-4.28660823262926,-6.0,3.0,19.037686304119333,1,12,2,-2.2866082326292614,-3.0,3.0,12
realAWSCloudwatch/grok_asg_anomaly.csv,realAWSCloudwatch,grok_asg_anomaly,A_rolling_zscore,budget,0.005,40.79532853970771,3303,16,0.004844081138359067,13.006944444444445,0.125,0.004662004662004662,0.00898876404494382,2,14,427,2860,0.037296037296037296,0.8947368421052632,0.2773892773892774,0.4234875444839858,119,14,310,3,1,0.3333333333333333,16,2,14,0.125,1.0763481046449546,1.2301121195942337,120.0,0.15584415584415584,-2.50657552282651,-3.0,3.0,8.223741286224836,-3.989955784988929,-3.0,3.0,-16.49926308314882,-4.506575522826508,-6.0,3.0,16.59360530192769,1,14,2,-2.50657552282651,-3.0,3.0,14
realAWSCloudwatch/grok_asg_anomaly.csv,realAWSCloudwatch,grok_asg_anomaly,A_rolling_zscore,train,0.005,27.403112290109068,3303,25,0.007568876778686043,13.006944444444445,0.12,0.006993006993006993,0.013215859030837003,3,22,426,2852,0.05827505827505827,0.8439716312056738,0.2773892773892774,0.4175438596491228,119,22,310,3,1,0.3333333333333333,25,3,22,0.12,1.6914041644420714,1.9220501868659903,120.0,0.15584415584415584,-3.3846585920225962,-3.0,3.0,-6.410976533709937,-5.746121923381104,-3.0,3.0,-45.768698723018396,-5.384658592022595,-6.0,3.0,6.837126755304496,1,22,2,-3.3846585920225962,-3.0,3.0,22
realAWSCloudwatch/grok_asg_anomaly.csv,realAWSCloudwatch,grok_asg_anomaly,A_rolling_zscore,budget,0.01,20.80811654557462,3303,33,0.009990917347865577,13.006944444444445,0.15151515151515152,0.011655011655011656,0.021645021645021648,5,28,424,2846,0.07692307692307693,0.9072847682119205,0.6386946386946387,0.7496580027359782,274,28,155,3,2,0.6666666666666666,33,5,28,0.15151515151515152,2.152696209289909,2.5371062466631074,97.5,0.12662337662337664,-2.006012549374949,-3.0,3.0,16.56645751041751,-4.980477627479791,-3.0,3.0,-33.007960457996525,-3.006012549374949,-6.0,3.0,33.26652722916723,2,28,1,-2.006012549374949,-3.0,3.0,28
realAWSCloudwatch/grok_asg_anomaly.csv,realAWSCloudwatch,grok_asg_anomaly,A_rolling_zscore,train,0.01,17.628205639701736,3303,36,0.010899182561307902,13.006944444444445,0.1388888888888889,0.011655011655011656,0.021505376344086027,5,31,424,2843,0.08391608391608392,0.898360655737705,0.6386946386946387,0.7465940054495913,274,31,155,3,2,0.6666666666666666,36,5,31,0.1388888888888889,2.383342231713828,2.767752269087026,97.5,0.12662337662337664,-2.2680313684774003,-3.0,3.0,12.199477192043327,-5.504515265684694,-3.0,3.0,-41.7419210947449,-3.268031368477401,-6.0,3.0,30.355207016917763,2,31,1,-2.2680313684774003,-3.0,3.0,31
realAWSCloudwatch/grok_asg_anomaly.csv,realAWSCloudwatch,grok_asg_anomaly,A_rolling_zscore,budget,0.02,5.286290366804804,3303,66,0.019981834695731154,13.006944444444445,0.15151515151515152,0.023310023310023312,0.04040404040404041,10,56,419,2818,0.15384615384615385,0.8845360824742268,1.0,0.9387308533916848,429,56,0,3,3,1.0,59,8,51,0.13559322033898305,3.9209823812066205,4.536038441003737,193.33333333333334,0.2510822510822511,-2.5630456670195016,-3.0,3.0,7.282572216341639,-7.95661289847542,-3.0,3.0,-82.61021497459033,-2.5630456670195016,-6.0,3.0,38.18838147756109,3,51,0,-3.0410557422176536,-3.0,3.0,56
realAWSCloudwatch/grok_asg_anomaly.csv,realAWSCloudwatch,grok_asg_anomaly,A_rolling_zscore,train,0.02,4.000929904839292,3303,93,0.02815622161671208,13.006944444444445,0.12903225806451613,0.027972027972027972,0.04597701149425287,12,81,417,2793,0.21678321678321677,0.8411764705882353,1.0,0.9137380191693291,429,81,0,3,3,1.0,83,10,73,0.12048192771084337,5.612386545648691,6.381206620395088,193.33333333333334,0.2510822510822511,-4.983010240681677,-3.0,3.0,-33.05017067802796,-12.796542045799773,-3.0,3.0,-163.27570076332955,-4.983010240681677,-6.0,3.0,11.299886214648028,3,73,0,-5.789484601861134,-3.0,3.0,81
realAWSCloudwatch/grok_asg_anomaly.csv,realAWSCloudwatch,grok_asg_anomaly,A_rolling_zscore,budget,0.05,3.041401169408467,3303,165,0.049954586739327886,13.006944444444445,0.10303030303030303,0.039627039627039624,0.05723905723905724,17,148,412,2726,0.38461538461538464,0.7435008665511266,1.0,0.8528827037773361,429,148,0,3,3,1.0,130,13,117,0.1,8.995194874532835,9.99466097170315,166.66666666666666,0.21645021645021645,-9.736709570530426,-3.0,3.0,-112.27849284217376,-22.32176609464518,-3.0,3.0,-322.029434910753,-9.736709570530426,-6.0,3.0,-41.51899522811584,3,117,0,-13.054909861255112,-3.0,3.0,148
realAWSCloudwatch/grok_asg_anomaly.csv,realAWSCloudwatch,grok_asg_anomaly,A_rolling_zscore,train,0.05,2.437707295118379,3303,241,0.07296397214653345,13.006944444444445,0.0995850622406639,0.055944055944055944,0.07164179104477612,24,217,405,2657,0.5617715617715617,0.6640866873065016,1.0,0.7981395348837209,429,217,0,3,3,1.0,173,17,156,0.09826589595375723,11.99359316604378,13.300587293112653,98.33333333333333,0.1277056277056277,-13.660081398888291,-3.0,3.0,-177.66802331480486,-30.270630246059824,-3.0,3.0,-454.510504100997,-13.660081398888291,-6.0,3.0,-85.11201554320323,3,156,0,-20.278188821428706,-3.0,3.0,217
realAWSCloudwatch/grok_asg_anomaly.csv,realAWSCloudwatch,grok_asg_anomaly,B_iforest_raw,budget,0.0005,0.8086022793195793,3303,1,0.0003027550711474417,13.006944444444445,0.0,0.0,0.0,0,1,429,2873,0.002331002331002331,0.0,0.0,0.0,0,1,429,3,0,0.0,1,0,1,0.0,0.07688200747463961,0.07688200747463961,,,-3.11,-3.0,3.0,-1.8333333333333313,-3.22,-3.0,3.0,-3.66666666666667,-6.11,-6.0,3.0,-1.2222222222222259,0,1,3,-3.11,-3.0,3.0,1
realAWSCloudwatch/grok_asg_anomaly.csv,realAWSCloudwatch,grok_asg_anomaly,B_iforest_raw,train,0.0005,0.8044991971247835,3303,33,0.009990917347865577,13.006944444444445,0.15151515151515152,0.011655011655011656,0.021645021645021648,5,28,424,2846,0.07692307692307693,0.9072847682119205,0.6386946386946387,0.7496580027359782,274,28,155,3,2,0.6666666666666666,28,4,24,0.14285714285714285,1.8451681793913508,2.152696209289909,252.5,0.32792207792207795,-1.787169069604527,-3.0,3.0,20.213848839924548,-4.413211914251487,-3.0,3.0,-23.55353190419146,-2.787169069604526,-6.0,3.0,35.6981214488386,2,24,1,-2.227169069604527,-3.0,3.0,28
realAWSCloudwatch/grok_asg_anomaly.csv,realAWSCloudwatch,grok_asg_anomaly,B_iforest_raw,budget,0.001,0.8086022793195793,3303,3,0.0009082652134423251,13.006944444444445,0.0,0.0,0.0,0,3,429,2871,0.006993006993006993,0.0,0.0,0.0,0,3,429,3,0,0.0,3,0,3,0.0,0.23064602242391885,0.23064602242391885,,,-3.3299999999999996,-3.0,3.0,-5.499999999999994,-3.6600000000000006,-3.0,3.0,-11.000000000000009,-6.330000000000001,-6.0,3.0,-3.6666666666666776,0,3,3,-3.3299999999999996,-3.0,3.0,3
realAWSCloudwatch/grok_asg_anomaly.csv,realAWSCloudwatch,grok_asg_anomaly,B_iforest_raw,train,0.001,0.8003961149299861,3303,38,0.011504692703602786,13.006944444444445,0.13157894736842105,0.011655011655011656,0.021413276231263385,5,33,424,2841,0.08857808857808858,0.8925081433224755,0.6386946386946387,0.7445652173913044,274,33,155,3,2,0.6666666666666666,32,4,28,0.125,2.152696209289909,2.4602242391884674,252.5,0.32792207792207795,-2.227169069604527,-3.0,3.0,12.880515506591216,-5.293211914251486,-3.0,3.0,-38.22019857085811,-3.2271690696045257,-6.0,3.0,30.809232559949717,2,28,1,-2.7771690696045264,-3.0,3.0,33
realAWSCloudwatch/grok_asg_anomaly.csv,realAWSCloudwatch,grok_asg_anomaly,B_iforest_raw,budget,0.002,0.8086022793195793,3303,6,0.0018165304268846503,13.006944444444445,0.16666666666666666,0.002331002331002331,0.004597701149425287,1,5,428,2869,0.013986013986013986,0.96875,0.3613053613053613,0.5263157894736842,155,5,274,3,1,0.3333333333333333,6,1,5,0.16666666666666666,0.38441003737319807,0.4612920448478377,385.0,0.5,-1.6739738089404375,-3.0,3.0,22.100436517659375,-2.2100166535873966,-3.0,3.0,13.166389106876723,-3.673973808940437,-6.0,3.0,25.844735456217368,1,5,2,-1.6739738089404375,-3.0,3.0,5
realAWSCloudwatch/grok_asg_anomaly.csv,realAWSCloudwatch,grok_asg_anomaly,B_iforest_raw,train,0.002,0.7914961085118344,3303,39,0.011807447774750226,13.006944444444445,0.1282051282051282,0.011655011655011656,0.02136752136752137,5,34,424,2840,0.09090909090909091,0.8896103896103896,0.6386946386946387,0.7435549525101763,274,34,155,3,2,0.6666666666666666,32,4,28,0.125,2.152696209289909,2.4602242391884674,252.5,0.32792207792207795,-2.227169069604527,-3.0,3.0,12.880515506591216,-5.293211914251486,-3.0,3.0,-38.22019857085811,-3.2271690696045257,-6.0,3.0,30.809232559949717,2,28,1,-2.8871690696045262,-3.0,3.0,34
realAWSCloudwatch/grok_asg_anomaly.csv,realAWSCloudwatch,grok_asg_anomaly,B_iforest_raw,budget,0.005,0.8086022793195793,3303,16,0.004844081138359067,13.006944444444445,0.0625,0.002331002331002331,0.00449438202247191,1,15,428,2859,0.037296037296037296,0.9117647058823529,0.3613053613053613,0.5175292153589315,155,15,274,3,1,0.3333333333333333,14,1,13,0.07142857142857142,0.999466097170315,1.0763481046449546,385.0,0.5,-2.553973808940437,-3.0,3.0,7.433769850992718,-3.970016653587398,-3.0,3.0,-16.166944226456636,-4.553973808940438,-6.0,3.0,16.066957678439575,1,13,2,-2.7739738089404367,-3.0,3.0,15
realAWSCloudwatch/grok_asg_anomaly.csv,realAWSCloudwatch,grok_asg_anomaly,B_iforest_raw,train,0.005,0.7622138406021186,3303,56,0.016954283984256736,13.006944444444445,0.125,0.016317016317016316,0.028865979381443297,7,49,422,2825,0.13053613053613053,0.848297213622291,0.6386946386946387,0.7287234042553192,274,49,155,3,2,0.6666666666666666,42,5,37,0.11904761904761904,2.8446342765616657,3.229044313934864,200.0,0.2597402597402597,-3.096463138512097,-3.0,3.0,-1.6077189752016146,-7.053186513871839,-3.0,3.0,-67.55310856453065,-4.096463138512096,-6.0,3.0,21.150409572087824,2,37,1,-4.416463138512097,-3.0,3.0,49
realAWSCloudwatch/grok_asg_anomaly.csv,realAWSCloudwatch,grok_asg_anomaly,B_iforest_raw,budget,0.01,0.8020637875231109,3303,33,0.009990917347865577,13.006944444444445,0.15151515151515152,0.011655011655011656,0.021645021645021648,5,28,424,2846,0.07692307692307693,0.9072847682119205,0.6386946386946387,0.7496580027359782,274,28,155,3,2,0.6666666666666666,28,4,24,0.14285714285714285,1.8451681793913508,2.152696209289909,252.5,0.32792207792207795,-1.787169069604527,-3.0,3.0,20.213848839924548,-4.413211914251487,-3.0,3.0,-23.55353190419146,-2.787169069604526,-6.0,3.0,35.6981214488386,2,24,1,-2.227169069604527,-3.0,3.0,28
realAWSCloudwatch/grok_asg_anomaly.csv,realAWSCloudwatch,grok_asg_anomaly,B_iforest_raw,train,0.01,0.743981645917167,3303,106,0.03209203754162882,13.006944444444445,0.10377358490566038,0.02564102564102564,0.04112149532710281,11,95,418,2779,0.24708624708624707,0.8187022900763359,1.0,0.9003147953830011,429,95,0,3,3,1.0,64,6,58,0.09375,4.459156433529098,4.920448478376935,171.66666666666666,0.22294372294372292,-3.350567837747023,-3.0,3.0,-5.842797295783719,-9.550226504419273,-3.0,3.0,-109.17044174032122,-3.350567837747023,-6.0,3.0,29.43813513614419,3,58,0,-7.404752708325342,-3.0,3.0,95
realAWSCloudwatch/grok_asg_anomaly.csv,realAWSCloudwatch,grok_asg_anomaly,B_iforest_raw,budget,0.02,0.7544055016858942,3303,66,0.019981834695731154,13.006944444444445,0.10606060606060606,0.016317016317016316,0.02828282828282828,7,59,422,2815,0.15384615384615385,0.8228228228228228,0.6386946386946387,0.7191601049868765,274,59,155,3,2,0.6666666666666666,45,5,40,0.1111111111111111,3.0752802989855845,3.4596903363587828,200.0,0.2597402597402597,-3.4264631385120965,-3.0,3.0,-7.107718975201608,-7.713186513871838,-3.0,3.0,-78.55310856453063,-4.426463138512097,-6.0,3.0,17.483742905421146,2,40,1,-5.5164631385121,-3.0,3.0,59
realAWSCloudwatch/grok_asg_anomaly.csv,realAWSCloudwatch,grok_asg_anomaly,B_iforest_raw,train,0.02,0.709746014134372,3303,948,0.28701180744777477,13.006944444444445,0.12130801687763713,0.2680652680652681,0.16702977487291212,115,833,314,2041,1.0,0.3399366085578447,1.0,0.5073920756948551,429,833,0,3,3,1.0,241,44,197,0.1825726141078838,15.145755472504003,18.52856380138815,45.0,0.05844155844155844,-17.347339160048428,-3.0,3.0,-239.12231933414046,-37.6544849789383,-3.0,3.0,-577.5747496489716,-17.347339160048428,-6.0,3.0,-126.08154622276031,3,198,0,-85.57261540601719,-3.0,3.0,833
realAWSCloudwatch/grok_asg_anomaly.csv,realAWSCloudwatch,grok_asg_anomaly,B_iforest_raw,budget,0.05,0.7305657462038183,3303,165,0.049954586739327886,13.006944444444445,0.12727272727272726,0.04895104895104895,0.0707070707070707,21,144,408,2730,0.38461538461538464,0.7486910994764397,1.0,0.8562874251497006,429,144,0,3,3,1.0,100,14,86,0.14,6.611852642819007,7.688200747463961,91.66666666666667,0.11904761904761905,-6.17131104967413,-3.0,3.0,-52.85518416123549,-15.305598577294608,-3.0,3.0,-205.09330962157682,-6.17131104967413,-6.0,3.0,-1.9034561074903324,3,86,0,-12.535478003843934,-3.0,3.0,144
realAWSCloudwatch/grok_asg_anomaly.csv,realAWSCloudwatch,grok_asg_anomaly,B_iforest_raw,train,0.05,0.6488471086393678,3303,1031,0.3121404783530124,13.006944444444445,0.12027158098933075,0.289044289044289,0.1698630136986301,124,907,305,1967,1.0,0.32110778443113774,1.0,0.4861189801699716,429,907,0,3,3,1.0,243,46,197,0.18930041152263374,15.145755472504003,18.682327816337427,30.0,0.03896103896103897,-17.44873270205367,-3.0,3.0,-240.81221170089452,-37.86454949422685,-3.0,3.0,-581.0758249037808,-17.44873270205367,-6.0,3.0,-127.20814113392969,3,198,0,-93.52766445469254,-3.0,3.0,907
realAWSCloudwatch/grok_asg_anomaly.csv,realAWSCloudwatch,grok_asg_anomaly,C_iforest_contextual,budget,0.0005,0.7832873436820149,3303,1,0.0003027550711474417,13.006944444444445,1.0,0.002331002331002331,0.004651162790697674,1,0,428,2874,0.002331002331002331,1.0,0.2773892773892774,0.43430656934306566,119,0,310,3,1,0.3333333333333333,1,1,0,1.0,0.0,0.07688200747463961,120.0,0.15584415584415584,-1.023195260664089,-3.0,3.0,32.94674565559851,-1.023195260664089,-3.0,3.0,32.94674565559851,-3.023195260664089,-6.0,3.0,33.075608214843456,1,0,2,-1.023195260664089,-3.0,3.0,0
realAWSCloudwatch/grok_asg_anomaly.csv,realAWSCloudwatch,grok_asg_anomaly,C_iforest_contextual,train,0.0005,0.7506196266422174,3303,18,0.005449591280653951,13.006944444444445,0.16666666666666666,0.006993006993006993,0.013422818791946308,3,15,426,2859,0.04195804195804196,0.9480968858131488,0.6386946386946387,0.7632311977715877,274,15,155,3,2,0.6666666666666666,18,3,15,0.16666666666666666,1.1532301121195943,1.383876134543513,252.5,0.32792207792207795,-0.8110907986197443,-3.0,3.0,36.48182002300427,-2.461055372281922,-3.0,3.0,8.982410461967964,-1.8110907986197449,-6.0,3.0,46.543435570891724,2,15,1,-0.8110907986197443,-3.0,3.0,15
realAWSCloudwatch/grok_asg_anomaly.csv,realAWSCloudwatch,grok_asg_anomaly,C_iforest_contextual,budget,0.001,0.7799678508884679,3303,3,0.0009082652134423251,13.006944444444445,0.3333333333333333,0.002331002331002331,0.00462962962962963,1,2,428,2872,0.006993006993006993,0.9834710743801653,0.2773892773892774,0.4327272727272727,119,2,310,3,1,0.3333333333333333,3,1,2,0.3333333333333333,0.15376401494927922,0.23064602242391885,120.0,0.15584415584415584,-1.2431952606640893,-3.0,3.0,29.280078988931848,-1.463195260664089,-3.0,3.0,25.61341232226518,-3.2431952606640886,-6.0,3.0,30.631163770399016,1,2,2,-1.2431952606640893,-3.0,3.0,2
realAWSCloudwatch/grok_asg_anomaly.csv,realAWSCloudwatch,grok_asg_anomaly,C_iforest_contextual,train,0.001,0.7444452979878229,3303,29,0.00877989706327581,13.006944444444445,0.13793103448275862,0.009324009324009324,0.017467248908296942,4,25,425,2849,0.0675990675990676,0.9449339207048458,1.0,0.971687429218573,429,25,0,3,3,1.0,29,4,25,0.13793103448275862,1.9220501868659903,2.229578216764549,208.33333333333334,0.2705627705627706,0.0733339424553126,-3.0,3.0,51.22223237425521,-2.6765762482477222,-3.0,3.0,5.3903958625379635,0.0733339424553126,-6.0,3.0,67.48148824950347,3,25,0,0.0733339424553126,-3.0,3.0,25
realAWSCloudwatch/grok_asg_anomaly.csv,realAWSCloudwatch,grok_asg_anomaly,C_iforest_contextual,budget,0.002,0.7610388912316652,3303,6,0.0018165304268846503,13.006944444444445,0.3333333333333333,0.004662004662004662,0.009195402298850575,2,4,427,2870,0.013986013986013986,0.967479674796748,0.2773892773892774,0.43115942028985504,119,4,310,3,1,0.3333333333333333,6,2,4,0.3333333333333333,0.30752802989855843,0.4612920448478377,120.0,0.15584415584415584,-1.4631952606640894,-3.0,3.0,25.613412322265177,-1.903195260664089,-3.0,3.0,18.28007898893185,-3.4631952606640883,-6.0,3.0,28.186719325954574,1,4,2,-1.4631952606640894,-3.0,3.0,4
realAWSCloudwatch/grok_asg_anomaly.csv,realAWSCloudwatch,grok_asg_anomaly,C_iforest_contextual,train,0.002,0.7351011022795408,3303,44,0.013321223130487435,13.006944444444445,0.11363636363636363,0.011655011655011656,0.021141649048625793,5,39,424,2835,0.10256410256410256,0.9166666666666666,1.0,0.9565217391304348,429,39,0,3,3,1.0,43,5,38,0.11627906976744186,2.921516284036305,3.3059263214095034,208.33333333333334,0.2705627705627706,-1.2361745262970283,-3.0,3.0,29.397091228382862,-5.295593185752404,-3.0,3.0,-38.25988642920673,-1.2361745262970283,-6.0,3.0,52.931394152255244,3,38,0,-1.3461745262970282,-3.0,3.0,39
realAWSCloudwatch/grok_asg_anomaly.csv,realAWSCloudwatch,grok_asg_anomaly,C_iforest_contextual,budget,0.005,0.7513275074059753,3303,16,0.004844081138359067,13.006944444444445,0.1875,0.006993006993006993,0.01348314606741573,3,13,426,2861,0.037296037296037296,0.9547038327526133,0.6386946386946387,0.7653631284916201,274,13,155,3,2,0.6666666666666666,16,3,13,0.1875,0.999466097170315,1.2301121195942337,252.5,0.32792207792207795,-0.5910907986197443,-3.0,3.0,40.148486689670925,-2.021055372281922,-3.0,3.0,16.315743795301305,-1.5910907986197447,-6.0,3.0,48.987880015336174,2,13,1,-0.5910907986197443,-3.0,3.0,13
realAWSCloudwatch/grok_asg_anomaly.csv,realAWSCloudwatch,grok_asg_anomaly,C_iforest_contextual,train,0.005,0.7320022248023695,3303,49,0.014834998486224644,13.006944444444445,0.10204081632653061,0.011655011655011656,0.020920502092050212,5,44,424,2830,0.11421911421911422,0.9069767441860465,1.0,0.951219512195122,429,44,0,3,3,1.0,47,5,42,0.10638297872340426,3.229044313934864,3.6134543513080617,208.33333333333334,0.2705627705627706,-1.6760999764991626,-3.0,3.0,22.065000391680623,-6.1754440861566735,-3.0,3.0,-52.92406810261122,-1.6760999764991626,-6.0,3.0,48.04333359445374,3,42,0,-1.8960999764991626,-3.0,3.0,44
realAWSCloudwatch/grok_asg_anomaly.csv,realAWSCloudwatch,grok_asg_anomaly,C_iforest_contextual,budget,0.01,0.7397288552581142,3303,33,0.009990917347865577,13.006944444444445,0.12121212121212122,0.009324009324009324,0.01731601731601732,4,29,425,2845,0.07692307692307693,0.9366812227074236,1.0,0.9673055242390078,429,29,0,3,3,1.0,33,4,29,0.12121212121212122,2.229578216764549,2.5371062466631074,208.33333333333334,0.2705627705627706,-0.359538845010975,-3.0,3.0,44.00768591648375,-3.5423218231802975,-3.0,3.0,-9.03869705300496,-0.359538845010975,-6.0,3.0,62.67179061098917,3,29,0,-0.359538845010975,-3.0,3.0,29
realAWSCloudwatch/grok_asg_anomaly.csv,realAWSCloudwatch,grok_asg_anomaly,C_iforest_contextual,train,0.01,0.6945803589377996,3303,243,0.07356948228882834,13.006944444444445,0.2345679012345679,0.13286713286713286,0.16964285714285712,57,186,372,2688,0.5664335664335665,0.697560975609756,1.0,0.82183908045977,429,186,0,3,3,1.0,149,26,123,0.174496644295302,9.456486919380673,11.455419113721302,170.0,0.22077922077922074,-10.100255057132493,-3.0,3.0,-118.33758428554155,-23.053939854530825,-3.0,3.0,-334.2323309088471,-10.100255057132493,-6.0,3.0,-45.55838952369437,3,123,0,-16.86054431362958,-3.0,3.0,186
realAWSCloudwatch/grok_asg_anomaly.csv,realAWSCloudwatch,grok_asg_anomaly,C_iforest_contextual,budget,0.02,0.7240503522298685,3303,66,0.019981834695731154,13.006944444444445,0.07575757575757576,0.011655011655011656,0.020202020202020204,5,61,424,2813,0.15384615384615385,0.8755102040816326,1.0,0.9336235038084874,429,61,0,3,3,1.0,61,5,56,0.08196721311475409,4.305392418579818,4.689802455953016,208.33333333333334,0.2705627705627706,-3.1736961534476706,-3.0,3.0,-2.8949358907945104,-9.170636440053684,-3.0,3.0,-102.8439406675614,-3.1736961534476706,-6.0,3.0,31.40337607280366,3,56,0,-3.7236961534476705,-3.0,3.0,61
realAWSCloudwatch/grok_asg_anomaly.csv,realAWSCloudwatch,grok_asg_anomaly,C_iforest_contextual,train,0.02,0.6596809739713085,3303,631,0.19103844989403573,13.006944444444445,0.18225039619651348,0.2680652680652681,0.2169811320754717,115,516,314,2358,1.0,0.45396825396825397,1.0,0.6244541484716157,429,516,0,3,3,1.0,289,41,248,0.14186851211072665,19.066737853710624,22.218900160170847,30.0,0.03896103896103897,-23.02991866067729,-3.0,3.0,-333.83197767795485,-49.026921411474085,-3.0,3.0,-767.1153568579015,-23.02991866067729,-6.0,3.0,-189.2213184519699,3,249,0,-50.233453600252076,-3.0,3.0,516
realAWSCloudwatch/grok_asg_anomaly.csv,realAWSCloudwatch,grok_asg_anomaly,C_iforest_contextual,budget,0.05,0.7013647963595935,3303,165,0.049954586739327886,13.006944444444445,0.19393939393939394,0.07459207459207459,0.10774410774410774,32,133,397,2741,0.38461538461538464,0.7633451957295374,1.0,0.8657921291624622,429,133,0,3,3,1.0,115,21,94,0.1826086956521739,7.226908702616123,8.841430859583555,170.0,0.22077922077922074,-7.15882954425143,-3.0,3.0,-69.31382573752383,-17.17108882876873,-3.0,3.0,-236.1848138128122,-7.15882954425143,-6.0,3.0,-12.875883825015883,3,94,0,-11.448828724390786,-3.0,3.0,133
realAWSCloudwatch/grok_asg_anomaly.csv,realAWSCloudwatch,grok_asg_anomaly,C_iforest_contextual,train,0.05,0.56834930321306,3303,2007,0.6076294277929155,13.006944444444445,0.13353263577478824,0.6247086247086248,0.22003284072249588,268,1739,161,1135,1.0,0.19787822878228783,1.0,0.3303812090874086,429,1739,0,3,3,1.0,168,21,147,0.125,11.301655098772024,12.916177255739456,25.0,0.03246753246753247,-12.914611807794127,-3.0,3.0,-165.24353012990213,-28.787123158029235,-3.0,3.0,-429.7853859671539,-12.914611807794127,-6.0,3.0,-76.82902008660142,3,149,0,-179.4741521362104,-3.0,3.0,1739
realAWSCloudwatch/iio_us-east-1_i-a2eb1cd9_NetworkIn.csv,realAWSCloudwatch,iio_us-east-1_i-a2eb1cd9_NetworkIn,A_rolling_zscore,budget,0.0005,9.445999074198367,811,0,0.0,2.8125,0.0,0.0,0.0,0,0,0,811,,0.0,0.0,0.0,0,0,0,0,0,,0,0,0,,0.0,0.0,,,0.0,-0.0,0.0,,0.0,-0.0,0.0,,0.0,-0.0,0.0,,0,0,0,0.0,-0.0,0.0,0
realAWSCloudwatch/iio_us-east-1_i-a2eb1cd9_NetworkIn.csv,realAWSCloudwatch,iio_us-east-1_i-a2eb1cd9_NetworkIn,A_rolling_zscore,train,0.0005,8.953545386700037,811,1,0.0012330456226880395,2.8125,0.0,0.0,0.0,0,1,0,810,,0.0,0.0,0.0,0,1,0,0,0,,1,0,1,0.0,0.35555555555555557,0.35555555555555557,,,-0.11,-0.0,0.0,,-0.22,-0.0,0.0,,-0.11,-0.0,0.0,,0,1,0,-0.11,-0.0,0.0,1
realAWSCloudwatch/iio_us-east-1_i-a2eb1cd9_NetworkIn.csv,realAWSCloudwatch,iio_us-east-1_i-a2eb1cd9_NetworkIn,A_rolling_zscore,budget,0.001,8.45685588445159,811,0,0.0,2.8125,0.0,0.0,0.0,0,0,0,811,,0.0,0.0,0.0,0,0,0,0,0,,0,0,0,,0.0,0.0,,,0.0,-0.0,0.0,,0.0,-0.0,0.0,,0.0,-0.0,0.0,,0,0,0,0.0,-0.0,0.0,0
realAWSCloudwatch/iio_us-east-1_i-a2eb1cd9_NetworkIn.csv,realAWSCloudwatch,iio_us-east-1_i-a2eb1cd9_NetworkIn,A_rolling_zscore,train,0.001,8.70238035701137,811,1,0.0012330456226880395,2.8125,0.0,0.0,0.0,0,1,0,810,,0.0,0.0,0.0,0,1,0,0,0,,1,0,1,0.0,0.35555555555555557,0.35555555555555557,,,-0.11,-0.0,0.0,,-0.22,-0.0,0.0,,-0.11,-0.0,0.0,,0,1,0,-0.11,-0.0,0.0,1
realAWSCloudwatch/iio_us-east-1_i-a2eb1cd9_NetworkIn.csv,realAWSCloudwatch,iio_us-east-1_i-a2eb1cd9_NetworkIn,A_rolling_zscore,budget,0.002,7.88947918930708,811,1,0.0012330456226880395,2.8125,0.0,0.0,0.0,0,1,0,810,,0.0,0.0,0.0,0,1,0,0,0,,1,0,1,0.0,0.35555555555555557,0.35555555555555557,,,-0.11,-0.0,0.0,,-0.22,-0.0,0.0,,-0.11,-0.0,0.0,,0,1,0,-0.11,-0.0,0.0,1
realAWSCloudwatch/iio_us-east-1_i-a2eb1cd9_NetworkIn.csv,realAWSCloudwatch,iio_us-east-1_i-a2eb1cd9_NetworkIn,A_rolling_zscore,train,0.002,8.200050297634137,811,1,0.0012330456226880395,2.8125,0.0,0.0,0.0,0,1,0,810,,0.0,0.0,0.0,0,1,0,0,0,,1,0,1,0.0,0.35555555555555557,0.35555555555555557,,,-0.11,-0.0,0.0,,-0.22,-0.0,0.0,,-0.11,-0.0,0.0,,0,1,0,-0.11,-0.0,0.0,1
realAWSCloudwatch/iio_us-east-1_i-a2eb1cd9_NetworkIn.csv,realAWSCloudwatch,iio_us-east-1_i-a2eb1cd9_NetworkIn,A_rolling_zscore,budget,0.005,6.802085514209729,811,4,0.004932182490752158,2.8125,0.0,0.0,0.0,0,4,0,807,,0.0,0.0,0.0,0,4,0,0,0,,4,0,4,0.0,1.4222222222222223,1.4222222222222223,,,-0.44,-0.0,0.0,,-0.88,-0.0,0.0,,-0.44,-0.0,0.0,,0,4,0,-0.44,-0.0,0.0,4
realAWSCloudwatch/iio_us-east-1_i-a2eb1cd9_NetworkIn.csv,realAWSCloudwatch,iio_us-east-1_i-a2eb1cd9_NetworkIn,A_rolling_zscore,train,0.005,6.693060119502436,811,5,0.006165228113440197,2.8125,0.0,0.0,0.0,0,5,0,806,,0.0,0.0,0.0,0,5,0,0,0,,5,0,5,0.0,1.7777777777777777,1.7777777777777777,,,-0.55,-0.0,0.0,,-1.1,-0.0,0.0,,-0.55,-0.0,0.0,,0,5,0,-0.55,-0.0,0.0,5
realAWSCloudwatch/iio_us-east-1_i-a2eb1cd9_NetworkIn.csv,realAWSCloudwatch,iio_us-east-1_i-a2eb1cd9_NetworkIn,A_rolling_zscore,budget,0.01,4.9825902788141745,811,8,0.009864364981504316,2.8125,0.0,0.0,0.0,0,8,0,803,,0.0,0.0,0.0,0,8,0,0,0,,6,0,6,0.0,2.1333333333333333,2.1333333333333333,,,-0.66,-0.0,0.0,,-1.32,-0.0,0.0,,-0.66,-0.0,0.0,,0,6,0,-0.88,-0.0,0.0,8
realAWSCloudwatch/iio_us-east-1_i-a2eb1cd9_NetworkIn.csv,realAWSCloudwatch,iio_us-east-1_i-a2eb1cd9_NetworkIn,A_rolling_zscore,train,0.01,5.612180798295643,811,7,0.008631319358816275,2.8125,0.0,0.0,0.0,0,7,0,804,,0.0,0.0,0.0,0,7,0,0,0,,6,0,6,0.0,2.1333333333333333,2.1333333333333333,,,-0.66,-0.0,0.0,,-1.32,-0.0,0.0,,-0.66,-0.0,0.0,,0,6,0,-0.77,-0.0,0.0,7
realAWSCloudwatch/iio_us-east-1_i-a2eb1cd9_NetworkIn.csv,realAWSCloudwatch,iio_us-east-1_i-a2eb1cd9_NetworkIn,A_rolling_zscore,budget,0.02,4.057438722714936,811,16,0.01972872996300863,2.8125,0.0,0.0,0.0,0,16,0,795,,0.0,0.0,0.0,0,16,0,0,0,,13,0,13,0.0,4.622222222222222,4.622222222222222,,,-1.4300000000000004,-0.0,0.0,,-2.8600000000000008,-0.0,0.0,,-1.4300000000000004,-0.0,0.0,,0,13,0,-1.7600000000000007,-0.0,0.0,16
realAWSCloudwatch/iio_us-east-1_i-a2eb1cd9_NetworkIn.csv,realAWSCloudwatch,iio_us-east-1_i-a2eb1cd9_NetworkIn,A_rolling_zscore,train,0.02,3.802329221654716,811,19,0.02342786683107275,2.8125,0.0,0.0,0.0,0,19,0,792,,0.0,0.0,0.0,0,19,0,0,0,,14,0,14,0.0,4.977777777777778,4.977777777777778,,,-1.5400000000000005,-0.0,0.0,,-3.080000000000001,-0.0,0.0,,-1.5400000000000005,-0.0,0.0,,0,14,0,-2.0900000000000007,-0.0,0.0,19
realAWSCloudwatch/iio_us-east-1_i-a2eb1cd9_NetworkIn.csv,realAWSCloudwatch,iio_us-east-1_i-a2eb1cd9_NetworkIn,A_rolling_zscore,budget,0.05,3.075046467837539,811,40,0.04932182490752158,2.8125,0.0,0.0,0.0,0,40,0,771,,0.0,0.0,0.0,0,40,0,0,0,,29,0,29,0.0,10.311111111111112,10.311111111111112,,,-3.1899999999999995,-0.0,0.0,,-6.379999999999999,-0.0,0.0,,-3.1899999999999995,-0.0,0.0,,0,29,0,-4.3999999999999995,-0.0,0.0,40
realAWSCloudwatch/iio_us-east-1_i-a2eb1cd9_NetworkIn.csv,realAWSCloudwatch,iio_us-east-1_i-a2eb1cd9_NetworkIn,A_rolling_zscore,train,0.05,3.0639146962120964,811,41,0.05055487053020962,2.8125,0.0,0.0,0.0,0,41,0,770,,0.0,0.0,0.0,0,41,0,0,0,,30,0,30,0.0,10.666666666666666,10.666666666666666,,,-3.2999999999999994,-0.0,0.0,,-6.599999999999999,-0.0,0.0,,-3.2999999999999994,-0.0,0.0,,0,30,0,-4.51,-0.0,0.0,41
realAWSCloudwatch/iio_us-east-1_i-a2eb1cd9_NetworkIn.csv,realAWSCloudwatch,iio_us-east-1_i-a2eb1cd9_NetworkIn,B_iforest_raw,budget,0.0005,0.8071012430340979,811,0,0.0,2.8125,0.0,0.0,0.0,0,0,0,811,,0.0,0.0,0.0,0,0,0,0,0,,0,0,0,,0.0,0.0,,,0.0,-0.0,0.0,,0.0,-0.0,0.0,,0.0,-0.0,0.0,,0,0,0,0.0,-0.0,0.0,0
realAWSCloudwatch/iio_us-east-1_i-a2eb1cd9_NetworkIn.csv,realAWSCloudwatch,iio_us-east-1_i-a2eb1cd9_NetworkIn,B_iforest_raw,train,0.0005,0.8654257584406658,811,0,0.0,2.8125,0.0,0.0,0.0,0,0,0,811,,0.0,0.0,0.0,0,0,0,0,0,,0,0,0,,0.0,0.0,,,0.0,-0.0,0.0,,0.0,-0.0,0.0,,0.0,-0.0,0.0,,0,0,0,0.0,-0.0,0.0,0
realAWSCloudwatch/iio_us-east-1_i-a2eb1cd9_NetworkIn.csv,realAWSCloudwatch,iio_us-east-1_i-a2eb1cd9_NetworkIn,B_iforest_raw,budget,0.001,0.8011322897565935,811,0,0.0,2.8125,0.0,0.0,0.0,0,0,0,811,,0.0,0.0,0.0,0,0,0,0,0,,0,0,0,,0.0,0.0,,,0.0,-0.0,0.0,,0.0,-0.0,0.0,,0.0,-0.0,0.0,,0,0,0,0.0,-0.0,0.0,0
realAWSCloudwatch/iio_us-east-1_i-a2eb1cd9_NetworkIn.csv,realAWSCloudwatch,iio_us-east-1_i-a2eb1cd9_NetworkIn,B_iforest_raw,train,0.001,0.8600486478046424,811,0,0.0,2.8125,0.0,0.0,0.0,0,0,0,811,,0.0,0.0,0.0,0,0,0,0,0,,0,0,0,,0.0,0.0,,,0.0,-0.0,0.0,,0.0,-0.0,0.0,,0.0,-0.0,0.0,,0,0,0,0.0,-0.0,0.0,0
realAWSCloudwatch/iio_us-east-1_i-a2eb1cd9_NetworkIn.csv,realAWSCloudwatch,iio_us-east-1_i-a2eb1cd9_NetworkIn,B_iforest_raw,budget,0.002,0.7754857448882041,811,1,0.0012330456226880395,2.8125,0.0,0.0,0.0,0,1,0,810,,0.0,0.0,0.0,0,1,0,0,0,,1,0,1,0.0,0.35555555555555557,0.35555555555555557,,,-0.11,-0.0,0.0,,-0.22,-0.0,0.0,,-0.11,-0.0,0.0,,0,1,0,-0.11,-0.0,0.0,1
realAWSCloudwatch/iio_us-east-1_i-a2eb1cd9_NetworkIn.csv,realAWSCloudwatch,iio_us-east-1_i-a2eb1cd9_NetworkIn,B_iforest_raw,train,0.002,0.8492944265325976,811,0,0.0,2.8125,0.0,0.0,0.0,0,0,0,811,,0.0,0.0,0.0,0,0,0,0,0,,0,0,0,,0.0,0.0,,,0.0,-0.0,0.0,,0.0,-0.0,0.0,,0.0,-0.0,0.0,,0,0,0,0.0,-0.0,0.0,0
realAWSCloudwatch/iio_us-east-1_i-a2eb1cd9_NetworkIn.csv,realAWSCloudwatch,iio_us-east-1_i-a2eb1cd9_NetworkIn,B_iforest_raw,budget,0.005,0.7575182818965718,811,4,0.004932182490752158,2.8125,0.0,0.0,0.0,0,4,0,807,,0.0,0.0,0.0,0,4,0,0,0,,3,0,3,0.0,1.0666666666666667,1.0666666666666667,,,-0.33,-0.0,0.0,,-0.66,-0.0,0.0,,-0.33,-0.0,0.0,,0,3,0,-0.44,-0.0,0.0,4
realAWSCloudwatch/iio_us-east-1_i-a2eb1cd9_NetworkIn.csv,realAWSCloudwatch,iio_us-east-1_i-a2eb1cd9_NetworkIn,B_iforest_raw,train,0.005,0.8170317627164633,811,0,0.0,2.8125,0.0,0.0,0.0,0,0,0,811,,0.0,0.0,0.0,0,0,0,0,0,,0,0,0,,0.0,0.0,,,0.0,-0.0,0.0,,0.0,-0.0,0.0,,0.0,-0.0,0.0,,0,0,0,0.0,-0.0,0.0,0
realAWSCloudwatch/iio_us-east-1_i-a2eb1cd9_NetworkIn.csv,realAWSCloudwatch,iio_us-east-1_i-a2eb1cd9_NetworkIn,B_iforest_raw,budget,0.01,0.7476801152353423,811,8,0.009864364981504316,2.8125,0.0,0.0,0.0,0,8,0,803,,0.0,0.0,0.0,0,8,0,0,0,,4,0,4,0.0,1.4222222222222223,1.4222222222222223,,,-0.44,-0.0,0.0,,-0.88,-0.0,0.0,,-0.44,-0.0,0.0,,0,4,0,-0.88,-0.0,0.0,8
realAWSCloudwatch/iio_us-east-1_i-a2eb1cd9_NetworkIn.csv,realAWSCloudwatch,iio_us-east-1_i-a2eb1cd9_NetworkIn,B_iforest_raw,train,0.01,0.7482701638219388,811,8,0.009864364981504316,2.8125,0.0,0.0,0.0,0,8,0,803,,0.0,0.0,0.0,0,8,0,0,0,,4,0,4,0.0,1.4222222222222223,1.4222222222222223,,,-0.44,-0.0,0.0,,-0.88,-0.0,0.0,,-0.44,-0.0,0.0,,0,4,0,-0.88,-0.0,0.0,8
realAWSCloudwatch/iio_us-east-1_i-a2eb1cd9_NetworkIn.csv,realAWSCloudwatch,iio_us-east-1_i-a2eb1cd9_NetworkIn,B_iforest_raw,budget,0.02,0.7282198956447193,811,16,0.01972872996300863,2.8125,0.0,0.0,0.0,0,16,0,795,,0.0,0.0,0.0,0,16,0,0,0,,6,0,6,0.0,2.1333333333333333,2.1333333333333333,,,-0.66,-0.0,0.0,,-1.32,-0.0,0.0,,-0.66,-0.0,0.0,,0,6,0,-1.7600000000000007,-0.0,0.0,16
realAWSCloudwatch/iio_us-east-1_i-a2eb1cd9_NetworkIn.csv,realAWSCloudwatch,iio_us-east-1_i-a2eb1cd9_NetworkIn,B_iforest_raw,train,0.02,0.6549382451049977,811,84,0.10357583230579531,2.8125,0.0,0.0,0.0,0,84,0,727,,0.0,0.0,0.0,0,84,0,0,0,,7,0,7,0.0,2.488888888888889,2.488888888888889,,,-0.77,-0.0,0.0,,-1.54,-0.0,0.0,,-0.77,-0.0,0.0,,0,7,0,-9.240000000000004,-0.0,0.0,84
realAWSCloudwatch/iio_us-east-1_i-a2eb1cd9_NetworkIn.csv,realAWSCloudwatch,iio_us-east-1_i-a2eb1cd9_NetworkIn,B_iforest_raw,budget,0.05,0.7078332135776236,811,40,0.04932182490752158,2.8125,0.0,0.0,0.0,0,40,0,771,,0.0,0.0,0.0,0,40,0,0,0,,8,0,8,0.0,2.8444444444444446,2.8444444444444446,,,-0.88,-0.0,0.0,,-1.76,-0.0,0.0,,-0.88,-0.0,0.0,,0,8,0,-4.3999999999999995,-0.0,0.0,40
realAWSCloudwatch/iio_us-east-1_i-a2eb1cd9_NetworkIn.csv,realAWSCloudwatch,iio_us-east-1_i-a2eb1cd9_NetworkIn,B_iforest_raw,train,0.05,0.562357352356469,811,175,0.2157829839704069,2.8125,0.0,0.0,0.0,0,175,0,636,,0.0,0.0,0.0,0,175,0,0,0,,26,0,26,0.0,9.244444444444444,9.244444444444444,,,-2.86,-0.0,0.0,,-5.72,-0.0,0.0,,-2.86,-0.0,0.0,,0,26,0,-19.249999999999954,-0.0,0.0,175
realAWSCloudwatch/iio_us-east-1_i-a2eb1cd9_NetworkIn.csv,realAWSCloudwatch,iio_us-east-1_i-a2eb1cd9_NetworkIn,C_iforest_contextual,budget,0.0005,0.7176696030952067,811,0,0.0,2.8125,0.0,0.0,0.0,0,0,0,811,,0.0,0.0,0.0,0,0,0,0,0,,0,0,0,,0.0,0.0,,,0.0,-0.0,0.0,,0.0,-0.0,0.0,,0.0,-0.0,0.0,,0,0,0,0.0,-0.0,0.0,0
realAWSCloudwatch/iio_us-east-1_i-a2eb1cd9_NetworkIn.csv,realAWSCloudwatch,iio_us-east-1_i-a2eb1cd9_NetworkIn,C_iforest_contextual,train,0.0005,0.8009599173158817,811,0,0.0,2.8125,0.0,0.0,0.0,0,0,0,811,,0.0,0.0,0.0,0,0,0,0,0,,0,0,0,,0.0,0.0,,,0.0,-0.0,0.0,,0.0,-0.0,0.0,,0.0,-0.0,0.0,,0,0,0,0.0,-0.0,0.0,0
realAWSCloudwatch/iio_us-east-1_i-a2eb1cd9_NetworkIn.csv,realAWSCloudwatch,iio_us-east-1_i-a2eb1cd9_NetworkIn,C_iforest_contextual,budget,0.001,0.7150653532011361,811,0,0.0,2.8125,0.0,0.0,0.0,0,0,0,811,,0.0,0.0,0.0,0,0,0,0,0,,0,0,0,,0.0,0.0,,,0.0,-0.0,0.0,,0.0,-0.0,0.0,,0.0,-0.0,0.0,,0,0,0,0.0,-0.0,0.0,0
realAWSCloudwatch/iio_us-east-1_i-a2eb1cd9_NetworkIn.csv,realAWSCloudwatch,iio_us-east-1_i-a2eb1cd9_NetworkIn,C_iforest_contextual,train,0.001,0.794715749758794,811,0,0.0,2.8125,0.0,0.0,0.0,0,0,0,811,,0.0,0.0,0.0,0,0,0,0,0,,0,0,0,,0.0,0.0,,,0.0,-0.0,0.0,,0.0,-0.0,0.0,,0.0,-0.0,0.0,,0,0,0,0.0,-0.0,0.0,0
realAWSCloudwatch/iio_us-east-1_i-a2eb1cd9_NetworkIn.csv,realAWSCloudwatch,iio_us-east-1_i-a2eb1cd9_NetworkIn,C_iforest_contextual,budget,0.002,0.7129104700331753,811,1,0.0012330456226880395,2.8125,0.0,0.0,0.0,0,1,0,810,,0.0,0.0,0.0,0,1,0,0,0,,1,0,1,0.0,0.35555555555555557,0.35555555555555557,,,-0.11,-0.0,0.0,,-0.22,-0.0,0.0,,-0.11,-0.0,0.0,,0,1,0,-0.11,-0.0,0.0,1
realAWSCloudwatch/iio_us-east-1_i-a2eb1cd9_NetworkIn.csv,realAWSCloudwatch,iio_us-east-1_i-a2eb1cd9_NetworkIn,C_iforest_contextual,train,0.002,0.7822274146446212,811,0,0.0,2.8125,0.0,0.0,0.0,0,0,0,811,,0.0,0.0,0.0,0,0,0,0,0,,0,0,0,,0.0,0.0,,,0.0,-0.0,0.0,,0.0,-0.0,0.0,,0.0,-0.0,0.0,,0,0,0,0.0,-0.0,0.0,0
realAWSCloudwatch/iio_us-east-1_i-a2eb1cd9_NetworkIn.csv,realAWSCloudwatch,iio_us-east-1_i-a2eb1cd9_NetworkIn,C_iforest_contextual,budget,0.005,0.6726100440176915,811,4,0.004932182490752158,2.8125,0.0,0.0,0.0,0,4,0,807,,0.0,0.0,0.0,0,4,0,0,0,,4,0,4,0.0,1.4222222222222223,1.4222222222222223,,,-0.44,-0.0,0.0,,-0.88,-0.0,0.0,,-0.44,-0.0,0.0,,0,4,0,-0.44,-0.0,0.0,4
realAWSCloudwatch/iio_us-east-1_i-a2eb1cd9_NetworkIn.csv,realAWSCloudwatch,iio_us-east-1_i-a2eb1cd9_NetworkIn,C_iforest_contextual,train,0.005,0.7447624093021027,811,0,0.0,2.8125,0.0,0.0,0.0,0,0,0,811,,0.0,0.0,0.0,0,0,0,0,0,,0,0,0,,0.0,0.0,,,0.0,-0.0,0.0,,0.0,-0.0,0.0,,0.0,-0.0,0.0,,0,0,0,0.0,-0.0,0.0,0
realAWSCloudwatch/iio_us-east-1_i-a2eb1cd9_NetworkIn.csv,realAWSCloudwatch,iio_us-east-1_i-a2eb1cd9_NetworkIn,C_iforest_contextual,budget,0.01,0.6583652068841649,811,8,0.009864364981504316,2.8125,0.0,0.0,0.0,0,8,0,803,,0.0,0.0,0.0,0,8,0,0,0,,7,0,7,0.0,2.488888888888889,2.488888888888889,,,-0.77,-0.0,0.0,,-1.54,-0.0,0.0,,-0.77,-0.0,0.0,,0,7,0,-0.88,-0.0,0.0,8
realAWSCloudwatch/iio_us-east-1_i-a2eb1cd9_NetworkIn.csv,realAWSCloudwatch,iio_us-east-1_i-a2eb1cd9_NetworkIn,C_iforest_contextual,train,0.01,0.6880212484923965,811,3,0.0036991368680641184,2.8125,0.0,0.0,0.0,0,3,0,808,,0.0,0.0,0.0,0,3,0,0,0,,3,0,3,0.0,1.0666666666666667,1.0666666666666667,,,-0.33,-0.0,0.0,,-0.66,-0.0,0.0,,-0.33,-0.0,0.0,,0,3,0,-0.33,-0.0,0.0,3
realAWSCloudwatch/iio_us-east-1_i-a2eb1cd9_NetworkIn.csv,realAWSCloudwatch,iio_us-east-1_i-a2eb1cd9_NetworkIn,C_iforest_contextual,budget,0.02,0.6430175467323405,811,16,0.01972872996300863,2.8125,0.0,0.0,0.0,0,16,0,795,,0.0,0.0,0.0,0,16,0,0,0,,10,0,10,0.0,3.5555555555555554,3.5555555555555554,,,-1.1,-0.0,0.0,,-2.2,-0.0,0.0,,-1.1,-0.0,0.0,,0,10,0,-1.7600000000000007,-0.0,0.0,16
realAWSCloudwatch/iio_us-east-1_i-a2eb1cd9_NetworkIn.csv,realAWSCloudwatch,iio_us-east-1_i-a2eb1cd9_NetworkIn,C_iforest_contextual,train,0.02,0.6285300455088566,811,23,0.02836004932182491,2.8125,0.0,0.0,0.0,0,23,0,788,,0.0,0.0,0.0,0,23,0,0,0,,13,0,13,0.0,4.622222222222222,4.622222222222222,,,-1.4300000000000004,-0.0,0.0,,-2.8600000000000008,-0.0,0.0,,-1.4300000000000004,-0.0,0.0,,0,13,0,-2.5300000000000002,-0.0,0.0,23
realAWSCloudwatch/iio_us-east-1_i-a2eb1cd9_NetworkIn.csv,realAWSCloudwatch,iio_us-east-1_i-a2eb1cd9_NetworkIn,C_iforest_contextual,budget,0.05,0.6085199164712163,811,40,0.04932182490752158,2.8125,0.0,0.0,0.0,0,40,0,771,,0.0,0.0,0.0,0,40,0,0,0,,20,0,20,0.0,7.111111111111111,7.111111111111111,,,-2.2000000000000006,-0.0,0.0,,-4.400000000000001,-0.0,0.0,,-2.2000000000000006,-0.0,0.0,,0,20,0,-4.3999999999999995,-0.0,0.0,40
realAWSCloudwatch/iio_us-east-1_i-a2eb1cd9_NetworkIn.csv,realAWSCloudwatch,iio_us-east-1_i-a2eb1cd9_NetworkIn,C_iforest_contextual,train,0.05,0.5723938290345821,811,215,0.2651048088779285,2.8125,0.0,0.0,0.0,0,215,0,596,,0.0,0.0,0.0,0,215,0,0,0,,48,0,48,0.0,17.066666666666666,17.066666666666666,,,-5.280000000000002,-0.0,0.0,,-10.560000000000004,-0.0,0.0,,-5.280000000000002,-0.0,0.0,,0,48,0,-23.64999999999993,-0.0,0.0,215
realAWSCloudwatch/rds_cpu_utilization_cc0c53.csv,realAWSCloudwatch,rds_cpu_utilization_cc0c53,A_rolling_zscore,budget,0.0005,10.240184177424638,3182,1,0.00031426775612822125,11.04861111111111,1.0,0.0024875621890547263,0.004962779156327543,1,0,401,2780,0.0024875621890547263,1.0,0.5,0.6666666666666666,201,0,201,2,1,0.5,1,1,0,1.0,0.0,0.09050911376492772,505.0,0.5024875621890548,-0.13844919792440225,-2.0,2.0,46.53877005188994,-0.13844919792440225,-2.0,2.0,46.53877005188994,-1.1384491979244022,-4.0,2.0,47.69251336792663,1,0,1,-0.13844919792440225,-2.0,2.0,0
realAWSCloudwatch/rds_cpu_utilization_cc0c53.csv,realAWSCloudwatch,rds_cpu_utilization_cc0c53,A_rolling_zscore,train,0.0005,13.62449209669536,3182,1,0.00031426775612822125,11.04861111111111,1.0,0.0024875621890547263,0.004962779156327543,1,0,401,2780,0.0024875621890547263,1.0,0.5,0.6666666666666666,201,0,201,2,1,0.5,1,1,0,1.0,0.0,0.09050911376492772,505.0,0.5024875621890548,-0.13844919792440225,-2.0,2.0,46.53877005188994,-0.13844919792440225,-2.0,2.0,46.53877005188994,-1.1384491979244022,-4.0,2.0,47.69251336792663,1,0,1,-0.13844919792440225,-2.0,2.0,0
realAWSCloudwatch/rds_cpu_utilization_cc0c53.csv,realAWSCloudwatch,rds_cpu_utilization_cc0c53,A_rolling_zscore,budget,0.001,9.825228897352178,3182,3,0.0009428032683846638,11.04861111111111,0.3333333333333333,0.0024875621890547263,0.0049382716049382715,1,2,401,2778,0.007462686567164179,0.9901477832512315,0.5,0.6644628099173554,201,2,201,2,1,0.5,3,1,2,0.3333333333333333,0.18101822752985544,0.2715273412947832,505.0,0.5024875621890548,-0.3584491979244022,-2.0,2.0,41.03877005188995,-0.5784491979244022,-2.0,2.0,35.53877005188995,-1.3584491979244024,-4.0,2.0,44.02584670125996,1,2,1,-0.3584491979244022,-2.0,2.0,2
realAWSCloudwatch/rds_cpu_utilization_cc0c53.csv,realAWSCloudwatch,rds_cpu_utilization_cc0c53,A_rolling_zscore,train,0.001,12.172837945875163,3182,1,0.00031426775612822125,11.04861111111111,1.0,0.0024875621890547263,0.004962779156327543,1,0,401,2780,0.0024875621890547263,1.0,0.5,0.6666666666666666,201,0,201,2,1,0.5,1,1,0,1.0,0.0,0.09050911376492772,505.0,0.5024875621890548,-0.13844919792440225,-2.0,2.0,46.53877005188994,-0.13844919792440225,-2.0,2.0,46.53877005188994,-1.1384491979244022,-4.0,2.0,47.69251336792663,1,0,1,-0.13844919792440225,-2.0,2.0,0
realAWSCloudwatch/rds_cpu_utilization_cc0c53.csv,realAWSCloudwatch,rds_cpu_utilization_cc0c53,A_rolling_zscore,budget,0.002,8.77835105458845,3182,6,0.0018856065367693275,11.04861111111111,0.16666666666666666,0.0024875621890547263,0.004901960784313725,1,5,401,2775,0.014925373134328358,0.9757281553398058,0.5,0.6611842105263158,201,5,201,2,1,0.5,6,1,5,0.16666666666666666,0.4525455688246386,0.5430546825895664,505.0,0.5024875621890548,-0.6884491979244022,-2.0,2.0,32.78877005188995,-1.2384491979244021,-2.0,2.0,19.038770051889948,-1.6884491979244027,-4.0,2.0,38.52584670125996,1,5,1,-0.6884491979244022,-2.0,2.0,5
realAWSCloudwatch/rds_cpu_utilization_cc0c53.csv,realAWSCloudwatch,rds_cpu_utilization_cc0c53,A_rolling_zscore,train,0.002,9.815249397325836,3182,4,0.001257071024512885,11.04861111111111,0.25,0.0024875621890547263,0.0049261083743842365,1,3,401,2777,0.009950248756218905,0.9852941176470589,0.5,0.6633663366336634,201,3,201,2,1,0.5,4,1,3,0.25,0.2715273412947832,0.3620364550597109,505.0,0.5024875621890548,-0.4684491979244022,-2.0,2.0,38.28877005188994,-0.7984491979244022,-2.0,2.0,30.038770051889944,-1.4684491979244025,-4.0,2.0,42.19251336792662,1,3,1,-0.4684491979244022,-2.0,2.0,3
realAWSCloudwatch/rds_cpu_utilization_cc0c53.csv,realAWSCloudwatch,rds_cpu_utilization_cc0c53,A_rolling_zscore,budget,0.005,5.972056713295513,3182,15,0.004714016341923318,11.04861111111111,0.06666666666666667,0.0024875621890547263,0.004796163069544364,1,14,401,2766,0.03731343283582089,0.9348837209302325,0.5,0.6515397082658022,201,14,201,2,1,0.5,15,1,14,0.06666666666666667,1.267127592708988,1.3576367064739159,505.0,0.5024875621890548,-1.6784491979244027,-2.0,2.0,8.038770051889932,-3.218449197924403,-2.0,2.0,-30.46122994811008,-2.6784491979244023,-4.0,2.0,22.02584670125996,1,14,1,-1.6784491979244027,-2.0,2.0,14
realAWSCloudwatch/rds_cpu_utilization_cc0c53.csv,realAWSCloudwatch,rds_cpu_utilization_cc0c53,A_rolling_zscore,train,0.005,7.973477150738504,3182,8,0.00251414204902577,11.04861111111111,0.125,0.0024875621890547263,0.004878048780487805,1,7,401,2773,0.01990049751243781,0.9663461538461539,0.5,0.659016393442623,201,7,201,2,1,0.5,8,1,7,0.125,0.633563796354494,0.7240729101194218,505.0,0.5024875621890548,-0.9084491979244022,-2.0,2.0,27.288770051889944,-1.678449197924402,-2.0,2.0,8.038770051889948,-1.908449197924403,-4.0,2.0,34.85918003459328,1,7,1,-0.9084491979244022,-2.0,2.0,7
realAWSCloudwatch/rds_cpu_utilization_cc0c53.csv,realAWSCloudwatch,rds_cpu_utilization_cc0c53,A_rolling_zscore,budget,0.01,4.909735418530288,3182,31,0.00974230043997486,11.04861111111111,0.06451612903225806,0.004975124378109453,0.009237875288683601,2,29,400,2751,0.07711442786069651,0.9327146171693735,1.0,0.9651860744297719,402,29,0,2,2,1.0,31,2,29,0.06451612903225806,2.624764299182904,2.8057825267127594,502.5,0.5012437810945274,-1.4668983958488053,-2.0,2.0,13.327540103779867,-4.656898395848805,-2.0,2.0,-66.42245989622013,-1.4668983958488053,-4.0,2.0,42.21836006918658,2,29,0,-1.4668983958488053,-2.0,2.0,29
realAWSCloudwatch/rds_cpu_utilization_cc0c53.csv,realAWSCloudwatch,rds_cpu_utilization_cc0c53,A_rolling_zscore,train,0.01,5.229157181914655,3182,29,0.009113764927718416,11.04861111111111,0.06896551724137931,0.004975124378109453,0.009280742459396751,2,27,400,2753,0.07213930348258707,0.9370629370629371,1.0,0.9675090252707581,402,27,0,2,2,1.0,29,2,27,0.06896551724137931,2.4437460716530484,2.624764299182904,502.5,0.5012437810945274,-1.2468983958488051,-2.0,2.0,18.82754010377987,-4.216898395848806,-2.0,2.0,-55.42245989622015,-1.2468983958488051,-4.0,2.0,45.885026735853245,2,27,0,-1.2468983958488051,-2.0,2.0,27
realAWSCloudwatch/rds_cpu_utilization_cc0c53.csv,realAWSCloudwatch,rds_cpu_utilization_cc0c53,A_rolling_zscore,budget,0.02,3.721193899520991,3182,63,0.019798868636077938,11.04861111111111,0.09523809523809523,0.014925373134328358,0.025806451612903226,6,57,396,2723,0.15671641791044777,0.8758169934640523,1.0,0.9337979094076655,402,57,0,2,2,1.0,61,6,55,0.09836065573770492,4.978001257071025,5.521055939660591,290.0,0.2898009950248756,-4.017449802848906,-2.0,2.0,-50.43624507122264,-9.889883783777437,-2.0,2.0,-197.24709459443594,-4.017449802848906,-4.0,2.0,-0.29083004748176045,2,55,0,-4.237449802848905,-2.0,2.0,57
realAWSCloudwatch/rds_cpu_utilization_cc0c53.csv,realAWSCloudwatch,rds_cpu_utilization_cc0c53,A_rolling_zscore,train,0.02,3.973639510802189,3182,55,0.017284726587052168,11.04861111111111,0.07272727272727272,0.009950248756218905,0.0175054704595186,4,51,398,2729,0.13681592039800994,0.8874172185430463,1.0,0.9403508771929824,402,51,0,2,2,1.0,53,4,49,0.07547169811320754,4.434946574481458,4.7969830295411695,290.0,0.2898009950248756,-3.432907501060736,-2.0,2.0,-35.82268752651841,-8.720799180201096,-2.0,2.0,-168.0199795050274,-3.432907501060736,-4.0,2.0,9.45154164898773,2,49,0,-3.652907501060736,-2.0,2.0,51
realAWSCloudwatch/rds_cpu_utilization_cc0c53.csv,realAWSCloudwatch,rds_cpu_utilization_cc0c53,A_rolling_zscore,budget,0.05,2.6580648003112834,3182,159,0.04996857322438718,11.04861111111111,0.10062893081761007,0.03980099502487562,0.0570409982174688,16,143,386,2637,0.39552238805970147,0.7376146788990826,1.0,0.8489968321013729,402,143,0,2,2,1.0,141,13,128,0.09219858156028368,11.585166561910748,12.761785040854809,272.5,0.27237562189054726,-11.99630298934757,-2.0,2.0,-249.90757473368922,-25.85381895673256,-2.0,2.0,-596.345473918314,-11.99630298934757,-4.0,2.0,-133.27171648912613,2,128,0,-13.64626249352847,-2.0,2.0,143
realAWSCloudwatch/rds_cpu_utilization_cc0c53.csv,realAWSCloudwatch,rds_cpu_utilization_cc0c53,A_rolling_zscore,train,0.05,2.6014128697172443,3182,169,0.05311125078566939,11.04861111111111,0.10059171597633136,0.04228855721393035,0.05954465849387041,17,152,385,2628,0.42039800995024873,0.7256317689530686,1.0,0.8410041841004183,402,152,0,2,2,1.0,151,14,137,0.09271523178807947,12.399748585795098,13.666876178504086,272.5,0.27237562189054726,-12.982716439485849,-2.0,2.0,-274.5679109871462,-27.82664585700912,-2.0,2.0,-645.666146425228,-12.982716439485849,-4.0,2.0,-149.71194065809746,2,137,0,-14.632675943666749,-2.0,2.0,152
realAWSCloudwatch/rds_cpu_utilization_cc0c53.csv,realAWSCloudwatch,rds_cpu_utilization_cc0c53,B_iforest_raw,budget,0.0005,0.7701945499109112,3182,1,0.00031426775612822125,11.04861111111111,0.0,0.0,0.0,0,1,402,2779,0.0024875621890547263,0.0,0.0,0.0,0,1,402,2,0,0.0,1,0,1,0.0,0.09050911376492772,0.09050911376492772,,,-2.11,-2.0,2.0,-2.749999999999997,-2.22,-2.0,2.0,-5.500000000000005,-4.11,-4.0,2.0,-1.8333333333333386,0,1,2,-2.11,-2.0,2.0,1
realAWSCloudwatch/rds_cpu_utilization_cc0c53.csv,realAWSCloudwatch,rds_cpu_utilization_cc0c53,B_iforest_raw,train,0.0005,0.7772644189484078,3182,0,0.0,11.04861111111111,0.0,0.0,0.0,0,0,402,2780,0.0,0.0,0.0,0.0,0,0,402,2,0,0.0,0,0,0,,0.0,0.0,,,-2.0,-2.0,2.0,0.0,-2.0,-2.0,2.0,0.0,-4.0,-4.0,2.0,0.0,0,0,2,-2.0,-2.0,2.0,0
realAWSCloudwatch/rds_cpu_utilization_cc0c53.csv,realAWSCloudwatch,rds_cpu_utilization_cc0c53,B_iforest_raw,budget,0.001,0.7687517246065909,3182,3,0.0009428032683846638,11.04861111111111,0.0,0.0,0.0,0,3,402,2777,0.007462686567164179,0.0,0.0,0.0,0,3,402,2,0,0.0,3,0,3,0.0,0.2715273412947832,0.2715273412947832,,,-2.3299999999999996,-2.0,2.0,-8.249999999999991,-2.6600000000000006,-2.0,2.0,-16.500000000000014,-4.330000000000001,-4.0,2.0,-5.500000000000017,0,3,2,-2.3299999999999996,-2.0,2.0,3
realAWSCloudwatch/rds_cpu_utilization_cc0c53.csv,realAWSCloudwatch,rds_cpu_utilization_cc0c53,B_iforest_raw,train,0.001,0.7770432015152737,3182,0,0.0,11.04861111111111,0.0,0.0,0.0,0,0,402,2780,0.0,0.0,0.0,0.0,0,0,402,2,0,0.0,0,0,0,,0.0,0.0,,,-2.0,-2.0,2.0,0.0,-2.0,-2.0,2.0,0.0,-4.0,-4.0,2.0,0.0,0,0,2,-2.0,-2.0,2.0,0
realAWSCloudwatch/rds_cpu_utilization_cc0c53.csv,realAWSCloudwatch,rds_cpu_utilization_cc0c53,B_iforest_raw,budget,0.002,0.7650224883649511,3182,6,0.0018856065367693275,11.04861111111111,0.0,0.0,0.0,0,6,402,2774,0.014925373134328358,0.0,0.0,0.0,0,6,402,2,0,0.0,6,0,6,0.0,0.5430546825895664,0.5430546825895664,,,-2.6599999999999993,-2.0,2.0,-16.499999999999982,-3.320000000000001,-2.0,2.0,-33.00000000000003,-4.660000000000002,-4.0,2.0,-11.000000000000034,0,6,2,-2.6599999999999993,-2.0,2.0,6
realAWSCloudwatch/rds_cpu_utilization_cc0c53.csv,realAWSCloudwatch,rds_cpu_utilization_cc0c53,B_iforest_raw,train,0.002,0.7756497311537255,3182,0,0.0,11.04861111111111,0.0,0.0,0.0,0,0,402,2780,0.0,0.0,0.0,0.0,0,0,402,2,0,0.0,0,0,0,,0.0,0.0,,,-2.0,-2.0,2.0,0.0,-2.0,-2.0,2.0,0.0,-4.0,-4.0,2.0,0.0,0,0,2,-2.0,-2.0,2.0,0
realAWSCloudwatch/rds_cpu_utilization_cc0c53.csv,realAWSCloudwatch,rds_cpu_utilization_cc0c53,B_iforest_raw,budget,0.005,0.7618636329766193,3182,15,0.004714016341923318,11.04861111111111,0.3333333333333333,0.012437810945273632,0.023980815347721826,5,10,397,2770,0.03731343283582089,0.95260663507109,0.5,0.6557911908646004,201,10,201,2,1,0.5,11,1,10,0.09090909090909091,0.9050911376492772,0.9956002514142049,505.0,0.5024875621890548,-1.2384491979244023,-2.0,2.0,19.03877005188994,-2.3384491979244024,-2.0,2.0,-8.461229948110061,-2.238449197924403,-4.0,2.0,29.35918003459329,1,10,1,-1.2384491979244023,-2.0,2.0,10
realAWSCloudwatch/rds_cpu_utilization_cc0c53.csv,realAWSCloudwatch,rds_cpu_utilization_cc0c53,B_iforest_raw,train,0.005,0.7630822508819917,3182,7,0.0021998742928975488,11.04861111111111,0.0,0.0,0.0,0,7,402,2773,0.017412935323383085,0.0,0.0,0.0,0,7,402,2,0,0.0,7,0,7,0.0,0.633563796354494,0.633563796354494,,,-2.769999999999999,-2.0,2.0,-19.24999999999998,-3.5400000000000014,-2.0,2.0,-38.500000000000036,-4.770000000000002,-4.0,2.0,-12.833333333333371,0,7,2,-2.769999999999999,-2.0,2.0,7
realAWSCloudwatch/rds_cpu_utilization_cc0c53.csv,realAWSCloudwatch,rds_cpu_utilization_cc0c53,B_iforest_raw,budget,0.01,0.7618636329766193,3182,31,0.00974230043997486,11.04861111111111,0.6774193548387096,0.05223880597014925,0.09699769053117782,21,10,381,2770,0.07711442786069651,0.95260663507109,0.5,0.6557911908646004,201,10,201,2,1,0.5,11,1,10,0.09090909090909091,0.9050911376492772,0.9956002514142049,505.0,0.5024875621890548,-1.2384491979244023,-2.0,2.0,19.03877005188994,-2.3384491979244024,-2.0,2.0,-8.461229948110061,-2.238449197924403,-4.0,2.0,29.35918003459329,1,10,1,-1.2384491979244023,-2.0,2.0,10
realAWSCloudwatch/rds_cpu_utilization_cc0c53.csv,realAWSCloudwatch,rds_cpu_utilization_cc0c53,B_iforest_raw,train,0.01,0.7396031567209451,3182,962,0.3023255813953488,11.04861111111111,0.31392931392931395,0.7512437810945274,0.44281524926686217,302,660,100,2120,1.0,0.3785310734463277,1.0,0.5491803278688525,402,660,0,2,2,1.0,11,1,10,0.09090909090909091,0.9050911376492772,0.9956002514142049,252.5,0.2512437810945274,-1.2384491979244023,-2.0,2.0,19.03877005188994,-2.3384491979244024,-2.0,2.0,-8.461229948110061,-2.238449197924403,-4.0,2.0,29.35918003459329,1,10,1,-58.65519103824249,-2.0,2.0,660
realAWSCloudwatch/rds_cpu_utilization_cc0c53.csv,realAWSCloudwatch,rds_cpu_utilization_cc0c53,B_iforest_raw,budget,0.02,0.7618636329766193,3182,63,0.019798868636077938,11.04861111111111,0.8412698412698413,0.1318407960199005,0.22795698924731186,53,10,349,2770,0.15671641791044777,0.95260663507109,0.5,0.6557911908646004,201,10,201,2,1,0.5,11,1,10,0.09090909090909091,0.9050911376492772,0.9956002514142049,505.0,0.5024875621890548,-1.2384491979244023,-2.0,2.0,19.03877005188994,-2.3384491979244024,-2.0,2.0,-8.461229948110061,-2.238449197924403,-4.0,2.0,29.35918003459329,1,10,1,-1.2384491979244023,-2.0,2.0,10
realAWSCloudwatch/rds_cpu_utilization_cc0c53.csv,realAWSCloudwatch,rds_cpu_utilization_cc0c53,B_iforest_raw,train,0.02,0.6915887633716502,3182,982,0.30861093651791327,11.04861111111111,0.3105906313645621,0.7587064676616916,0.4407514450867052,305,677,97,2103,1.0,0.37256719184430026,1.0,0.5428764348413234,402,677,0,2,2,1.0,31,4,27,0.12903225806451613,2.4437460716530484,2.8057825267127594,40.0,0.03980099502487562,-2.9765666239959714,-2.0,2.0,-24.414165599899285,-5.946566623995971,-2.0,2.0,-98.66416559989928,-3.9765666239959705,-4.0,2.0,0.3905562667338251,1,27,1,-60.393308464314075,-2.0,2.0,677
realAWSCloudwatch/rds_cpu_utilization_cc0c53.csv,realAWSCloudwatch,rds_cpu_utilization_cc0c53,B_iforest_raw,budget,0.05,0.7618636329766193,3182,159,0.04996857322438718,11.04861111111111,0.6352201257861635,0.2512437810945274,0.36007130124777187,101,58,301,2722,0.39552238805970147,0.7760617760617761,0.5,0.6081694402420574,201,58,201,2,1,0.5,11,1,10,0.09090909090909091,0.9050911376492772,0.9956002514142049,505.0,0.5024875621890548,-1.2384491979244023,-2.0,2.0,19.03877005188994,-2.3384491979244024,-2.0,2.0,-8.461229948110061,-2.238449197924403,-4.0,2.0,29.35918003459329,1,10,1,-2.765144398835483,-2.0,2.0,58
realAWSCloudwatch/rds_cpu_utilization_cc0c53.csv,realAWSCloudwatch,rds_cpu_utilization_cc0c53,B_iforest_raw,train,0.05,0.61123555604739,3182,1039,0.3265241986172219,11.04861111111111,0.29740134744947067,0.7686567164179104,0.42886884108258155,309,730,93,2050,1.0,0.3551236749116608,1.0,0.5241199478487614,402,730,0,2,2,1.0,82,6,76,0.07317073170731707,6.878692646134507,7.421747328724074,40.0,0.03980099502487562,-8.366566623995979,-2.0,2.0,-159.1641655998995,-16.72656662399599,-2.0,2.0,-368.1641655998997,-9.366566623995976,-4.0,2.0,-89.44277706659959,1,76,1,-66.22330846431412,-2.0,2.0,730
realAWSCloudwatch/rds_cpu_utilization_cc0c53.csv,realAWSCloudwatch,rds_cpu_utilization_cc0c53,C_iforest_contextual,budget,0.0005,0.7206396719382455,3182,1,0.00031426775612822125,11.04861111111111,1.0,0.0024875621890547263,0.004962779156327543,1,0,401,2780,0.0024875621890547263,1.0,0.5,0.6666666666666666,201,0,201,2,1,0.5,1,1,0,1.0,0.0,0.09050911376492772,505.0,0.5024875621890548,-0.13844919792440225,-2.0,2.0,46.53877005188994,-0.13844919792440225,-2.0,2.0,46.53877005188994,-1.1384491979244022,-4.0,2.0,47.69251336792663,1,0,1,-0.13844919792440225,-2.0,2.0,0
realAWSCloudwatch/rds_cpu_utilization_cc0c53.csv,realAWSCloudwatch,rds_cpu_utilization_cc0c53,C_iforest_contextual,train,0.0005,0.7066606259316857,3182,11,0.0034569453174104338,11.04861111111111,0.45454545454545453,0.012437810945273632,0.02421307506053269,5,6,397,2774,0.02736318407960199,0.9852941176470589,1.0,0.9925925925925926,402,6,0,2,2,1.0,10,4,6,0.4,0.5430546825895664,0.9050911376492772,337.5,0.3362437810945274,1.186447019413565,-2.0,2.0,79.66117548533913,0.5291058530767868,-2.0,2.0,63.227646326919675,1.186447019413565,-4.0,2.0,86.44078365689275,2,6,0,1.186447019413565,-2.0,2.0,6
realAWSCloudwatch/rds_cpu_utilization_cc0c53.csv,realAWSCloudwatch,rds_cpu_utilization_cc0c53,C_iforest_contextual,budget,0.001,0.7166971860065068,3182,3,0.0009428032683846638,11.04861111111111,0.3333333333333333,0.0024875621890547263,0.0049382716049382715,1,2,401,2778,0.007462686567164179,0.9901477832512315,0.5,0.6644628099173554,201,2,201,2,1,0.5,3,1,2,0.3333333333333333,0.18101822752985544,0.2715273412947832,505.0,0.5024875621890548,-0.3578914848941433,-2.0,2.0,41.05271287764642,-0.5773337718638843,-2.0,2.0,35.566655703402894,-1.3578914848941435,-4.0,2.0,44.035141918430945,1,2,1,-0.3578914848941433,-2.0,2.0,2
realAWSCloudwatch/rds_cpu_utilization_cc0c53.csv,realAWSCloudwatch,rds_cpu_utilization_cc0c53,C_iforest_contextual,train,0.001,0.7052170366719065,3182,13,0.004085480829666876,11.04861111111111,0.46153846153846156,0.014925373134328358,0.02891566265060241,6,7,396,2773,0.03233830845771144,0.9828850855745721,1.0,0.9913686806411837,402,7,0,2,2,1.0,12,5,7,0.4166666666666667,0.633563796354494,1.0861093651791327,337.5,0.3362437810945274,1.076447019413565,-2.0,2.0,76.91117548533913,0.30910585307678684,-2.0,2.0,57.72764632691967,1.076447019413565,-4.0,2.0,84.60745032355942,2,7,0,1.076447019413565,-2.0,2.0,7
realAWSCloudwatch/rds_cpu_utilization_cc0c53.csv,realAWSCloudwatch,rds_cpu_utilization_cc0c53,C_iforest_contextual,budget,0.002,0.7099181292082485,3182,6,0.0018856065367693275,11.04861111111111,0.5,0.007462686567164179,0.014705882352941176,3,3,399,2777,0.014925373134328358,0.9925925925925926,1.0,0.996282527881041,402,3,0,2,2,1.0,6,3,3,0.5,0.2715273412947832,0.5430546825895664,337.5,0.3362437810945274,1.5143458987806022,-2.0,2.0,87.85864746951506,1.1849036118108613,-2.0,2.0,79.62259029527154,1.5143458987806022,-4.0,2.0,91.9057649796767,2,3,0,1.5143458987806022,-2.0,2.0,3
realAWSCloudwatch/rds_cpu_utilization_cc0c53.csv,realAWSCloudwatch,rds_cpu_utilization_cc0c53,C_iforest_contextual,train,0.002,0.702718696347386,3182,17,0.005342551854179761,11.04861111111111,0.47058823529411764,0.01990049751243781,0.03818615751789976,8,9,394,2771,0.04228855721393035,0.9781021897810219,1.0,0.988929889298893,402,9,0,2,2,1.0,14,5,9,0.35714285714285715,0.8145820238843495,1.267127592708988,337.5,0.3362437810945274,0.8628957101788632,-2.0,2.0,71.57239275447158,-0.11799676539261647,-2.0,2.0,47.05008086518459,0.8628957101788632,-4.0,2.0,81.04826183631438,2,9,0,0.8628957101788632,-2.0,2.0,9
realAWSCloudwatch/rds_cpu_utilization_cc0c53.csv,realAWSCloudwatch,rds_cpu_utilization_cc0c53,C_iforest_contextual,budget,0.005,0.7031223930478246,3182,15,0.004714016341923318,11.04861111111111,0.4666666666666667,0.017412935323383085,0.03357314148681056,7,8,395,2772,0.03731343283582089,0.9804878048780488,1.0,0.9901477832512315,402,8,0,2,2,1.0,13,5,8,0.38461538461538464,0.7240729101194218,1.1766184789440604,337.5,0.3362437810945274,0.9728957101788633,-2.0,2.0,74.3223927544716,0.10200323460738348,-2.0,2.0,52.55008086518459,0.9728957101788633,-4.0,2.0,82.88159516964772,2,8,0,0.9728957101788633,-2.0,2.0,8
realAWSCloudwatch/rds_cpu_utilization_cc0c53.csv,realAWSCloudwatch,rds_cpu_utilization_cc0c53,C_iforest_contextual,train,0.005,0.6906780730611101,3182,48,0.01508485229415462,11.04861111111111,0.4583333333333333,0.05472636815920398,0.09777777777777778,22,26,380,2754,0.11940298507462686,0.9392523364485982,1.0,0.9686746987951808,402,26,0,2,2,1.0,34,12,22,0.35294117647058826,1.9912005028284099,3.0773098680075424,335.0,0.3337437810945274,-0.26840071599704557,-2.0,2.0,43.28998210007386,-2.3813477469581974,-2.0,2.0,-9.533693673954936,-0.26840071599704557,-4.0,2.0,62.19332140004925,2,22,0,-0.7011115928339398,-2.0,2.0,26
realAWSCloudwatch/rds_cpu_utilization_cc0c53.csv,realAWSCloudwatch,rds_cpu_utilization_cc0c53,C_iforest_contextual,budget,0.01,0.6961467474331362,3182,31,0.00974230043997486,11.04861111111111,0.41935483870967744,0.03233830845771144,0.06004618937644341,13,18,389,2762,0.07711442786069651,0.9571428571428572,1.0,0.9781021897810218,402,18,0,2,2,1.0,24,8,16,0.3333333333333333,1.4481458202388435,2.1722187303582654,337.5,0.3362437810945274,0.283320121067698,-2.0,2.0,57.083003026692445,-1.2771479436149469,-2.0,2.0,18.07130140962633,0.283320121067698,-4.0,2.0,71.38866868446163,2,16,0,0.06415514008655665,-2.0,2.0,18
realAWSCloudwatch/rds_cpu_utilization_cc0c53.csv,realAWSCloudwatch,rds_cpu_utilization_cc0c53,C_iforest_contextual,train,0.01,0.6750731031100438,3182,97,0.03048397234443746,11.04861111111111,0.38144329896907214,0.09203980099502487,0.14829659318637275,37,60,365,2720,0.24129353233830847,0.8701298701298701,1.0,0.9305555555555556,402,60,0,2,2,1.0,67,21,46,0.31343283582089554,4.1634192331866755,6.0641106222501575,295.0,0.29374378109452737,-2.6337269447043608,-2.0,2.0,-15.843173617609018,-7.121936104437148,-2.0,2.0,-128.0484026109287,-2.6337269447043608,-4.0,2.0,22.771217588260654,2,46,0,-3.936777943995462,-2.0,2.0,60
realAWSCloudwatch/rds_cpu_utilization_cc0c53.csv,realAWSCloudwatch,rds_cpu_utilization_cc0c53,C_iforest_contextual,budget,0.02,0.6851453656585431,3182,63,0.019798868636077938,11.04861111111111,0.3968253968253968,0.06218905472636816,0.10752688172043011,25,38,377,2742,0.15671641791044777,0.9136363636363637,1.0,0.9548693586698338,402,38,0,2,2,1.0,46,14,32,0.30434782608695654,2.896291640477687,4.1634192331866755,312.5,0.3112437810945274,-1.3004957283115064,-2.0,2.0,17.48760679221234,-4.451595993426307,-2.0,2.0,-61.28989983565767,-1.3004957283115064,-4.0,2.0,44.991737861474896,2,32,0,-1.9523565759224333,-2.0,2.0,38
realAWSCloudwatch/rds_cpu_utilization_cc0c53.csv,realAWSCloudwatch,rds_cpu_utilization_cc0c53,C_iforest_contextual,train,0.02,0.6368655117036222,3182,451,0.1417347580138278,11.04861111111111,0.29933481152993346,0.3358208955223881,0.3165298944900352,135,316,267,2464,1.0,0.5598885793871866,1.0,0.7178571428571429,402,316,0,2,2,1.0,106,25,81,0.2358490566037736,7.3312382149591455,9.593966059082339,45.0,0.04480099502487562,-5.792898353697315,-2.0,2.0,-94.82245884243288,-13.578542886583982,-2.0,2.0,-289.46357216459955,-5.792898353697315,-4.0,2.0,-29.881639228288588,2,81,0,-27.644203415044945,-2.0,2.0,316
realAWSCloudwatch/rds_cpu_utilization_cc0c53.csv,realAWSCloudwatch,rds_cpu_utilization_cc0c53,C_iforest_contextual,budget,0.05,0.6649270230752884,3182,159,0.04996857322438718,11.04861111111111,0.3270440251572327,0.12935323383084577,0.1853832442067736,52,107,350,2673,0.39552238805970147,0.7897838899803536,1.0,0.8825466520307355,402,107,0,2,2,1.0,98,27,71,0.2755102040816326,6.426147077309868,8.869893148962916,77.5,0.07730099502487561,-4.921392917557335,-2.0,2.0,-73.03482293893337,-11.830142459587536,-2.0,2.0,-245.75356148968842,-4.921392917557335,-4.0,2.0,-15.356548625955583,2,71,0,-8.012927699544768,-2.0,2.0,107
realAWSCloudwatch/rds_cpu_utilization_cc0c53.csv,realAWSCloudwatch,rds_cpu_utilization_cc0c53,C_iforest_contextual,train,0.05,0.5782656958756122,3182,1022,0.3211816467630421,11.04861111111111,0.2788649706457926,0.7089552238805971,0.40028089887640456,285,737,117,2043,1.0,0.35294117647058826,1.0,0.5217391304347826,402,737,0,2,2,1.0,111,6,105,0.05405405405405406,9.50345694531741,10.046511627906977,25.0,0.024875621890547265,-9.80046070637284,-2.0,2.0,-195.01151765932102,-21.350460706372832,-2.0,2.0,-483.7615176593208,-9.80046070637284,-4.0,2.0,-96.674345106214,2,105,0,-67.32927475173719,-2.0,2.0,737
realAWSCloudwatch/rds_cpu_utilization_e47b3b.csv,realAWSCloudwatch,rds_cpu_utilization_e47b3b,A_rolling_zscore,budget,0.0005,9.556236412912765,3182,1,0.00031426775612822125,11.04513888888889,1.0,0.002512562814070352,0.005012531328320803,1,0,397,2784,0.002512562814070352,1.0,0.4949748743718593,0.6621848739495798,197,0,201,2,1,0.5,1,1,0,1.0,0.0,0.09053756680289217,480.0,0.4897959183673469,-0.1314295033819578,-2.0,2.0,46.71426241545106,-0.1314295033819578,-2.0,2.0,46.71426241545106,-1.1314295033819577,-4.0,2.0,47.80950827696737,1,0,1,-0.1314295033819578,-2.0,2.0,0
realAWSCloudwatch/rds_cpu_utilization_e47b3b.csv,realAWSCloudwatch,rds_cpu_utilization_e47b3b,A_rolling_zscore,train,0.0005,6.5998611569141,3182,7,0.0021998742928975488,11.04513888888889,0.2857142857142857,0.005025125628140704,0.009876543209876541,2,5,396,2779,0.017587939698492462,0.9875930521091811,1.0,0.9937578027465668,398,5,0,2,2,1.0,7,2,5,0.2857142857142857,0.45268783401446083,0.6337629676202452,490.0,0.49489795918367346,1.185532374892131,-2.0,2.0,79.63830937230327,0.6409434510906222,-2.0,2.0,66.02358627726555,1.185532374892131,-4.0,2.0,86.42553958153552,2,5,0,1.185532374892131,-2.0,2.0,5
realAWSCloudwatch/rds_cpu_utilization_e47b3b.csv,realAWSCloudwatch,rds_cpu_utilization_e47b3b,A_rolling_zscore,budget,0.001,8.315586479462675,3182,3,0.0009428032683846638,11.04513888888889,0.6666666666666666,0.005025125628140704,0.00997506234413965,2,1,396,2783,0.007537688442211055,0.9974937343358395,1.0,0.9987452948557088,398,1,0,2,2,1.0,3,2,1,0.6666666666666666,0.09053756680289217,0.2716127004086765,490.0,0.49489795918367346,1.6201221397380674,-2.0,2.0,90.50305349345169,1.510122980782495,-2.0,2.0,87.75307451956238,1.6201221397380674,-4.0,2.0,93.6687023289678,2,1,0,1.6201221397380674,-2.0,2.0,1
realAWSCloudwatch/rds_cpu_utilization_e47b3b.csv,realAWSCloudwatch,rds_cpu_utilization_e47b3b,A_rolling_zscore,train,0.001,6.024915053937399,3182,9,0.0028284098051539913,11.04513888888889,0.2222222222222222,0.005025125628140704,0.00982800982800983,2,7,396,2777,0.022613065326633167,0.9827160493827161,1.0,0.9912826899128269,398,7,0,2,2,1.0,9,2,7,0.2222222222222222,0.6337629676202452,0.8148381012260295,490.0,0.49489795918367346,0.9655323748921308,-2.0,2.0,74.13830937230327,0.20094345109062225,-2.0,2.0,55.02358627726556,0.9655323748921308,-4.0,2.0,82.75887291486886,2,7,0,0.9655323748921308,-2.0,2.0,7
realAWSCloudwatch/rds_cpu_utilization_e47b3b.csv,realAWSCloudwatch,rds_cpu_utilization_e47b3b,A_rolling_zscore,budget,0.002,6.655754377475858,3182,6,0.0018856065367693275,11.04513888888889,0.3333333333333333,0.005025125628140704,0.009900990099009901,2,4,396,2780,0.01507537688442211,0.9900497512437811,1.0,0.995,398,4,0,2,2,1.0,6,2,4,0.3333333333333333,0.3621502672115687,0.543225400817353,490.0,0.49489795918367346,1.2953762474043289,-2.0,2.0,82.38440618510823,0.8606311961150179,-2.0,2.0,71.51577990287545,1.2953762474043289,-4.0,2.0,88.25627079007215,2,4,0,1.2953762474043289,-2.0,2.0,4
realAWSCloudwatch/rds_cpu_utilization_e47b3b.csv,realAWSCloudwatch,rds_cpu_utilization_e47b3b,A_rolling_zscore,train,0.002,5.053466109296958,3182,11,0.0034569453174104338,11.04513888888889,0.2727272727272727,0.007537688442211055,0.014669926650366748,3,8,395,2776,0.02763819095477387,0.9802955665024631,1.0,0.9900497512437811,398,8,0,2,2,1.0,11,3,8,0.2727272727272727,0.7243005344231374,0.9959132348318138,385.0,0.3898979591836734,0.9513416449534114,-2.0,2.0,73.78354112383528,0.07675272115190299,-2.0,2.0,51.918818028797574,0.9513416449534114,-4.0,2.0,82.52236074922352,2,8,0,0.9513416449534114,-2.0,2.0,8
realAWSCloudwatch/rds_cpu_utilization_e47b3b.csv,realAWSCloudwatch,rds_cpu_utilization_e47b3b,A_rolling_zscore,budget,0.005,3.8993145143111536,3182,15,0.004714016341923318,11.04513888888889,0.2,0.007537688442211055,0.014527845036319612,3,12,395,2772,0.03768844221105527,0.9707317073170731,1.0,0.9851485148514851,398,12,0,2,2,1.0,14,3,11,0.21428571428571427,0.9959132348318138,1.2675259352404904,385.0,0.3898979591836734,0.6214730392373082,-2.0,2.0,65.53682598093272,-0.5829844902803036,-2.0,2.0,35.425387742992406,0.6214730392373082,-4.0,2.0,77.02455065395515,2,11,0,0.5114730392373082,-2.0,2.0,12
realAWSCloudwatch/rds_cpu_utilization_e47b3b.csv,realAWSCloudwatch,rds_cpu_utilization_e47b3b,A_rolling_zscore,train,0.005,4.289116295892575,3182,13,0.004085480829666876,11.04513888888889,0.23076923076923078,0.007537688442211055,0.014598540145985401,3,10,395,2774,0.032663316582914576,0.9754901960784313,1.0,0.987593052109181,398,10,0,2,2,1.0,12,3,9,0.25,0.8148381012260295,1.086450801634706,385.0,0.3898979591836734,0.8414696182174741,-2.0,2.0,71.03674045543686,-0.14299133231997163,-2.0,2.0,46.42521669200071,0.8414696182174741,-4.0,2.0,80.69116030362456,2,9,0,0.7314696182174741,-2.0,2.0,10
realAWSCloudwatch/rds_cpu_utilization_e47b3b.csv,realAWSCloudwatch,rds_cpu_utilization_e47b3b,A_rolling_zscore,budget,0.01,3.388454029122959,3182,31,0.00974230043997486,11.04513888888889,0.16129032258064516,0.01256281407035176,0.023310023310023312,5,26,393,2758,0.07788944723618091,0.9386792452830188,1.0,0.9683698296836982,398,26,0,2,2,1.0,28,4,24,0.14285714285714285,2.172901603269412,2.535051870480981,170.0,0.17051020408163264,-0.6161054196412341,-2.0,2.0,34.59736450896915,-3.185684751572939,-2.0,2.0,-29.64211878932348,-0.6161054196412341,-4.0,2.0,56.39824300597943,2,24,0,-0.7934520533199849,-2.0,2.0,26
realAWSCloudwatch/rds_cpu_utilization_e47b3b.csv,realAWSCloudwatch,rds_cpu_utilization_e47b3b,A_rolling_zscore,train,0.01,3.7179676066506833,3182,23,0.007228158390949088,11.04513888888889,0.17391304347826086,0.010050251256281407,0.019002375296912115,4,19,394,2765,0.05778894472361809,0.9544364508393285,1.0,0.9766871165644172,398,19,0,2,2,1.0,21,3,18,0.14285714285714285,1.629676202452059,1.9012889028607356,385.0,0.3898979591836734,-0.12894336086959607,-2.0,2.0,46.7764159782601,-2.0838172904941126,-2.0,2.0,-2.0954322623528143,-0.12894336086959607,-4.0,2.0,64.5176106521734,2,18,0,-0.23894336086959606,-2.0,2.0,19
realAWSCloudwatch/rds_cpu_utilization_e47b3b.csv,realAWSCloudwatch,rds_cpu_utilization_e47b3b,A_rolling_zscore,budget,0.02,2.830575689593581,3182,63,0.019798868636077938,11.04513888888889,0.15873015873015872,0.02512562814070352,0.04338394793926247,10,53,388,2731,0.15829145728643215,0.8824833702882483,1.0,0.9375736160188457,398,53,0,2,2,1.0,60,9,51,0.15,4.6174159069475005,5.43225400817353,170.0,0.17051020408163264,-3.4519413782739434,-2.0,2.0,-36.298534456848586,-8.857356668838362,-2.0,2.0,-171.43391672095905,-3.4519413782739434,-4.0,2.0,9.134310362100942,2,51,0,-3.6292880119526942,-2.0,2.0,53
realAWSCloudwatch/rds_cpu_utilization_e47b3b.csv,realAWSCloudwatch,rds_cpu_utilization_e47b3b,A_rolling_zscore,train,0.02,2.871400122918644,3182,61,0.019170333123821496,11.04513888888889,0.16393442622950818,0.02512562814070352,0.04357298474945533,10,51,388,2733,0.15326633165829145,0.8864142538975501,1.0,0.9397874852420307,398,51,0,2,2,1.0,58,9,49,0.15517241379310345,4.436340773341716,5.251178874567746,170.0,0.17051020408163264,-3.231948190362751,-2.0,2.0,-30.798704759068773,-8.417370293015974,-2.0,2.0,-160.43425732539936,-3.231948190362751,-4.0,2.0,12.800863493954152,2,49,0,-3.4092948240415017,-2.0,2.0,51
realAWSCloudwatch/rds_cpu_utilization_e47b3b.csv,realAWSCloudwatch,rds_cpu_utilization_e47b3b,A_rolling_zscore,budget,0.05,2.2508454717950963,3182,159,0.04996857322438718,11.04513888888889,0.13836477987421383,0.05527638190954774,0.07899461400359067,22,137,376,2647,0.39949748743718594,0.7439252336448599,1.0,0.8531618435155413,398,137,0,2,2,1.0,142,17,125,0.11971830985915492,11.317195850361522,12.856334486010688,170.0,0.17051020408163264,-11.249174359516912,-2.0,2.0,-231.2293589879228,-24.451822631324298,-2.0,2.0,-561.2955657831075,-11.249174359516912,-4.0,2.0,-120.8195726586152,2,125,0,-12.46728813640332,-2.0,2.0,137
realAWSCloudwatch/rds_cpu_utilization_e47b3b.csv,realAWSCloudwatch,rds_cpu_utilization_e47b3b,A_rolling_zscore,train,0.05,2.2888667663890567,3182,152,0.04776869893148963,11.04513888888889,0.13815789473684212,0.052763819095477386,0.07636363636363636,21,131,377,2653,0.38190954773869346,0.7523629489603024,1.0,0.8586839266450916,398,131,0,2,2,1.0,135,16,119,0.11851851851851852,10.773970449544167,12.222571518390442,170.0,0.17051020408163264,-10.589698251633752,-2.0,2.0,-214.74245629084382,-23.132870415557967,-2.0,2.0,-528.3217603889492,-10.589698251633752,-4.0,2.0,-109.82830419389587,2,119,0,-11.807812028520157,-2.0,2.0,131
realAWSCloudwatch/rds_cpu_utilization_e47b3b.csv,realAWSCloudwatch,rds_cpu_utilization_e47b3b,B_iforest_raw,budget,0.0005,0.827678170683911,3182,1,0.00031426775612822125,11.04513888888889,1.0,0.002512562814070352,0.005012531328320803,1,0,397,2784,0.002512562814070352,1.0,0.4949748743718593,0.6621848739495798,197,0,201,2,1,0.5,1,1,0,1.0,0.0,0.09053756680289217,480.0,0.4897959183673469,-0.1314295033819578,-2.0,2.0,46.71426241545106,-0.1314295033819578,-2.0,2.0,46.71426241545106,-1.1314295033819577,-4.0,2.0,47.80950827696737,1,0,1,-0.1314295033819578,-2.0,2.0,0
realAWSCloudwatch/rds_cpu_utilization_e47b3b.csv,realAWSCloudwatch,rds_cpu_utilization_e47b3b,B_iforest_raw,train,0.0005,0.8175741224238865,3182,3031,0.9525455688246386,11.04513888888889,0.09732761464863081,0.7412060301507538,0.17206182560513267,295,2736,103,48,1.0,0.12699425654116145,1.0,0.22536806342015853,398,2736,0,2,2,1.0,1,1,0,1.0,0.0,0.09053756680289217,240.0,0.24489795918367346,-0.1314295033819578,-2.0,2.0,46.71426241545106,-0.1314295033819578,-2.0,2.0,46.71426241545106,-1.1314295033819577,-4.0,2.0,47.80950827696737,1,0,1,-287.49288885772194,-2.0,2.0,2736
realAWSCloudwatch/rds_cpu_utilization_e47b3b.csv,realAWSCloudwatch,rds_cpu_utilization_e47b3b,B_iforest_raw,budget,0.001,0.827678170683911,3182,3,0.0009428032683846638,11.04513888888889,1.0,0.007537688442211055,0.014962593516209474,3,0,395,2784,0.007537688442211055,1.0,0.4949748743718593,0.6621848739495798,197,0,201,2,1,0.5,1,1,0,1.0,0.0,0.09053756680289217,480.0,0.4897959183673469,-0.1314295033819578,-2.0,2.0,46.71426241545106,-0.1314295033819578,-2.0,2.0,46.71426241545106,-1.1314295033819577,-4.0,2.0,47.80950827696737,1,0,1,-0.1314295033819578,-2.0,2.0,0
realAWSCloudwatch/rds_cpu_utilization_e47b3b.csv,realAWSCloudwatch,rds_cpu_utilization_e47b3b,B_iforest_raw,train,0.001,0.807470074163858,3182,3035,0.9538026398491515,11.04513888888889,0.09719934102141681,0.7412060301507538,0.17186134576172443,295,2740,103,44,1.0,0.1268323773103888,1.0,0.22511312217194573,398,2740,0,2,2,1.0,1,1,0,1.0,0.0,0.09053756680289217,240.0,0.24489795918367346,-0.1314295033819578,-2.0,2.0,46.71426241545106,-0.1314295033819578,-2.0,2.0,46.71426241545106,-1.1314295033819577,-4.0,2.0,47.80950827696737,1,0,1,-287.9280797804113,-2.0,2.0,2740
realAWSCloudwatch/rds_cpu_utilization_e47b3b.csv,realAWSCloudwatch,rds_cpu_utilization_e47b3b,B_iforest_raw,budget,0.002,0.827678170683911,3182,6,0.0018856065367693275,11.04513888888889,1.0,0.01507537688442211,0.0297029702970297,6,0,392,2784,0.01507537688442211,1.0,0.4949748743718593,0.6621848739495798,197,0,201,2,1,0.5,1,1,0,1.0,0.0,0.09053756680289217,480.0,0.4897959183673469,-0.1314295033819578,-2.0,2.0,46.71426241545106,-0.1314295033819578,-2.0,2.0,46.71426241545106,-1.1314295033819577,-4.0,2.0,47.80950827696737,1,0,1,-0.1314295033819578,-2.0,2.0,0
realAWSCloudwatch/rds_cpu_utilization_e47b3b.csv,realAWSCloudwatch,rds_cpu_utilization_e47b3b,B_iforest_raw,train,0.002,0.7914656058360411,3182,3086,0.9698302954116907,11.04513888888889,0.09786130913804278,0.7587939698492462,0.1733639494833525,302,2784,96,0,1.0,0.12507856693903205,1.0,0.22234636871508381,398,2784,0,2,2,1.0,1,1,0,1.0,0.0,0.09053756680289217,240.0,0.24489795918367346,-0.1314295033819578,-2.0,2.0,46.71426241545106,-0.1314295033819578,-2.0,2.0,46.71426241545106,-1.1314295033819577,-4.0,2.0,47.80950827696737,1,0,1,-292.4038067860108,-2.0,2.0,2784
realAWSCloudwatch/rds_cpu_utilization_e47b3b.csv,realAWSCloudwatch,rds_cpu_utilization_e47b3b,B_iforest_raw,budget,0.005,0.827678170683911,3182,15,0.004714016341923318,11.04513888888889,1.0,0.03768844221105527,0.07263922518159806,15,0,383,2784,0.03768844221105527,1.0,0.4949748743718593,0.6621848739495798,197,0,201,2,1,0.5,1,1,0,1.0,0.0,0.09053756680289217,480.0,0.4897959183673469,-0.1314295033819578,-2.0,2.0,46.71426241545106,-0.1314295033819578,-2.0,2.0,46.71426241545106,-1.1314295033819577,-4.0,2.0,47.80950827696737,1,0,1,-0.1314295033819578,-2.0,2.0,0
realAWSCloudwatch/rds_cpu_utilization_e47b3b.csv,realAWSCloudwatch,rds_cpu_utilization_e47b3b,B_iforest_raw,train,0.005,0.7403619045742604,3182,3086,0.9698302954116907,11.04513888888889,0.09786130913804278,0.7587939698492462,0.1733639494833525,302,2784,96,0,1.0,0.12507856693903205,1.0,0.22234636871508381,398,2784,0,2,2,1.0,1,1,0,1.0,0.0,0.09053756680289217,240.0,0.24489795918367346,-0.1314295033819578,-2.0,2.0,46.71426241545106,-0.1314295033819578,-2.0,2.0,46.71426241545106,-1.1314295033819577,-4.0,2.0,47.80950827696737,1,0,1,-292.4038067860108,-2.0,2.0,2784
realAWSCloudwatch/rds_cpu_utilization_e47b3b.csv,realAWSCloudwatch,rds_cpu_utilization_e47b3b,B_iforest_raw,budget,0.01,0.827678170683911,3182,31,0.00974230043997486,11.04513888888889,1.0,0.07788944723618091,0.14452214452214454,31,0,367,2784,0.07788944723618091,1.0,0.4949748743718593,0.6621848739495798,197,0,201,2,1,0.5,1,1,0,1.0,0.0,0.09053756680289217,480.0,0.4897959183673469,-0.1314295033819578,-2.0,2.0,46.71426241545106,-0.1314295033819578,-2.0,2.0,46.71426241545106,-1.1314295033819577,-4.0,2.0,47.80950827696737,1,0,1,-0.1314295033819578,-2.0,2.0,0
realAWSCloudwatch/rds_cpu_utilization_e47b3b.csv,realAWSCloudwatch,rds_cpu_utilization_e47b3b,B_iforest_raw,train,0.01,0.6961929218587866,3182,3086,0.9698302954116907,11.04513888888889,0.09786130913804278,0.7587939698492462,0.1733639494833525,302,2784,96,0,1.0,0.12507856693903205,1.0,0.22234636871508381,398,2784,0,2,2,1.0,1,1,0,1.0,0.0,0.09053756680289217,240.0,0.24489795918367346,-0.1314295033819578,-2.0,2.0,46.71426241545106,-0.1314295033819578,-2.0,2.0,46.71426241545106,-1.1314295033819577,-4.0,2.0,47.80950827696737,1,0,1,-292.4038067860108,-2.0,2.0,2784
realAWSCloudwatch/rds_cpu_utilization_e47b3b.csv,realAWSCloudwatch,rds_cpu_utilization_e47b3b,B_iforest_raw,budget,0.02,0.827678170683911,3182,63,0.019798868636077938,11.04513888888889,1.0,0.15829145728643215,0.27331887201735355,63,0,335,2784,0.15829145728643215,1.0,0.4949748743718593,0.6621848739495798,197,0,201,2,1,0.5,1,1,0,1.0,0.0,0.09053756680289217,480.0,0.4897959183673469,-0.1314295033819578,-2.0,2.0,46.71426241545106,-0.1314295033819578,-2.0,2.0,46.71426241545106,-1.1314295033819577,-4.0,2.0,47.80950827696737,1,0,1,-0.1314295033819578,-2.0,2.0,0
realAWSCloudwatch/rds_cpu_utilization_e47b3b.csv,realAWSCloudwatch,rds_cpu_utilization_e47b3b,B_iforest_raw,train,0.02,0.6773221084024877,3182,3088,0.9704588309239472,11.04513888888889,0.09844559585492228,0.7638190954773869,0.17441193344807804,304,2784,94,0,1.0,0.12507856693903205,1.0,0.22234636871508381,398,2784,0,2,2,1.0,3,3,0,1.0,0.0,0.2716127004086765,25.0,0.025510204081632654,-0.003886159846408832,-2.0,2.0,49.90284600383978,-0.003886159846408832,-2.0,2.0,49.90284600383978,-1.0038861598464088,-4.0,2.0,49.93523066922652,1,0,1,-292.2762634424752,-2.0,2.0,2784
realAWSCloudwatch/rds_cpu_utilization_e47b3b.csv,realAWSCloudwatch,rds_cpu_utilization_e47b3b,B_iforest_raw,budget,0.05,0.827678170683911,3182,159,0.04996857322438718,11.04513888888889,0.5849056603773585,0.23366834170854273,0.33393177737881513,93,66,305,2718,0.39949748743718594,0.7490494296577946,0.4949748743718593,0.5960665658093798,197,66,201,2,1,0.5,1,1,0,1.0,0.0,0.09053756680289217,480.0,0.4897959183673469,-0.1314295033819578,-2.0,2.0,46.71426241545106,-0.1314295033819578,-2.0,2.0,46.71426241545106,-1.1314295033819577,-4.0,2.0,47.80950827696737,1,0,1,-3.204381785148252,-2.0,2.0,66
realAWSCloudwatch/rds_cpu_utilization_e47b3b.csv,realAWSCloudwatch,rds_cpu_utilization_e47b3b,B_iforest_raw,train,0.05,0.6202372184822443,3182,3091,0.9714016341923318,11.04513888888889,0.09932060821740538,0.7713567839195979,0.175981656635139,307,2784,91,0,1.0,0.12507856693903205,1.0,0.22234636871508381,398,2784,0,2,2,1.0,4,4,0,1.0,0.0,0.3621502672115687,25.0,0.025510204081632654,-0.003886159846408832,-2.0,2.0,49.90284600383978,-0.003886159846408832,-2.0,2.0,49.90284600383978,-1.0038861598464088,-4.0,2.0,49.93523066922652,1,0,1,-292.2762634424752,-2.0,2.0,2784
realAWSCloudwatch/rds_cpu_utilization_e47b3b.csv,realAWSCloudwatch,rds_cpu_utilization_e47b3b,C_iforest_contextual,budget,0.0005,0.7469001921199523,3182,1,0.00031426775612822125,11.04513888888889,0.0,0.0,0.0,0,1,398,2783,0.002512562814070352,0.0,0.0,0.0,0,1,398,2,0,0.0,1,0,1,0.0,0.09053756680289217,0.09053756680289217,,,-2.1098438725121977,-2.0,2.0,-2.7460968128049434,-2.219687745024396,-2.0,2.0,-5.492193625609898,-4.109843872512198,-4.0,2.0,-1.8307312085366363,0,1,2,-2.1098438725121977,-2.0,2.0,1
realAWSCloudwatch/rds_cpu_utilization_e47b3b.csv,realAWSCloudwatch,rds_cpu_utilization_e47b3b,C_iforest_contextual,train,0.0005,0.7338214838464135,3182,4,0.001257071024512885,11.04513888888889,0.25,0.002512562814070352,0.004975124378109453,1,3,397,2781,0.010050251256281407,0.985,0.4949748743718593,0.6588628762541806,197,3,201,2,1,0.5,4,1,3,0.25,0.2716127004086765,0.3621502672115687,480.0,0.4897959183673469,-0.45997623441955426,-2.0,2.0,38.50059413951114,-0.7885229654571508,-2.0,2.0,30.28692586357123,-1.4599762344195544,-4.0,2.0,42.33372942634076,1,3,1,-0.45997623441955426,-2.0,2.0,3
realAWSCloudwatch/rds_cpu_utilization_e47b3b.csv,realAWSCloudwatch,rds_cpu_utilization_e47b3b,C_iforest_contextual,budget,0.001,0.7389120161292332,3182,3,0.0009428032683846638,11.04513888888889,0.3333333333333333,0.002512562814070352,0.004987531172069825,1,2,397,2782,0.007537688442211055,0.9899497487437185,0.4949748743718593,0.6599664991624791,197,2,201,2,1,0.5,3,1,2,0.3333333333333333,0.18107513360578434,0.2716127004086765,480.0,0.4897959183673469,-0.3512733758941557,-2.0,2.0,41.21816560264611,-0.5711172484063536,-2.0,2.0,35.72206878984116,-1.3512733758941557,-4.0,2.0,44.14544373509741,1,2,1,-0.3512733758941557,-2.0,2.0,2
realAWSCloudwatch/rds_cpu_utilization_e47b3b.csv,realAWSCloudwatch,rds_cpu_utilization_e47b3b,C_iforest_contextual,train,0.001,0.724946560307079,3182,10,0.0031426775612822125,11.04513888888889,0.2,0.005025125628140704,0.009803921568627453,2,8,396,2776,0.02512562814070352,0.9802955665024631,1.0,0.9900497512437811,398,8,0,2,2,1.0,10,2,8,0.2,0.7243005344231374,0.9053756680289217,490.0,0.49489795918367346,0.8555323748921309,-2.0,2.0,71.38830937230327,-0.01905654890937769,-2.0,2.0,49.52358627726556,0.8555323748921309,-4.0,2.0,80.92553958153552,2,8,0,0.8555323748921309,-2.0,2.0,8
realAWSCloudwatch/rds_cpu_utilization_e47b3b.csv,realAWSCloudwatch,rds_cpu_utilization_e47b3b,C_iforest_contextual,budget,0.002,0.7304068581407989,3182,6,0.0018856065367693275,11.04513888888889,0.16666666666666666,0.002512562814070352,0.0049504950495049506,1,5,397,2779,0.01507537688442211,0.9752475247524752,0.4949748743718593,0.6566666666666666,197,5,201,2,1,0.5,6,1,5,0.16666666666666666,0.45268783401446083,0.543225400817353,480.0,0.4897959183673469,-0.6799753933751268,-2.0,2.0,33.000615165621824,-1.228521283368296,-2.0,2.0,19.2869679157926,-1.6799753933751271,-4.0,2.0,38.66707677708121,1,5,1,-0.6799753933751268,-2.0,2.0,5
realAWSCloudwatch/rds_cpu_utilization_e47b3b.csv,realAWSCloudwatch,rds_cpu_utilization_e47b3b,C_iforest_contextual,train,0.002,0.7102843734107185,3182,16,0.00502828409805154,11.04513888888889,0.25,0.010050251256281407,0.019323671497584544,4,12,394,2772,0.04020100502512563,0.9707317073170731,1.0,0.9851485148514851,398,12,0,2,2,1.0,15,3,12,0.2,1.086450801634706,1.3580635020433824,385.0,0.3898979591836734,0.5120221627148999,-2.0,2.0,62.8005540678725,-0.8018862433251206,-2.0,2.0,29.952843916871984,0.5120221627148999,-4.0,2.0,75.20036937858167,2,12,0,0.5120221627148999,-2.0,2.0,12
realAWSCloudwatch/rds_cpu_utilization_e47b3b.csv,realAWSCloudwatch,rds_cpu_utilization_e47b3b,C_iforest_contextual,budget,0.005,0.7097222978989522,3182,15,0.004714016341923318,11.04513888888889,0.26666666666666666,0.010050251256281407,0.01937046004842615,4,11,394,2773,0.03768844221105527,0.9731051344743277,1.0,0.98636926889715,398,11,0,2,2,1.0,14,3,11,0.21428571428571427,0.9959132348318138,1.2675259352404904,385.0,0.3898979591836734,0.6220221627148999,-2.0,2.0,65.5505540678725,-0.5818862433251206,-2.0,2.0,35.452843916871984,0.6220221627148999,-4.0,2.0,77.033702711915,2,11,0,0.6220221627148999,-2.0,2.0,11
realAWSCloudwatch/rds_cpu_utilization_e47b3b.csv,realAWSCloudwatch,rds_cpu_utilization_e47b3b,C_iforest_contextual,train,0.005,0.6495892083271547,3182,306,0.0961659333752357,11.04513888888889,0.1895424836601307,0.1457286432160804,0.1647727272727273,58,248,340,2536,0.7688442211055276,0.6160990712074303,1.0,0.7624521072796935,398,248,0,2,2,1.0,145,12,133,0.08275862068965517,12.041496384784658,13.127947186419364,385.0,0.3898979591836734,-12.127744940507988,-2.0,2.0,-253.1936235126997,-26.081420449770878,-2.0,2.0,-602.0355112442719,-12.127744940507988,-4.0,2.0,-135.46241567513314,2,133,0,-23.230252489134028,-2.0,2.0,248
realAWSCloudwatch/rds_cpu_utilization_e47b3b.csv,realAWSCloudwatch,rds_cpu_utilization_e47b3b,C_iforest_contextual,budget,0.01,0.6951771869713893,3182,31,0.00974230043997486,11.04513888888889,0.22580645161290322,0.017587939698492462,0.03263403263403263,7,24,391,2760,0.07788944723618091,0.943127962085308,1.0,0.9707317073170733,398,24,0,2,2,1.0,28,5,23,0.17857142857142858,2.0823640364665197,2.535051870480981,385.0,0.3898979591836734,-0.6781517363318856,-2.0,2.0,33.04620659170286,-3.1822340414186923,-2.0,2.0,-29.555851035467306,-0.6781517363318856,-4.0,2.0,55.364137727801904,2,23,0,-0.7881517363318856,-2.0,2.0,24
realAWSCloudwatch/rds_cpu_utilization_e47b3b.csv,realAWSCloudwatch,rds_cpu_utilization_e47b3b,C_iforest_contextual,train,0.01,0.6139528254097982,3182,830,0.2608422375864236,11.04513888888889,0.163855421686747,0.3417085427135678,0.2214983713355049,136,694,262,2090,1.0,0.36446886446886445,1.0,0.534228187919463,398,694,0,2,2,1.0,223,17,206,0.07623318385650224,18.650738761395786,20.189877397044953,92.5,0.09301020408163266,-20.17324499526656,-2.0,2.0,-454.33112488166404,-42.32978292877297,-2.0,2.0,-1008.2445732193243,-20.17324499526656,-4.0,2.0,-269.5540832544427,2,206,0,-68.43591584842746,-2.0,2.0,694
realAWSCloudwatch/rds_cpu_utilization_e47b3b.csv,realAWSCloudwatch,rds_cpu_utilization_e47b3b,C_iforest_contextual,budget,0.02,0.6837049498023572,3182,63,0.019798868636077938,11.04513888888889,0.1746031746031746,0.02763819095477387,0.04772234273318872,11,52,387,2732,0.15829145728643215,0.8844444444444445,1.0,0.9386792452830188,398,52,0,2,2,1.0,52,5,47,0.09615384615384616,4.255265639735932,4.7079534737503925,385.0,0.3898979591836734,-2.9851308457109944,-2.0,2.0,-24.62827114277486,-7.796192260176906,-2.0,2.0,-144.90480650442265,-2.9851308457109944,-4.0,2.0,16.91448590481676,2,47,0,-3.4420782029697428,-2.0,2.0,52
realAWSCloudwatch/rds_cpu_utilization_e47b3b.csv,realAWSCloudwatch,rds_cpu_utilization_e47b3b,C_iforest_contextual,train,0.02,0.6037578074942761,3182,1019,0.3202388434946574,11.04513888888889,0.155053974484789,0.3969849246231156,0.2230063514467184,158,861,240,1923,1.0,0.3161239078633836,1.0,0.48038624019312004,398,861,0,2,2,1.0,233,20,213,0.08583690987124463,19.284501729016032,21.095253065073877,92.5,0.09301020408163266,-21.01678762931619,-2.0,2.0,-475.41969073290477,-44.01686819687222,-2.0,2.0,-1050.4217049218055,-21.01678762931619,-4.0,2.0,-283.61312715526986,2,213,0,-85.72475482206036,-2.0,2.0,861
realAWSCloudwatch/rds_cpu_utilization_e47b3b.csv,realAWSCloudwatch,rds_cpu_utilization_e47b3b,C_iforest_contextual,budget,0.05,0.6653332339273503,3182,159,0.04996857322438718,11.04513888888889,0.18867924528301888,0.07537688442211055,0.10771992818671454,30,129,368,2655,0.39949748743718594,0.7552182163187856,1.0,0.8605405405405405,398,129,0,2,2,1.0,98,11,87,0.11224489795918367,7.8767683118516185,8.872681546683433,385.0,0.3898979591836734,-7.066567020734592,-2.0,2.0,-126.6641755183648,-15.959064610224104,-2.0,2.0,-348.9766152556026,-7.066567020734592,-4.0,2.0,-51.10945034557653,2,87,0,-10.974964125217092,-2.0,2.0,129
realAWSCloudwatch/rds_cpu_utilization_e47b3b.csv,realAWSCloudwatch,rds_cpu_utilization_e47b3b,C_iforest_contextual,train,0.05,0.5748387058943187,3182,1682,0.5285983658076682,11.04513888888889,0.14209274673008324,0.6005025125628141,0.22980769230769232,239,1443,159,1341,1.0,0.21618685497012494,1.0,0.3555158552925413,398,1443,0,2,2,1.0,168,13,155,0.07738095238095238,14.033322854448286,15.210311222885885,30.0,0.030510204081632655,-14.962131252928407,-2.0,2.0,-324.0532813232102,-31.909430080738094,-2.0,2.0,-747.7357520184523,-14.962131252928407,-4.0,2.0,-182.7021875488068,2,156,0,-147.1819638993536,-2.0,2.0,1443
realKnownCause/ambient_temperature_system_failure.csv,realKnownCause,ambient_temperature_system_failure,A_rolling_zscore,budget,0.0005,50.0,6493,3,0.00046203603881102723,295.0416666666667,0.0,0.0,0.0,0,3,726,5764,0.004132231404958678,0.0,0.0,0.0,0,3,726,2,0,0.0,3,0,3,0.0,0.010168055359412512,0.010168055359412512,,,-2.3299999999999996,-2.0,2.0,-8.249999999999991,-2.6600000000000006,-2.0,2.0,-16.500000000000014,-4.330000000000001,-4.0,2.0,-5.500000000000017,0,3,2,-2.3299999999999996,-2.0,2.0,3
realKnownCause/ambient_temperature_system_failure.csv,realKnownCause,ambient_temperature_system_failure,A_rolling_zscore,train,0.0005,32.336932861656976,6493,17,0.0026182042199291546,295.0416666666667,0.0,0.0,0.0,0,17,726,5750,0.023415977961432508,0.0,0.0,0.0,0,17,726,2,0,0.0,17,0,17,0.0,0.057618980370004236,0.057618980370004236,,,-3.8551853541137118,-2.0,2.0,-46.379633852842794,-5.710370708227427,-2.0,2.0,-92.75926770568567,-5.855185354113716,-4.0,2.0,-30.91975590189526,0,17,2,-3.8551853541137118,-2.0,2.0,17
realKnownCause/ambient_temperature_system_failure.csv,realKnownCause,ambient_temperature_system_failure,A_rolling_zscore,budget,0.001,44.127770356058534,6493,6,0.0009240720776220545,295.0416666666667,0.0,0.0,0.0,0,6,726,5761,0.008264462809917356,0.0,0.0,0.0,0,6,726,2,0,0.0,6,0,6,0.0,0.020336110718825025,0.020336110718825025,,,-2.652879787481251,-2.0,2.0,-16.32199468703127,-3.305759574962504,-2.0,2.0,-32.6439893740626,-4.652879787481253,-4.0,2.0,-10.881329791354219,0,6,2,-2.652879787481251,-2.0,2.0,6
realKnownCause/ambient_temperature_system_failure.csv,realKnownCause,ambient_temperature_system_failure,A_rolling_zscore,train,0.001,31.115125393174047,6493,18,0.0027722162328661635,295.0416666666667,0.0,0.0,0.0,0,18,726,5749,0.024793388429752067,0.0,0.0,0.0,0,18,726,2,0,0.0,18,0,18,0.0,0.06100833215647507,0.06100833215647507,,,-3.9651853541137116,-2.0,2.0,-49.129633852842794,-5.930370708227428,-2.0,2.0,-98.25926770568569,-5.965185354113717,-4.0,2.0,-32.753089235228614,0,18,2,-3.9651853541137116,-2.0,2.0,18
realKnownCause/ambient_temperature_system_failure.csv,realKnownCause,ambient_temperature_system_failure,A_rolling_zscore,budget,0.002,33.42570802253793,6493,12,0.001848144155244109,295.0416666666667,0.0,0.0,0.0,0,12,726,5755,0.01652892561983471,0.0,0.0,0.0,0,12,726,2,0,0.0,12,0,12,0.0,0.04067222143765005,0.04067222143765005,,,-3.3092166514237693,-2.0,2.0,-32.73041628559423,-4.618433302847541,-2.0,2.0,-65.46083257118853,-5.309216651423772,-4.0,2.0,-21.820277523729533,0,12,2,-3.3092166514237693,-2.0,2.0,12
realKnownCause/ambient_temperature_system_failure.csv,realKnownCause,ambient_temperature_system_failure,A_rolling_zscore,train,0.002,29.879476751734863,6493,20,0.0030802402587401818,295.0416666666667,0.0,0.0,0.0,0,20,726,5747,0.027548209366391185,0.0,0.0,0.0,0,20,726,2,0,0.0,20,0,20,0.0,0.06778703572941674,0.06778703572941674,,,-4.185185354113711,-2.0,2.0,-54.62963385284279,-6.370370708227427,-2.0,2.0,-109.25926770568569,-6.185185354113717,-4.0,2.0,-36.41975590189528,0,20,2,-4.185185354113711,-2.0,2.0,20
realKnownCause/ambient_temperature_system_failure.csv,realKnownCause,ambient_temperature_system_failure,A_rolling_zscore,budget,0.005,22.579212450426713,6493,32,0.0049283844139842905,295.0416666666667,0.0,0.0,0.0,0,32,726,5735,0.0440771349862259,0.0,0.0,0.0,0,32,726,2,0,0.0,32,0,32,0.0,0.1084592571670668,0.1084592571670668,,,-5.471090644377745,-2.0,2.0,-86.77726610944363,-8.942181288755489,-2.0,2.0,-173.5545322188872,-7.471090644377752,-4.0,2.0,-57.8515107396292,0,32,2,-5.471090644377745,-2.0,2.0,32
realKnownCause/ambient_temperature_system_failure.csv,realKnownCause,ambient_temperature_system_failure,A_rolling_zscore,train,0.005,21.069748854814094,6493,38,0.005852456491606346,295.0416666666667,0.0,0.0,0.0,0,38,726,5729,0.05234159779614325,0.0,0.0,0.0,0,38,726,2,0,0.0,38,0,38,0.0,0.12879536788589183,0.12879536788589183,,,-6.131090644377745,-2.0,2.0,-103.27726610944363,-10.262181288755492,-2.0,2.0,-206.55453221888732,-8.131090644377753,-4.0,2.0,-68.85151073962922,0,38,2,-6.131090644377745,-2.0,2.0,38
realKnownCause/ambient_temperature_system_failure.csv,realKnownCause,ambient_temperature_system_failure,A_rolling_zscore,budget,0.01,16.32865212699586,6493,64,0.009856768827968581,295.0416666666667,0.015625,0.0013774104683195593,0.002531645569620253,1,63,725,5704,0.0881542699724518,0.852112676056338,0.5,0.6302083333333334,363,63,363,2,1,0.5,63,1,62,0.015873015873015872,0.2101398107611919,0.21352916254766274,5160.0,0.23756906077348067,-6.786819064814591,-2.0,2.0,-119.67047662036478,-13.543513555104278,-2.0,2.0,-288.58783887760694,-7.786819064814593,-4.0,2.0,-63.113651080243216,1,62,1,-6.896819064814591,-2.0,2.0,63
realKnownCause/ambient_temperature_system_failure.csv,realKnownCause,ambient_temperature_system_failure,A_rolling_zscore,train,0.01,14.454769861823832,6493,86,0.013245033112582781,295.0416666666667,0.046511627906976744,0.005509641873278237,0.009852216748768473,4,82,722,5685,0.1184573002754821,0.8985148514851485,1.0,0.9465449804432855,726,82,0,2,2,1.0,85,4,81,0.047058823529411764,0.2745374947041378,0.2880949018500212,12330.0,0.42252284814374963,-6.864123867909075,-2.0,2.0,-121.60309669772687,-15.606601309048276,-2.0,2.0,-340.1650327262069,-6.864123867909075,-4.0,2.0,-47.73539779848458,2,81,0,-6.974123867909075,-2.0,2.0,82
realKnownCause/ambient_temperature_system_failure.csv,realKnownCause,ambient_temperature_system_failure,A_rolling_zscore,budget,0.02,11.570350282023432,6493,129,0.019867549668874173,295.0416666666667,0.08527131782945736,0.015151515151515152,0.025730994152046785,11,118,715,5649,0.17768595041322313,0.8601895734597157,1.0,0.9248407643312102,726,118,0,2,2,1.0,125,11,114,0.088,0.38638610365767545,0.42366897330885467,3780.0,0.14812825941033717,-10.271863907542919,-2.0,2.0,-206.79659768857297,-22.50668618120743,-2.0,2.0,-512.6671545301858,-10.271863907542919,-4.0,2.0,-104.53106512571532,2,114,0,-10.711817002231324,-2.0,2.0,118
realKnownCause/ambient_temperature_system_failure.csv,realKnownCause,ambient_temperature_system_failure,A_rolling_zscore,train,0.02,9.94974080822236,6493,169,0.026028030186354537,295.0416666666667,0.11834319526627218,0.027548209366391185,0.0446927374301676,20,149,706,5618,0.2327823691460055,0.8297142857142857,1.0,0.9069331667707683,726,149,0,2,2,1.0,164,20,144,0.12195121951219512,0.48806665725180054,0.5558536929812173,2010.0,0.07422935921929055,-13.414696175707965,-2.0,2.0,-285.36740439269914,-28.813428613482973,-2.0,2.0,-670.3357153370744,-13.414696175707965,-4.0,2.0,-156.91160292846607,2,144,0,-13.9099112066188,-2.0,2.0,149
realKnownCause/ambient_temperature_system_failure.csv,realKnownCause,ambient_temperature_system_failure,A_rolling_zscore,budget,0.05,6.8219778282024075,6493,324,0.049899892191590946,295.0416666666667,0.12345679012345678,0.05509641873278237,0.07619047619047618,40,284,686,5483,0.4462809917355372,0.7188118811881188,1.0,0.836405529953917,726,284,0,2,2,1.0,303,39,264,0.12871287128712872,0.894788871628301,1.0269735913006637,1590.0,0.06114524706975784,-25.89490939500222,-2.0,2.0,-597.3727348750555,-53.77797908406967,-2.0,2.0,-1294.4494771017416,-25.89490939500222,-4.0,2.0,-364.91515658337033,2,264,0,-27.904339215599865,-2.0,2.0,284
realKnownCause/ambient_temperature_system_failure.csv,realKnownCause,ambient_temperature_system_failure,A_rolling_zscore,train,0.05,7.157862516869332,6493,296,0.04558755582935469,295.0416666666667,0.12162162162162163,0.049586776859504134,0.07045009784735812,36,260,690,5507,0.40771349862258954,0.7363083164300203,1.0,0.8481308411214954,726,260,0,2,2,1.0,279,36,243,0.12903225806451613,0.8236124841124135,0.9456291484253636,1590.0,0.06114524706975784,-23.592821397804673,-2.0,2.0,-539.8205349451168,-49.173803089674585,-2.0,2.0,-1179.3450772418646,-23.592821397804673,-4.0,2.0,-326.54702329674456,2,243,0,-25.336712871672667,-2.0,2.0,260
realKnownCause/ambient_temperature_system_failure.csv,realKnownCause,ambient_temperature_system_failure,B_iforest_raw,budget,0.0005,0.7557996739011166,6493,3,0.00046203603881102723,295.0416666666667,0.0,0.0,0.0,0,3,726,5764,0.004132231404958678,0.0,0.0,0.0,0,3,726,2,0,0.0,2,0,2,0.0,0.006778703572941675,0.006778703572941675,,,-2.2199999999999998,-2.0,2.0,-5.499999999999994,-2.4400000000000004,-2.0,2.0,-11.00000000000001,-4.220000000000001,-4.0,2.0,-3.666666666666677,0,2,2,-2.3299999999999996,-2.0,2.0,3
realKnownCause/ambient_temperature_system_failure.csv,realKnownCause,ambient_temperature_system_failure,B_iforest_raw,train,0.0005,0.7510522944440812,6493,116,0.017865393500693053,295.0416666666667,0.4396551724137931,0.07024793388429752,0.12114014251781473,51,65,675,5702,0.15977961432506887,0.8481308411214953,0.5,0.6291161178509531,363,65,363,2,1,0.5,12,2,10,0.16666666666666666,0.03389351786470837,0.04067222143765005,20460.0,0.6373831775700934,-1.211522549195669,-2.0,2.0,19.711936270108275,-2.3072660200549935,-2.0,2.0,-7.681650501374837,-2.211522549195669,-4.0,2.0,29.807957513405515,1,10,1,-6.300898762501035,-2.0,2.0,65
realKnownCause/ambient_temperature_system_failure.csv,realKnownCause,ambient_temperature_system_failure,B_iforest_raw,budget,0.001,0.7557996739011166,6493,6,0.0009240720776220545,295.0416666666667,0.3333333333333333,0.0027548209366391185,0.005464480874316941,2,4,724,5763,0.008264462809917356,0.989100817438692,0.5,0.6642268984446478,363,4,363,2,1,0.5,3,1,2,0.3333333333333333,0.006778703572941675,0.010168055359412512,20460.0,0.6373831775700934,-0.33577907833634446,-2.0,2.0,41.60552304159138,-0.5557790783363444,-2.0,2.0,36.10552304159139,-1.3357790783363446,-4.0,2.0,44.40368202772759,1,2,1,-0.5557790783363444,-2.0,2.0,4
realKnownCause/ambient_temperature_system_failure.csv,realKnownCause,ambient_temperature_system_failure,B_iforest_raw,train,0.001,0.7463049149870457,6493,126,0.019405513630063143,295.0416666666667,0.4126984126984127,0.07162534435261708,0.12206572769953053,52,74,674,5693,0.17355371900826447,0.8306636155606407,0.5,0.6242476354256234,363,74,363,2,1,0.5,12,2,10,0.16666666666666666,0.03389351786470837,0.04067222143765005,20460.0,0.6373831775700934,-1.2112585984647282,-2.0,2.0,19.718535038381795,-2.306738118593112,-2.0,2.0,-7.668452964827798,-2.2112585984647284,-4.0,2.0,29.812356692254525,1,10,1,-7.28459681308461,-2.0,2.0,74
realKnownCause/ambient_temperature_system_failure.csv,realKnownCause,ambient_temperature_system_failure,B_iforest_raw,budget,0.002,0.7557996739011166,6493,12,0.001848144155244109,295.0416666666667,0.6666666666666666,0.011019283746556474,0.02168021680216802,8,4,718,5763,0.01652892561983471,0.989100817438692,0.5,0.6642268984446478,363,4,363,2,1,0.5,3,1,2,0.3333333333333333,0.006778703572941675,0.010168055359412512,20460.0,0.6373831775700934,-0.33577907833634446,-2.0,2.0,41.60552304159138,-0.5557790783363444,-2.0,2.0,36.10552304159139,-1.3357790783363446,-4.0,2.0,44.40368202772759,1,2,1,-0.5557790783363444,-2.0,2.0,4
realKnownCause/ambient_temperature_system_failure.csv,realKnownCause,ambient_temperature_system_failure,B_iforest_raw,train,0.002,0.7431230932414763,6493,129,0.019867549668874173,295.0416666666667,0.40310077519379844,0.07162534435261708,0.1216374269005848,52,77,674,5690,0.17768595041322313,0.825,0.5,0.6226415094339622,363,77,363,2,1,0.5,11,2,9,0.18181818181818182,0.030504166078237534,0.03728286965117921,20460.0,0.6373831775700934,-1.1031952748123268,-2.0,2.0,22.42011812969183,-2.0906114712883093,-2.0,2.0,-2.2652867822077316,-2.103195274812327,-4.0,2.0,31.613412086461214,1,9,1,-7.612616805544876,-2.0,2.0,77
realKnownCause/ambient_temperature_system_failure.csv,realKnownCause,ambient_temperature_system_failure,B_iforest_raw,budget,0.005,0.7557996739011166,6493,32,0.0049283844139842905,295.0416666666667,0.875,0.03856749311294766,0.07387862796833773,28,4,698,5763,0.0440771349862259,0.989100817438692,0.5,0.6642268984446478,363,4,363,2,1,0.5,3,1,2,0.3333333333333333,0.006778703572941675,0.010168055359412512,20460.0,0.6373831775700934,-0.33577907833634446,-2.0,2.0,41.60552304159138,-0.5557790783363444,-2.0,2.0,36.10552304159139,-1.3357790783363446,-4.0,2.0,44.40368202772759,1,2,1,-0.5557790783363444,-2.0,2.0,4
realKnownCause/ambient_temperature_system_failure.csv,realKnownCause,ambient_temperature_system_failure,B_iforest_raw,train,0.005,0.7261003650197136,6493,685,0.10549822886185123,295.0416666666667,0.37372262773722625,0.3526170798898072,0.36286321757618706,256,429,470,5338,0.9435261707988981,0.6285714285714286,1.0,0.7719298245614035,726,429,0,2,2,1.0,74,18,56,0.24324324324324326,0.18980370004236688,0.25081203219884196,10080.0,0.31401869158878504,-4.005646153078971,-2.0,2.0,-50.14115382697428,-9.902243473235655,-2.0,2.0,-197.5560868308914,-4.005646153078971,-4.0,2.0,-0.09410255131618861,2,57,0,-40.1799185206659,-2.0,2.0,429
realKnownCause/ambient_temperature_system_failure.csv,realKnownCause,ambient_temperature_system_failure,B_iforest_raw,budget,0.01,0.7557996739011166,6493,64,0.009856768827968581,295.0416666666667,0.78125,0.06887052341597796,0.12658227848101264,50,14,676,5753,0.0881542699724518,0.9628647214854111,0.5,0.658204895738894,363,14,363,2,1,0.5,5,2,3,0.4,0.010168055359412512,0.016946758932354186,20460.0,0.6373831775700934,-0.443842295813064,-2.0,2.0,38.903942604673404,-0.7719055132897835,-2.0,2.0,30.702362167755414,-1.4438422958130641,-4.0,2.0,42.6026284031156,1,3,1,-0.6980029501874896,-2.0,2.0,14
realKnownCause/ambient_temperature_system_failure.csv,realKnownCause,ambient_temperature_system_failure,B_iforest_raw,train,0.01,0.7047079599216364,6493,842,0.12967811489296166,295.0416666666667,0.34679334916864607,0.4022038567493113,0.37244897959183676,292,550,434,5217,1.0,0.5689655172413793,1.0,0.7252747252747253,726,550,0,2,2,1.0,87,23,64,0.26436781609195403,0.2169185143341336,0.2948736054229628,1140.0,0.03551401869158879,-4.853159746263156,-2.0,2.0,-71.3289936565789,-11.687554073310375,-2.0,2.0,-242.18885183275938,-4.853159746263156,-4.0,2.0,-14.219329104385933,2,65,0,-52.549809812686554,-2.0,2.0,550
realKnownCause/ambient_temperature_system_failure.csv,realKnownCause,ambient_temperature_system_failure,B_iforest_raw,budget,0.02,0.7431230932414763,6493,129,0.019867549668874173,295.0416666666667,0.40310077519379844,0.07162534435261708,0.1216374269005848,52,77,674,5690,0.17768595041322313,0.825,0.5,0.6226415094339622,363,77,363,2,1,0.5,11,2,9,0.18181818181818182,0.030504166078237534,0.03728286965117921,20460.0,0.6373831775700934,-1.1031952748123268,-2.0,2.0,22.42011812969183,-2.0906114712883093,-2.0,2.0,-2.2652867822077316,-2.103195274812327,-4.0,2.0,31.613412086461214,1,9,1,-7.612616805544876,-2.0,2.0,77
realKnownCause/ambient_temperature_system_failure.csv,realKnownCause,ambient_temperature_system_failure,B_iforest_raw,train,0.02,0.6710008382109578,6493,1068,0.16448482981672571,295.0416666666667,0.30337078651685395,0.4462809917355372,0.3612040133779264,324,744,402,5023,1.0,0.49387755102040815,1.0,0.6612021857923497,726,744,0,2,2,1.0,117,19,98,0.1623931623931624,0.33215647507414203,0.39655415901708796,1140.0,0.03551401869158879,-8.39018315010652,-2.0,2.0,-159.75457875266298,-18.75675427118203,-2.0,2.0,-418.9188567795507,-8.39018315010652,-4.0,2.0,-73.169719168442,2,99,0,-73.02645156205988,-2.0,2.0,744
realKnownCause/ambient_temperature_system_failure.csv,realKnownCause,ambient_temperature_system_failure,B_iforest_raw,budget,0.05,0.7264907496770707,6493,324,0.049899892191590946,295.0416666666667,0.18518518518518517,0.08264462809917356,0.1142857142857143,60,264,666,5503,0.4462809917355372,0.5789473684210527,0.5,0.5365853658536586,363,264,363,2,1,0.5,39,3,36,0.07692307692307693,0.12201666431295013,0.13218471967236264,20160.0,0.6280373831775701,-4.0650918395454765,-2.0,2.0,-51.62729598863691,-8.022498015745954,-2.0,2.0,-150.56245039364887,-5.0650918395454765,-4.0,2.0,-17.751530659091276,1,36,1,-28.170000589279056,-2.0,2.0,264
realKnownCause/ambient_temperature_system_failure.csv,realKnownCause,ambient_temperature_system_failure,B_iforest_raw,train,0.05,0.5991156530245428,6493,1603,0.24688125673802558,295.0416666666667,0.2607610729881472,0.5757575757575758,0.3589523400601116,418,1185,308,4582,1.0,0.37990580847723704,1.0,0.5506257110352674,726,1185,0,2,2,1.0,136,17,119,0.125,0.40333286259002965,0.4609518429600339,510.0,0.01588785046728972,-10.804129397057052,-2.0,2.0,-220.1032349264263,-23.57458475980321,-2.0,2.0,-539.3646189950803,-10.804129397057052,-4.0,2.0,-113.40215661761754,2,120,0,-118.81721936956272,-2.0,2.0,1185
realKnownCause/ambient_temperature_system_failure.csv,realKnownCause,ambient_temperature_system_failure,C_iforest_contextual,budget,0.0005,0.6520742287174595,6493,3,0.00046203603881102723,295.0416666666667,0.3333333333333333,0.0013774104683195593,0.0027434842249657062,1,2,725,5765,0.004132231404958678,0.9945205479452055,0.5,0.6654445462878094,363,2,363,2,1,0.5,3,1,2,0.3333333333333333,0.006778703572941675,0.010168055359412512,22920.0,0.7140186915887851,-0.42342468647622566,-2.0,2.0,39.41438283809436,-0.6434075710691205,-2.0,2.0,33.91481072327199,-1.4234246864762259,-4.0,2.0,42.942921892062905,1,2,1,-0.42342468647622566,-2.0,2.0,2
realKnownCause/ambient_temperature_system_failure.csv,realKnownCause,ambient_temperature_system_failure,C_iforest_contextual,train,0.0005,0.6461491401660766,6493,6,0.0009240720776220545,295.0416666666667,0.16666666666666666,0.0013774104683195593,0.0027322404371584704,1,5,725,5762,0.008264462809917356,0.9864130434782609,0.5,0.663619744058501,363,5,363,2,1,0.5,5,1,4,0.2,0.01355740714588335,0.016946758932354186,22920.0,0.7140186915887851,-0.6433920327785988,-2.0,2.0,33.915199180535026,-1.0833422636738665,-2.0,2.0,22.916443408153338,-1.643392032778599,-4.0,2.0,39.27679945369002,1,4,1,-0.753375383666819,-2.0,2.0,5
realKnownCause/ambient_temperature_system_failure.csv,realKnownCause,ambient_temperature_system_failure,C_iforest_contextual,budget,0.001,0.6355688635622828,6493,6,0.0009240720776220545,295.0416666666667,0.16666666666666666,0.0013774104683195593,0.0027322404371584704,1,5,725,5762,0.008264462809917356,0.9864130434782609,0.5,0.663619744058501,363,5,363,2,1,0.5,5,1,4,0.2,0.01355740714588335,0.016946758932354186,22920.0,0.7140186915887851,-0.6433920327785988,-2.0,2.0,33.915199180535026,-1.0833422636738665,-2.0,2.0,22.916443408153338,-1.643392032778599,-4.0,2.0,39.27679945369002,1,4,1,-0.753375383666819,-2.0,2.0,5
realKnownCause/ambient_temperature_system_failure.csv,realKnownCause,ambient_temperature_system_failure,C_iforest_contextual,train,0.001,0.6333239461676713,6493,9,0.0013861081164330818,295.0416666666667,0.1111111111111111,0.0013774104683195593,0.00272108843537415,1,8,725,5759,0.012396694214876033,0.9784366576819407,0.5,0.6618049225159526,363,8,363,2,1,0.5,7,1,6,0.14285714285714285,0.020336110718825025,0.02372546250529586,22920.0,0.7140186915887851,-0.8633778800158486,-2.0,2.0,28.41555299960379,-1.5233139581483666,-2.0,2.0,11.917151046290837,-1.863377880015849,-4.0,2.0,35.610368666402515,1,6,1,-1.0833595726004275,-2.0,2.0,8
realKnownCause/ambient_temperature_system_failure.csv,realKnownCause,ambient_temperature_system_failure,C_iforest_contextual,budget,0.002,0.6289213385637191,6493,12,0.001848144155244109,295.0416666666667,0.08333333333333333,0.0013774104683195593,0.0027100271002710027,1,11,725,5756,0.01652892561983471,0.9705882352941176,0.5,0.6599999999999999,363,11,363,2,1,0.5,9,1,8,0.1111111111111111,0.0271148142917667,0.030504166078237534,22920.0,0.7140186915887851,-1.0833778800158484,-2.0,2.0,22.91555299960379,-1.963313958148366,-2.0,2.0,0.9171510462908483,-2.083377880015849,-4.0,2.0,31.94370199973585,1,8,1,-1.4133426919508478,-2.0,2.0,11
realKnownCause/ambient_temperature_system_failure.csv,realKnownCause,ambient_temperature_system_failure,C_iforest_contextual,train,0.002,0.6240486985468792,6493,22,0.0033882642846142,295.0416666666667,0.045454545454545456,0.0013774104683195593,0.0026737967914438505,1,21,725,5746,0.030303030303030304,0.9453125,0.5,0.654054054054054,363,21,363,2,1,0.5,13,1,12,0.07692307692307693,0.04067222143765005,0.04406157322412088,22920.0,0.7140186915887851,-1.4893510215738444,-2.0,2.0,12.766224460653891,-2.7752602412643577,-2.0,2.0,-19.381506031608943,-2.489351021573845,-4.0,2.0,25.177482973769248,1,12,1,-2.4792983410753284,-2.0,2.0,21
realKnownCause/ambient_temperature_system_failure.csv,realKnownCause,ambient_temperature_system_failure,C_iforest_contextual,budget,0.005,0.617510331706334,6493,32,0.0049283844139842905,295.0416666666667,0.0625,0.0027548209366391185,0.005277044854881266,2,30,724,5737,0.0440771349862259,0.9603174603174603,1.0,0.9797570850202428,726,30,0,2,2,1.0,23,2,21,0.08695652173913043,0.07117638751588758,0.07795509108882925,16170.0,0.5738601745236743,-0.5607882136703531,-2.0,2.0,35.98029465824118,-2.8195347661843524,-2.0,2.0,-20.48836915460881,-0.5607882136703531,-4.0,2.0,57.32019643882745,2,21,0,-1.5507355331718367,-2.0,2.0,30
realKnownCause/ambient_temperature_system_failure.csv,realKnownCause,ambient_temperature_system_failure,C_iforest_contextual,train,0.005,0.6201939653092837,6493,29,0.004466348375173263,295.0416666666667,0.06896551724137931,0.0027548209366391185,0.005298013245033113,2,27,724,5740,0.03994490358126722,0.9641434262948207,1.0,0.9817444219066938,726,27,0,2,2,1.0,20,2,18,0.1,0.06100833215647507,0.06778703572941674,16170.0,0.5738601745236743,-0.23078821367035315,-2.0,2.0,44.23029465824117,-2.1595347661843527,-2.0,2.0,-3.9883691546088174,-0.23078821367035315,-4.0,2.0,62.82019643882745,2,18,0,-1.2207355331718368,-2.0,2.0,27
realKnownCause/ambient_temperature_system_failure.csv,realKnownCause,ambient_temperature_system_failure,C_iforest_contextual,budget,0.01,0.5980419780889519,6493,64,0.009856768827968581,295.0416666666667,0.125,0.011019283746556474,0.020253164556962026,8,56,718,5711,0.0881542699724518,0.928388746803069,1.0,0.9628647214854111,726,56,0,2,2,1.0,45,7,38,0.15555555555555556,0.12879536788589183,0.15252083039118766,4800.0,0.2026823978933237,-2.0723933225089293,-2.0,2.0,-1.8098330627232317,-6.080185769100179,-2.0,2.0,-102.00464422750449,-2.0723933225089293,-4.0,2.0,32.12677795818451,2,38,0,-4.052277332488596,-2.0,2.0,56
realKnownCause/ambient_temperature_system_failure.csv,realKnownCause,ambient_temperature_system_failure,C_iforest_contextual,train,0.01,0.5922607327000383,6493,82,0.012628985060834746,295.0416666666667,0.12195121951219512,0.013774104683195593,0.02475247524752475,10,72,716,5695,0.11294765840220386,0.9097744360902256,1.0,0.952755905511811,726,72,0,2,2,1.0,59,9,50,0.15254237288135594,0.16946758932354186,0.1999717554017794,4800.0,0.2026823978933237,-3.304567306815489,-2.0,2.0,-32.61418267038722,-8.544533737713303,-2.0,2.0,-163.6133434428326,-3.304567306815489,-4.0,2.0,11.590544886408516,2,50,0,-5.71136424405836,-2.0,2.0,72
realKnownCause/ambient_temperature_system_failure.csv,realKnownCause,ambient_temperature_system_failure,C_iforest_contextual,budget,0.02,0.582582898352615,6493,129,0.019867549668874173,295.0416666666667,0.17829457364341086,0.03168044077134986,0.05380116959064327,23,106,703,5661,0.17768595041322313,0.8725961538461539,1.0,0.9319640564826701,726,106,0,2,2,1.0,94,17,77,0.18085106382978725,0.26098008755825447,0.3185990679282587,3810.0,0.15710228739608612,-6.0937596325879815,-2.0,2.0,-102.34399081469954,-14.14721788879008,-2.0,2.0,-303.68044721975195,-6.0937596325879815,-4.0,2.0,-34.895993876466356,2,77,0,-9.270515212917227,-2.0,2.0,106
realKnownCause/ambient_temperature_system_failure.csv,realKnownCause,ambient_temperature_system_failure,C_iforest_contextual,train,0.02,0.5759848036339178,6493,174,0.02679809025103958,295.0416666666667,0.1896551724137931,0.045454545454545456,0.07333333333333333,33,141,693,5626,0.2396694214876033,0.8373702422145328,1.0,0.911487758945386,726,141,0,2,2,1.0,118,23,95,0.19491525423728814,0.3219884197147295,0.3999435108035588,3270.0,0.13224040894304745,-8.083294531873438,-2.0,2.0,-152.08236329683595,-18.135719772658152,-2.0,2.0,-403.39299431645384,-8.083294531873438,-4.0,2.0,-68.0549088645573,2,95,0,-12.933068329948709,-2.0,2.0,141
realKnownCause/ambient_temperature_system_failure.csv,realKnownCause,ambient_temperature_system_failure,C_iforest_contextual,budget,0.05,0.5607230287306071,6493,324,0.049899892191590946,295.0416666666667,0.2006172839506173,0.08953168044077135,0.1238095238095238,65,259,661,5508,0.4462809917355372,0.7370558375634517,1.0,0.8486265341905318,726,259,0,2,2,1.0,214,39,175,0.1822429906542056,0.5931365626323966,0.7253212823047591,930.0,0.04058449940620643,-16.447839712417608,-2.0,2.0,-361.1959928104402,-34.888932105972316,-2.0,2.0,-822.2233026493079,-16.447839712417608,-4.0,2.0,-207.46399520696013,2,175,0,-25.09862803234838,-2.0,2.0,259
realKnownCause/ambient_temperature_system_failure.csv,realKnownCause,ambient_temperature_system_failure,C_iforest_contextual,train,0.05,0.5494253336903503,6493,485,0.0746958262744494,295.0416666666667,0.2020618556701031,0.1349862258953168,0.16184971098265896,98,387,628,5380,0.6680440771349863,0.6522911051212938,1.0,0.7895595432300163,726,387,0,2,2,1.0,304,51,253,0.16776315789473684,0.8575060019771218,1.0303629430871346,810.0,0.035059637527753394,-24.53672462720636,-2.0,2.0,-563.4181156801591,-51.06773006184366,-2.0,2.0,-1226.6932515460915,-24.53672462720636,-4.0,2.0,-342.27874378677274,2,253,0,-38.52957257387625,-2.0,2.0,387
realKnownCause/cpu_utilization_asg_misconfiguration.csv,realKnownCause,cpu_utilization_asg_misconfiguration,A_rolling_zscore,budget,0.0005,9.903375991512936,17012,8,0.00047025628967787447,59.06597222222222,0.125,0.00066711140760507,0.0013271400132714001,1,7,1498,15506,0.00533689126084056,0.9953519256308101,1.0,0.9976705490848585,1499,7,0,1,1,1.0,8,1,7,0.125,0.11851155134912704,0.1354417729704309,1240.0,0.16555407209612816,0.21280454921163716,-1.0,1.0,60.64022746058186,-0.5571954507883629,-1.0,1.0,22.14022746058186,0.21280454921163716,-2.0,1.0,73.76015164038792,1,7,0,0.21280454921163716,-1.0,1.0,7
realKnownCause/cpu_utilization_asg_misconfiguration.csv,realKnownCause,cpu_utilization_asg_misconfiguration,A_rolling_zscore,train,0.0005,7.103689103341079,17012,33,0.0019398071949212321,59.06597222222222,0.030303030303030304,0.00066711140760507,0.0013054830287206264,1,32,1498,15481,0.022014676450967312,0.9790986283474853,1.0,0.9894389438943895,1499,32,0,1,1,1.0,33,1,32,0.030303030303030304,0.5417670918817236,0.5586973135030274,1240.0,0.16555407209612816,-2.537195450788363,-1.0,1.0,-76.85977253941816,-6.057195450788362,-1.0,1.0,-252.85977253941812,-2.537195450788363,-2.0,1.0,-17.906515026278772,1,32,0,-2.537195450788363,-1.0,1.0,32
realKnownCause/cpu_utilization_asg_misconfiguration.csv,realKnownCause,cpu_utilization_asg_misconfiguration,A_rolling_zscore,budget,0.001,8.690117264497426,17012,17,0.000999294615565483,59.06597222222222,0.058823529411764705,0.00066711140760507,0.0013192612137203166,1,16,1498,15497,0.01134089392928619,0.9894389438943895,1.0,0.9946914399469143,1499,16,0,1,1,1.0,17,1,16,0.058823529411764705,0.2708835459408618,0.28781376756216565,1240.0,0.16555407209612816,-0.7771954507883628,-1.0,1.0,11.140227460581858,-2.537195450788363,-1.0,1.0,-76.85977253941816,-0.7771954507883628,-2.0,1.0,40.7601516403879,1,16,0,-0.7771954507883628,-1.0,1.0,16
realKnownCause/cpu_utilization_asg_misconfiguration.csv,realKnownCause,cpu_utilization_asg_misconfiguration,A_rolling_zscore,train,0.001,7.059692269502026,17012,33,0.0019398071949212321,59.06597222222222,0.030303030303030304,0.00066711140760507,0.0013054830287206264,1,32,1498,15481,0.022014676450967312,0.9790986283474853,1.0,0.9894389438943895,1499,32,0,1,1,1.0,33,1,32,0.030303030303030304,0.5417670918817236,0.5586973135030274,1240.0,0.16555407209612816,-2.537195450788363,-1.0,1.0,-76.85977253941816,-6.057195450788362,-1.0,1.0,-252.85977253941812,-2.537195450788363,-2.0,1.0,-17.906515026278772,1,32,0,-2.537195450788363,-1.0,1.0,32
realKnownCause/cpu_utilization_asg_misconfiguration.csv,realKnownCause,cpu_utilization_asg_misconfiguration,A_rolling_zscore,budget,0.002,6.7646516449277465,17012,34,0.001998589231130966,59.06597222222222,0.029411764705882353,0.00066711140760507,0.001304631441617743,1,33,1498,15480,0.02268178785857238,0.9784595300261096,1.0,0.9891125041240515,1499,33,0,1,1,1.0,34,1,33,0.029411764705882353,0.5586973135030274,0.5756275351243313,1240.0,0.16555407209612816,-2.647195450788363,-1.0,1.0,-82.35977253941815,-6.277195450788362,-1.0,1.0,-263.8597725394181,-2.647195450788363,-2.0,1.0,-21.573181692945436,1,33,0,-2.647195450788363,-1.0,1.0,33
realKnownCause/cpu_utilization_asg_misconfiguration.csv,realKnownCause,cpu_utilization_asg_misconfiguration,A_rolling_zscore,train,0.002,5.884951579310496,17012,77,0.004526216788149542,59.06597222222222,0.05194805194805195,0.00266844563042028,0.005076142131979696,4,73,1495,15440,0.0513675783855904,0.9535623409669212,1.0,0.9762292412894823,1499,73,0,1,1,1.0,77,4,73,0.05194805194805195,1.235906178355182,1.3036270648403974,40.0,0.0053404539385847796,-7.03036438828268,-1.0,1.0,-301.518219414134,-15.060364388282691,-1.0,1.0,-703.0182194141346,-7.03036438828268,-2.0,1.0,-167.67881294275602,1,73,0,-7.03036438828268,-1.0,1.0,73
realKnownCause/cpu_utilization_asg_misconfiguration.csv,realKnownCause,cpu_utilization_asg_misconfiguration,A_rolling_zscore,budget,0.005,5.811286722891797,17012,85,0.004996473077827416,59.06597222222222,0.047058823529411764,0.00266844563042028,0.00505050505050505,4,81,1495,15432,0.05670446964643095,0.9487341772151898,1.0,0.9736927573887626,1499,81,0,1,1,1.0,85,4,81,0.047058823529411764,1.3713479513256128,1.4390688378108283,40.0,0.0053404539385847796,-7.910364388282683,-1.0,1.0,-345.51821941413414,-16.82036438828269,-1.0,1.0,-791.0182194141346,-7.910364388282683,-2.0,1.0,-197.01214627608942,1,81,0,-7.910364388282683,-1.0,1.0,81
realKnownCause/cpu_utilization_asg_misconfiguration.csv,realKnownCause,cpu_utilization_asg_misconfiguration,A_rolling_zscore,train,0.005,4.355328406592896,17012,149,0.008758523395250411,59.06597222222222,0.10738255033557047,0.01067378252168112,0.019417475728155338,16,133,1483,15380,0.09939959973315543,0.9185049019607843,1.0,0.9575215586074737,1499,133,0,1,1,1.0,148,16,132,0.10810810810810811,2.2347892540121097,2.5056727999529715,40.0,0.0053404539385847796,-13.520364388282655,-1.0,1.0,-626.0182194141328,-28.040364388282633,-1.0,1.0,-1352.0182194141316,-13.520364388282655,-2.0,1.0,-384.0121462760885,1,132,0,-13.630364388282654,-1.0,1.0,133
realKnownCause/cpu_utilization_asg_misconfiguration.csv,realKnownCause,cpu_utilization_asg_misconfiguration,A_rolling_zscore,budget,0.01,3.8141865045922243,17012,170,0.009992946155654832,59.06597222222222,0.12352941176470589,0.014009339559706471,0.025164769322947877,21,149,1478,15364,0.1134089392928619,0.9095873786407767,1.0,0.9526533206228154,1499,149,0,1,1,1.0,168,21,147,0.125,2.4887425783316677,2.844277232379049,40.0,0.0053404539385847796,-15.170364388282646,-1.0,1.0,-708.5182194141323,-31.340364388282616,-1.0,1.0,-1517.0182194141307,-15.170364388282646,-2.0,1.0,-439.01214627608823,1,147,0,-15.390364388282645,-1.0,1.0,149
realKnownCause/cpu_utilization_asg_misconfiguration.csv,realKnownCause,cpu_utilization_asg_misconfiguration,A_rolling_zscore,train,0.01,3.7858560319474437,17012,176,0.010345638372913237,59.06597222222222,0.11931818181818182,0.014009339559706471,0.025074626865671645,21,155,1478,15358,0.11741160773849232,0.9062877871825876,1.0,0.9508404693942277,1499,155,0,1,1,1.0,174,21,153,0.1206896551724138,2.590323908059491,2.945858562106872,40.0,0.0053404539385847796,-15.830364388282643,-1.0,1.0,-741.5182194141321,-32.66036438828261,-1.0,1.0,-1583.0182194141305,-15.830364388282643,-2.0,1.0,-461.01214627608806,1,153,0,-16.05036438828264,-1.0,1.0,155
realKnownCause/cpu_utilization_asg_misconfiguration.csv,realKnownCause,cpu_utilization_asg_misconfiguration,A_rolling_zscore,budget,0.02,3.251730172380908,17012,340,0.019985892311309664,59.06597222222222,0.08823529411764706,0.0200133422281521,0.032626427406199025,30,310,1469,15203,0.2268178785857238,0.8286346047540077,1.0,0.9062877871825876,1499,310,0,1,1,1.0,329,28,301,0.0851063829787234,5.095996708012462,5.570042913408971,40.0,0.0053404539385847796,-32.11036438828256,-1.0,1.0,-1555.518219414128,-65.22036438828245,-1.0,1.0,-3211.0182194141225,-32.11036438828256,-2.0,1.0,-1003.678812942752,1,301,0,-33.10036438828256,-1.0,1.0,310
realKnownCause/cpu_utilization_asg_misconfiguration.csv,realKnownCause,cpu_utilization_asg_misconfiguration,A_rolling_zscore,train,0.02,3.1919621053589884,17012,490,0.02880319774276981,59.06597222222222,0.061224489795918366,0.0200133422281521,0.0301659125188537,30,460,1469,15053,0.3268845897264843,0.7651863195507912,1.0,0.866975130133025,1499,460,0,1,1,1.0,476,28,448,0.058823529411764705,7.5847392863441305,8.058785491740638,40.0,0.0053404539385847796,-48.28036438828248,-1.0,1.0,-2364.018219414124,-97.56036438828228,-1.0,1.0,-4828.018219414114,-48.28036438828248,-2.0,1.0,-1542.6788129427493,1,448,0,-49.60036438828247,-1.0,1.0,460
realKnownCause/cpu_utilization_asg_misconfiguration.csv,realKnownCause,cpu_utilization_asg_misconfiguration,A_rolling_zscore,budget,0.05,2.9269703179219024,17012,850,0.04996473077827416,59.06597222222222,0.04352941176470588,0.024683122081387593,0.031502767134951044,37,813,1462,14700,0.5670446964643095,0.648356401384083,1.0,0.786670165310942,1499,813,0,1,1,1.0,826,32,794,0.0387409200968523,13.442595967315267,13.98436305919699,40.0,0.0053404539385847796,-86.34036438828228,-1.0,1.0,-4267.018219414114,-173.6803643882819,-1.0,1.0,-8634.018219414094,-86.34036438828228,-2.0,1.0,-2811.3454796094097,1,794,0,-88.43036438828227,-1.0,1.0,813
realKnownCause/cpu_utilization_asg_misconfiguration.csv,realKnownCause,cpu_utilization_asg_misconfiguration,A_rolling_zscore,train,0.05,2.7992092774719604,17012,958,0.056313190688925464,59.06597222222222,0.04279749478079332,0.027351567711807873,0.03337403337403337,41,917,1458,14596,0.6390927284856571,0.6204470198675497,1.0,0.765772669220945,1499,917,0,1,1,1.0,930,36,894,0.03870967741935484,15.135618129445653,15.745106107812592,40.0,0.0053404539385847796,-97.34036438828223,-1.0,1.0,-4817.018219414112,-195.6803643882818,-1.0,1.0,-9734.018219414089,-97.34036438828223,-2.0,1.0,-3178.0121462760744,1,894,0,-99.87036438828221,-1.0,1.0,917
realKnownCause/cpu_utilization_asg_misconfiguration.csv,realKnownCause,cpu_utilization_asg_misconfiguration,B_iforest_raw,budget,0.0005,0.7840889720850053,17012,8,0.00047025628967787447,59.06597222222222,0.0,0.0,0.0,0,8,1499,15505,0.00533689126084056,0.0,0.0,0.0,0,8,1499,1,0,0.0,8,0,8,0.0,0.1354417729704309,0.1354417729704309,,,-1.8800000000000008,-1.0,1.0,-44.00000000000004,-2.7600000000000007,-1.0,1.0,-88.00000000000003,-2.879999999999999,-2.0,1.0,-29.3333333333333,0,8,1,-1.8800000000000008,-1.0,1.0,8
realKnownCause/cpu_utilization_asg_misconfiguration.csv,realKnownCause,cpu_utilization_asg_misconfiguration,B_iforest_raw,train,0.0005,0.764785974448053,17012,432,0.02539383964260522,59.06597222222222,0.09490740740740741,0.027351567711807873,0.0424650440186432,41,391,1458,15122,0.28819212808539024,0.7931216931216931,1.0,0.8846267335497197,1499,391,0,1,1,1.0,424,39,385,0.09198113207547169,6.518135324201987,7.178413967432838,40.0,0.0053404539385847796,-41.350364388282514,-1.0,1.0,-2017.5182194141257,-83.70036438828235,-1.0,1.0,-4135.018219414118,-41.350364388282514,-2.0,1.0,-1311.6788129427505,1,385,0,-42.01036438828251,-1.0,1.0,391
realKnownCause/cpu_utilization_asg_misconfiguration.csv,realKnownCause,cpu_utilization_asg_misconfiguration,B_iforest_raw,budget,0.001,0.7840889720850053,17012,17,0.000999294615565483,59.06597222222222,0.0,0.0,0.0,0,17,1499,15496,0.01134089392928619,0.0,0.0,0.0,0,17,1499,1,0,0.0,17,0,17,0.0,0.28781376756216565,0.28781376756216565,,,-2.87,-1.0,1.0,-93.5,-4.740000000000001,-1.0,1.0,-187.00000000000006,-3.869999999999998,-2.0,1.0,-62.333333333333265,0,17,1,-2.87,-1.0,1.0,17
realKnownCause/cpu_utilization_asg_misconfiguration.csv,realKnownCause,cpu_utilization_asg_misconfiguration,B_iforest_raw,train,0.001,0.7454829768111005,17012,601,0.035328003762050315,59.06597222222222,0.15141430948419302,0.06070713809206137,0.08666666666666666,91,510,1408,15003,0.40093395597064707,0.7461423593827775,1.0,0.854618015963512,1499,510,0,1,1,1.0,566,65,501,0.11484098939929328,8.482041032273235,9.582505437657986,40.0,0.0053404539385847796,-54.11036438828245,-1.0,1.0,-2655.5182194141225,-109.22036438828222,-1.0,1.0,-5411.018219414111,-54.11036438828245,-2.0,1.0,-1737.0121462760817,1,501,0,-55.10036438828244,-1.0,1.0,510
realKnownCause/cpu_utilization_asg_misconfiguration.csv,realKnownCause,cpu_utilization_asg_misconfiguration,B_iforest_raw,budget,0.002,0.7840889720850053,17012,34,0.001998589231130966,59.06597222222222,0.0,0.0,0.0,0,34,1499,15479,0.02268178785857238,0.0,0.0,0.0,0,34,1499,1,0,0.0,34,0,34,0.0,0.5756275351243313,0.5756275351243313,,,-4.740000000000001,-1.0,1.0,-187.00000000000006,-8.479999999999999,-1.0,1.0,-373.99999999999994,-5.740000000000003,-2.0,1.0,-124.66666666666676,0,34,1,-4.740000000000001,-1.0,1.0,34
realKnownCause/cpu_utilization_asg_misconfiguration.csv,realKnownCause,cpu_utilization_asg_misconfiguration,B_iforest_raw,train,0.002,0.7300856792997048,17012,838,0.049259346343757344,59.06597222222222,0.15274463007159905,0.08539026017344896,0.10954214805305947,128,710,1371,14803,0.5590393595730487,0.6785875961973744,1.0,0.8085221143473571,1499,710,0,1,1,1.0,775,81,694,0.10451612903225807,11.74957380518488,13.120921756510493,40.0,0.0053404539385847796,-75.34036438828234,-1.0,1.0,-3717.018219414117,-151.68036438828202,-1.0,1.0,-7534.018219414101,-75.34036438828234,-2.0,1.0,-2444.6788129427446,1,694,0,-77.10036438828233,-1.0,1.0,710
realKnownCause/cpu_utilization_asg_misconfiguration.csv,realKnownCause,cpu_utilization_asg_misconfiguration,B_iforest_raw,budget,0.005,0.7840889720850053,17012,85,0.004996473077827416,59.06597222222222,0.0,0.0,0.0,0,85,1499,15428,0.05670446964643095,0.0,0.0,0.0,0,85,1499,1,0,0.0,85,0,85,0.0,1.4390688378108283,1.4390688378108283,,,-10.349999999999998,-1.0,1.0,-467.4999999999999,-19.700000000000003,-1.0,1.0,-935.0000000000001,-11.349999999999993,-2.0,1.0,-311.6666666666664,0,85,1,-10.349999999999998,-1.0,1.0,85
realKnownCause/cpu_utilization_asg_misconfiguration.csv,realKnownCause,cpu_utilization_asg_misconfiguration,B_iforest_raw,train,0.005,0.7260729928688876,17012,978,0.05748883141312015,59.06597222222222,0.14314928425357873,0.0933955970647098,0.11303996770286635,140,838,1359,14675,0.6524349566377585,0.6414206247325631,1.0,0.7815432742440042,1499,838,0,1,1,1.0,881,85,796,0.09648127128263337,13.476456410557875,14.915525248368702,40.0,0.0053404539385847796,-86.56036438828228,-1.0,1.0,-4278.018219414114,-174.1203643882819,-1.0,1.0,-8656.018219414094,-86.56036438828228,-2.0,1.0,-2818.6788129427428,1,796,0,-91.18036438828226,-1.0,1.0,838
realKnownCause/cpu_utilization_asg_misconfiguration.csv,realKnownCause,cpu_utilization_asg_misconfiguration,B_iforest_raw,budget,0.01,0.7840889720850053,17012,170,0.009992946155654832,59.06597222222222,0.0,0.0,0.0,0,170,1499,15343,0.1134089392928619,0.0,0.0,0.0,0,170,1499,1,0,0.0,165,0,165,0.0,2.7934865675151372,2.7934865675151372,,,-19.149999999999952,-1.0,1.0,-907.4999999999976,-37.29999999999991,-1.0,1.0,-1814.9999999999957,-20.14999999999995,-2.0,1.0,-604.9999999999983,0,165,1,-19.69999999999995,-1.0,1.0,170
realKnownCause/cpu_utilization_asg_misconfiguration.csv,realKnownCause,cpu_utilization_asg_misconfiguration,B_iforest_raw,train,0.01,0.7184378884257027,17012,1106,0.06501293204796614,59.06597222222222,0.15913200723327306,0.11741160773849232,0.13512476007677543,176,930,1323,14583,0.7378252168112075,0.6171263894606834,1.0,0.7632382892057026,1499,930,0,1,1,1.0,940,97,843,0.10319148936170212,14.272176826759155,15.914408324025631,40.0,0.0053404539385847796,-91.73036438828225,-1.0,1.0,-4536.5182194141125,-184.46036438828185,-1.0,1.0,-9173.018219414093,-91.73036438828225,-2.0,1.0,-2991.012146276075,1,843,0,-101.3003643882822,-1.0,1.0,930
realKnownCause/cpu_utilization_asg_misconfiguration.csv,realKnownCause,cpu_utilization_asg_misconfiguration,B_iforest_raw,budget,0.02,0.7840889720850053,17012,340,0.019985892311309664,59.06597222222222,0.0,0.0,0.0,0,340,1499,15173,0.2268178785857238,0.0,0.0,0.0,0,340,1499,1,0,0.0,334,0,334,0.0,5.65469402151549,5.65469402151549,,,-37.73999999999986,-1.0,1.0,-1836.999999999993,-74.47999999999972,-1.0,1.0,-3673.999999999986,-38.73999999999985,-2.0,1.0,-1224.6666666666617,0,334,1,-38.39999999999986,-1.0,1.0,340
realKnownCause/cpu_utilization_asg_misconfiguration.csv,realKnownCause,cpu_utilization_asg_misconfiguration,B_iforest_raw,train,0.02,0.6895489261888481,17012,1620,0.09522689865976958,59.06597222222222,0.21975308641975308,0.23749166110740494,0.2282782943251042,356,1264,1143,14249,1.0,0.5425262395946435,1.0,0.7034256217738152,1499,1264,0,1,1,1.0,1119,106,1013,0.09472743521000894,17.150314502380812,18.944917994239024,40.0,0.0053404539385847796,-110.43036438828216,-1.0,1.0,-5471.518219414108,-221.86036438828165,-1.0,1.0,-11043.018219414083,-110.43036438828216,-2.0,1.0,-3614.345479609405,1,1013,0,-138.0403643882833,-1.0,1.0,1264
realKnownCause/cpu_utilization_asg_misconfiguration.csv,realKnownCause,cpu_utilization_asg_misconfiguration,B_iforest_raw,budget,0.05,0.7290843777644069,17012,850,0.04996473077827416,59.06597222222222,0.15058823529411763,0.08539026017344896,0.10898254576415495,128,722,1371,14791,0.5670446964643095,0.6749212066636651,1.0,0.8059139784946237,1499,722,0,1,1,1.0,786,81,705,0.10305343511450382,11.935806243019224,13.307154194344836,40.0,0.0053404539385847796,-76.55036438828233,-1.0,1.0,-3777.5182194141166,-154.100364388282,-1.0,1.0,-7655.0182194141,-76.55036438828233,-2.0,1.0,-2485.0121462760776,1,705,0,-78.42036438828232,-1.0,1.0,722
realKnownCause/cpu_utilization_asg_misconfiguration.csv,realKnownCause,cpu_utilization_asg_misconfiguration,B_iforest_raw,train,0.05,0.6346271979947753,17012,3798,0.2232541735245709,59.06597222222222,0.2859399684044234,0.7244829886591061,0.4100434208042288,1086,2712,413,12801,1.0,0.35597245309902636,1.0,0.5250437828371279,1499,2712,0,1,1,1.0,1468,39,1429,0.02656675749318801,24.19328669684322,24.85356534007407,40.0,0.0053404539385847796,-156.19036438828556,-1.0,1.0,-7759.518219414278,-313.38036438828857,-1.0,1.0,-15619.018219414429,-156.19036438828556,-2.0,1.0,-5139.678812942852,1,1429,0,-297.32036438830306,-1.0,1.0,2712
realKnownCause/cpu_utilization_asg_misconfiguration.csv,realKnownCause,cpu_utilization_asg_misconfiguration,C_iforest_contextual,budget,0.0005,0.7465971160534358,17012,8,0.00047025628967787447,59.06597222222222,0.125,0.00066711140760507,0.0013271400132714001,1,7,1498,15506,0.00533689126084056,0.9953519256308101,1.0,0.9976705490848585,1499,7,0,1,1,1.0,8,1,7,0.125,0.11851155134912704,0.1354417729704309,220.0,0.029372496662216287,0.22787186919011104,-1.0,1.0,61.393593459505546,-0.542128130809889,-1.0,1.0,22.893593459505553,0.22787186919011104,-2.0,1.0,74.26239563967037,1,7,0,0.22787186919011104,-1.0,1.0,7
realKnownCause/cpu_utilization_asg_misconfiguration.csv,realKnownCause,cpu_utilization_asg_misconfiguration,C_iforest_contextual,train,0.0005,0.7270334283684136,17012,428,0.025158711497766283,59.06597222222222,0.053738317757009345,0.015343562374916611,0.023871302542812663,23,405,1476,15108,0.28552368245497,0.7872899159663865,1.0,0.8809873640905083,1499,405,0,1,1,1.0,428,23,405,0.053738317757009345,6.856739756628064,7.246134853918053,40.0,0.0053404539385847796,-43.5503643882825,-1.0,1.0,-2127.5182194141253,-88.10036438828233,-1.0,1.0,-4355.018219414116,-43.5503643882825,-2.0,1.0,-1385.0121462760835,1,405,0,-43.5503643882825,-1.0,1.0,405
realKnownCause/cpu_utilization_asg_misconfiguration.csv,realKnownCause,cpu_utilization_asg_misconfiguration,C_iforest_contextual,budget,0.001,0.7450265884017203,17012,17,0.000999294615565483,59.06597222222222,0.11764705882352941,0.00133422281521014,0.002638522427440633,2,15,1497,15498,0.01134089392928619,0.9900924702774109,1.0,0.9950215731828742,1499,15,0,1,1,1.0,17,2,15,0.11764705882352941,0.2539533243195579,0.28781376756216565,220.0,0.029372496662216287,-0.652128130809889,-1.0,1.0,17.393593459505553,-2.3021281308098893,-1.0,1.0,-65.10640654049446,-0.652128130809889,-2.0,1.0,44.92906230633704,1,15,0,-0.652128130809889,-1.0,1.0,15
realKnownCause/cpu_utilization_asg_misconfiguration.csv,realKnownCause,cpu_utilization_asg_misconfiguration,C_iforest_contextual,train,0.001,0.7212002697237143,17012,518,0.03044909475664237,59.06597222222222,0.052123552123552123,0.01801200800533689,0.02677243430837878,27,491,1472,15022,0.3455637091394263,0.7532663316582915,1.0,0.8592719977070794,1499,491,0,1,1,1.0,515,27,488,0.05242718446601942,8.261948151196284,8.71906413497149,40.0,0.0053404539385847796,-52.680364388282456,-1.0,1.0,-2584.018219414123,-106.36036438828224,-1.0,1.0,-5268.018219414112,-52.680364388282456,-2.0,1.0,-1689.3454796094154,1,488,0,-53.010364388282454,-1.0,1.0,491
realKnownCause/cpu_utilization_asg_misconfiguration.csv,realKnownCause,cpu_utilization_asg_misconfiguration,C_iforest_contextual,budget,0.002,0.7438476692896077,17012,34,0.001998589231130966,59.06597222222222,0.058823529411764705,0.00133422281521014,0.002609262883235486,2,32,1497,15481,0.02268178785857238,0.9790986283474853,1.0,0.9894389438943895,1499,32,0,1,1,1.0,34,2,32,0.058823529411764705,0.5417670918817236,0.5756275351243313,220.0,0.029372496662216287,-2.522128130809889,-1.0,1.0,-76.10640654049445,-6.042128130809888,-1.0,1.0,-252.10640654049442,-2.522128130809889,-2.0,1.0,-17.4042710269963,1,32,0,-2.522128130809889,-1.0,1.0,32
realKnownCause/cpu_utilization_asg_misconfiguration.csv,realKnownCause,cpu_utilization_asg_misconfiguration,C_iforest_contextual,train,0.002,0.7154677643591476,17012,606,0.035621913943098986,59.06597222222222,0.0462046204620462,0.018679119412941963,0.026603325415676962,28,578,1471,14935,0.4042695130086724,0.7217140105922003,1.0,0.8383668903803132,1499,578,0,1,1,1.0,588,28,560,0.047619047619047616,9.480924107930162,9.95497031332667,40.0,0.0053404539385847796,-60.600364388282415,-1.0,1.0,-2980.0182194141207,-122.20036438828215,-1.0,1.0,-6060.018219414108,-60.600364388282415,-2.0,1.0,-1953.3454796094138,1,560,0,-62.580364388282405,-1.0,1.0,578
realKnownCause/cpu_utilization_asg_misconfiguration.csv,realKnownCause,cpu_utilization_asg_misconfiguration,C_iforest_contextual,budget,0.005,0.7408478118402454,17012,85,0.004996473077827416,59.06597222222222,0.058823529411764705,0.00333555703802535,0.006313131313131313,5,80,1494,15433,0.05670446964643095,0.9493350221659278,1.0,0.9740090968161144,1499,80,0,1,1,1.0,85,5,80,0.058823529411764705,1.354417729704309,1.4390688378108283,40.0,0.0053404539385847796,-7.8003643882826825,-1.0,1.0,-340.01821941413414,-16.600364388282692,-1.0,1.0,-780.0182194141346,-7.8003643882826825,-2.0,1.0,-193.34547960942277,1,80,0,-7.8003643882826825,-1.0,1.0,80
realKnownCause/cpu_utilization_asg_misconfiguration.csv,realKnownCause,cpu_utilization_asg_misconfiguration,C_iforest_contextual,train,0.005,0.6775369379950752,17012,1218,0.07159652010345638,59.06597222222222,0.10098522167487685,0.08205470313542361,0.09054103790945897,123,1095,1376,14418,0.8125416944629753,0.5778720123361604,1.0,0.7324700708526753,1499,1095,0,1,1,1.0,945,71,874,0.07513227513227513,14.797013697019576,15.99905943213215,40.0,0.0053404539385847796,-95.14036438828224,-1.0,1.0,-4707.018219414112,-191.2803643882818,-1.0,1.0,-9514.01821941409,-95.14036438828224,-2.0,1.0,-3104.678812942741,1,874,0,-119.45036438828211,-1.0,1.0,1095
realKnownCause/cpu_utilization_asg_misconfiguration.csv,realKnownCause,cpu_utilization_asg_misconfiguration,C_iforest_contextual,budget,0.01,0.7383315667918681,17012,170,0.009992946155654832,59.06597222222222,0.029411764705882353,0.00333555703802535,0.005991611743559017,5,165,1494,15348,0.1134089392928619,0.9008413461538461,1.0,0.9478343344925703,1499,165,0,1,1,1.0,170,5,165,0.029411764705882353,2.7934865675151372,2.8781376756216566,40.0,0.0053404539385847796,-17.150364388282636,-1.0,1.0,-807.5182194141317,-35.300364388282595,-1.0,1.0,-1715.0182194141298,-17.150364388282636,-2.0,1.0,-505.01214627608783,1,165,0,-17.150364388282636,-1.0,1.0,165
realKnownCause/cpu_utilization_asg_misconfiguration.csv,realKnownCause,cpu_utilization_asg_misconfiguration,C_iforest_contextual,train,0.01,0.6722308389028089,17012,1326,0.07794498001410768,59.06597222222222,0.10256410256410256,0.09072715143428953,0.09628318584070797,136,1190,1363,14323,0.8845897264843229,0.5574563034585348,1.0,0.71585482330468,1499,1190,0,1,1,1.0,999,75,924,0.07507507507507508,15.64352477808477,16.91329139968256,40.0,0.0053404539385847796,-100.64036438828221,-1.0,1.0,-4982.018219414111,-202.28036438828175,-1.0,1.0,-10064.018219414087,-100.64036438828221,-2.0,1.0,-3288.012146276074,1,924,0,-129.9003643882823,-1.0,1.0,1190
realKnownCause/cpu_utilization_asg_misconfiguration.csv,realKnownCause,cpu_utilization_asg_misconfiguration,C_iforest_contextual,budget,0.02,0.7313229739653798,17012,340,0.019985892311309664,59.06597222222222,0.041176470588235294,0.009339559706470981,0.015225666122892877,14,326,1485,15187,0.2268178785857238,0.8213698630136986,1.0,0.9019253910950662,1499,326,0,1,1,1.0,340,14,326,0.041176470588235294,5.519252248545059,5.756275351243313,40.0,0.0053404539385847796,-34.86036438828255,-1.0,1.0,-1693.0182194141273,-70.72036438828242,-1.0,1.0,-3486.018219414121,-34.86036438828255,-2.0,1.0,-1095.3454796094181,1,326,0,-34.86036438828255,-1.0,1.0,326
realKnownCause/cpu_utilization_asg_misconfiguration.csv,realKnownCause,cpu_utilization_asg_misconfiguration,C_iforest_contextual,train,0.02,0.6621720891907914,17012,1499,0.08811427227839172,59.06597222222222,0.10740493662441628,0.10740493662441628,0.10740493662441628,161,1338,1338,14175,1.0,0.5283750440606274,1.0,0.691420664206642,1499,1338,0,1,1,1.0,1065,81,984,0.07605633802816901,16.659338075363,18.030686026688613,40.0,0.0053404539385847796,-107.24036438828217,-1.0,1.0,-5312.018219414109,-215.48036438828169,-1.0,1.0,-10724.018219414083,-107.24036438828217,-2.0,1.0,-3508.0121462760726,1,984,0,-146.18036438828432,-1.0,1.0,1338
realKnownCause/cpu_utilization_asg_misconfiguration.csv,realKnownCause,cpu_utilization_asg_misconfiguration,C_iforest_contextual,budget,0.05,0.7023010128509644,17012,850,0.04996473077827416,59.06597222222222,0.06470588235294118,0.03669112741827885,0.046828437633035326,55,795,1444,14718,0.5670446964643095,0.6534437663469922,1.0,0.7904033746374901,1499,795,0,1,1,1.0,721,41,680,0.056865464632454926,11.512550702486626,12.206689788960086,40.0,0.0053404539385847796,-73.80036438828235,-1.0,1.0,-3640.0182194141175,-148.60036438828203,-1.0,1.0,-7380.018219414102,-73.80036438828235,-2.0,1.0,-2393.3454796094115,1,680,0,-86.45036438828228,-1.0,1.0,795
realKnownCause/cpu_utilization_asg_misconfiguration.csv,realKnownCause,cpu_utilization_asg_misconfiguration,C_iforest_contextual,train,0.05,0.5890123166422295,17012,3835,0.22542910886433107,59.06597222222222,0.19009126466753584,0.48632421614409604,0.27334083239595053,729,3106,770,12407,1.0,0.3255157437567861,1.0,0.49115334207077327,1499,3106,0,1,1,1.0,1296,69,1227,0.05324074074074074,20.773381929339838,21.941567221209805,40.0,0.0053404539385847796,-133.9703643882828,-1.0,1.0,-6648.51821941414,-268.94036438828306,-1.0,1.0,-13397.018219414153,-133.9703643882828,-2.0,1.0,-4399.0121462760935,1,1227,0,-340.66036438830844,-1.0,1.0,3106
realKnownCause/ec2_request_latency_system_failure.csv,realKnownCause,ec2_request_latency_system_failure,A_rolling_zscore,budget,0.0005,8.73913974361784,3173,1,0.0003151591553734636,11.01736111111111,1.0,0.002890173410404624,0.005763688760806917,1,0,345,2827,0.002890173410404624,1.0,0.21965317919075145,0.36018957345971564,76,0,270,3,1,0.3333333333333333,1,1,0,1.0,0.0,0.09076583674755752,335.0,0.8933333333333333,-1.7084006482318577,-3.0,3.0,21.52665586280237,-1.7084006482318577,-3.0,3.0,21.52665586280237,-3.7084006482318577,-6.0,3.0,25.462215019646024,1,0,2,-1.7084006482318577,-3.0,3.0,0
realKnownCause/ec2_request_latency_system_failure.csv,realKnownCause,ec2_request_latency_system_failure,A_rolling_zscore,train,0.0005,4.672025216286156,3173,11,0.0034667507091080997,11.01736111111111,0.5454545454545454,0.017341040462427744,0.03361344537815126,6,5,340,2822,0.031791907514450865,0.9857549857549858,1.0,0.9928263988522239,346,5,0,3,3,1.0,9,4,5,0.4444444444444444,0.4538291837377876,0.8168925307280177,256.6666666666667,0.4300497512437811,2.15752661340781,-3.0,3.0,85.95877689013018,1.6213627758385476,-3.0,3.0,77.02271293064246,2.15752661340781,-6.0,3.0,90.63918459342011,3,5,0,2.15752661340781,-3.0,3.0,5
realKnownCause/ec2_request_latency_system_failure.csv,realKnownCause,ec2_request_latency_system_failure,A_rolling_zscore,budget,0.001,7.249738984108768,3173,3,0.0009454774661203908,11.01736111111111,1.0,0.008670520231213872,0.017191977077363897,3,0,343,2827,0.008670520231213872,1.0,1.0,1.0,346,0,0,3,3,1.0,3,3,0,1.0,0.0,0.27229751024267257,335.0,0.6311111111111111,2.016406640190561,-3.0,3.0,83.60677733650935,2.016406640190561,-3.0,3.0,83.60677733650935,2.016406640190561,-6.0,3.0,89.07118489100623,3,0,0,2.016406640190561,-3.0,3.0,0
realKnownCause/ec2_request_latency_system_failure.csv,realKnownCause,ec2_request_latency_system_failure,A_rolling_zscore,train,0.001,4.401787951811964,3173,14,0.00441222817522849,11.01736111111111,0.42857142857142855,0.017341040462427744,0.03333333333333333,6,8,340,2819,0.04046242774566474,0.9774011299435028,1.0,0.9885714285714285,346,8,0,3,3,1.0,12,4,8,0.3333333333333333,0.7261266939804601,1.0891900409706903,256.6666666666667,0.4300497512437811,1.8367035272851508,-3.0,3.0,80.61172545475252,0.9797166035932285,-3.0,3.0,66.32861005988714,1.8367035272851508,-6.0,3.0,87.07448363650167,3,8,0,1.8367035272851508,-3.0,3.0,8
realKnownCause/ec2_request_latency_system_failure.csv,realKnownCause,ec2_request_latency_system_failure,A_rolling_zscore,budget,0.002,6.0775485472876705,3173,6,0.0018909549322407816,11.01736111111111,0.8333333333333334,0.014450867052023121,0.028409090909090908,5,1,341,2826,0.017341040462427744,0.9971181556195965,1.0,0.9985569985569985,346,1,0,3,3,1.0,4,3,1,0.75,0.09076583674755752,0.3630633469902301,328.3333333333333,0.6211608623548922,1.9283402916008574,-3.0,3.0,82.1390048600143,1.8208115293587555,-3.0,3.0,80.34685882264591,1.9283402916008574,-6.0,3.0,88.09266990667619,3,1,0,1.9283402916008574,-3.0,3.0,1
realKnownCause/ec2_request_latency_system_failure.csv,realKnownCause,ec2_request_latency_system_failure,A_rolling_zscore,train,0.002,3.959632648586096,3173,20,0.006303183107469272,11.01736111111111,0.35,0.02023121387283237,0.03825136612021858,7,13,339,2814,0.057803468208092484,0.9637883008356546,1.0,0.9815602836879432,346,13,0,3,3,1.0,18,5,13,0.2777777777777778,1.1799558777182477,1.6337850614560354,201.66666666666666,0.34796019900497516,1.4420572678184314,-3.0,3.0,74.03428779697386,0.08626187758761533,-3.0,3.0,51.43769795979359,1.4420572678184314,-6.0,3.0,82.68952519798258,3,13,0,1.4420572678184314,-3.0,3.0,13
realKnownCause/ec2_request_latency_system_failure.csv,realKnownCause,ec2_request_latency_system_failure,A_rolling_zscore,budget,0.005,4.106807372340302,3173,15,0.004727387330601954,11.01736111111111,0.4,0.017341040462427744,0.0332409972299169,6,9,340,2818,0.04335260115606936,0.9746478873239437,1.0,0.9871611982881597,346,9,0,3,3,1.0,13,4,9,0.3076923076923077,0.8168925307280177,1.1799558777182477,256.6666666666667,0.4300497512437811,1.7267035272851508,-3.0,3.0,78.77839212141919,0.7597166035932283,-3.0,3.0,62.66194339322047,1.7267035272851508,-6.0,3.0,85.85226141427945,3,9,0,1.7267035272851508,-3.0,3.0,9
realKnownCause/ec2_request_latency_system_failure.csv,realKnownCause,ec2_request_latency_system_failure,A_rolling_zscore,train,0.005,3.56758984774201,3173,28,0.00882445635045698,11.01736111111111,0.2857142857142857,0.023121387283236993,0.04278074866310161,8,20,338,2807,0.08092485549132948,0.9453551912568307,1.0,0.9719101123595506,346,20,0,3,3,1.0,25,5,20,0.2,1.8153167349511503,2.269145918688938,200.0,0.34547263681592044,0.6910014674665752,-3.0,3.0,61.51669112444292,-1.4175204597300948,-3.0,3.0,26.374659004498422,0.6910014674665752,-6.0,3.0,74.34446074962861,3,20,0,0.6910014674665752,-3.0,3.0,20
realKnownCause/ec2_request_latency_system_failure.csv,realKnownCause,ec2_request_latency_system_failure,A_rolling_zscore,budget,0.01,3.471066545994568,3173,31,0.009769933816577371,11.01736111111111,0.25806451612903225,0.023121387283236993,0.042440318302387266,8,23,338,2804,0.08959537572254335,0.9376693766937669,1.0,0.9678321678321679,346,23,0,3,3,1.0,28,5,23,0.17857142857142858,2.087614245193823,2.5414434289316103,200.0,0.34547263681592044,0.36100146746657524,-3.0,3.0,56.01669112444292,-2.0775204597300947,-3.0,3.0,15.37465900449842,0.36100146746657524,-6.0,3.0,70.67779408296195,3,23,0,0.36100146746657524,-3.0,3.0,23
realKnownCause/ec2_request_latency_system_failure.csv,realKnownCause,ec2_request_latency_system_failure,A_rolling_zscore,train,0.01,3.265114588355333,3173,45,0.014182161991805862,11.01736111111111,0.2,0.02601156069364162,0.04603580562659847,9,36,337,2791,0.13005780346820808,0.9057591623036649,1.0,0.9505494505494505,346,36,0,3,3,1.0,39,6,33,0.15384615384615385,2.9952726126693983,3.5398676331547434,200.0,0.34547263681592044,-0.7049447835362022,-3.0,3.0,38.25092027439663,-4.20941296173565,-3.0,3.0,-20.156882695594163,-0.7049447835362022,-6.0,3.0,58.83394684959775,3,33,0,-1.0349447835362022,-3.0,3.0,36
realKnownCause/ec2_request_latency_system_failure.csv,realKnownCause,ec2_request_latency_system_failure,A_rolling_zscore,budget,0.02,2.9676186156400406,3173,63,0.019855026788528206,11.01736111111111,0.1746031746031746,0.031791907514450865,0.053789731051344734,11,52,335,2775,0.18208092485549132,0.8693467336683417,1.0,0.9301075268817204,346,52,0,3,3,1.0,55,8,47,0.14545454545454545,4.265994327135203,4.992121021115664,70.0,0.15144278606965175,-1.9913266369045282,-3.0,3.0,16.811222718257863,-6.920198993521304,-3.0,3.0,-65.33664989202174,-1.9913266369045282,-6.0,3.0,44.54081514550524,3,47,0,-2.5413266369045284,-3.0,3.0,52
realKnownCause/ec2_request_latency_system_failure.csv,realKnownCause,ec2_request_latency_system_failure,A_rolling_zscore,train,0.02,2.933938947107204,3173,66,0.020800504254648598,11.01736111111111,0.16666666666666666,0.031791907514450865,0.05339805825242719,11,55,335,2772,0.1907514450867052,0.8628428927680798,1.0,0.9263721552878179,346,55,0,3,3,1.0,57,8,49,0.14035087719298245,4.447526000630319,5.173652694610778,70.0,0.15144278606965175,-2.211322016100199,-3.0,3.0,13.144633064996684,-7.360189751912644,-3.0,3.0,-72.66982919854406,-2.211322016100199,-6.0,3.0,42.096422043331124,3,49,0,-2.8712004048000757,-3.0,3.0,55
realKnownCause/ec2_request_latency_system_failure.csv,realKnownCause,ec2_request_latency_system_failure,A_rolling_zscore,budget,0.05,2.4054562336885117,3173,158,0.04979514654900725,11.01736111111111,0.0949367088607595,0.04335260115606936,0.05952380952380953,15,143,331,2684,0.45664739884393063,0.7075664621676891,1.0,0.8287425149700599,346,143,0,3,3,1.0,124,11,113,0.08870967741935484,10.256539552473999,11.254963756697132,63.333333333333336,0.14149253731343284,-9.160925987789854,-3.0,3.0,-102.68209979649758,-21.262723467858915,-3.0,3.0,-304.37872446431527,-9.160925987789854,-6.0,3.0,-35.121399864331714,3,113,0,-12.297691428993744,-3.0,3.0,143
realKnownCause/ec2_request_latency_system_failure.csv,realKnownCause,ec2_request_latency_system_failure,A_rolling_zscore,train,0.05,2.292683100143869,3173,187,0.05893476205483769,11.01736111111111,0.0855614973262032,0.046242774566473986,0.060037523452157605,16,171,330,2656,0.5404624277456648,0.6692456479690522,1.0,0.8018539976825028,346,171,0,3,3,1.0,150,11,139,0.07333333333333333,12.616451307910495,13.614875512133628,63.333333333333336,0.14149253731343284,-12.017327639046199,-3.0,3.0,-150.2887939841033,-26.97552677037161,-3.0,3.0,-399.5921128395268,-12.017327639046199,-6.0,3.0,-66.85919598940221,3,139,0,-15.374093080250086,-3.0,3.0,171
realKnownCause/ec2_request_latency_system_failure.csv,realKnownCause,ec2_request_latency_system_failure,B_iforest_raw,budget,0.0005,0.7856820999757699,3173,1,0.0003151591553734636,11.01736111111111,0.0,0.0,0.0,0,1,346,2826,0.002890173410404624,0.0,0.0,0.0,0,1,346,3,0,0.0,1,0,1,0.0,0.09076583674755752,0.09076583674755752,,,-3.11,-3.0,3.0,-1.8333333333333313,-3.22,-3.0,3.0,-3.66666666666667,-6.11,-6.0,3.0,-1.2222222222222259,0,1,3,-3.11,-3.0,3.0,1
realKnownCause/ec2_request_latency_system_failure.csv,realKnownCause,ec2_request_latency_system_failure,B_iforest_raw,train,0.0005,0.7824376106050673,3173,15,0.004727387330601954,11.01736111111111,0.6,0.02601156069364162,0.04986149584487534,9,6,337,2821,0.04335260115606936,0.9829545454545454,1.0,0.9914040114613181,346,6,0,3,3,1.0,11,5,6,0.45454545454545453,0.5445950204853451,0.9984242042231327,258.3333333333333,0.43253731343283586,2.0887624439341286,-3.0,3.0,84.81270739890213,1.4890979323224516,-3.0,3.0,74.81829887204086,2.0887624439341286,-6.0,3.0,89.87513826593477,3,6,0,2.0887624439341286,-3.0,3.0,6
realKnownCause/ec2_request_latency_system_failure.csv,realKnownCause,ec2_request_latency_system_failure,B_iforest_raw,budget,0.001,0.7856820999757699,3173,3,0.0009454774661203908,11.01736111111111,0.3333333333333333,0.002890173410404624,0.005730659025787965,1,2,345,2825,0.008670520231213872,0.9854014598540146,0.3901734104046243,0.5590062111801243,135,2,211,3,1,0.3333333333333333,3,1,2,0.3333333333333333,0.18153167349511504,0.27229751024267257,340.0,0.5074626865671642,-1.3536829373427182,-3.0,3.0,27.4386177109547,-1.5645060234653776,-3.0,3.0,23.924899608910376,-3.3536829373427177,-6.0,3.0,29.403522918414247,1,2,2,-1.3536829373427182,-3.0,3.0,2
realKnownCause/ec2_request_latency_system_failure.csv,realKnownCause,ec2_request_latency_system_failure,B_iforest_raw,train,0.001,0.7791931212343648,3173,16,0.005042546485975417,11.01736111111111,0.5625,0.02601156069364162,0.04972375690607735,9,7,337,2820,0.046242774566473986,0.9801699716713881,1.0,0.9899856938483548,346,7,0,3,3,1.0,12,5,7,0.4166666666666667,0.6353608572329026,1.0891900409706903,258.3333333333333,0.43253731343283586,1.9787624439341285,-3.0,3.0,82.9793740655688,1.2690979323224516,-3.0,3.0,71.15163220537418,1.9787624439341285,-6.0,3.0,88.65291604371254,3,7,0,1.9787624439341285,-3.0,3.0,7
realKnownCause/ec2_request_latency_system_failure.csv,realKnownCause,ec2_request_latency_system_failure,B_iforest_raw,budget,0.002,0.7856820999757699,3173,6,0.0018909549322407816,11.01736111111111,0.3333333333333333,0.005780346820809248,0.011363636363636362,2,4,344,2823,0.017341040462427744,0.9854014598540146,0.7803468208092486,0.8709677419354838,270,4,76,3,2,0.6666666666666666,6,2,4,0.3333333333333333,0.3630633469902301,0.5445950204853451,327.5,0.48880597014925375,0.3081831205208895,-3.0,3.0,55.13638534201482,-0.1226399656017701,-3.0,3.0,47.95600057330383,-0.6918168794791105,-6.0,3.0,58.97981245023212,2,4,1,0.3081831205208895,-3.0,3.0,4
realKnownCause/ec2_request_latency_system_failure.csv,realKnownCause,ec2_request_latency_system_failure,B_iforest_raw,train,0.002,0.7725329049918511,3173,21,0.006618342262842736,11.01736111111111,0.42857142857142855,0.02601156069364162,0.04904632152588556,9,12,337,2815,0.06069364161849711,0.9664804469273743,1.0,0.9829545454545454,346,12,0,3,3,1.0,16,5,11,0.3125,0.9984242042231327,1.4522533879609203,258.3333333333333,0.43253731343283586,1.538762443934128,-3.0,3.0,75.64604073223546,0.3890979323224515,-3.0,3.0,56.484965538707534,1.538762443934128,-6.0,3.0,83.76402715482364,3,11,0,1.428762443934128,-3.0,3.0,12
realKnownCause/ec2_request_latency_system_failure.csv,realKnownCause,ec2_request_latency_system_failure,B_iforest_raw,budget,0.005,0.7769463724738849,3173,15,0.004727387330601954,11.01736111111111,0.6,0.02601156069364162,0.04986149584487534,9,6,337,2821,0.04335260115606936,0.9829545454545454,1.0,0.9914040114613181,346,6,0,3,3,1.0,11,5,6,0.45454545454545453,0.5445950204853451,0.9984242042231327,258.3333333333333,0.43253731343283586,2.0887624439341286,-3.0,3.0,84.81270739890213,1.4890979323224516,-3.0,3.0,74.81829887204086,2.0887624439341286,-6.0,3.0,89.87513826593477,3,6,0,2.0887624439341286,-3.0,3.0,6
realKnownCause/ec2_request_latency_system_failure.csv,realKnownCause,ec2_request_latency_system_failure,B_iforest_raw,train,0.005,0.740145875980282,3173,63,0.019855026788528206,11.01736111111111,0.31746031746031744,0.057803468208092484,0.097799511002445,20,43,326,2784,0.18208092485549132,0.8894601542416453,1.0,0.9414965986394558,346,43,0,3,3,1.0,44,7,37,0.1590909090909091,3.358335959659628,3.993696816892531,201.66666666666666,0.34796019900497516,-1.1609342505200524,-3.0,3.0,30.65109582466579,-5.1197211590893525,-3.0,3.0,-35.32868598482254,-1.1609342505200524,-6.0,3.0,53.76739721644387,3,37,0,-1.7953870429887726,-3.0,3.0,43
realKnownCause/ec2_request_latency_system_failure.csv,realKnownCause,ec2_request_latency_system_failure,B_iforest_raw,budget,0.01,0.7610145528108782,3173,31,0.009769933816577371,11.01736111111111,0.3548387096774194,0.031791907514450865,0.05835543766578249,11,20,335,2807,0.08959537572254335,0.9453551912568307,1.0,0.9719101123595506,346,20,0,3,3,1.0,25,6,19,0.24,1.7245508982035929,2.269145918688938,201.66666666666666,0.34796019900497516,0.768192380469121,-3.0,3.0,62.80320634115202,-1.2614678971110052,-3.0,3.0,28.97553504814991,0.768192380469121,-6.0,3.0,75.20213756076801,3,19,0,0.658192380469121,-3.0,3.0,20
realKnownCause/ec2_request_latency_system_failure.csv,realKnownCause,ec2_request_latency_system_failure,B_iforest_raw,train,0.01,0.725871050777698,3173,81,0.02552789158525055,11.01736111111111,0.2839506172839506,0.06647398843930635,0.10772833723653394,23,58,323,2769,0.23410404624277456,0.8564356435643564,1.0,0.9226666666666667,346,58,0,3,3,1.0,59,9,50,0.15254237288135594,4.538291837377876,5.355184368105894,176.66666666666666,0.31064676616915426,-2.525120030560602,-3.0,3.0,7.914666157323302,-7.900932624246086,-3.0,3.0,-81.68221040410144,-2.525120030560602,-6.0,3.0,38.60977743821554,3,50,0,-3.3491173488836337,-3.0,3.0,58
realKnownCause/ec2_request_latency_system_failure.csv,realKnownCause,ec2_request_latency_system_failure,B_iforest_raw,budget,0.02,0.7365066675963812,3173,63,0.019855026788528206,11.01736111111111,0.31746031746031744,0.057803468208092484,0.097799511002445,20,43,326,2784,0.18208092485549132,0.8894601542416453,1.0,0.9414965986394558,346,43,0,3,3,1.0,44,7,37,0.1590909090909091,3.358335959659628,3.993696816892531,201.66666666666666,0.34796019900497516,-1.1609342505200524,-3.0,3.0,30.65109582466579,-5.1197211590893525,-3.0,3.0,-35.32868598482254,-1.1609342505200524,-6.0,3.0,53.76739721644387,3,37,0,-1.7953870429887726,-3.0,3.0,43
realKnownCause/ec2_request_latency_system_failure.csv,realKnownCause,ec2_request_latency_system_failure,B_iforest_raw,train,0.02,0.6737440598350546,3173,151,0.047589032461393004,11.01736111111111,0.17880794701986755,0.07803468208092486,0.10865191146881287,27,124,319,2703,0.43641618497109824,0.7361702127659574,1.0,0.8480392156862745,346,124,0,3,3,1.0,114,12,102,0.10526315789473684,9.258115348250866,10.347305389221557,125.0,0.23353233830845768,-7.9725066746522755,-3.0,3.0,-82.87511124420459,-18.826433695122216,-3.0,3.0,-263.7738949187036,-7.9725066746522755,-6.0,3.0,-21.916740829469727,3,102,0,-10.335081280623125,-3.0,3.0,124
realKnownCause/ec2_request_latency_system_failure.csv,realKnownCause,ec2_request_latency_system_failure,B_iforest_raw,budget,0.05,0.6645795627281669,3173,158,0.04979514654900725,11.01736111111111,0.17088607594936708,0.07803468208092486,0.10714285714285714,27,131,319,2696,0.45664739884393063,0.7253668763102725,1.0,0.8408262454434994,346,131,0,3,3,1.0,120,12,108,0.1,9.802710368736212,10.891900409706903,125.0,0.23353233830845768,-8.632490402695929,-3.0,3.0,-93.87484004493216,-20.146401151209517,-3.0,3.0,-285.7733525201586,-8.632490402695929,-6.0,3.0,-29.249893363288102,3,108,0,-11.105065008666777,-3.0,3.0,131
realKnownCause/ec2_request_latency_system_failure.csv,realKnownCause,ec2_request_latency_system_failure,B_iforest_raw,train,0.05,0.5992018757099844,3173,265,0.08351717617396785,11.01736111111111,0.13584905660377358,0.10404624277456648,0.11783960720130934,36,229,310,2598,0.7658959537572254,0.6017391304347826,1.0,0.751357220412595,346,229,0,3,3,1.0,192,19,173,0.09895833333333333,15.70248975732745,17.427040655531044,98.33333333333333,0.1937313432835821,-15.66864595281951,-3.0,3.0,-211.1440992136585,-34.253913613028836,-3.0,3.0,-520.8985602171473,-15.66864595281951,-6.0,3.0,-107.42939947577233,3,173,0,-21.717329050980464,-3.0,3.0,229
realKnownCause/ec2_request_latency_system_failure.csv,realKnownCause,ec2_request_latency_system_failure,C_iforest_contextual,budget,0.0005,0.7104513430525453,3173,1,0.0003151591553734636,11.01736111111111,1.0,0.002890173410404624,0.005763688760806917,1,0,345,2827,0.002890173410404624,1.0,0.3901734104046243,0.5613305613305613,135,0,211,3,1,0.3333333333333333,1,1,0,1.0,0.0,0.09076583674755752,330.0,0.4925373134328358,-1.1324961392040302,-3.0,3.0,31.125064346599498,-1.1324961392040302,-3.0,3.0,31.125064346599498,-3.1324961392040302,-6.0,3.0,31.86115400884411,1,0,2,-1.1324961392040302,-3.0,3.0,0
realKnownCause/ec2_request_latency_system_failure.csv,realKnownCause,ec2_request_latency_system_failure,C_iforest_contextual,train,0.0005,0.6798539137252737,3173,36,0.01134572959344469,11.01736111111111,0.3888888888888889,0.04046242774566474,0.07329842931937174,14,22,332,2805,0.10404624277456648,0.9402173913043478,1.0,0.969187675070028,346,22,0,3,3,1.0,23,5,18,0.21739130434782608,1.6337850614560354,2.087614245193823,258.3333333333333,0.43253731343283586,0.7992221521113646,-3.0,3.0,63.320369201856074,-1.0899826513230746,-3.0,3.0,31.833622477948754,0.7992221521113646,-6.0,3.0,75.5469128012374,3,18,0,0.3680764810786147,-3.0,3.0,22
realKnownCause/ec2_request_latency_system_failure.csv,realKnownCause,ec2_request_latency_system_failure,C_iforest_contextual,budget,0.001,0.7034112259783417,3173,3,0.0009454774661203908,11.01736111111111,1.0,0.008670520231213872,0.017191977077363897,3,0,343,2827,0.008670520231213872,1.0,0.3901734104046243,0.5613305613305613,135,0,211,3,1,0.3333333333333333,1,1,0,1.0,0.0,0.09076583674755752,315.0,0.4701492537313433,-1.1181339421363925,-3.0,3.0,31.364434297726792,-1.1181339421363925,-3.0,3.0,31.364434297726792,-3.1181339421363923,-6.0,3.0,32.020733976262306,1,0,2,-1.1181339421363925,-3.0,3.0,0
realKnownCause/ec2_request_latency_system_failure.csv,realKnownCause,ec2_request_latency_system_failure,C_iforest_contextual,train,0.001,0.6789084741582088,3173,36,0.01134572959344469,11.01736111111111,0.3888888888888889,0.04046242774566474,0.07329842931937174,14,22,332,2805,0.10404624277456648,0.9402173913043478,1.0,0.969187675070028,346,22,0,3,3,1.0,23,5,18,0.21739130434782608,1.6337850614560354,2.087614245193823,258.3333333333333,0.43253731343283586,0.7992221521113646,-3.0,3.0,63.320369201856074,-1.0899826513230746,-3.0,3.0,31.833622477948754,0.7992221521113646,-6.0,3.0,75.5469128012374,3,18,0,0.3680764810786147,-3.0,3.0,22
realKnownCause/ec2_request_latency_system_failure.csv,realKnownCause,ec2_request_latency_system_failure,C_iforest_contextual,budget,0.002,0.70130571391282,3173,6,0.0018909549322407816,11.01736111111111,0.6666666666666666,0.011560693641618497,0.022727272727272724,4,2,342,2825,0.017341040462427744,0.9906103286384976,0.6098265895953757,0.7549194991055457,211,2,135,3,2,0.6666666666666666,4,2,2,0.5,0.18153167349511504,0.3630633469902301,327.5,0.688407960199005,-0.07739695614973449,-3.0,3.0,48.710050730837764,-0.2973969561497345,-3.0,3.0,45.043384064171086,-1.0773969561497345,-6.0,3.0,54.69558937611406,2,2,1,-0.07739695614973449,-3.0,3.0,2
realKnownCause/ec2_request_latency_system_failure.csv,realKnownCause,ec2_request_latency_system_failure,C_iforest_contextual,train,0.002,0.6771150066674959,3173,42,0.013236684525685471,11.01736111111111,0.38095238095238093,0.046242774566473986,0.08247422680412371,16,26,330,2801,0.12138728323699421,0.9301075268817204,1.0,0.9637883008356545,346,26,0,3,3,1.0,28,7,21,0.25,1.906082571698708,2.5414434289316103,201.66666666666666,0.34796019900497516,0.5800667007018898,-3.0,3.0,59.6677783450315,-1.6377192566454677,-3.0,3.0,22.704679055908873,0.5800667007018898,-6.0,3.0,73.111852230021,3,21,0,0.03892102966913974,-3.0,3.0,26
realKnownCause/ec2_request_latency_system_failure.csv,realKnownCause,ec2_request_latency_system_failure,C_iforest_contextual,budget,0.005,0.6895160199831979,3173,15,0.004727387330601954,11.01736111111111,0.5333333333333333,0.023121387283236993,0.04432132963988919,8,7,338,2820,0.04335260115606936,0.9801699716713881,1.0,0.9899856938483548,346,7,0,3,3,1.0,11,5,6,0.45454545454545453,0.5445950204853451,0.9984242042231327,258.3333333333333,0.43253731343283586,2.058882429691491,-3.0,3.0,84.31470716152485,1.4293379038371765,-3.0,3.0,73.82229839728627,2.058882429691491,-6.0,3.0,89.54313810768322,3,6,0,1.9488824296914908,-3.0,3.0,7
realKnownCause/ec2_request_latency_system_failure.csv,realKnownCause,ec2_request_latency_system_failure,C_iforest_contextual,train,0.005,0.6680066077676192,3173,57,0.017964071856287425,11.01736111111111,0.3333333333333333,0.05491329479768786,0.09429280397022333,19,38,327,2789,0.16473988439306358,0.9010416666666666,1.0,0.947945205479452,346,38,0,3,3,1.0,39,8,31,0.20512820512820512,2.813740939174283,3.5398676331547434,201.66666666666666,0.34796019900497516,-0.48882582403138436,-3.0,3.0,41.85290293281026,-3.775504306112018,-3.0,3.0,-12.925071768533636,-0.48882582403138436,-6.0,3.0,61.2352686218735,3,31,0,-1.2499714950641347,-3.0,3.0,38
realKnownCause/ec2_request_latency_system_failure.csv,realKnownCause,ec2_request_latency_system_failure,C_iforest_contextual,budget,0.01,0.6814389650160713,3173,31,0.009769933816577371,11.01736111111111,0.3870967741935484,0.03468208092485549,0.0636604774535809,12,19,334,2808,0.08959537572254335,0.947945205479452,1.0,0.9732770745428974,346,19,0,3,3,1.0,20,4,16,0.2,1.4522533879609203,1.8153167349511503,258.3333333333333,0.43253731343283586,1.0188995672012737,-3.0,3.0,66.98165945335457,-0.6506278211432558,-3.0,3.0,39.15620298094574,1.0188995672012737,-6.0,3.0,77.98777296890304,3,16,0,0.6888995672012741,-3.0,3.0,19
realKnownCause/ec2_request_latency_system_failure.csv,realKnownCause,ec2_request_latency_system_failure,C_iforest_contextual,train,0.01,0.653020883945958,3173,88,0.027734005672864798,11.01736111111111,0.26136363636363635,0.06647398843930635,0.10599078341013823,23,65,323,2762,0.2543352601156069,0.8418491484184915,1.0,0.9141347424042271,346,65,0,3,3,1.0,58,10,48,0.1724137931034483,4.356760163882761,5.264418531358336,176.66666666666666,0.31064676616915426,-2.293112122817573,-3.0,3.0,11.781464619707121,-7.43691680876003,-3.0,3.0,-73.94861347933383,-2.293112122817573,-6.0,3.0,41.18764307980475,3,48,0,-4.05739914795075,-3.0,3.0,65
realKnownCause/ec2_request_latency_system_failure.csv,realKnownCause,ec2_request_latency_system_failure,C_iforest_contextual,budget,0.02,0.6627052570701577,3173,63,0.019855026788528206,11.01736111111111,0.3333333333333333,0.06069364161849711,0.10268948655256722,21,42,325,2785,0.18208092485549132,0.8917525773195877,1.0,0.9427792915531336,346,42,0,3,3,1.0,43,9,34,0.20930232558139536,3.0860384494169555,3.902930980144973,178.33333333333334,0.3131343283582089,-0.766466454461669,-3.0,3.0,37.22555909230552,-4.381954735434228,-3.0,3.0,-23.032578923903795,-0.766466454461669,-6.0,3.0,58.15037272820368,3,34,0,-1.6376121254944198,-3.0,3.0,42
realKnownCause/ec2_request_latency_system_failure.csv,realKnownCause,ec2_request_latency_system_failure,C_iforest_contextual,train,0.02,0.6160274470331927,3173,211,0.06649858178380082,11.01736111111111,0.16587677725118483,0.10115606936416185,0.125673249551167,35,176,311,2651,0.6098265895953757,0.6628352490421456,1.0,0.7972350230414746,346,176,0,3,3,1.0,136,14,122,0.10294117647058823,11.073432083202018,12.344153797667822,70.0,0.15144278606965175,-10.048976098991302,-3.0,3.0,-117.48293498318837,-23.035497917694826,-3.0,3.0,-333.92496529491376,-10.048976098991302,-6.0,3.0,-44.98862332212558,3,122,0,-15.807964400664083,-3.0,3.0,176
realKnownCause/ec2_request_latency_system_failure.csv,realKnownCause,ec2_request_latency_system_failure,C_iforest_contextual,budget,0.05,0.6277426251333394,3173,158,0.04979514654900725,11.01736111111111,0.189873417721519,0.08670520231213873,0.11904761904761905,30,128,316,2699,0.45664739884393063,0.729957805907173,1.0,0.8439024390243902,346,128,0,3,3,1.0,101,13,88,0.12871287128712872,7.987393633785062,9.167349511503309,115.0,0.21860696517412936,-6.4613560263630285,-3.0,3.0,-57.68926710605047,-15.819664886330639,-3.0,3.0,-213.66108143884398,-6.4613560263630285,-6.0,3.0,-5.126178070700316,3,88,0,-10.754732777082765,-3.0,3.0,128
realKnownCause/ec2_request_latency_system_failure.csv,realKnownCause,ec2_request_latency_system_failure,C_iforest_contextual,train,0.05,0.5710835632369233,3173,597,0.18815001575795776,11.01736111111111,0.1273031825795645,0.21965317919075145,0.16118769883351006,76,521,270,2306,1.0,0.3990772779700115,1.0,0.5704863973619125,346,521,0,3,3,1.0,263,25,238,0.09505703422053231,21.60226914591869,23.87141506460763,41.666666666666664,0.08371475953565506,-22.25869222189794,-3.0,3.0,-320.978203698299,-47.49462393293308,-3.0,3.0,-741.5770655488847,-22.25869222189794,-6.0,3.0,-180.652135798866,3,238,0,-52.5977345965839,-3.0,3.0,521
realKnownCause/machine_temperature_system_failure.csv,realKnownCause,machine_temperature_system_failure,A_rolling_zscore,budget,0.0005,6.38352766898718,21645,10,0.000462000462000462,75.15277777777777,0.4,0.001763668430335097,0.003511852502194908,4,6,2264,19371,0.004409171075837742,0.9964850615114236,0.75,0.8558490566037736,1701,6,567,4,3,0.75,8,3,5,0.375,0.06653114026982074,0.10644982443171319,1461.6666666666667,0.516489988221437,0.415201389649026,-4.0,4.0,55.19001737061282,-0.12902050199901832,-4.0,4.0,48.38724372501227,-0.584798610350974,-8.0,4.0,61.79334491374188,3,5,1,0.30520138964902593,-4.0,4.0,6
realKnownCause/machine_temperature_system_failure.csv,realKnownCause,machine_temperature_system_failure,A_rolling_zscore,train,0.0005,5.676945137034912,21645,18,0.0008316008316008316,75.15277777777777,0.3333333333333333,0.0026455026455026454,0.005249343832020998,6,12,2262,19365,0.007936507936507936,0.9929947460595446,0.75,0.854559155990957,1701,12,567,4,3,0.75,14,4,10,0.2857142857142857,0.13306228053964148,0.18628719275549807,1461.6666666666667,0.516489988221437,-0.11797305526321204,-4.0,4.0,48.525336809209854,-1.1953693918234944,-4.0,4.0,35.05788260220632,-1.1179730552632121,-8.0,4.0,57.35022453947323,3,10,1,-0.33797305526321203,-4.0,4.0,12
realKnownCause/machine_temperature_system_failure.csv,realKnownCause,machine_temperature_system_failure,A_rolling_zscore,budget,0.001,5.2892739381662475,21645,21,0.0009702009702009702,75.15277777777777,0.3333333333333333,0.0030864197530864196,0.006116207951070336,7,14,2261,19363,0.009259259259259259,0.9918367346938776,0.75,0.8541300527240774,1701,14,567,4,3,0.75,15,4,11,0.26666666666666666,0.14636850859360562,0.1995934208094622,1461.6666666666667,0.516489988221437,-0.22797305526321204,-4.0,4.0,47.15033680920985,-1.4153693918234944,-4.0,4.0,32.30788260220632,-1.2279730552632122,-8.0,4.0,56.43355787280657,3,11,1,-0.5579730552632121,-4.0,4.0,14
realKnownCause/machine_temperature_system_failure.csv,realKnownCause,machine_temperature_system_failure,A_rolling_zscore,train,0.001,5.284445915026998,21645,23,0.0010626010626010626,75.15277777777777,0.30434782608695654,0.0030864197530864196,0.006110868616324748,7,16,2261,19361,0.010141093474426807,0.9906814210832848,0.75,0.8537013801756587,1701,16,567,4,3,0.75,17,4,13,0.23529411764705882,0.17298096470153393,0.22620587691739052,1461.6666666666667,0.516489988221437,-0.44797305526321207,-4.0,4.0,44.40033680920985,-1.8553693918234944,-4.0,4.0,26.807882602206323,-1.4479730552632124,-8.0,4.0,54.60022453947323,3,13,1,-0.777973055263212,-4.0,4.0,16
realKnownCause/machine_temperature_system_failure.csv,realKnownCause,machine_temperature_system_failure,A_rolling_zscore,budget,0.002,4.693203233523654,21645,43,0.0019866019866019865,75.15277777777777,0.23255813953488372,0.004409171075837742,0.00865426222414539,10,33,2258,19344,0.01895943562610229,0.9856584093872229,1.0,0.9927774130006566,2268,33,0,4,4,1.0,33,6,27,0.18181818181818182,0.359268157457032,0.4391055257808169,1096.25,0.3873674911660777,0.020634508679921434,-4.0,4.0,50.25793135849902,-2.918154263937228,-4.0,4.0,13.52307170078465,0.020634508679921434,-8.0,4.0,66.838620905666,4,27,0,-0.6336361010810164,-4.0,4.0,33
realKnownCause/machine_temperature_system_failure.csv,realKnownCause,machine_temperature_system_failure,A_rolling_zscore,train,0.002,4.928867583653258,21645,34,0.0015708015708015709,75.15277777777777,0.2647058823529412,0.003968253968253968,0.007819287576020852,9,25,2259,19352,0.014991181657848324,0.9855156431054461,0.75,0.8517776664997496,1701,25,567,4,3,0.75,26,5,21,0.19230769230769232,0.2794307891332471,0.34596192940306786,1461.6666666666667,0.516489988221437,-1.3279265455634999,-4.0,4.0,33.40091818045625,-3.615276372424071,-4.0,4.0,4.809045344699115,-2.3279265455635008,-8.0,4.0,47.26727878697083,3,21,1,-1.767925774865078,-4.0,4.0,25
realKnownCause/machine_temperature_system_failure.csv,realKnownCause,machine_temperature_system_failure,A_rolling_zscore,budget,0.005,4.009356699560789,21645,108,0.00498960498960499,75.15277777777777,0.2222222222222222,0.010582010582010581,0.0202020202020202,24,84,2244,19293,0.047619047619047616,0.9642857142857143,1.0,0.9818181818181818,2268,84,0,4,4,1.0,81,16,65,0.19753086419753085,0.8649048235076696,1.077804472371096,323.75,0.11439929328621908,-3.1330066171814335,-4.0,4.0,10.837417285232082,-10.215400117222325,-4.0,4.0,-77.69250146527907,-3.1330066171814335,-8.0,4.0,40.558278190154724,4,65,0,-5.217274403041814,-4.0,4.0,84
realKnownCause/machine_temperature_system_failure.csv,realKnownCause,machine_temperature_system_failure,A_rolling_zscore,train,0.005,4.63742495282446,21645,45,0.002079002079002079,75.15277777777777,0.2222222222222222,0.004409171075837742,0.008646779074794638,10,35,2258,19342,0.01984126984126984,0.9848024316109423,1.0,0.9923430321592649,2268,35,0,4,4,1.0,35,6,29,0.17142857142857143,0.3858806135649603,0.4657179818887452,1096.25,0.3873674911660777,-0.19936549132007853,-4.0,4.0,47.507931358499015,-3.3581542639372284,-4.0,4.0,8.023071700784644,-0.19936549132007853,-8.0,4.0,65.00528757233268,4,29,0,-0.8536361010810164,-4.0,4.0,35
realKnownCause/machine_temperature_system_failure.csv,realKnownCause,machine_temperature_system_failure,A_rolling_zscore,budget,0.01,3.5630403154536436,21645,216,0.00997920997920998,75.15277777777777,0.16666666666666666,0.015873015873015872,0.028985507246376812,36,180,2232,19197,0.09523809523809523,0.9264705882352942,1.0,0.9618320610687023,2268,180,0,4,4,1.0,164,22,142,0.13414634146341464,1.889484383662909,2.1822214008501204,181.25,0.06404593639575973,-11.119839867786181,-4.0,4.0,-88.99799834732727,-26.216470805504002,-4.0,4.0,-277.70588506880006,-11.119839867786181,-8.0,4.0,-25.998665564884845,4,142,0,-15.208271224029016,-4.0,4.0,180
realKnownCause/machine_temperature_system_failure.csv,realKnownCause,machine_temperature_system_failure,A_rolling_zscore,train,0.01,4.0761717349173905,21645,97,0.004481404481404481,75.15277777777777,0.2268041237113402,0.009700176366843033,0.018604651162790697,22,75,2246,19302,0.0427689594356261,0.967989756722151,1.0,0.9837345478204295,2268,75,0,4,4,1.0,74,15,59,0.20270270270270271,0.7850674551838848,0.984660875993347,323.75,0.11439929328621908,-2.4730067443075874,-4.0,4.0,19.08741569615516,-8.895400371474633,-4.0,4.0,-61.19250464343291,-2.4730067443075874,-8.0,4.0,46.0582771307701,4,59,0,-4.2272773540685264,-4.0,4.0,75
realKnownCause/machine_temperature_system_failure.csv,realKnownCause,machine_temperature_system_failure,A_rolling_zscore,budget,0.02,3.142662804610209,21645,432,0.01995841995841996,75.15277777777777,0.14814814814814814,0.02821869488536155,0.047407407407407405,64,368,2204,19009,0.19047619047619047,0.8603945371775418,1.0,0.9249592169657422,2268,368,0,4,4,1.0,332,42,290,0.12650602409638553,3.858806135649603,4.417667713916098,181.25,0.06404593639575973,-26.933899460057365,-4.0,4.0,-286.67374325071705,-57.84458999004636,-4.0,4.0,-673.0573748755795,-26.933899460057365,-8.0,4.0,-157.78249550047803,4,290,0,-35.1898695339218,-4.0,4.0,368
realKnownCause/machine_temperature_system_failure.csv,realKnownCause,machine_temperature_system_failure,A_rolling_zscore,train,0.02,3.5274512691131203,21645,226,0.01044121044121044,75.15277777777777,0.1592920353982301,0.015873015873015872,0.028869286287089013,36,190,2232,19187,0.09964726631393298,0.9227013832384052,1.0,0.9597968683876429,2268,190,0,4,4,1.0,173,22,151,0.12716763005780346,2.0092404361485863,2.3019774533357977,181.25,0.06404593639575973,-12.106705278936632,-4.0,4.0,-101.3338159867079,-28.190201627804893,-4.0,4.0,-302.37752034756113,-12.106705278936632,-8.0,4.0,-34.2225439911386,4,151,0,-16.27627437275568,-4.0,4.0,190
realKnownCause/machine_temperature_system_failure.csv,realKnownCause,machine_temperature_system_failure,A_rolling_zscore,budget,0.05,2.6503570254249746,21645,1082,0.049988449988449986,75.15277777777777,0.13863216266173753,0.06613756613756613,0.08955223880597016,150,932,2118,18445,0.47707231040564374,0.70875,1.0,0.8295537673738113,2268,932,0,4,4,1.0,742,90,652,0.12129380053908356,8.675660691184625,9.873221216041397,112.5,0.03975265017667845,-65.3462231459054,-4.0,4.0,-766.8277893238175,-134.68009349101982,-4.0,4.0,-1633.5011686377477,-65.3462231459054,-8.0,4.0,-477.88519288254497,4,652,0,-95.05528858366776,-4.0,4.0,932
realKnownCause/machine_temperature_system_failure.csv,realKnownCause,machine_temperature_system_failure,A_rolling_zscore,train,0.05,2.9425525387235774,21645,623,0.028782628782628782,75.15277777777777,0.1332263242375602,0.03659611992945326,0.05741957800069179,83,540,2185,18837,0.27469135802469136,0.8076923076923077,1.0,0.8936170212765957,2268,540,0,4,4,1.0,451,51,400,0.1130820399113082,5.3224912215856595,6.001108852337831,181.25,0.06404593639575973,-38.544296482402395,-4.0,4.0,-431.80370603002996,-81.06538403473643,-4.0,4.0,-963.3173004342053,-38.544296482402395,-8.0,4.0,-254.53580402001998,4,400,0,-53.40115789755948,-4.0,4.0,540
realKnownCause/machine_temperature_system_failure.csv,realKnownCause,machine_temperature_system_failure,B_iforest_raw,budget,0.0005,0.7245823757052602,21645,10,0.000462000462000462,75.15277777777777,1.0,0.004409171075837742,0.008779631255487268,10,0,2258,19377,0.004409171075837742,1.0,0.25,0.4,567,0,1701,4,1,0.25,1,1,0,1.0,0.0,0.013306228053964149,1260.0,0.4452296819787986,-2.105094872529662,-4.0,4.0,23.686314093379224,-2.105094872529662,-4.0,4.0,23.686314093379224,-5.105094872529662,-8.0,4.0,24.12420939558615,1,0,3,-2.105094872529662,-4.0,4.0,0
realKnownCause/machine_temperature_system_failure.csv,realKnownCause,machine_temperature_system_failure,B_iforest_raw,train,0.0005,0.7220868229089009,21645,5399,0.24943404943404943,75.15277777777777,0.050379699944434156,0.11992945326278659,0.07095343680709536,272,5127,1996,14250,1.0,0.18112122664111163,0.5,0.2659162856137882,1134,5127,1134,4,2,0.5,139,7,132,0.050359712230215826,1.7564221031232676,1.8495656995010166,630.0,0.2226148409893993,-14.22295681431751,-4.0,4.0,-127.78696017896887,-28.169933870473006,-4.0,4.0,-302.12417338091257,-16.222956814317502,-8.0,4.0,-68.52464011931252,2,133,2,-539.8466926283601,-4.0,4.0,5127
realKnownCause/machine_temperature_system_failure.csv,realKnownCause,machine_temperature_system_failure,B_iforest_raw,budget,0.001,0.7245823757052602,21645,21,0.0009702009702009702,75.15277777777777,1.0,0.009259259259259259,0.018348623853211007,21,0,2247,19377,0.009259259259259259,1.0,0.25,0.4,567,0,1701,4,1,0.25,1,1,0,1.0,0.0,0.013306228053964149,1260.0,0.4452296819787986,-2.105094872529662,-4.0,4.0,23.686314093379224,-2.105094872529662,-4.0,4.0,23.686314093379224,-5.105094872529662,-8.0,4.0,24.12420939558615,1,0,3,-2.105094872529662,-4.0,4.0,0
realKnownCause/machine_temperature_system_failure.csv,realKnownCause,machine_temperature_system_failure,B_iforest_raw,train,0.001,0.7195912701125418,21645,5521,0.25507045507045506,75.15277777777777,0.051258829922115556,0.1247795414462081,0.07266658107587623,283,5238,1985,14139,1.0,0.17796610169491525,0.5,0.2625,1134,5238,1134,4,2,0.5,134,5,129,0.03731343283582089,1.716503418961375,1.7830345592311958,630.0,0.2226148409893993,-13.96209973912935,-4.0,4.0,-124.52624673911687,-27.64821972009669,-4.0,4.0,-295.6027465012086,-15.962099739129341,-8.0,4.0,-66.35083115941117,2,130,2,-551.5467305283236,-4.0,4.0,5238
realKnownCause/machine_temperature_system_failure.csv,realKnownCause,machine_temperature_system_failure,B_iforest_raw,budget,0.002,0.7245823757052602,21645,43,0.0019866019866019865,75.15277777777777,1.0,0.01895943562610229,0.037213327563825185,43,0,2225,19377,0.01895943562610229,1.0,0.25,0.4,567,0,1701,4,1,0.25,1,1,0,1.0,0.0,0.013306228053964149,1260.0,0.4452296819787986,-2.105094872529662,-4.0,4.0,23.686314093379224,-2.105094872529662,-4.0,4.0,23.686314093379224,-5.105094872529662,-8.0,4.0,24.12420939558615,1,0,3,-2.105094872529662,-4.0,4.0,0
realKnownCause/machine_temperature_system_failure.csv,realKnownCause,machine_temperature_system_failure,B_iforest_raw,train,0.002,0.7126693316010246,21645,6577,0.30385770385770383,75.15277777777777,0.16223202067812073,0.4704585537918871,0.24126625211984168,1067,5510,1201,13867,1.0,0.2915916688094626,1.0,0.4515229942265578,2268,5510,0,4,4,1.0,148,12,136,0.08108108108108109,1.8096470153391242,1.969321751986694,408.75,0.14443462897526502,-10.491447429294775,-4.0,4.0,-81.14309286618469,-24.802307279149943,-4.0,4.0,-260.0288409893743,-10.491447429294775,-8.0,4.0,-20.76206191078979,4,137,0,-573.7215214920634,-4.0,4.0,5510
realKnownCause/machine_temperature_system_failure.csv,realKnownCause,machine_temperature_system_failure,B_iforest_raw,budget,0.005,0.7245823757052602,21645,108,0.00498960498960499,75.15277777777777,1.0,0.047619047619047616,0.0909090909090909,108,0,2160,19377,0.047619047619047616,1.0,0.25,0.4,567,0,1701,4,1,0.25,2,2,0,1.0,0.0,0.026612456107928298,1260.0,0.4452296819787986,-2.105094872529662,-4.0,4.0,23.686314093379224,-2.105094872529662,-4.0,4.0,23.686314093379224,-5.105094872529662,-8.0,4.0,24.12420939558615,1,0,3,-2.105094872529662,-4.0,4.0,0
realKnownCause/machine_temperature_system_failure.csv,realKnownCause,machine_temperature_system_failure,B_iforest_raw,train,0.005,0.6901586399156943,21645,7101,0.3280665280665281,75.15277777777777,0.1588508660752007,0.4973544973544973,0.24079410822926672,1128,5973,1140,13404,1.0,0.2752093192573717,1.0,0.43163003140165573,2268,5973,0,4,4,1.0,145,16,129,0.1103448275862069,1.716503418961375,1.9294030678248015,395.0,0.13957597173144878,-9.975346179844806,-4.0,4.0,-74.69182724806006,-23.775261702361952,-4.0,4.0,-247.1907712795244,-9.975346179844806,-8.0,4.0,-16.46121816537338,4,130,0,-622.320072349136,-4.0,4.0,5973
realKnownCause/machine_temperature_system_failure.csv,realKnownCause,machine_temperature_system_failure,B_iforest_raw,budget,0.01,0.7245823757052602,21645,216,0.00997920997920998,75.15277777777777,0.8009259259259259,0.07627865961199294,0.13929146537842188,173,43,2095,19334,0.09523809523809523,0.9295081967213115,0.25,0.3940236275191105,567,43,1701,4,1,0.25,8,4,4,0.5,0.053224912215856596,0.10644982443171319,1260.0,0.4452296819787986,-2.328386960696945,-4.0,4.0,20.895162991288185,-2.551679048864228,-4.0,4.0,18.104011889197153,-5.328386960696945,-8.0,4.0,22.263441994192124,1,4,3,-4.632739155818004,-4.0,4.0,43
realKnownCause/machine_temperature_system_failure.csv,realKnownCause,machine_temperature_system_failure,B_iforest_raw,train,0.01,0.6673466828136053,21645,7679,0.3547701547701548,75.15277777777777,0.15106133611147285,0.5114638447971781,0.23323615160349853,1160,6519,1108,12858,1.0,0.25810856947763744,1.0,0.41031207598371777,2268,6519,0,4,4,1.0,190,16,174,0.08421052631578947,2.315283681389762,2.528183330253188,385.0,0.13604240282685515,-14.339242785433273,-4.0,4.0,-129.24053481791591,-32.50918198538502,-4.0,4.0,-356.36477481731276,-14.339242785433273,-8.0,4.0,-52.827023211943946,4,175,0,-679.8700494834379,-4.0,4.0,6519
realKnownCause/machine_temperature_system_failure.csv,realKnownCause,machine_temperature_system_failure,B_iforest_raw,budget,0.02,0.7245823757052602,21645,432,0.01995841995841996,75.15277777777777,0.40046296296296297,0.07627865961199294,0.12814814814814815,173,259,2095,19118,0.19047619047619047,0.6864406779661016,0.25,0.3665158371040724,567,259,1701,4,1,0.25,20,4,16,0.2,0.21289964886342638,0.26612456107928295,1260.0,0.4452296819787986,-3.378374099184302,-4.0,4.0,7.770323760196224,-4.651653325838942,-4.0,4.0,-8.145666572986777,-6.378374099184303,-8.0,4.0,13.513549173464137,1,16,3,-26.324612184105153,-4.0,4.0,259
realKnownCause/machine_temperature_system_failure.csv,realKnownCause,machine_temperature_system_failure,B_iforest_raw,train,0.02,0.6446819520255441,21645,8088,0.37366597366597365,75.15277777777777,0.15170623145400594,0.541005291005291,0.2369640787949015,1227,6861,1041,12516,1.0,0.24843904042063752,1.0,0.3979994735456699,2268,6861,0,4,4,1.0,201,13,188,0.06467661691542288,2.50157087414526,2.674551838846794,360.0,0.12720848056537104,-15.662005442875849,-4.0,4.0,-145.7750680359481,-35.1617285098988,-4.0,4.0,-389.521606373735,-15.662005442875849,-8.0,4.0,-63.85004535729874,4,189,0,-715.5488633869703,-4.0,4.0,6861
realKnownCause/machine_temperature_system_failure.csv,realKnownCause,machine_temperature_system_failure,B_iforest_raw,budget,0.05,0.7245823757052602,21645,1082,0.049988449988449986,75.15277777777777,0.2513863216266174,0.11992945326278659,0.16238805970149253,272,810,1996,18567,0.47707231040564374,0.5833333333333334,0.5,0.5384615384615384,1134,810,1134,4,2,0.5,23,7,16,0.30434782608695654,0.21289964886342638,0.30604324524117543,630.0,0.2226148409893993,-1.5608762783293855,-4.0,4.0,30.489046520882678,-2.8457727984967582,-4.0,4.0,14.427840018790523,-3.5608762783293857,-8.0,4.0,36.992697680588456,2,17,2,-81.6660067251973,-4.0,4.0,810
realKnownCause/machine_temperature_system_failure.csv,realKnownCause,machine_temperature_system_failure,B_iforest_raw,train,0.05,0.599719120899526,21645,8863,0.40947100947100945,75.15277777777777,0.15073902741735304,0.5890652557319224,0.24005030994519808,1336,7527,932,11850,1.0,0.2315467075038285,1.0,0.3760258642128824,2268,7527,0,4,4,1.0,205,14,191,0.06829268292682927,2.5414895583071524,2.7277767510626503,177.5,0.0627208480565371,-16.410056050150526,-4.0,4.0,-155.12570062688158,-36.661874781408116,-4.0,4.0,-408.27343476760143,-16.410056050150526,-8.0,4.0,-70.08380041792105,4,193,0,-783.4146339056285,-4.0,4.0,7527
realKnownCause/machine_temperature_system_failure.csv,realKnownCause,machine_temperature_system_failure,C_iforest_contextual,budget,0.0005,0.7082260780483197,21645,10,0.000462000462000462,75.15277777777777,1.0,0.004409171075837742,0.008779631255487268,10,0,2258,19377,0.004409171075837742,1.0,0.5,0.6666666666666666,1134,0,1134,4,2,0.5,3,3,0,1.0,0.0,0.03991868416189245,2065.0,0.7296819787985867,-1.0264103288348378,-4.0,4.0,37.16987088956453,-1.0264103288348378,-4.0,4.0,37.16987088956453,-3.026410328834838,-8.0,4.0,41.44658059304302,2,0,2,-1.0264103288348378,-4.0,4.0,0
realKnownCause/machine_temperature_system_failure.csv,realKnownCause,machine_temperature_system_failure,C_iforest_contextual,train,0.0005,0.645539427521322,21645,141,0.006514206514206514,75.15277777777777,0.49645390070921985,0.030864197530864196,0.058115400581154004,70,71,2198,19306,0.062169312169312166,0.9696451474989312,1.0,0.9845886694161059,2268,71,0,4,4,1.0,28,7,21,0.25,0.2794307891332471,0.37257438551099614,1005.0,0.3551236749116608,0.7475252913911095,-4.0,4.0,59.344066142388876,-1.5611602898428574,-4.0,4.0,30.48549637696428,0.7475252913911095,-8.0,4.0,72.89604409492591,4,21,0,-4.752464424017823,-4.0,4.0,71
realKnownCause/machine_temperature_system_failure.csv,realKnownCause,machine_temperature_system_failure,C_iforest_contextual,budget,0.001,0.6957783902159986,21645,21,0.0009702009702009702,75.15277777777777,0.7142857142857143,0.006613756613756613,0.013106159895150722,15,6,2253,19371,0.009259259259259259,0.9947368421052631,0.5,0.6654929577464789,1134,6,1134,4,2,0.5,6,4,2,0.6666666666666666,0.026612456107928298,0.0798373683237849,2062.5,0.7287985865724382,-1.2420010342762415,-4.0,4.0,34.474987071546984,-1.4620002635778195,-4.0,4.0,31.724996705277253,-3.242001034276241,-8.0,4.0,39.64999138103133,2,2,2,-1.6819980318158099,-4.0,4.0,6
realKnownCause/machine_temperature_system_failure.csv,realKnownCause,machine_temperature_system_failure,C_iforest_contextual,train,0.001,0.6443845554497292,21645,146,0.006745206745206745,75.15277777777777,0.4863013698630137,0.03130511463844797,0.058823529411764705,71,75,2197,19302,0.06437389770723104,0.967989756722151,1.0,0.9837345478204295,2268,75,0,4,4,1.0,29,7,22,0.2413793103448276,0.29273701718721123,0.3858806135649603,1005.0,0.3551236749116608,0.6375279226137057,-4.0,4.0,57.96909903267132,-1.7811550273976648,-4.0,4.0,27.73556215752919,0.6375279226137057,-8.0,4.0,71.97939935511421,4,22,0,-5.192461792795227,-4.0,4.0,75
realKnownCause/machine_temperature_system_failure.csv,realKnownCause,machine_temperature_system_failure,C_iforest_contextual,budget,0.002,0.676337380046906,21645,43,0.0019866019866019865,75.15277777777777,0.4883720930232558,0.009259259259259259,0.018173950670705322,21,22,2247,19355,0.01895943562610229,0.9872315728380732,0.75,0.8524179403658231,1701,22,567,4,3,0.75,13,6,7,0.46153846153846156,0.09314359637774904,0.17298096470153393,1698.3333333333333,0.6001177856301531,0.14934741266192147,-4.0,4.0,51.86684265827402,-0.6206518029021263,-4.0,4.0,42.241852463723426,-0.8506525873380786,-8.0,4.0,59.577895105516006,3,7,1,-1.5006451125914628,-4.0,4.0,22
realKnownCause/machine_temperature_system_failure.csv,realKnownCause,machine_temperature_system_failure,C_iforest_contextual,train,0.002,0.6431132470744709,21645,150,0.00693000693000693,75.15277777777777,0.48,0.031746031746031744,0.059553349875930514,72,78,2196,19299,0.06613756613756613,0.9667519181585678,1.0,0.9830949284785435,2268,78,0,4,4,1.0,31,7,24,0.22580645161290322,0.3193494732951396,0.41249306967288857,1005.0,0.3551236749116608,0.4175279226137055,-4.0,4.0,55.219099032671316,-2.2211550273976655,-4.0,4.0,22.23556215752918,0.4175279226137055,-8.0,4.0,70.14606602178088,4,24,0,-5.522461792795226,-4.0,4.0,78
realKnownCause/machine_temperature_system_failure.csv,realKnownCause,machine_temperature_system_failure,C_iforest_contextual,budget,0.005,0.6567872757123728,21645,108,0.00498960498960499,75.15277777777777,0.5277777777777778,0.02513227513227513,0.047979797979797977,57,51,2211,19326,0.047619047619047616,0.9780077619663649,1.0,0.9888816219751472,2268,51,0,4,4,1.0,22,6,16,0.2727272727272727,0.21289964886342638,0.29273701718721123,1295.0,0.45759717314487636,1.1821843893797805,-4.0,4.0,64.77730486724725,-0.5778148261842682,-4.0,4.0,42.77731467269665,1.1821843893797805,-8.0,4.0,76.51820324483151,4,16,0,-2.667805326029151,-4.0,4.0,51
realKnownCause/machine_temperature_system_failure.csv,realKnownCause,machine_temperature_system_failure,C_iforest_contextual,train,0.005,0.6203971908493372,21645,305,0.014091014091014091,75.15277777777777,0.35081967213114756,0.04717813051146384,0.08317139525845317,107,198,2161,19179,0.13447971781305115,0.9197080291970803,1.0,0.9581749049429658,2268,198,0,4,4,1.0,79,21,58,0.26582278481012656,0.7717612271299206,1.0511920162631676,697.5,0.2464664310954064,-2.4134385041903164,-4.0,4.0,19.832018697621045,-8.602433743824344,-4.0,4.0,-57.5304217978043,-2.4134385041903164,-8.0,4.0,46.55467913174737,4,58,0,-17.719696144728573,-4.0,4.0,198
realKnownCause/machine_temperature_system_failure.csv,realKnownCause,machine_temperature_system_failure,C_iforest_contextual,budget,0.01,0.6304914854877599,21645,216,0.00997920997920998,75.15277777777777,0.39351851851851855,0.03747795414462081,0.06843800322061191,85,131,2183,19246,0.09523809523809523,0.9453939141308879,1.0,0.9719305763874009,2268,131,0,4,4,1.0,51,12,39,0.23529411764705882,0.5189428941046018,0.6786176307521715,1005.0,0.3551236749116608,-1.1447163202424717,-4.0,4.0,35.69104599696911,-5.345643513110019,-4.0,4.0,-16.82054391387524,-1.1447163202424717,-8.0,4.0,57.12736399797941,4,39,0,-11.263412089133297,-4.0,4.0,131
realKnownCause/machine_temperature_system_failure.csv,realKnownCause,machine_temperature_system_failure,C_iforest_contextual,train,0.01,0.602296702572585,21645,592,0.02735042735042735,75.15277777777777,0.34628378378378377,0.09038800705467372,0.14335664335664336,205,387,2063,18990,0.26102292768959434,0.8542372881355932,1.0,0.9213893967093236,2268,387,0,4,4,1.0,188,71,117,0.3776595744680851,1.5568286823138053,2.50157087414526,121.25,0.04284452296819788,-8.426519634539812,-4.0,4.0,-55.33149543174765,-20.83966602335404,-4.0,4.0,-210.4958252919255,-8.426519634539812,-8.0,4.0,-3.554330287831764,4,117,0,-38.013329186435556,-4.0,4.0,387
realKnownCause/machine_temperature_system_failure.csv,realKnownCause,machine_temperature_system_failure,C_iforest_contextual,budget,0.02,0.6106517501654652,21645,432,0.01995841995841996,75.15277777777777,0.3472222222222222,0.06613756613756613,0.11111111111111109,150,282,2118,19095,0.19047619047619047,0.8894117647058823,1.0,0.9414694894146949,2268,282,0,4,4,1.0,134,47,87,0.35074626865671643,1.157641840694881,1.7830345592311958,121.25,0.04284452296819788,-5.276977275549304,-4.0,4.0,-15.962215944366298,-14.540581305373019,-4.0,4.0,-131.75726631716273,-5.276977275549304,-8.0,4.0,22.691856037089135,4,87,0,-26.62926947943098,-4.0,4.0,282
realKnownCause/machine_temperature_system_failure.csv,realKnownCause,machine_temperature_system_failure,C_iforest_contextual,train,0.02,0.5805469540519971,21645,1325,0.06121506121506121,75.15277777777777,0.37056603773584906,0.21649029982363316,0.27330921235736155,491,834,1777,18543,0.5842151675485009,0.7311411992263056,1.0,0.8446927374301676,2268,834,0,4,4,1.0,418,134,284,0.32057416267942584,3.778968767325818,5.562003326557014,52.5,0.018551236749116608,-25.978537760063627,-4.0,4.0,-274.73172200079534,-55.9515983834348,-4.0,4.0,-649.394979792935,-25.978537760063627,-8.0,4.0,-149.82114800053023,4,284,0,-85.83473304637569,-4.0,4.0,834
realKnownCause/machine_temperature_system_failure.csv,realKnownCause,machine_temperature_system_failure,C_iforest_contextual,budget,0.05,0.5860194382983882,21645,1082,0.049988449988449986,75.15277777777777,0.37430683918669133,0.17857142857142858,0.2417910447761194,405,677,1863,18700,0.47707231040564374,0.7701188455008489,1.0,0.8701323614041818,2268,677,0,4,4,1.0,331,122,209,0.3685800604229607,2.781001663278507,4.404361485862133,68.75,0.02429328621908127,-18.129022477961236,-4.0,4.0,-176.61278097451546,-40.25093218614609,-4.0,4.0,-453.1366523268261,-18.129022477961236,-8.0,4.0,-84.40852064967696,4,209,0,-69.31196813425011,-4.0,4.0,677
realKnownCause/machine_temperature_system_failure.csv,realKnownCause,machine_temperature_system_failure,C_iforest_contextual,train,0.05,0.5559736051331909,21645,3538,0.16345576345576346,75.15277777777777,0.31543244771057094,0.49206349206349204,0.3844299001033414,1116,2422,1152,16955,1.0,0.4835820895522388,1.0,0.6519114688128773,2268,2422,0,4,4,1.0,783,100,683,0.1277139208173691,9.088153760857514,10.418776566253928,0.0,0.0,-68.07327543604721,-4.0,4.0,-800.9159429505902,-140.14136620341486,-4.0,4.0,-1701.7670775426857,-68.07327543604721,-8.0,4.0,-500.6106286337268,4,686,0,-253.13306518686514,-4.0,4.0,2422
realKnownCause/nyc_taxi.csv,realKnownCause,nyc_taxi,A_rolling_zscore,budget,0.0005,48.920099196042315,9522,4,0.0004200798151648813,198.35416666666666,0.5,0.001932367149758454,0.0038498556304138597,2,2,1033,8485,0.003864734299516908,0.9904306220095693,0.2,0.3327974276527331,207,2,828,5,1,0.2,4,2,2,0.5,0.010082974477470854,0.02016594895494171,390.0,0.06310679611650485,-3.2249592784058434,-5.0,5.0,17.750407215941568,-3.444959278405844,-5.0,5.0,15.550407215941558,-7.224959278405844,-10.0,5.0,18.50027147729437,1,2,4,-3.2249592784058434,-5.0,5.0,2
realKnownCause/nyc_taxi.csv,realKnownCause,nyc_taxi,A_rolling_zscore,train,0.0005,48.71916468197813,9522,5,0.0005250997689561017,198.35416666666666,0.6,0.002898550724637681,0.00576923076923077,3,2,1032,8485,0.004830917874396135,0.9951923076923077,0.4,0.5706409372846313,414,2,621,5,2,0.4,5,3,2,0.6,0.010082974477470854,0.025207436193677137,825.0,0.13349514563106796,-1.2483749871687346,-5.0,5.0,37.516250128312656,-1.4683749871687344,-5.0,5.0,35.31625012831266,-4.248374987168735,-10.0,5.0,38.34416675220844,2,2,3,-1.2483749871687346,-5.0,5.0,2
realKnownCause/nyc_taxi.csv,realKnownCause,nyc_taxi,A_rolling_zscore,budget,0.001,31.862510954608542,9522,9,0.000945179584120983,198.35416666666666,0.4444444444444444,0.003864734299516908,0.007662835249042146,4,5,1031,8482,0.008695652173913044,0.9920127795527156,0.6,0.7477423239012643,621,5,414,5,3,0.6,9,4,5,0.4444444444444444,0.025207436193677137,0.04537338514861884,620.0,0.10032362459546924,0.41914661487814053,-5.0,5.0,54.19146614878141,-0.13085223348600258,-5.0,5.0,48.69147766513997,-1.58085338512186,-10.0,5.0,56.127644099187606,3,5,2,0.41914661487814053,-5.0,5.0,5
realKnownCause/nyc_taxi.csv,realKnownCause,nyc_taxi,A_rolling_zscore,train,0.001,47.43832936395626,9522,6,0.000630119722747322,198.35416666666666,0.5,0.002898550724637681,0.005763688760806917,3,3,1032,8484,0.005797101449275362,0.9928057553956835,0.4,0.5702479338842976,414,3,621,5,2,0.4,6,3,3,0.5,0.015124461716206282,0.030248923432412565,825.0,0.13349514563106796,-1.3583749871687347,-5.0,5.0,36.416250128312655,-1.6883749871687344,-5.0,5.0,33.11625012831266,-4.358374987168736,-10.0,5.0,37.610833418875096,2,3,3,-1.3583749871687347,-5.0,5.0,3
realKnownCause/nyc_taxi.csv,realKnownCause,nyc_taxi,A_rolling_zscore,budget,0.002,24.954873471084717,9522,19,0.0019953791220331863,198.35416666666666,0.2631578947368421,0.004830917874396135,0.009487666034155597,5,14,1030,8473,0.018357487922705314,0.9779527559055118,0.6,0.7437125748502994,621,14,414,5,3,0.6,19,5,14,0.2631578947368421,0.07058082134229599,0.09578825753597311,620.0,0.10032362459546924,-0.5680352512978856,-5.0,5.0,44.31964748702114,-2.1052159658380547,-5.0,5.0,28.94784034161945,-2.568035251297886,-10.0,5.0,49.54643165801409,3,14,2,-0.5680352512978856,-5.0,5.0,14
realKnownCause/nyc_taxi.csv,realKnownCause,nyc_taxi,A_rolling_zscore,train,0.002,36.05702891744066,9522,8,0.0008401596303297626,198.35416666666666,0.5,0.003864734299516908,0.007670182166826462,4,4,1031,8483,0.007729468599033816,0.9936,0.6,0.7481927710843375,621,4,414,5,3,0.6,8,4,4,0.5,0.02016594895494171,0.04033189790988342,620.0,0.10032362459546924,0.5291466148781405,-5.0,5.0,55.291466148781396,0.08914776651399739,-5.0,5.0,50.89147766513998,-1.47085338512186,-10.0,5.0,56.86097743252093,3,4,2,0.5291466148781405,-5.0,5.0,4
realKnownCause/nyc_taxi.csv,realKnownCause,nyc_taxi,A_rolling_zscore,budget,0.005,19.051268182990082,9522,47,0.004935937828187356,198.35416666666666,0.14893617021276595,0.00676328502415459,0.012939001848428834,7,40,1028,8447,0.04541062801932367,0.9394856278366112,0.6,0.7323113207547169,621,40,414,5,3,0.6,46,6,40,0.13043478260869565,0.2016594895494171,0.23190841298182965,620.0,0.10032362459546924,-3.425414716687,-5.0,5.0,15.745852833130002,-7.819974896616283,-5.0,5.0,-28.199748966162826,-5.4254147166869995,-10.0,5.0,30.49723522208667,3,40,2,-3.425414716687,-5.0,5.0,40
realKnownCause/nyc_taxi.csv,realKnownCause,nyc_taxi,A_rolling_zscore,train,0.005,17.674077432369,9522,60,0.00630119722747322,198.35416666666666,0.11666666666666667,0.00676328502415459,0.012785388127853882,7,53,1028,8434,0.057971014492753624,0.9213649851632048,0.6,0.7267407840842598,621,53,414,5,3,0.6,59,6,53,0.1016949152542373,0.26719882365297765,0.2974477470853902,620.0,0.10032362459546924,-4.843268370268447,-5.0,5.0,1.5673162973155286,-10.65568220377918,-5.0,5.0,-56.55682203779181,-6.843268370268452,-10.0,5.0,21.044877531543655,3,53,2,-4.843268370268447,-5.0,5.0,53
realKnownCause/nyc_taxi.csv,realKnownCause,nyc_taxi,A_rolling_zscore,budget,0.01,14.419426140065731,9522,95,0.009976895610165931,198.35416666666666,0.07368421052631578,0.00676328502415459,0.012389380530973453,7,88,1028,8399,0.09178743961352658,0.8758815232722144,0.6,0.7121559633027523,621,88,414,5,3,0.6,93,6,87,0.06451612903225806,0.43860938976998215,0.46885831320239474,620.0,0.10032362459546924,-8.57909169553632,-5.0,5.0,-35.7909169553632,-18.12732885431493,-5.0,5.0,-131.27328854314928,-10.579091695536324,-10.0,5.0,-3.860611303575491,3,87,2,-8.689091695536321,-5.0,5.0,88
realKnownCause/nyc_taxi.csv,realKnownCause,nyc_taxi,A_rolling_zscore,train,0.01,14.299116347746157,9522,96,0.010081915563957152,198.35416666666666,0.07291666666666667,0.00676328502415459,0.012378426171529622,7,89,1028,8398,0.0927536231884058,0.8746478873239436,0.6,0.7117478510028653,621,89,414,5,3,0.6,94,6,88,0.06382978723404255,0.4436508770087176,0.47389980044113017,620.0,0.10032362459546924,-8.689091695536321,-5.0,5.0,-36.89091695536321,-18.34732885431493,-5.0,5.0,-133.4732885431493,-10.689091695536323,-10.0,5.0,-4.59394463690882,3,88,2,-8.79909169553632,-5.0,5.0,89
realKnownCause/nyc_taxi.csv,realKnownCause,nyc_taxi,A_rolling_zscore,budget,0.02,10.467904739327743,9522,190,0.019953791220331862,198.35416666666666,0.06315789473684211,0.011594202898550725,0.019591836734693877,12,178,1023,8309,0.18357487922705315,0.7772215269086358,0.6,0.6772082878953107,621,178,414,5,3,0.6,185,11,174,0.05945945945945946,0.8772187795399643,0.932675139166054,620.0,0.10032362459546924,-17.516248783512562,-5.0,5.0,-125.16248783512563,-36.0016430302674,-5.0,5.0,-310.016430302674,-19.516248783512562,-10.0,5.0,-63.44165855675042,3,174,2,-17.94491148847261,-5.0,5.0,178
realKnownCause/nyc_taxi.csv,realKnownCause,nyc_taxi,A_rolling_zscore,train,0.02,10.356743604420089,9522,199,0.020898970804452847,198.35416666666666,0.06532663316582915,0.012560386473429951,0.02106969205834684,13,186,1022,8301,0.19227053140096617,0.8165680473372781,0.8,0.808199121522694,828,186,207,5,4,0.8,193,12,181,0.06217616580310881,0.9125091902111123,0.9730070370759375,1912.5,0.3094660194174757,-17.116459670961646,-5.0,5.0,-121.16459670961646,-36.3718262387033,-5.0,5.0,-313.71826238703295,-18.11645967096164,-10.0,5.0,-54.109731139744255,4,181,1,-17.655122375921692,-5.0,5.0,186
realKnownCause/nyc_taxi.csv,realKnownCause,nyc_taxi,A_rolling_zscore,budget,0.05,6.353370892523532,9522,476,0.04998949800462088,198.35416666666666,0.10504201680672269,0.04830917874396135,0.06618133686300462,50,426,985,8061,0.4599033816425121,0.7084188911704312,1.0,0.8293269230769231,1035,426,0,5,5,1.0,433,42,391,0.09699769053117784,1.971221510345552,2.18296397437244,474.0,0.0766990291262136,-36.64298578749361,-5.0,5.0,-316.4298578749361,-78.24648185216907,-5.0,5.0,-732.4648185216907,-36.64298578749361,-10.0,5.0,-177.61990524995738,5,391,0,-40.34946420430633,-5.0,5.0,426
realKnownCause/nyc_taxi.csv,realKnownCause,nyc_taxi,A_rolling_zscore,train,0.05,6.435942037354123,9522,467,0.049044318420499895,198.35416666666666,0.10492505353319058,0.04734299516908213,0.0652463382157124,49,418,986,8069,0.45120772946859905,0.7123193392980042,1.0,0.8319935691318328,1035,418,0,5,5,1.0,424,41,383,0.09669811320754718,1.9308896124356687,2.137590589223821,474.0,0.0766990291262136,-35.76438888976713,-5.0,5.0,-307.64388889767133,-76.4892880567161,-5.0,5.0,-714.892880567161,-35.76438888976713,-10.0,5.0,-171.76259259844755,5,383,0,-39.47086730657985,-5.0,5.0,418
realKnownCause/nyc_taxi.csv,realKnownCause,nyc_taxi,B_iforest_raw,budget,0.0005,0.7360579685254718,9522,4,0.0004200798151648813,198.35416666666666,0.5,0.001932367149758454,0.0038498556304138597,2,2,1033,8485,0.003864734299516908,0.9904306220095693,0.2,0.3327974276527331,207,2,828,5,1,0.2,2,1,1,0.5,0.005041487238735427,0.010082974477470854,3450.0,0.558252427184466,-3.2946309121957102,-5.0,5.0,17.053690878042897,-3.4046309121957106,-5.0,5.0,15.953690878042895,-7.294630912195711,-10.0,5.0,18.035793918695262,1,1,4,-3.40463091219571,-5.0,5.0,2
realKnownCause/nyc_taxi.csv,realKnownCause,nyc_taxi,B_iforest_raw,train,0.0005,0.7254990189267773,9522,6,0.000630119722747322,198.35416666666666,0.6666666666666666,0.003864734299516908,0.007684918347742554,4,2,1031,8485,0.005797101449275362,0.9951923076923077,0.4,0.5706409372846313,414,2,621,5,2,0.4,3,2,1,0.6666666666666666,0.005041487238735427,0.015124461716206282,3255.0,0.5266990291262136,-1.429767918410384,-5.0,5.0,35.70232081589616,-1.5397679184103839,-5.0,5.0,34.602320815896164,-4.429767918410385,-10.0,5.0,37.13488054393076,2,1,3,-1.539767918410384,-5.0,5.0,2
realKnownCause/nyc_taxi.csv,realKnownCause,nyc_taxi,B_iforest_raw,budget,0.001,0.7178304496615868,9522,9,0.000945179584120983,198.35416666666666,0.4444444444444444,0.003864734299516908,0.007662835249042146,4,5,1031,8482,0.008695652173913044,0.9880668257756563,0.4,0.5694635488308116,414,5,621,5,2,0.4,5,2,3,0.4,0.015124461716206282,0.025207436193677137,3255.0,0.5266990291262136,-1.6401244615144583,-5.0,5.0,33.598755384855416,-1.9604810046185326,-5.0,5.0,30.395189953814672,-4.64012446151446,-10.0,5.0,35.7325035899036,2,3,3,-1.8601244615144585,-5.0,5.0,5
realKnownCause/nyc_taxi.csv,realKnownCause,nyc_taxi,B_iforest_raw,train,0.001,0.7061893882970921,9522,23,0.0024154589371980675,198.35416666666666,0.2608695652173913,0.005797101449275362,0.011342155009451797,6,17,1029,8470,0.022222222222222223,0.9605568445475638,0.4,0.5648021828103684,414,17,621,5,2,0.4,13,3,10,0.23076923076923078,0.05041487238735427,0.06553933410356055,3075.0,0.4975728155339806,-2.3357039038460523,-5.0,5.0,26.64296096153948,-3.397770901191253,-5.0,5.0,16.02229098808747,-5.335703903846054,-10.0,5.0,31.095307307692973,2,10,3,-3.105649016109047,-5.0,5.0,17
realKnownCause/nyc_taxi.csv,realKnownCause,nyc_taxi,B_iforest_raw,budget,0.002,0.7096271163168687,9522,19,0.0019953791220331863,198.35416666666666,0.3157894736842105,0.005797101449275362,0.011385199240986717,6,13,1029,8474,0.018357487922705314,0.9695550351288056,0.4,0.5663474692202463,414,13,621,5,2,0.4,11,3,8,0.2727272727272727,0.04033189790988342,0.0554563596260897,3075.0,0.4975728155339806,-2.143335472226056,-5.0,5.0,28.56664527773944,-3.013034037951261,-5.0,5.0,19.86965962048739,-5.143335472226057,-10.0,5.0,32.377763518492955,2,8,3,-2.6933103538738745,-5.0,5.0,13
realKnownCause/nyc_taxi.csv,realKnownCause,nyc_taxi,B_iforest_raw,train,0.002,0.6882618727291792,9522,84,0.008821676118462508,198.35416666666666,0.13095238095238096,0.010628019323671498,0.01966041108132261,11,73,1024,8414,0.08115942028985507,0.8501026694045175,0.4,0.5440210249671485,414,73,621,5,2,0.4,41,5,36,0.12195121951219512,0.18149354059447537,0.20670097678815252,2325.0,0.3762135922330097,-5.066168134056843,-5.0,5.0,-0.6616813405684319,-8.975886628565227,-5.0,5.0,-39.758866285652275,-8.066168134056852,-10.0,5.0,12.892212439620986,2,36,3,-9.04956007228581,-5.0,5.0,73
realKnownCause/nyc_taxi.csv,realKnownCause,nyc_taxi,B_iforest_raw,budget,0.005,0.6984262601920322,9522,47,0.004935937828187356,198.35416666666666,0.1702127659574468,0.007729468599033816,0.014787430683918669,8,39,1027,8448,0.04541062801932367,0.9139072847682119,0.4,0.5564516129032258,414,39,621,5,2,0.4,27,4,23,0.14814814814814814,0.11595420649091483,0.13612015544585654,2970.0,0.48058252427184467,-3.7410395815001465,-5.0,5.0,12.589604184998535,-6.23012527173008,-5.0,5.0,-12.301252717300803,-6.741039581500152,-10.0,5.0,21.72640278999899,2,23,3,-5.49082213662552,-5.0,5.0,39
realKnownCause/nyc_taxi.csv,realKnownCause,nyc_taxi,B_iforest_raw,train,0.005,0.675194156363222,9522,106,0.011132115101869355,198.35416666666666,0.1320754716981132,0.01352657004830918,0.024539877300613498,14,92,1021,8395,0.10241545893719807,0.8181818181818182,0.4,0.537313432835821,414,92,621,5,2,0.4,50,5,45,0.1,0.22686692574309422,0.25207436193677135,2295.0,0.3713592233009709,-6.0294407017427805,-5.0,5.0,-10.294407017427805,-10.90502830570868,-5.0,5.0,-59.05028305708679,-9.029440701742788,-10.0,5.0,6.47039532171475,2,45,3,-11.112022326756465,-5.0,5.0,92
realKnownCause/nyc_taxi.csv,realKnownCause,nyc_taxi,B_iforest_raw,budget,0.01,0.6809287107663534,9522,95,0.009976895610165931,198.35416666666666,0.14736842105263157,0.01352657004830918,0.024778761061946906,14,81,1021,8406,0.09178743961352658,0.8363636363636363,0.4,0.5411764705882353,414,81,621,5,2,0.4,45,5,40,0.1111111111111111,0.2016594895494171,0.22686692574309422,2295.0,0.3713592233009709,-5.503194781855171,-5.0,5.0,-5.031947818551714,-9.852536465933461,-5.0,5.0,-48.52536465933461,-8.503194781855179,-10.0,5.0,9.97870145429881,2,40,3,-9.926410544919635,-5.0,5.0,81
realKnownCause/nyc_taxi.csv,realKnownCause,nyc_taxi,B_iforest_raw,train,0.01,0.6402946572566284,9522,269,0.02825036756983827,198.35416666666666,0.20074349442379183,0.05217391304347826,0.08282208588957056,54,215,981,8272,0.2599033816425121,0.7938638542665388,0.8,0.7969201154956689,828,215,207,5,4,0.8,98,12,86,0.12244897959183673,0.4335679025312467,0.49406574939607184,2505.0,0.4053398058252427,-6.589438731905064,-5.0,5.0,-15.89438731905064,-15.819400005637537,-5.0,5.0,-108.19400005637537,-7.589438731905066,-10.0,5.0,16.07040845396623,4,86,1,-20.41776783916651,-5.0,5.0,215
realKnownCause/nyc_taxi.csv,realKnownCause,nyc_taxi,B_iforest_raw,budget,0.02,0.6627427548317241,9522,190,0.019953791220331862,198.35416666666666,0.22105263157894736,0.04057971014492753,0.06857142857142856,42,148,993,8339,0.18357487922705315,0.8483606557377049,0.8,0.8234709099950274,828,148,207,5,4,0.8,76,9,67,0.11842105263157894,0.33777964499527363,0.38315303014389246,2520.0,0.4077669902912621,-4.577090021386198,-5.0,5.0,4.229099786138022,-11.789295882484627,-5.0,5.0,-67.89295882484626,-5.5770900213862,-10.0,5.0,29.486066524092003,4,67,1,-13.273103736532468,-5.0,5.0,148
realKnownCause/nyc_taxi.csv,realKnownCause,nyc_taxi,B_iforest_raw,train,0.02,0.6229492771310643,9522,362,0.03801722327242176,198.35416666666666,0.17403314917127072,0.06086956521739131,0.0901932712956335,63,299,972,8188,0.3497584541062802,0.7758620689655172,1.0,0.8737864077669902,1035,299,0,5,5,1.0,115,13,102,0.11304347826086956,0.5142316983510136,0.5797710324545742,2562.0,0.4145631067961165,-6.52204183705588,-5.0,5.0,-15.220418370558804,-17.504831465892696,-5.0,5.0,-125.04831465892696,-6.52204183705588,-10.0,5.0,23.186387752960798,5,102,0,-27.675668606041032,-5.0,5.0,299
realKnownCause/nyc_taxi.csv,realKnownCause,nyc_taxi,B_iforest_raw,budget,0.05,0.6019350753407782,9522,476,0.04998949800462088,198.35416666666666,0.1638655462184874,0.07536231884057971,0.10324288550628723,78,398,957,8089,0.4599033816425121,0.7222609909281228,1.0,0.8387358184764991,1035,398,0,5,5,1.0,140,15,125,0.10714285714285714,0.6301859048419284,0.7058082134229599,1932.0,0.312621359223301,-8.86326801311437,-5.0,5.0,-38.632680131143694,-22.26802954965708,-5.0,5.0,-172.68029549657078,-8.86326801311437,-10.0,5.0,7.578213245904201,5,125,0,-38.262782174622146,-5.0,5.0,398
realKnownCause/nyc_taxi.csv,realKnownCause,nyc_taxi,B_iforest_raw,train,0.05,0.5664002010001531,9522,752,0.0789750052509977,198.35416666666666,0.13164893617021275,0.09565217391304348,0.11080022383883603,99,653,936,7834,0.7265700483091787,0.6131516587677726,1.0,0.7601909658464929,1035,653,0,5,5,1.0,188,18,170,0.09574468085106383,0.8570528305850226,0.9477996008822603,1440.0,0.23300970873786406,-13.702016211828447,-5.0,5.0,-87.02016211828446,-32.05849291455901,-5.0,5.0,-270.5849291455901,-13.702016211828447,-10.0,5.0,-24.680108078856314,5,170,0,-65.59851016979557,-5.0,5.0,653
realKnownCause/nyc_taxi.csv,realKnownCause,nyc_taxi,C_iforest_contextual,budget,0.0005,0.6209468183148548,9522,4,0.0004200798151648813,198.35416666666666,0.75,0.002898550724637681,0.00577478344562079,3,1,1032,8486,0.003864734299516908,0.9975903614457832,0.4,0.5710344827586207,414,1,621,5,2,0.4,3,2,1,0.6666666666666666,0.005041487238735427,0.015124461716206282,3255.0,0.5266990291262136,-1.429767918410384,-5.0,5.0,35.70232081589616,-1.5397679184103839,-5.0,5.0,34.602320815896164,-4.429767918410385,-10.0,5.0,37.13488054393076,2,1,3,-1.429767918410384,-5.0,5.0,1
realKnownCause/nyc_taxi.csv,realKnownCause,nyc_taxi,C_iforest_contextual,train,0.0005,0.6301912476187431,9522,3,0.000315059861373661,198.35416666666666,1.0,0.002898550724637681,0.005780346820809248,3,0,1032,8487,0.002898550724637681,1.0,0.4,0.5714285714285715,414,0,621,5,2,0.4,2,2,0,1.0,0.0,0.010082974477470854,3255.0,0.5266990291262136,-1.3197679184103839,-5.0,5.0,36.80232081589616,-1.3197679184103839,-5.0,5.0,36.80232081589616,-4.319767918410385,-10.0,5.0,37.868213877264104,2,0,3,-1.3197679184103839,-5.0,5.0,0
realKnownCause/nyc_taxi.csv,realKnownCause,nyc_taxi,C_iforest_contextual,budget,0.001,0.6147854331756175,9522,9,0.000945179584120983,198.35416666666666,0.5555555555555556,0.004830917874396135,0.00957854406130268,5,4,1030,8483,0.008695652173913044,0.9904306220095693,0.4,0.5698554714384032,414,4,621,5,2,0.4,6,2,4,0.3333333333333333,0.02016594895494171,0.030248923432412565,3240.0,0.5242718446601942,-1.756473625899765,-5.0,5.0,32.435263741002345,-2.1964736258997646,-5.0,5.0,28.035263741002353,-4.756473625899766,-10.0,5.0,34.956842494001556,2,4,3,-1.756473625899765,-5.0,5.0,4
realKnownCause/nyc_taxi.csv,realKnownCause,nyc_taxi,C_iforest_contextual,train,0.001,0.6230936485931465,9522,4,0.0004200798151648813,198.35416666666666,0.75,0.002898550724637681,0.00577478344562079,3,1,1032,8486,0.003864734299516908,0.9975903614457832,0.4,0.5710344827586207,414,1,621,5,2,0.4,3,2,1,0.6666666666666666,0.005041487238735427,0.015124461716206282,3255.0,0.5266990291262136,-1.429767918410384,-5.0,5.0,35.70232081589616,-1.5397679184103839,-5.0,5.0,34.602320815896164,-4.429767918410385,-10.0,5.0,37.13488054393076,2,1,3,-1.429767918410384,-5.0,5.0,1
realKnownCause/nyc_taxi.csv,realKnownCause,nyc_taxi,C_iforest_contextual,budget,0.002,0.6085607381655823,9522,19,0.0019953791220331863,198.35416666666666,0.3684210526315789,0.00676328502415459,0.013282732447817839,7,12,1028,8475,0.018357487922705314,0.981042654028436,0.6,0.7446043165467626,621,12,414,5,3,0.6,15,3,12,0.2,0.06049784686482513,0.0756223085810314,3800.0,0.6148867313915858,-1.1488817533215616,-5.0,5.0,38.511182466784376,-2.4649417518729435,-5.0,5.0,25.350582481270564,-3.1488817533215614,-10.0,5.0,45.67412164452292,3,12,2,-1.1488817533215616,-5.0,5.0,12
realKnownCause/nyc_taxi.csv,realKnownCause,nyc_taxi,C_iforest_contextual,train,0.002,0.6167422616767325,9522,7,0.0007351396765385423,198.35416666666666,0.7142857142857143,0.004830917874396135,0.009596928982725527,5,2,1030,8485,0.00676328502415459,0.9951923076923077,0.4,0.5706409372846313,414,2,621,5,2,0.4,4,2,2,0.5,0.010082974477470854,0.02016594895494171,3240.0,0.5242718446601942,-1.5364736258997649,-5.0,5.0,34.635263741002355,-1.7564736258997646,-5.0,5.0,32.43526374100235,-4.536473625899766,-10.0,5.0,36.42350916066823,2,2,3,-1.5364736258997649,-5.0,5.0,2
realKnownCause/nyc_taxi.csv,realKnownCause,nyc_taxi,C_iforest_contextual,budget,0.005,0.5994983183946957,9522,47,0.004935937828187356,198.35416666666666,0.1702127659574468,0.007729468599033816,0.014787430683918669,8,39,1027,8448,0.04541062801932367,0.9409090909090909,0.6,0.7327433628318584,621,39,414,5,3,0.6,42,4,38,0.09523809523809523,0.19157651507194623,0.21174246402688796,3800.0,0.6148867313915858,-3.8446110642621862,-5.0,5.0,11.553889357378138,-7.856400373754194,-5.0,5.0,-28.564003737541935,-5.844611064262189,-10.0,5.0,27.702592904918742,3,38,2,-3.9546110642621866,-5.0,5.0,39
realKnownCause/nyc_taxi.csv,realKnownCause,nyc_taxi,C_iforest_contextual,train,0.005,0.6042916019772816,9522,31,0.0032556185675278303,198.35416666666666,0.22580645161290322,0.00676328502415459,0.013133208255159476,7,24,1028,8463,0.02995169082125604,0.9627906976744186,0.6,0.7392857142857143,621,24,414,5,3,0.6,26,3,23,0.11538461538461539,0.11595420649091483,0.1310786682071211,3800.0,0.6148867313915858,-2.312146542854184,-5.0,5.0,26.878534571458157,-4.791471330938189,-5.0,5.0,2.0852866906181067,-4.312146542854183,-10.0,5.0,37.91902304763878,3,23,2,-2.4221465428541844,-5.0,5.0,24
realKnownCause/nyc_taxi.csv,realKnownCause,nyc_taxi,C_iforest_contextual,budget,0.01,0.5915956710173607,9522,95,0.009976895610165931,198.35416666666666,0.11578947368421053,0.010628019323671498,0.01946902654867257,11,84,1024,8403,0.09178743961352658,0.8808510638297873,0.6,0.713793103448276,621,84,414,5,3,0.6,82,6,76,0.07317073170731707,0.38315303014389246,0.41340195357630505,1990.0,0.3220064724919094,-7.335215638867923,-5.0,5.0,-23.352156388679226,-15.469703749317876,-5.0,5.0,-104.69703749317875,-9.335215638867922,-10.0,5.0,4.43189574088052,3,76,2,-8.21521288438685,-5.0,5.0,84
realKnownCause/nyc_taxi.csv,realKnownCause,nyc_taxi,C_iforest_contextual,train,0.01,0.584964082952662,9522,151,0.01585801302247427,198.35416666666666,0.09271523178807947,0.01352657004830918,0.023608768971332208,14,137,1021,8350,0.14589371980676327,0.8192612137203166,0.6,0.6926938092582263,621,137,414,5,3,0.6,119,9,110,0.07563025210084033,0.554563596260897,0.5999369814095158,1990.0,0.3220064724919094,-10.978655679061319,-5.0,5.0,-59.78655679061319,-22.75658382970467,-5.0,5.0,-177.5658382970467,-12.978655679061317,-10.0,5.0,-19.857704527075448,3,110,2,-13.9341971213637,-5.0,5.0,137
realKnownCause/nyc_taxi.csv,realKnownCause,nyc_taxi,C_iforest_contextual,budget,0.02,0.5795441562995952,9522,190,0.019953791220331862,198.35416666666666,0.10526315789473684,0.01932367149758454,0.03265306122448979,20,170,1015,8317,0.18357487922705315,0.7850821744627055,0.6,0.6801752464403067,621,170,414,5,3,0.6,133,11,122,0.08270676691729323,0.6150614431257221,0.6705178027518118,1470.0,0.2378640776699029,-12.231086237915683,-5.0,5.0,-72.31086237915683,-25.309754421823865,-5.0,5.0,-203.09754421823862,-14.23108623791568,-10.0,5.0,-28.20724158610453,3,122,2,-17.484972699848782,-5.0,5.0,170
realKnownCause/nyc_taxi.csv,realKnownCause,nyc_taxi,C_iforest_contextual,train,0.02,0.5723744817505917,9522,245,0.02572988867884898,198.35416666666666,0.08163265306122448,0.01932367149758454,0.031249999999999997,20,225,1015,8262,0.23671497584541062,0.7340425531914894,0.6,0.6602870813397129,621,225,414,5,3,0.6,157,11,146,0.07006369426751592,0.7360571368553723,0.7915134964814621,1470.0,0.2378640776699029,-14.822717498773399,-5.0,5.0,-98.22717498773399,-30.493016943539292,-5.0,5.0,-254.9301694353929,-16.82271749877339,-10.0,5.0,-45.48478332515593,3,146,2,-23.40424346712433,-5.0,5.0,225
realKnownCause/nyc_taxi.csv,realKnownCause,nyc_taxi,C_iforest_contextual,budget,0.05,0.5528363988181358,9522,476,0.04998949800462088,198.35416666666666,0.09033613445378151,0.04154589371980676,0.056915949702183985,43,433,992,8054,0.4599033816425121,0.6566217287866772,0.8,0.7212543554006968,828,433,207,5,4,0.8,210,17,193,0.08095238095238096,0.9730070370759375,1.0587123201344397,1357.5,0.21966019417475727,-17.956990794052633,-5.0,5.0,-129.56990794052632,-38.74703887324839,-5.0,5.0,-337.4703887324839,-18.956990794052636,-10.0,5.0,-59.71327196035091,4,193,1,-43.78050402006851,-5.0,5.0,433
realKnownCause/nyc_taxi.csv,realKnownCause,nyc_taxi,C_iforest_contextual,train,0.05,0.5475037390619282,9522,567,0.05954631379962193,198.35416666666666,0.08289241622574955,0.04541062801932367,0.058676654182272164,47,520,988,7967,0.5478260869565217,0.6142433234421365,0.8,0.6949223667645825,828,520,207,5,4,0.8,238,18,220,0.07563025210084033,1.109127192521794,1.1998739628190316,1357.5,0.21966019417475727,-20.838789056780584,-5.0,5.0,-158.38789056780584,-44.51063539870428,-5.0,5.0,-395.1063539870428,-21.838789056780577,-10.0,5.0,-78.92526037853717,4,220,1,-53.188279182387895,-5.0,5.0,520
realKnownCause/rogue_agent_key_hold.csv,realKnownCause,rogue_agent_key_hold,A_rolling_zscore,budget,0.0005,49.896529326406124,556,0,0.0,13.322916666666666,0.0,0.0,0.0,0,0,45,511,0.0,0.0,0.0,0.0,0,0,45,2,0,0.0,0,0,0,,0.0,0.0,,,-2.0,-2.0,2.0,0.0,-2.0,-2.0,2.0,0.0,-4.0,-4.0,2.0,0.0,0,0,2,-2.0,-2.0,2.0,0
realKnownCause/rogue_agent_key_hold.csv,realKnownCause,rogue_agent_key_hold,A_rolling_zscore,train,0.0005,22.981329845051746,556,4,0.007194244604316547,13.322916666666666,0.0,0.0,0.0,0,4,45,507,0.08888888888888889,0.0,0.0,0.0,0,4,45,2,0,0.0,4,0,4,0.0,0.30023455824863177,0.30023455824863177,,,-2.4399999999999995,-2.0,2.0,-10.999999999999988,-2.880000000000001,-2.0,2.0,-22.00000000000002,-4.440000000000001,-4.0,2.0,-7.333333333333354,0,4,2,-2.4399999999999995,-2.0,2.0,4
realKnownCause/rogue_agent_key_hold.csv,realKnownCause,rogue_agent_key_hold,A_rolling_zscore,budget,0.001,49.7930586528122,556,0,0.0,13.322916666666666,0.0,0.0,0.0,0,0,45,511,0.0,0.0,0.0,0.0,0,0,45,2,0,0.0,0,0,0,,0.0,0.0,,,-2.0,-2.0,2.0,0.0,-2.0,-2.0,2.0,0.0,-4.0,-4.0,2.0,0.0,0,0,2,-2.0,-2.0,2.0,0
realKnownCause/rogue_agent_key_hold.csv,realKnownCause,rogue_agent_key_hold,A_rolling_zscore,train,0.001,22.312471420527274,556,4,0.007194244604316547,13.322916666666666,0.0,0.0,0.0,0,4,45,507,0.08888888888888889,0.0,0.0,0.0,0,4,45,2,0,0.0,4,0,4,0.0,0.30023455824863177,0.30023455824863177,,,-2.4399999999999995,-2.0,2.0,-10.999999999999988,-2.880000000000001,-2.0,2.0,-22.00000000000002,-4.440000000000001,-4.0,2.0,-7.333333333333354,0,4,2,-2.4399999999999995,-2.0,2.0,4
realKnownCause/rogue_agent_key_hold.csv,realKnownCause,rogue_agent_key_hold,A_rolling_zscore,budget,0.002,48.36350431058156,556,1,0.0017985611510791368,13.322916666666666,0.0,0.0,0.0,0,1,45,510,0.022222222222222223,0.0,0.0,0.0,0,1,45,2,0,0.0,1,0,1,0.0,0.07505863956215794,0.07505863956215794,,,-2.11,-2.0,2.0,-2.749999999999997,-2.22,-2.0,2.0,-5.500000000000005,-4.11,-4.0,2.0,-1.8333333333333386,0,1,2,-2.11,-2.0,2.0,1
realKnownCause/rogue_agent_key_hold.csv,realKnownCause,rogue_agent_key_hold,A_rolling_zscore,train,0.002,20.97475457147852,556,4,0.007194244604316547,13.322916666666666,0.0,0.0,0.0,0,4,45,507,0.08888888888888889,0.0,0.0,0.0,0,4,45,2,0,0.0,4,0,4,0.0,0.30023455824863177,0.30023455824863177,,,-2.4399999999999995,-2.0,2.0,-10.999999999999988,-2.880000000000001,-2.0,2.0,-22.00000000000002,-4.440000000000001,-4.0,2.0,-7.333333333333354,0,4,2,-2.4399999999999995,-2.0,2.0,4
realKnownCause/rogue_agent_key_hold.csv,realKnownCause,rogue_agent_key_hold,A_rolling_zscore,budget,0.005,28.204372135359854,556,2,0.0035971223021582736,13.322916666666666,0.0,0.0,0.0,0,2,45,509,0.044444444444444446,0.0,0.0,0.0,0,2,45,2,0,0.0,2,0,2,0.0,0.15011727912431588,0.15011727912431588,,,-2.2199999999999998,-2.0,2.0,-5.499999999999994,-2.4400000000000004,-2.0,2.0,-11.00000000000001,-4.220000000000001,-4.0,2.0,-3.666666666666677,0,2,2,-2.2199999999999998,-2.0,2.0,2
realKnownCause/rogue_agent_key_hold.csv,realKnownCause,rogue_agent_key_hold,A_rolling_zscore,train,0.005,16.961604024332264,556,5,0.008992805755395683,13.322916666666666,0.0,0.0,0.0,0,5,45,506,0.1111111111111111,0.0,0.0,0.0,0,5,45,2,0,0.0,5,0,5,0.0,0.3752931978107897,0.3752931978107897,,,-2.5499933050574812,-2.0,2.0,-13.74983262643703,-3.0999866101149647,-2.0,2.0,-27.499665252874117,-4.549993305057483,-4.0,2.0,-9.166555084291383,0,5,2,-2.5499933050574812,-2.0,2.0,5
realKnownCause/rogue_agent_key_hold.csv,realKnownCause,rogue_agent_key_hold,A_rolling_zscore,budget,0.01,14.219245007015457,556,5,0.008992805755395683,13.322916666666666,0.0,0.0,0.0,0,5,45,506,0.1111111111111111,0.0,0.0,0.0,0,5,45,2,0,0.0,5,0,5,0.0,0.3752931978107897,0.3752931978107897,,,-2.5499933050574812,-2.0,2.0,-13.74983262643703,-3.0999866101149647,-2.0,2.0,-27.499665252874117,-4.549993305057483,-4.0,2.0,-9.166555084291383,0,5,2,-2.5499933050574812,-2.0,2.0,5
realKnownCause/rogue_agent_key_hold.csv,realKnownCause,rogue_agent_key_hold,A_rolling_zscore,train,0.01,10.273019779088305,556,11,0.019784172661870502,13.322916666666666,0.0,0.0,0.0,0,11,45,500,0.24444444444444444,0.0,0.0,0.0,0,11,45,2,0,0.0,11,0,11,0.0,0.8256450351837373,0.8256450351837373,,,-3.209329253466045,-2.0,2.0,-30.233231336651123,-4.418658506932093,-2.0,2.0,-60.46646267330233,-5.2093292534660485,-4.0,2.0,-20.155487557767476,0,11,2,-3.209329253466045,-2.0,2.0,11
realKnownCause/rogue_agent_key_hold.csv,realKnownCause,rogue_agent_key_hold,A_rolling_zscore,budget,0.02,9.831282834328258,556,11,0.019784172661870502,13.322916666666666,0.0,0.0,0.0,0,11,45,500,0.24444444444444444,0.0,0.0,0.0,0,11,45,2,0,0.0,11,0,11,0.0,0.8256450351837373,0.8256450351837373,,,-3.209329253466045,-2.0,2.0,-30.233231336651123,-4.418658506932093,-2.0,2.0,-60.46646267330233,-5.2093292534660485,-4.0,2.0,-20.155487557767476,0,11,2,-3.209329253466045,-2.0,2.0,11
realKnownCause/rogue_agent_key_hold.csv,realKnownCause,rogue_agent_key_hold,A_rolling_zscore,train,0.02,8.39949606035511,556,14,0.025179856115107913,13.322916666666666,0.07142857142857142,0.022222222222222223,0.03389830508474576,1,13,44,498,0.3111111111111111,0.6666666666666666,0.5777777777777777,0.619047619047619,26,13,19,2,1,0.5,14,1,13,0.07142857142857142,0.9757623143080532,1.0508209538702111,85.0,0.5151515151515151,-1.544340436008371,-2.0,2.0,11.391489099790725,-2.9736694850397836,-2.0,2.0,-24.34173712599459,-2.544340436008371,-4.0,2.0,24.26099273319382,1,13,1,-1.544340436008371,-2.0,2.0,13
realKnownCause/rogue_agent_key_hold.csv,realKnownCause,rogue_agent_key_hold,A_rolling_zscore,budget,0.05,3.8287159427489166,556,27,0.048561151079136694,13.322916666666666,0.1111111111111111,0.06666666666666667,0.08333333333333334,3,24,42,487,0.6,0.6521739130434783,1.0,0.7894736842105263,45,24,0,2,2,1.0,21,3,18,0.14285714285714285,1.351055512118843,1.5762314308053167,42.5,0.25757575757575757,-0.09434043600837108,-2.0,2.0,47.641489099790725,-2.0736694850397828,-2.0,2.0,-1.8417371259945692,-0.09434043600837108,-4.0,2.0,65.09432606652715,2,18,0,-0.7543349546228043,-2.0,2.0,24
realKnownCause/rogue_agent_key_hold.csv,realKnownCause,rogue_agent_key_hold,A_rolling_zscore,train,0.05,3.4448986198019043,556,31,0.05575539568345324,13.322916666666666,0.12903225806451613,0.08888888888888889,0.10526315789473684,4,27,41,484,0.6888888888888889,0.625,1.0,0.7692307692307693,45,27,0,2,2,1.0,24,4,20,0.16666666666666666,1.5011727912431587,1.8014073494917906,0.0,0.0,-0.19932904903141252,-2.0,2.0,45.016773774214684,-2.398658098062824,-2.0,2.0,-9.966452451570596,-0.19932904903141252,-4.0,2.0,63.344515849476466,2,20,0,-0.9693235676458457,-2.0,2.0,27
realKnownCause/rogue_agent_key_hold.csv,realKnownCause,rogue_agent_key_hold,B_iforest_raw,budget,0.0005,0.816200233472593,556,0,0.0,13.322916666666666,0.0,0.0,0.0,0,0,45,511,0.0,0.0,0.0,0.0,0,0,45,2,0,0.0,0,0,0,,0.0,0.0,,,-2.0,-2.0,2.0,0.0,-2.0,-2.0,2.0,0.0,-4.0,-4.0,2.0,0.0,0,0,2,-2.0,-2.0,2.0,0
realKnownCause/rogue_agent_key_hold.csv,realKnownCause,rogue_agent_key_hold,B_iforest_raw,train,0.0005,0.813350200233315,556,27,0.048561151079136694,13.322916666666666,0.4444444444444444,0.26666666666666666,0.33333333333333337,12,15,33,496,0.6,0.75,1.0,0.8571428571428571,45,15,0,2,2,1.0,19,5,14,0.2631578947368421,1.0508209538702111,1.4261141516810008,157.5,0.4298142717497556,0.36810788065125877,-2.0,2.0,59.20269701628147,-1.1075041776922514,-2.0,2.0,22.312395557693716,0.36810788065125877,-4.0,2.0,72.80179801085431,2,14,0,0.2581078806512588,-2.0,2.0,15
realKnownCause/rogue_agent_key_hold.csv,realKnownCause,rogue_agent_key_hold,B_iforest_raw,budget,0.001,0.816200233472593,556,0,0.0,13.322916666666666,0.0,0.0,0.0,0,0,45,511,0.0,0.0,0.0,0.0,0,0,45,2,0,0.0,0,0,0,,0.0,0.0,,,-2.0,-2.0,2.0,0.0,-2.0,-2.0,2.0,0.0,-4.0,-4.0,2.0,0.0,0,0,2,-2.0,-2.0,2.0,0
realKnownCause/rogue_agent_key_hold.csv,realKnownCause,rogue_agent_key_hold,B_iforest_raw,train,0.001,0.810500166994036,556,27,0.048561151079136694,13.322916666666666,0.4444444444444444,0.26666666666666666,0.33333333333333337,12,15,33,496,0.6,0.75,1.0,0.8571428571428571,45,15,0,2,2,1.0,19,5,14,0.2631578947368421,1.0508209538702111,1.4261141516810008,157.5,0.4298142717497556,0.36810788065125877,-2.0,2.0,59.20269701628147,-1.1075041776922514,-2.0,2.0,22.312395557693716,0.36810788065125877,-4.0,2.0,72.80179801085431,2,14,0,0.2581078806512588,-2.0,2.0,15
realKnownCause/rogue_agent_key_hold.csv,realKnownCause,rogue_agent_key_hold,B_iforest_raw,budget,0.002,0.816200233472593,556,1,0.0017985611510791368,13.322916666666666,0.0,0.0,0.0,0,1,45,510,0.022222222222222223,0.0,0.0,0.0,0,1,45,2,0,0.0,1,0,1,0.0,0.07505863956215794,0.07505863956215794,,,-2.11,-2.0,2.0,-2.749999999999997,-2.22,-2.0,2.0,-5.500000000000005,-4.11,-4.0,2.0,-1.8333333333333386,0,1,2,-2.11,-2.0,2.0,1
realKnownCause/rogue_agent_key_hold.csv,realKnownCause,rogue_agent_key_hold,B_iforest_raw,train,0.002,0.8048001005154792,556,27,0.048561151079136694,13.322916666666666,0.4444444444444444,0.26666666666666666,0.33333333333333337,12,15,33,496,0.6,0.75,1.0,0.8571428571428571,45,15,0,2,2,1.0,19,5,14,0.2631578947368421,1.0508209538702111,1.4261141516810008,157.5,0.4298142717497556,0.36810788065125877,-2.0,2.0,59.20269701628147,-1.1075041776922514,-2.0,2.0,22.312395557693716,0.36810788065125877,-4.0,2.0,72.80179801085431,2,14,0,0.2581078806512588,-2.0,2.0,15
realKnownCause/rogue_agent_key_hold.csv,realKnownCause,rogue_agent_key_hold,B_iforest_raw,budget,0.005,0.816200233472593,556,2,0.0035971223021582736,13.322916666666666,0.0,0.0,0.0,0,2,45,509,0.044444444444444446,0.0,0.0,0.0,0,2,45,2,0,0.0,1,0,1,0.0,0.07505863956215794,0.07505863956215794,,,-2.11,-2.0,2.0,-2.749999999999997,-2.22,-2.0,2.0,-5.500000000000005,-4.11,-4.0,2.0,-1.8333333333333386,0,1,2,-2.2199999999999998,-2.0,2.0,2
realKnownCause/rogue_agent_key_hold.csv,realKnownCause,rogue_agent_key_hold,B_iforest_raw,train,0.005,0.7876999010798086,556,27,0.048561151079136694,13.322916666666666,0.4444444444444444,0.26666666666666666,0.33333333333333337,12,15,33,496,0.6,0.75,1.0,0.8571428571428571,45,15,0,2,2,1.0,19,5,14,0.2631578947368421,1.0508209538702111,1.4261141516810008,157.5,0.4298142717497556,0.36810788065125877,-2.0,2.0,59.20269701628147,-1.1075041776922514,-2.0,2.0,22.312395557693716,0.36810788065125877,-4.0,2.0,72.80179801085431,2,14,0,0.2581078806512588,-2.0,2.0,15
realKnownCause/rogue_agent_key_hold.csv,realKnownCause,rogue_agent_key_hold,B_iforest_raw,budget,0.01,0.816200233472593,556,5,0.008992805755395683,13.322916666666666,0.4,0.044444444444444446,0.07999999999999999,2,3,43,508,0.1111111111111111,0.896551724137931,0.5777777777777777,0.7027027027027027,26,3,19,2,1,0.5,4,2,2,0.5,0.15011727912431588,0.30023455824863177,95.0,0.5757575757575758,-0.3602074330902163,-2.0,2.0,40.99481417274459,-0.5802074330902163,-2.0,2.0,35.49481417274459,-1.3602074330902165,-4.0,2.0,43.996542781829724,1,2,1,-0.4702074330902163,-2.0,2.0,3
realKnownCause/rogue_agent_key_hold.csv,realKnownCause,rogue_agent_key_hold,B_iforest_raw,train,0.01,0.7591995686870234,556,30,0.0539568345323741,13.322916666666666,0.4,0.26666666666666666,0.32,12,18,33,493,0.6666666666666666,0.7142857142857143,1.0,0.8333333333333333,45,18,0,2,2,1.0,21,5,16,0.23809523809523808,1.200938232994527,1.5762314308053167,157.5,0.4298142717497556,0.14865185774571854,-2.0,2.0,53.71629644364296,-1.5464162235033323,-2.0,2.0,11.339594412416693,0.14865185774571854,-4.0,2.0,69.14419762909532,2,16,0,-0.07134814225428146,-2.0,2.0,18
realKnownCause/rogue_agent_key_hold.csv,realKnownCause,rogue_agent_key_hold,B_iforest_raw,budget,0.02,0.816200233472593,556,11,0.019784172661870502,13.322916666666666,0.6363636363636364,0.15555555555555556,0.25,7,4,38,507,0.24444444444444444,0.9183673469387755,1.0,0.9574468085106383,45,4,0,2,2,1.0,7,4,3,0.5714285714285714,0.22517591868647382,0.5254104769351056,157.5,0.4298142717497556,1.5137266339372881,-2.0,2.0,87.8431658484322,1.1837333288798066,-2.0,2.0,79.59333322199517,1.5137266339372881,-4.0,2.0,91.89544389895481,2,3,0,1.403726633937288,-2.0,2.0,4
realKnownCause/rogue_agent_key_hold.csv,realKnownCause,rogue_agent_key_hold,B_iforest_raw,train,0.02,0.63128596282283,556,59,0.10611510791366907,13.322916666666666,0.2542372881355932,0.3333333333333333,0.2884615384615385,15,44,30,467,1.0,0.5056179775280899,1.0,0.6716417910447761,45,44,0,2,2,1.0,42,7,35,0.16666666666666666,2.627052384675528,3.1524628616106334,25.0,0.15151515151515152,-1.7703782413148403,-2.0,2.0,5.740543967128992,-5.511926354437572,-2.0,2.0,-87.7981588609393,-1.7703782413148403,-4.0,2.0,37.16036264475267,2,35,0,-2.76037824131484,-2.0,2.0,44
realKnownCause/rogue_agent_key_hold.csv,realKnownCause,rogue_agent_key_hold,B_iforest_raw,budget,0.05,0.7713900209540214,556,27,0.048561151079136694,13.322916666666666,0.4444444444444444,0.26666666666666666,0.33333333333333337,12,15,33,496,0.6,0.75,1.0,0.8571428571428571,45,15,0,2,2,1.0,19,5,14,0.2631578947368421,1.0508209538702111,1.4261141516810008,157.5,0.4298142717497556,0.36810788065125877,-2.0,2.0,59.20269701628147,-1.1075041776922514,-2.0,2.0,22.312395557693716,0.36810788065125877,-4.0,2.0,72.80179801085431,2,14,0,0.2581078806512588,-2.0,2.0,15
realKnownCause/rogue_agent_key_hold.csv,realKnownCause,rogue_agent_key_hold,B_iforest_raw,train,0.05,0.6260046991982053,556,65,0.11690647482014388,13.322916666666666,0.23076923076923078,0.3333333333333333,0.27272727272727276,15,50,30,461,1.0,0.47368421052631576,1.0,0.6428571428571429,45,50,0,2,2,1.0,44,7,37,0.1590909090909091,2.7771696637998438,3.3025801407349493,25.0,0.15151515151515152,-1.9799445492157757,-2.0,2.0,0.5013862696056082,-5.931058970239442,-2.0,2.0,-98.27647425598605,-1.9799445492157757,-4.0,2.0,33.66759084640374,2,37,0,-3.3729885939452378,-2.0,2.0,50
realKnownCause/rogue_agent_key_hold.csv,realKnownCause,rogue_agent_key_hold,C_iforest_contextual,budget,0.0005,0.6907768457902342,556,0,0.0,13.322916666666666,0.0,0.0,0.0,0,0,45,511,0.0,0.0,0.0,0.0,0,0,45,2,0,0.0,0,0,0,,0.0,0.0,,,-2.0,-2.0,2.0,0.0,-2.0,-2.0,2.0,0.0,-4.0,-4.0,2.0,0.0,0,0,2,-2.0,-2.0,2.0,0
realKnownCause/rogue_agent_key_hold.csv,realKnownCause,rogue_agent_key_hold,C_iforest_contextual,train,0.0005,0.6622529872167184,556,13,0.023381294964028777,13.322916666666666,0.0,0.0,0.0,0,13,45,498,0.28888888888888886,0.0,0.0,0.0,0,13,45,2,0,0.0,11,0,11,0.0,0.8256450351837373,0.8256450351837373,,,-3.209335948408563,-2.0,2.0,-30.233398710214075,-4.41867189681713,-2.0,2.0,-60.46679742042824,-5.209335948408567,-4.0,2.0,-20.155599140142783,0,11,2,-3.429335948408563,-2.0,2.0,13
realKnownCause/rogue_agent_key_hold.csv,realKnownCause,rogue_agent_key_hold,C_iforest_contextual,budget,0.001,0.6898387420005266,556,0,0.0,13.322916666666666,0.0,0.0,0.0,0,0,45,511,0.0,0.0,0.0,0.0,0,0,45,2,0,0.0,0,0,0,,0.0,0.0,,,-2.0,-2.0,2.0,0.0,-2.0,-2.0,2.0,0.0,-4.0,-4.0,2.0,0.0,0,0,2,-2.0,-2.0,2.0,0
realKnownCause/rogue_agent_key_hold.csv,realKnownCause,rogue_agent_key_hold,C_iforest_contextual,train,0.001,0.6616494327123936,556,13,0.023381294964028777,13.322916666666666,0.0,0.0,0.0,0,13,45,498,0.28888888888888886,0.0,0.0,0.0,0,13,45,2,0,0.0,11,0,11,0.0,0.8256450351837373,0.8256450351837373,,,-3.209335948408563,-2.0,2.0,-30.233398710214075,-4.41867189681713,-2.0,2.0,-60.46679742042824,-5.209335948408567,-4.0,2.0,-20.155599140142783,0,11,2,-3.429335948408563,-2.0,2.0,13
realKnownCause/rogue_agent_key_hold.csv,realKnownCause,rogue_agent_key_hold,C_iforest_contextual,budget,0.002,0.6881776652403233,556,1,0.0017985611510791368,13.322916666666666,0.0,0.0,0.0,0,1,45,510,0.022222222222222223,0.0,0.0,0.0,0,1,45,2,0,0.0,1,0,1,0.0,0.07505863956215794,0.07505863956215794,,,-2.11,-2.0,2.0,-2.749999999999997,-2.22,-2.0,2.0,-5.500000000000005,-4.11,-4.0,2.0,-1.8333333333333386,0,1,2,-2.11,-2.0,2.0,1
realKnownCause/rogue_agent_key_hold.csv,realKnownCause,rogue_agent_key_hold,C_iforest_contextual,train,0.002,0.6604423237037441,556,13,0.023381294964028777,13.322916666666666,0.0,0.0,0.0,0,13,45,498,0.28888888888888886,0.0,0.0,0.0,0,13,45,2,0,0.0,11,0,11,0.0,0.8256450351837373,0.8256450351837373,,,-3.209335948408563,-2.0,2.0,-30.233398710214075,-4.41867189681713,-2.0,2.0,-60.46679742042824,-5.209335948408567,-4.0,2.0,-20.155599140142783,0,11,2,-3.429335948408563,-2.0,2.0,13
realKnownCause/rogue_agent_key_hold.csv,realKnownCause,rogue_agent_key_hold,C_iforest_contextual,budget,0.005,0.6858273059104435,556,2,0.0035971223021582736,13.322916666666666,0.0,0.0,0.0,0,2,45,509,0.044444444444444446,0.0,0.0,0.0,0,2,45,2,0,0.0,2,0,2,0.0,0.15011727912431588,0.15011727912431588,,,-2.2199999999999998,-2.0,2.0,-5.499999999999994,-2.4400000000000004,-2.0,2.0,-11.00000000000001,-4.220000000000001,-4.0,2.0,-3.666666666666677,0,2,2,-2.2199999999999998,-2.0,2.0,2
realKnownCause/rogue_agent_key_hold.csv,realKnownCause,rogue_agent_key_hold,C_iforest_contextual,train,0.005,0.6568209966777958,556,17,0.030575539568345324,13.322916666666666,0.058823529411764705,0.022222222222222223,0.03225806451612903,1,16,44,495,0.37777777777777777,0.6190476190476191,0.5777777777777777,0.5977011494252873,26,16,19,2,1,0.5,15,1,14,0.06666666666666667,1.0508209538702111,1.125879593432369,85.0,0.5151515151515151,-1.6543473353855234,-2.0,2.0,8.641316615361916,-3.193683283794088,-2.0,2.0,-29.842082094852195,-2.654347335385523,-4.0,2.0,22.427544410241286,1,14,1,-1.8743473353855236,-2.0,2.0,16
realKnownCause/rogue_agent_key_hold.csv,realKnownCause,rogue_agent_key_hold,C_iforest_contextual,budget,0.01,0.6766274502323438,556,5,0.008992805755395683,13.322916666666666,0.0,0.0,0.0,0,5,45,506,0.1111111111111111,0.0,0.0,0.0,0,5,45,2,0,0.0,5,0,5,0.0,0.3752931978107897,0.3752931978107897,,,-2.5499999999999994,-2.0,2.0,-13.749999999999984,-3.100000000000001,-2.0,2.0,-27.500000000000025,-4.550000000000002,-4.0,2.0,-9.166666666666693,0,5,2,-2.5499999999999994,-2.0,2.0,5
realKnownCause/rogue_agent_key_hold.csv,realKnownCause,rogue_agent_key_hold,C_iforest_contextual,train,0.01,0.6507854516345485,556,29,0.052158273381294966,13.322916666666666,0.034482758620689655,0.022222222222222223,0.027027027027027025,1,28,44,483,0.6444444444444445,0.48148148148148145,0.5777777777777777,0.5252525252525252,26,28,19,2,1,0.5,25,1,24,0.04,1.8014073494917906,1.8764659890539486,85.0,0.5151515151515151,-2.689965884236918,-2.0,2.0,-17.249147105922948,-5.264920381496878,-2.0,2.0,-81.62300953742194,-3.6899658842369165,-4.0,2.0,5.167235262718058,1,24,1,-3.1299658842369174,-2.0,2.0,28
realKnownCause/rogue_agent_key_hold.csv,realKnownCause,rogue_agent_key_hold,C_iforest_contextual,budget,0.02,0.665188902042856,556,11,0.019784172661870502,13.322916666666666,0.0,0.0,0.0,0,11,45,500,0.24444444444444444,0.0,0.0,0.0,0,11,45,2,0,0.0,10,0,10,0.0,0.7505863956215794,0.7505863956215794,,,-3.099335948408563,-2.0,2.0,-27.48339871021408,-4.19867189681713,-2.0,2.0,-54.96679742042825,-5.099335948408567,-4.0,2.0,-18.322265806809444,0,10,2,-3.209335948408563,-2.0,2.0,11
realKnownCause/rogue_agent_key_hold.csv,realKnownCause,rogue_agent_key_hold,C_iforest_contextual,train,0.02,0.6410750930625939,556,39,0.07014388489208633,13.322916666666666,0.10256410256410256,0.08888888888888889,0.09523809523809523,4,35,41,476,0.8666666666666667,0.5625,1.0,0.72,45,35,0,2,2,1.0,32,3,29,0.09375,2.1767005473025804,2.401876465989054,42.5,0.25757575757575757,-1.1597523723312395,-2.0,2.0,21.006190691719013,-4.2044933576855215,-2.0,2.0,-55.11233394213804,-1.1597523723312395,-4.0,2.0,47.33746046114601,2,29,0,-1.81975237233124,-2.0,2.0,35
realKnownCause/rogue_agent_key_hold.csv,realKnownCause,rogue_agent_key_hold,C_iforest_contextual,budget,0.05,0.6514932345522217,556,27,0.048561151079136694,13.322916666666666,0.037037037037037035,0.022222222222222223,0.027777777777777776,1,26,44,485,0.6,0.5,0.5777777777777777,0.5360824742268041,26,26,19,2,1,0.5,23,1,22,0.043478260869565216,1.6512900703674747,1.7263487099296326,85.0,0.5151515151515151,-2.5244519204875138,-2.0,2.0,-13.111298012187845,-4.9338924539980695,-2.0,2.0,-73.34731134995174,-3.5244519204875124,-4.0,2.0,7.925801325208126,1,22,1,-2.9644519204875133,-2.0,2.0,26
realKnownCause/rogue_agent_key_hold.csv,realKnownCause,rogue_agent_key_hold,C_iforest_contextual,train,0.05,0.5909096951232106,556,148,0.26618705035971224,13.322916666666666,0.14189189189189189,0.4666666666666667,0.21761658031088085,21,127,24,384,1.0,0.2616279069767442,1.0,0.4147465437788019,45,127,0,2,2,1.0,83,10,73,0.12048192771084337,5.479280688037529,6.229867083659109,0.0,0.0,-5.682089875708209,-2.0,2.0,-92.05224689270521,-13.364179751416419,-2.0,2.0,-284.10449378541045,-5.682089875708209,-4.0,2.0,-28.034831261803475,2,73,0,-11.53892341751192,-2.0,2.0,127
realKnownCause/rogue_agent_key_updown.csv,realKnownCause,rogue_agent_key_updown,A_rolling_zscore,budget,0.0005,50.0,462,0,0.0,16.40972222222222,0.0,0.0,0.0,0,0,32,430,0.0,0.0,0.0,0.0,0,0,32,2,0,0.0,0,0,0,,0.0,0.0,,,-2.0,-2.0,2.0,0.0,-2.0,-2.0,2.0,0.0,-4.0,-4.0,2.0,0.0,0,0,2,-2.0,-2.0,2.0,0
realKnownCause/rogue_agent_key_updown.csv,realKnownCause,rogue_agent_key_updown,A_rolling_zscore,train,0.0005,8.656422142721503,462,17,0.0367965367965368,16.40972222222222,0.058823529411764705,0.03125,0.04081632653061224,1,16,31,414,0.53125,0.6363636363636364,0.875,0.7368421052631579,28,16,4,2,1,0.5,15,1,14,0.06666666666666667,0.853152771900127,0.9140922556072789,1100.0,0.8527131782945736,-1.6919765616850764,-2.0,2.0,7.70058595787309,-3.184670112207281,-2.0,2.0,-29.616752805182024,-2.6919765616850757,-4.0,2.0,21.800390638582073,1,14,1,-1.9119765616850766,-2.0,2.0,16
realKnownCause/rogue_agent_key_updown.csv,realKnownCause,rogue_agent_key_updown,A_rolling_zscore,budget,0.001,50.0,462,0,0.0,16.40972222222222,0.0,0.0,0.0,0,0,32,430,0.0,0.0,0.0,0.0,0,0,32,2,0,0.0,0,0,0,,0.0,0.0,,,-2.0,-2.0,2.0,0.0,-2.0,-2.0,2.0,0.0,-4.0,-4.0,2.0,0.0,0,0,2,-2.0,-2.0,2.0,0
realKnownCause/rogue_agent_key_updown.csv,realKnownCause,rogue_agent_key_updown,A_rolling_zscore,train,0.001,8.483307355975722,462,17,0.0367965367965368,16.40972222222222,0.058823529411764705,0.03125,0.04081632653061224,1,16,31,414,0.53125,0.6363636363636364,0.875,0.7368421052631579,28,16,4,2,1,0.5,15,1,14,0.06666666666666667,0.853152771900127,0.9140922556072789,1100.0,0.8527131782945736,-1.6919765616850764,-2.0,2.0,7.70058595787309,-3.184670112207281,-2.0,2.0,-29.616752805182024,-2.6919765616850757,-4.0,2.0,21.800390638582073,1,14,1,-1.9119765616850766,-2.0,2.0,16
realKnownCause/rogue_agent_key_updown.csv,realKnownCause,rogue_agent_key_updown,A_rolling_zscore,budget,0.002,50.0,462,0,0.0,16.40972222222222,0.0,0.0,0.0,0,0,32,430,0.0,0.0,0.0,0.0,0,0,32,2,0,0.0,0,0,0,,0.0,0.0,,,-2.0,-2.0,2.0,0.0,-2.0,-2.0,2.0,0.0,-4.0,-4.0,2.0,0.0,0,0,2,-2.0,-2.0,2.0,0
realKnownCause/rogue_agent_key_updown.csv,realKnownCause,rogue_agent_key_updown,A_rolling_zscore,train,0.002,8.13707778248422,462,18,0.03896103896103896,16.40972222222222,0.05555555555555555,0.03125,0.04,1,17,31,413,0.5625,0.6222222222222222,0.875,0.7272727272727274,28,17,4,2,1,0.5,16,1,15,0.0625,0.9140922556072789,0.9750317393144309,1100.0,0.8527131782945736,-1.8019765616850765,-2.0,2.0,4.950585957873088,-3.404670112207281,-2.0,2.0,-35.11675280518203,-2.8019765616850756,-4.0,2.0,19.96705730524874,1,15,1,-2.0219765616850767,-2.0,2.0,17
realKnownCause/rogue_agent_key_updown.csv,realKnownCause,rogue_agent_key_updown,A_rolling_zscore,budget,0.005,41.45742064813912,462,2,0.004329004329004329,16.40972222222222,0.5,0.03125,0.058823529411764705,1,1,31,429,0.0625,0.9655172413793104,0.875,0.9180327868852458,28,1,4,2,1,0.5,2,1,1,0.5,0.06093948370715193,0.12187896741430386,1100.0,0.8527131782945736,-0.3092830111628714,-2.0,2.0,42.26792472092822,-0.41928301116287137,-2.0,2.0,39.517924720928214,-1.3092830111628715,-4.0,2.0,44.84528314728548,1,1,1,-0.3092830111628714,-2.0,2.0,1
realKnownCause/rogue_agent_key_updown.csv,realKnownCause,rogue_agent_key_updown,A_rolling_zscore,train,0.005,7.098389062009771,462,19,0.04112554112554113,16.40972222222222,0.05263157894736842,0.03125,0.0392156862745098,1,18,31,412,0.59375,0.6086956521739131,0.875,0.717948717948718,28,18,4,2,1,0.5,16,1,15,0.0625,0.9140922556072789,0.9750317393144309,1100.0,0.8527131782945736,-1.8019765616850765,-2.0,2.0,4.950585957873088,-3.404670112207281,-2.0,2.0,-35.11675280518203,-2.8019765616850756,-4.0,2.0,19.96705730524874,1,15,1,-2.1319765616850765,-2.0,2.0,18
realKnownCause/rogue_agent_key_updown.csv,realKnownCause,rogue_agent_key_updown,A_rolling_zscore,budget,0.01,25.132846271618384,462,4,0.008658008658008658,16.40972222222222,0.25,0.03125,0.05555555555555555,1,3,31,427,0.125,0.9032258064516129,0.875,0.8888888888888888,28,3,4,2,1,0.5,4,1,3,0.25,0.18281845112145578,0.24375793482860772,1100.0,0.8527131782945736,-0.5292830111628714,-2.0,2.0,36.767924720928214,-0.8592830111628713,-2.0,2.0,28.517924720928217,-1.5292830111628717,-4.0,2.0,41.1786164806188,1,3,1,-0.5292830111628714,-2.0,2.0,3
realKnownCause/rogue_agent_key_updown.csv,realKnownCause,rogue_agent_key_updown,A_rolling_zscore,train,0.01,5.367241194552318,462,21,0.045454545454545456,16.40972222222222,0.047619047619047616,0.03125,0.03773584905660377,1,20,31,410,0.65625,0.5833333333333334,0.875,0.7000000000000001,28,20,4,2,1,0.5,18,1,17,0.05555555555555555,1.0359712230215827,1.0969107067287347,1100.0,0.8527131782945736,-2.0219765616850767,-2.0,2.0,-0.5494140421269167,-3.8446701122072815,-2.0,2.0,-46.11675280518204,-3.0219765616850753,-4.0,2.0,16.300390638582076,1,17,1,-2.3519765616850763,-2.0,2.0,20
realKnownCause/rogue_agent_key_updown.csv,realKnownCause,rogue_agent_key_updown,A_rolling_zscore,budget,0.02,12.349525040948954,462,9,0.01948051948051948,16.40972222222222,0.1111111111111111,0.03125,0.04878048780487805,1,8,31,422,0.28125,0.7777777777777778,0.875,0.823529411764706,28,8,4,2,1,0.5,9,1,8,0.1111111111111111,0.48751586965721544,0.5484553533643673,1100.0,0.8527131782945736,-1.079230142586051,-2.0,2.0,23.019246435348723,-1.959177274009231,-2.0,2.0,1.0205681497692243,-2.0792301425860518,-4.0,2.0,32.01283095689914,1,8,1,-1.079230142586051,-2.0,2.0,8
realKnownCause/rogue_agent_key_updown.csv,realKnownCause,rogue_agent_key_updown,A_rolling_zscore,train,0.02,3.542770818526859,462,31,0.0670995670995671,16.40972222222222,0.03225806451612903,0.03125,0.031746031746031744,1,30,31,400,0.96875,0.4827586206896552,0.875,0.6222222222222222,28,30,4,2,1,0.5,26,1,25,0.038461538461538464,1.5234870926787982,1.5844265763859502,1100.0,0.8527131782945736,-2.9019765616850752,-2.0,2.0,-22.54941404212688,-5.6046701122072795,-2.0,2.0,-90.11675280518199,-3.901976561685075,-4.0,2.0,1.6337239719154202,1,25,1,-3.45196657415396,-2.0,2.0,30
realKnownCause/rogue_agent_key_updown.csv,realKnownCause,rogue_agent_key_updown,A_rolling_zscore,budget,0.05,5.109985923647209,462,23,0.049783549783549784,16.40972222222222,0.043478260869565216,0.03125,0.03636363636363636,1,22,31,408,0.71875,0.56,0.875,0.6829268292682927,28,22,4,2,1,0.5,20,1,19,0.05,1.1578501904358867,1.2187896741430386,1100.0,0.8527131782945736,-2.2419765616850764,-2.0,2.0,-6.0494140421269105,-4.284670112207281,-2.0,2.0,-57.116752805182024,-3.241976561685075,-4.0,2.0,12.633723971915416,1,19,1,-2.571976561685076,-2.0,2.0,22
realKnownCause/rogue_agent_key_updown.csv,realKnownCause,rogue_agent_key_updown,A_rolling_zscore,train,0.05,2.7305912829088066,462,37,0.08008658008658008,16.40972222222222,0.02702702702702703,0.03125,0.028985507246376812,1,36,31,394,1.0,0.4375,0.875,0.5833333333333334,28,36,4,2,1,0.5,29,1,28,0.034482758620689655,1.706305543800254,1.7672450275074059,1100.0,0.8527131782945736,-3.231976561685075,-2.0,2.0,-30.79941404212687,-6.264670112207279,-2.0,2.0,-106.61675280518197,-4.231976561685076,-4.0,2.0,-3.8662760280845956,1,28,1,-4.11196657415396,-2.0,2.0,36
realKnownCause/rogue_agent_key_updown.csv,realKnownCause,rogue_agent_key_updown,B_iforest_raw,budget,0.0005,0.756020289967217,462,0,0.0,16.40972222222222,0.0,0.0,0.0,0,0,32,430,0.0,0.0,0.0,0.0,0,0,32,2,0,0.0,0,0,0,,0.0,0.0,,,-2.0,-2.0,2.0,0.0,-2.0,-2.0,2.0,0.0,-4.0,-4.0,2.0,0.0,0,0,2,-2.0,-2.0,2.0,0
realKnownCause/rogue_agent_key_updown.csv,realKnownCause,rogue_agent_key_updown,B_iforest_raw,train,0.0005,0.7547680568635935,462,29,0.06277056277056277,16.40972222222222,0.034482758620689655,0.03125,0.03278688524590164,1,28,31,402,0.90625,0.5,0.875,0.6363636363636364,28,28,4,2,1,0.5,21,1,20,0.047619047619047616,1.2187896741430386,1.2797291578501906,1100.0,0.8527131782945736,-2.3519765616850763,-2.0,2.0,-8.799414042126907,-4.504670112207281,-2.0,2.0,-62.61675280518202,-3.351976561685075,-4.0,2.0,10.800390638582085,1,20,1,-3.2319665741539607,-2.0,2.0,28
realKnownCause/rogue_agent_key_updown.csv,realKnownCause,rogue_agent_key_updown,B_iforest_raw,budget,0.001,0.756020289967217,462,0,0.0,16.40972222222222,0.0,0.0,0.0,0,0,32,430,0.0,0.0,0.0,0.0,0,0,32,2,0,0.0,0,0,0,,0.0,0.0,,,-2.0,-2.0,2.0,0.0,-2.0,-2.0,2.0,0.0,-4.0,-4.0,2.0,0.0,0,0,2,-2.0,-2.0,2.0,0
realKnownCause/rogue_agent_key_updown.csv,realKnownCause,rogue_agent_key_updown,B_iforest_raw,train,0.001,0.7535158237599696,462,29,0.06277056277056277,16.40972222222222,0.034482758620689655,0.03125,0.03278688524590164,1,28,31,402,0.90625,0.5,0.875,0.6363636363636364,28,28,4,2,1,0.5,21,1,20,0.047619047619047616,1.2187896741430386,1.2797291578501906,1100.0,0.8527131782945736,-2.3519765616850763,-2.0,2.0,-8.799414042126907,-4.504670112207281,-2.0,2.0,-62.61675280518202,-3.351976561685075,-4.0,2.0,10.800390638582085,1,20,1,-3.2319665741539607,-2.0,2.0,28
realKnownCause/rogue_agent_key_updown.csv,realKnownCause,rogue_agent_key_updown,B_iforest_raw,budget,0.002,0.756020289967217,462,0,0.0,16.40972222222222,0.0,0.0,0.0,0,0,32,430,0.0,0.0,0.0,0.0,0,0,32,2,0,0.0,0,0,0,,0.0,0.0,,,-2.0,-2.0,2.0,0.0,-2.0,-2.0,2.0,0.0,-4.0,-4.0,2.0,0.0,0,0,2,-2.0,-2.0,2.0,0
realKnownCause/rogue_agent_key_updown.csv,realKnownCause,rogue_agent_key_updown,B_iforest_raw,train,0.002,0.7510113575527222,462,29,0.06277056277056277,16.40972222222222,0.034482758620689655,0.03125,0.03278688524590164,1,28,31,402,0.90625,0.5,0.875,0.6363636363636364,28,28,4,2,1,0.5,21,1,20,0.047619047619047616,1.2187896741430386,1.2797291578501906,1100.0,0.8527131782945736,-2.3519765616850763,-2.0,2.0,-8.799414042126907,-4.504670112207281,-2.0,2.0,-62.61675280518202,-3.351976561685075,-4.0,2.0,10.800390638582085,1,20,1,-3.2319665741539607,-2.0,2.0,28
realKnownCause/rogue_agent_key_updown.csv,realKnownCause,rogue_agent_key_updown,B_iforest_raw,budget,0.005,0.756020289967217,462,2,0.004329004329004329,16.40972222222222,0.0,0.0,0.0,0,2,32,428,0.0625,0.0,0.0,0.0,0,2,32,2,0,0.0,2,0,2,0.0,0.12187896741430386,0.12187896741430386,,,-2.2199999999999998,-2.0,2.0,-5.499999999999994,-2.4400000000000004,-2.0,2.0,-11.00000000000001,-4.220000000000001,-4.0,2.0,-3.666666666666677,0,2,2,-2.2199999999999998,-2.0,2.0,2
realKnownCause/rogue_agent_key_updown.csv,realKnownCause,rogue_agent_key_updown,B_iforest_raw,train,0.005,0.7434979589309803,462,30,0.06493506493506493,16.40972222222222,0.03333333333333333,0.03125,0.03225806451612904,1,29,31,401,0.9375,0.49122807017543857,0.875,0.6292134831460674,28,29,4,2,1,0.5,22,1,21,0.045454545454545456,1.2797291578501906,1.3406686415573423,1100.0,0.8527131782945736,-2.461976561685076,-2.0,2.0,-11.549414042126905,-4.7246701122072805,-2.0,2.0,-68.11675280518202,-3.461976561685075,-4.0,2.0,8.967057305248753,1,21,1,-3.3419665741539606,-2.0,2.0,29
realKnownCause/rogue_agent_key_updown.csv,realKnownCause,rogue_agent_key_updown,B_iforest_raw,budget,0.01,0.756020289967217,462,4,0.008658008658008658,16.40972222222222,0.25,0.03125,0.05555555555555555,1,3,31,427,0.125,0.9032258064516129,0.875,0.8888888888888888,28,3,4,2,1,0.5,4,1,3,0.25,0.18281845112145578,0.24375793482860772,1100.0,0.8527131782945736,-0.5292830111628714,-2.0,2.0,36.767924720928214,-0.8592830111628713,-2.0,2.0,28.517924720928217,-1.5292830111628717,-4.0,2.0,41.1786164806188,1,3,1,-0.5292830111628714,-2.0,2.0,3
realKnownCause/rogue_agent_key_updown.csv,realKnownCause,rogue_agent_key_updown,B_iforest_raw,train,0.01,0.7309756278947435,462,30,0.06493506493506493,16.40972222222222,0.03333333333333333,0.03125,0.03225806451612904,1,29,31,401,0.9375,0.49122807017543857,0.875,0.6292134831460674,28,29,4,2,1,0.5,22,1,21,0.045454545454545456,1.2797291578501906,1.3406686415573423,1100.0,0.8527131782945736,-2.461976561685076,-2.0,2.0,-11.549414042126905,-4.7246701122072805,-2.0,2.0,-68.11675280518202,-3.461976561685075,-4.0,2.0,8.967057305248753,1,21,1,-3.3419665741539606,-2.0,2.0,29
realKnownCause/rogue_agent_key_updown.csv,realKnownCause,rogue_agent_key_updown,B_iforest_raw,budget,0.02,0.756020289967217,462,9,0.01948051948051948,16.40972222222222,0.1111111111111111,0.03125,0.04878048780487805,1,8,31,422,0.28125,0.7777777777777778,0.875,0.823529411764706,28,8,4,2,1,0.5,8,1,7,0.125,0.4265763859500635,0.48751586965721544,1100.0,0.8527131782945736,-0.9219765616850757,-2.0,2.0,26.95058595787311,-1.64467011220728,-2.0,2.0,8.883247194818,-1.9219765616850764,-4.0,2.0,34.633723971915394,1,7,1,-1.0319665741539612,-2.0,2.0,8
realKnownCause/rogue_agent_key_updown.csv,realKnownCause,rogue_agent_key_updown,B_iforest_raw,train,0.02,0.715620531895126,462,31,0.0670995670995671,16.40972222222222,0.03225806451612903,0.03125,0.031746031746031744,1,30,31,400,0.96875,0.4827586206896552,0.875,0.6222222222222222,28,30,4,2,1,0.5,23,1,22,0.043478260869565216,1.3406686415573423,1.4016081252644943,1100.0,0.8527131782945736,-2.571976561685076,-2.0,2.0,-14.299414042126902,-4.94467011220728,-2.0,2.0,-73.616752805182,-3.5719765616850747,-4.0,2.0,7.133723971915422,1,22,1,-3.4519665741539605,-2.0,2.0,30
realKnownCause/rogue_agent_key_updown.csv,realKnownCause,rogue_agent_key_updown,B_iforest_raw,budget,0.05,0.756020289967217,462,23,0.049783549783549784,16.40972222222222,0.043478260869565216,0.03125,0.03636363636363636,1,22,31,408,0.71875,0.56,0.875,0.6829268292682927,28,22,4,2,1,0.5,16,1,15,0.0625,0.9140922556072789,0.9750317393144309,1100.0,0.8527131782945736,-1.8019765616850765,-2.0,2.0,4.950585957873088,-3.404670112207281,-2.0,2.0,-35.11675280518203,-2.8019765616850756,-4.0,2.0,19.96705730524874,1,15,1,-2.5719665741539615,-2.0,2.0,22
realKnownCause/rogue_agent_key_updown.csv,realKnownCause,rogue_agent_key_updown,B_iforest_raw,train,0.05,0.6620162527966601,462,38,0.08225108225108226,16.40972222222222,0.05263157894736842,0.0625,0.05714285714285714,2,36,30,394,1.0,0.4375,0.875,0.5833333333333334,28,36,4,2,1,0.5,27,2,25,0.07407407407407407,1.5234870926787982,1.6453660600931022,1100.0,0.8527131782945736,-2.9019765616850757,-2.0,2.0,-22.54941404212689,-5.6046701122072795,-2.0,2.0,-90.11675280518199,-3.9019765616850743,-4.0,2.0,1.6337239719154277,1,25,1,-4.082122338860538,-2.0,2.0,36
realKnownCause/rogue_agent_key_updown.csv,realKnownCause,rogue_agent_key_updown,C_iforest_contextual,budget,0.0005,0.7561888755270707,462,0,0.0,16.40972222222222,0.0,0.0,0.0,0,0,32,430,0.0,0.0,0.0,0.0,0,0,32,2,0,0.0,0,0,0,,0.0,0.0,,,-2.0,-2.0,2.0,0.0,-2.0,-2.0,2.0,0.0,-4.0,-4.0,2.0,0.0,0,0,2,-2.0,-2.0,2.0,0
realKnownCause/rogue_agent_key_updown.csv,realKnownCause,rogue_agent_key_updown,C_iforest_contextual,train,0.0005,0.7269086197722492,462,15,0.032467532467532464,16.40972222222222,0.06666666666666667,0.03125,0.0425531914893617,1,14,31,416,0.46875,0.6666666666666666,0.875,0.7567567567567567,28,14,4,2,1,0.5,15,1,14,0.06666666666666667,0.853152771900127,0.9140922556072789,1100.0,0.8527131782945736,-1.6919765616850764,-2.0,2.0,7.70058595787309,-3.184670112207281,-2.0,2.0,-29.616752805182024,-2.6919765616850757,-4.0,2.0,21.800390638582073,1,14,1,-1.6919765616850764,-2.0,2.0,14
realKnownCause/rogue_agent_key_updown.csv,realKnownCause,rogue_agent_key_updown,C_iforest_contextual,budget,0.001,0.7554177791738454,462,0,0.0,16.40972222222222,0.0,0.0,0.0,0,0,32,430,0.0,0.0,0.0,0.0,0,0,32,2,0,0.0,0,0,0,,0.0,0.0,,,-2.0,-2.0,2.0,0.0,-2.0,-2.0,2.0,0.0,-4.0,-4.0,2.0,0.0,0,0,2,-2.0,-2.0,2.0,0
realKnownCause/rogue_agent_key_updown.csv,realKnownCause,rogue_agent_key_updown,C_iforest_contextual,train,0.001,0.7258721338258475,462,15,0.032467532467532464,16.40972222222222,0.06666666666666667,0.03125,0.0425531914893617,1,14,31,416,0.46875,0.6666666666666666,0.875,0.7567567567567567,28,14,4,2,1,0.5,15,1,14,0.06666666666666667,0.853152771900127,0.9140922556072789,1100.0,0.8527131782945736,-1.6919765616850764,-2.0,2.0,7.70058595787309,-3.184670112207281,-2.0,2.0,-29.616752805182024,-2.6919765616850757,-4.0,2.0,21.800390638582073,1,14,1,-1.6919765616850764,-2.0,2.0,14
realKnownCause/rogue_agent_key_updown.csv,realKnownCause,rogue_agent_key_updown,C_iforest_contextual,budget,0.002,0.7538755864673952,462,0,0.0,16.40972222222222,0.0,0.0,0.0,0,0,32,430,0.0,0.0,0.0,0.0,0,0,32,2,0,0.0,0,0,0,,0.0,0.0,,,-2.0,-2.0,2.0,0.0,-2.0,-2.0,2.0,0.0,-4.0,-4.0,2.0,0.0,0,0,2,-2.0,-2.0,2.0,0
realKnownCause/rogue_agent_key_updown.csv,realKnownCause,rogue_agent_key_updown,C_iforest_contextual,train,0.002,0.7237991619330442,462,15,0.032467532467532464,16.40972222222222,0.06666666666666667,0.03125,0.0425531914893617,1,14,31,416,0.46875,0.6666666666666666,0.875,0.7567567567567567,28,14,4,2,1,0.5,15,1,14,0.06666666666666667,0.853152771900127,0.9140922556072789,1100.0,0.8527131782945736,-1.6919765616850764,-2.0,2.0,7.70058595787309,-3.184670112207281,-2.0,2.0,-29.616752805182024,-2.6919765616850757,-4.0,2.0,21.800390638582073,1,14,1,-1.6919765616850764,-2.0,2.0,14
realKnownCause/rogue_agent_key_updown.csv,realKnownCause,rogue_agent_key_updown,C_iforest_contextual,budget,0.005,0.7502275350520137,462,2,0.004329004329004329,16.40972222222222,0.5,0.03125,0.058823529411764705,1,1,31,429,0.0625,0.9655172413793104,0.875,0.9180327868852458,28,1,4,2,1,0.5,2,1,1,0.5,0.06093948370715193,0.12187896741430386,1100.0,0.8527131782945736,-0.3092830111628714,-2.0,2.0,42.26792472092822,-0.41928301116287137,-2.0,2.0,39.517924720928214,-1.3092830111628715,-4.0,2.0,44.84528314728548,1,1,1,-0.3092830111628714,-2.0,2.0,1
realKnownCause/rogue_agent_key_updown.csv,realKnownCause,rogue_agent_key_updown,C_iforest_contextual,train,0.005,0.7175802462546348,462,18,0.03896103896103896,16.40972222222222,0.05555555555555555,0.03125,0.04,1,17,31,413,0.5625,0.6222222222222222,0.875,0.7272727272727274,28,17,4,2,1,0.5,17,1,16,0.058823529411764705,0.9750317393144309,1.0359712230215827,1100.0,0.8527131782945736,-1.9119765616850766,-2.0,2.0,2.200585957873086,-3.6246701122072813,-2.0,2.0,-40.61675280518203,-2.9119765616850755,-4.0,2.0,18.13372397191541,1,16,1,-2.0219765616850767,-2.0,2.0,17
realKnownCause/rogue_agent_key_updown.csv,realKnownCause,rogue_agent_key_updown,C_iforest_contextual,budget,0.01,0.7487130747824144,462,4,0.008658008658008658,16.40972222222222,0.25,0.03125,0.05555555555555555,1,3,31,427,0.125,0.9032258064516129,0.875,0.8888888888888888,28,3,4,2,1,0.5,4,1,3,0.25,0.18281845112145578,0.24375793482860772,1100.0,0.8527131782945736,-0.5292830111628714,-2.0,2.0,36.767924720928214,-0.8592830111628713,-2.0,2.0,28.517924720928217,-1.5292830111628717,-4.0,2.0,41.1786164806188,1,3,1,-0.5292830111628714,-2.0,2.0,3
realKnownCause/rogue_agent_key_updown.csv,realKnownCause,rogue_agent_key_updown,C_iforest_contextual,train,0.01,0.707215386790619,462,20,0.04329004329004329,16.40972222222222,0.05,0.03125,0.038461538461538464,1,19,31,411,0.625,0.5957446808510638,0.875,0.7088607594936708,28,19,4,2,1,0.5,18,1,17,0.05555555555555555,1.0359712230215827,1.0969107067287347,1100.0,0.8527131782945736,-2.0219765616850767,-2.0,2.0,-0.5494140421269167,-3.8446701122072815,-2.0,2.0,-46.11675280518204,-3.0219765616850753,-4.0,2.0,16.300390638582076,1,17,1,-2.2419765616850764,-2.0,2.0,19
realKnownCause/rogue_agent_key_updown.csv,realKnownCause,rogue_agent_key_updown,C_iforest_contextual,budget,0.02,0.7425158075347142,462,9,0.01948051948051948,16.40972222222222,0.1111111111111111,0.03125,0.04878048780487805,1,8,31,422,0.28125,0.7777777777777778,0.875,0.823529411764706,28,8,4,2,1,0.5,9,1,8,0.1111111111111111,0.48751586965721544,0.5484553533643673,1100.0,0.8527131782945736,-1.0319765616850758,-2.0,2.0,24.200585957873106,-1.86467011220728,-2.0,2.0,3.3832471948180007,-2.0319765616850765,-4.0,2.0,32.80039063858206,1,8,1,-1.0319765616850758,-2.0,2.0,8
realKnownCause/rogue_agent_key_updown.csv,realKnownCause,rogue_agent_key_updown,C_iforest_contextual,train,0.02,0.6509081527344331,462,37,0.08008658008658008,16.40972222222222,0.05405405405405406,0.0625,0.057971014492753624,2,35,30,395,1.0,0.4444444444444444,0.875,0.5894736842105263,28,35,4,2,1,0.5,25,1,24,0.04,1.4625476089716463,1.5234870926787982,1100.0,0.8527131782945736,-2.791976561685076,-2.0,2.0,-19.799414042126894,-5.38467011220728,-2.0,2.0,-84.61675280518199,-3.7919765616850745,-4.0,2.0,3.4670573052487588,1,24,1,-3.931377512860693,-2.0,2.0,35
realKnownCause/rogue_agent_key_updown.csv,realKnownCause,rogue_agent_key_updown,C_iforest_contextual,budget,0.05,0.6911105395249405,462,23,0.049783549783549784,16.40972222222222,0.043478260869565216,0.03125,0.03636363636363636,1,22,31,408,0.71875,0.56,0.875,0.6829268292682927,28,22,4,2,1,0.5,19,1,18,0.05263157894736842,1.0969107067287347,1.1578501904358867,1100.0,0.8527131782945736,-2.1319765616850765,-2.0,2.0,-3.2994140421269136,-4.064670112207281,-2.0,2.0,-51.61675280518203,-3.131976561685075,-4.0,2.0,14.467057305248746,1,18,1,-2.5719665741539615,-2.0,2.0,22
realKnownCause/rogue_agent_key_updown.csv,realKnownCause,rogue_agent_key_updown,C_iforest_contextual,train,0.05,0.6007651840733175,462,61,0.13203463203463203,16.40972222222222,0.06557377049180328,0.125,0.08602150537634408,4,57,28,373,1.0,0.3595505617977528,1.0,0.5289256198347108,32,57,0,2,2,1.0,36,3,33,0.08333333333333333,2.0110029623360135,2.1938214134574694,550.0,0.4263565891472868,-1.739447415564709,-2.0,2.0,6.513814610882274,-5.2796118199665445,-2.0,2.0,-81.99029549916361,-1.739447415564709,-4.0,2.0,37.67587640725485,2,33,0,-4.308848366740326,-2.0,2.0,57
