key,corpus,detector,target_rate,threshold,pa_precision,pa_recall,pa_f1,window_recall,false_alarms_per_day,mttd_minutes,nab_raw_standard,nab_null_standard,nab_perfect_standard
artificialNoAnomaly/art_daily_no_noise.csv,artificialNoAnomaly,A_rolling_zscore,0.0005,50.0,0.0,0.0,0.0,,0.09053756680289217,,-0.11,-0.0,0.0
artificialNoAnomaly/art_daily_no_noise.csv,artificialNoAnomaly,A_rolling_zscore,0.000597,50.0,0.0,0.0,0.0,,0.09053756680289217,,-0.11,-0.0,0.0
artificialNoAnomaly/art_daily_no_noise.csv,artificialNoAnomaly,A_rolling_zscore,0.000713,50.0,0.0,0.0,0.0,,0.18107513360578434,,-0.22,-0.0,0.0
artificialNoAnomaly/art_daily_no_noise.csv,artificialNoAnomaly,A_rolling_zscore,0.000852,50.0,0.0,0.0,0.0,,0.18107513360578434,,-0.22,-0.0,0.0
artificialNoAnomaly/art_daily_no_noise.csv,artificialNoAnomaly,A_rolling_zscore,0.001017,50.0,0.0,0.0,0.0,,0.2716127004086765,,-0.33,-0.0,0.0
artificialNoAnomaly/art_daily_no_noise.csv,artificialNoAnomaly,A_rolling_zscore,0.001215,50.0,0.0,0.0,0.0,,0.2716127004086765,,-0.33,-0.0,0.0
artificialNoAnomaly/art_daily_no_noise.csv,artificialNoAnomaly,A_rolling_zscore,0.001451,50.0,0.0,0.0,0.0,,0.3621502672115687,,-0.44,-0.0,0.0
artificialNoAnomaly/art_daily_no_noise.csv,artificialNoAnomaly,A_rolling_zscore,0.001733,50.0,0.0,0.0,0.0,,0.45268783401446083,,-0.55,-0.0,0.0
artificialNoAnomaly/art_daily_no_noise.csv,artificialNoAnomaly,A_rolling_zscore,0.00207,50.0,0.0,0.0,0.0,,0.543225400817353,,-0.66,-0.0,0.0
artificialNoAnomaly/art_daily_no_noise.csv,artificialNoAnomaly,A_rolling_zscore,0.002472,50.0,0.0,0.0,0.0,,0.6337629676202452,,-0.77,-0.0,0.0
artificialNoAnomaly/art_daily_no_noise.csv,artificialNoAnomaly,A_rolling_zscore,0.002952,50.0,0.0,0.0,0.0,,0.8148381012260295,,-0.99,-0.0,0.0
artificialNoAnomaly/art_daily_no_noise.csv,artificialNoAnomaly,A_rolling_zscore,0.003525,50.0,0.0,0.0,0.0,,0.9959132348318138,,-1.2100000000000002,-0.0,0.0
artificialNoAnomaly/art_daily_no_noise.csv,artificialNoAnomaly,A_rolling_zscore,0.00421,50.0,0.0,0.0,0.0,,1.1769883684375981,,-1.4300000000000004,-0.0,0.0
artificialNoAnomaly/art_daily_no_noise.csv,artificialNoAnomaly,A_rolling_zscore,0.005029,50.0,0.0,0.0,0.0,,1.4486010688462747,,-1.7600000000000007,-0.0,0.0
artificialNoAnomaly/art_daily_no_noise.csv,artificialNoAnomaly,A_rolling_zscore,0.006006,50.0,0.0,0.0,0.0,,1.7202137692549513,,-2.0900000000000007,-0.0,0.0
artificialNoAnomaly/art_daily_no_noise.csv,artificialNoAnomaly,A_rolling_zscore,0.007173,50.0,0.0,0.0,0.0,,1.9918264696636276,,-2.4200000000000004,-0.0,0.0
artificialNoAnomaly/art_daily_no_noise.csv,artificialNoAnomaly,A_rolling_zscore,0.008566,50.0,0.0,0.0,0.0,,2.4445143036780888,,-2.9699999999999998,-0.0,0.0
artificialNoAnomaly/art_daily_no_noise.csv,artificialNoAnomaly,A_rolling_zscore,0.010231,50.0,0.0,0.0,0.0,,2.8972021376925494,,-3.519999999999999,-0.0,0.0
artificialNoAnomaly/art_daily_no_noise.csv,artificialNoAnomaly,A_rolling_zscore,0.012218,50.0,0.0,0.0,0.0,,3.4404275385099026,,-4.179999999999999,-0.0,0.0
artificialNoAnomaly/art_daily_no_noise.csv,artificialNoAnomaly,A_rolling_zscore,0.014592,50.0,0.0,0.0,0.0,,4.164728072933039,,-5.060000000000001,-0.0,0.0
artificialNoAnomaly/art_daily_no_noise.csv,artificialNoAnomaly,A_rolling_zscore,0.017428,50.0,0.0,0.0,0.0,,4.9795661741590695,,-6.050000000000004,-0.0,0.0
artificialNoAnomaly/art_daily_no_noise.csv,artificialNoAnomaly,A_rolling_zscore,0.020814,50.0,0.0,0.0,0.0,,5.975479408990883,,-7.260000000000008,-0.0,0.0
artificialNoAnomaly/art_daily_no_noise.csv,artificialNoAnomaly,A_rolling_zscore,0.024858,50.0,0.0,0.0,0.0,,7.152467777428481,,-8.690000000000007,-0.0,0.0
artificialNoAnomaly/art_daily_no_noise.csv,artificialNoAnomaly,A_rolling_zscore,0.029688,50.0,0.0,0.0,0.0,,8.510531279471865,,-10.339999999999998,-0.0,0.0
artificialNoAnomaly/art_daily_no_noise.csv,artificialNoAnomaly,A_rolling_zscore,0.035456,50.0,0.0,0.0,0.0,,10.140207481923923,,-12.319999999999988,-0.0,0.0
artificialNoAnomaly/art_daily_no_noise.csv,artificialNoAnomaly,A_rolling_zscore,0.042345,50.0,0.0,0.0,0.0,,12.13203395158755,,-14.739999999999975,-0.0,0.0
artificialNoAnomaly/art_daily_no_noise.csv,artificialNoAnomaly,A_rolling_zscore,0.050573,50.0,0.0,0.0,0.0,,14.486010688462747,,-17.599999999999962,-0.0,0.0
artificialNoAnomaly/art_daily_no_noise.csv,artificialNoAnomaly,A_rolling_zscore,0.060399,3.3166247903554034,0.0,0.0,0.0,,16.025149324111915,,-19.469999999999953,-0.0,0.0
artificialNoAnomaly/art_daily_no_noise.csv,artificialNoAnomaly,A_rolling_zscore,0.072135,3.3166247903554,0.0,0.0,0.0,,16.025149324111915,,-19.469999999999953,-0.0,0.0
artificialNoAnomaly/art_daily_no_noise.csv,artificialNoAnomaly,A_rolling_zscore,0.086151,3.3166247903553647,0.0,0.0,0.0,,16.025149324111915,,-19.469999999999953,-0.0,0.0
artificialNoAnomaly/art_daily_no_noise.csv,artificialNoAnomaly,A_rolling_zscore,0.10289,3.316624757251543,0.0,0.0,0.0,,16.025149324111915,,-19.469999999999953,-0.0,0.0
artificialNoAnomaly/art_daily_no_noise.csv,artificialNoAnomaly,A_rolling_zscore,0.122881,2.23606797749979,0.0,0.0,0.0,,16.025149324111915,,-19.469999999999953,-0.0,0.0
artificialNoAnomaly/art_daily_no_noise.csv,artificialNoAnomaly,A_rolling_zscore,0.146757,2.236067977499526,0.0,0.0,0.0,,16.025149324111915,,-19.469999999999953,-0.0,0.0
artificialNoAnomaly/art_daily_no_noise.csv,artificialNoAnomaly,A_rolling_zscore,0.175272,1.732050807568878,0.0,0.0,0.0,,16.025149324111915,,-19.469999999999953,-0.0,0.0
artificialNoAnomaly/art_daily_no_noise.csv,artificialNoAnomaly,A_rolling_zscore,0.209328,1.7320508072864278,0.0,0.0,0.0,,16.025149324111915,,-19.469999999999953,-0.0,0.0
artificialNoAnomaly/art_daily_no_noise.csv,artificialNoAnomaly,A_rolling_zscore,0.25,1.4142135623730885,0.0,0.0,0.0,,16.025149324111915,,-19.469999999999953,-0.0,0.0
artificialNoAnomaly/art_daily_no_noise.csv,artificialNoAnomaly,B_iforest_raw,0.0005,0.6498118793712169,0.0,0.0,0.0,,0.09053756680289217,,-0.11,-0.0,0.0
artificialNoAnomaly/art_daily_no_noise.csv,artificialNoAnomaly,B_iforest_raw,0.000597,0.6498118793712169,0.0,0.0,0.0,,0.09053756680289217,,-0.11,-0.0,0.0
artificialNoAnomaly/art_daily_no_noise.csv,artificialNoAnomaly,B_iforest_raw,0.000713,0.6498118793712169,0.0,0.0,0.0,,0.09053756680289217,,-0.11,-0.0,0.0
artificialNoAnomaly/art_daily_no_noise.csv,artificialNoAnomaly,B_iforest_raw,0.000852,0.6498118793712169,0.0,0.0,0.0,,0.09053756680289217,,-0.11,-0.0,0.0
artificialNoAnomaly/art_daily_no_noise.csv,artificialNoAnomaly,B_iforest_raw,0.001017,0.6498118793712169,0.0,0.0,0.0,,0.09053756680289217,,-0.11,-0.0,0.0
artificialNoAnomaly/art_daily_no_noise.csv,artificialNoAnomaly,B_iforest_raw,0.001215,0.6498118793712169,0.0,0.0,0.0,,0.09053756680289217,,-0.11,-0.0,0.0
artificialNoAnomaly/art_daily_no_noise.csv,artificialNoAnomaly,B_iforest_raw,0.001451,0.6498118793712169,0.0,0.0,0.0,,0.09053756680289217,,-0.11,-0.0,0.0
artificialNoAnomaly/art_daily_no_noise.csv,artificialNoAnomaly,B_iforest_raw,0.001733,0.6498118793712169,0.0,0.0,0.0,,0.09053756680289217,,-0.11,-0.0,0.0
artificialNoAnomaly/art_daily_no_noise.csv,artificialNoAnomaly,B_iforest_raw,0.00207,0.6498118793712169,0.0,0.0,0.0,,0.09053756680289217,,-0.11,-0.0,0.0
artificialNoAnomaly/art_daily_no_noise.csv,artificialNoAnomaly,B_iforest_raw,0.002472,0.6498118793712169,0.0,0.0,0.0,,0.09053756680289217,,-0.11,-0.0,0.0
artificialNoAnomaly/art_daily_no_noise.csv,artificialNoAnomaly,B_iforest_raw,0.002952,0.6498118793712169,0.0,0.0,0.0,,0.09053756680289217,,-0.11,-0.0,0.0
artificialNoAnomaly/art_daily_no_noise.csv,artificialNoAnomaly,B_iforest_raw,0.003525,0.6498118793712169,0.0,0.0,0.0,,0.09053756680289217,,-0.11,-0.0,0.0
artificialNoAnomaly/art_daily_no_noise.csv,artificialNoAnomaly,B_iforest_raw,0.00421,0.6498118793712169,0.0,0.0,0.0,,0.18107513360578434,,-0.22,-0.0,0.0
artificialNoAnomaly/art_daily_no_noise.csv,artificialNoAnomaly,B_iforest_raw,0.005029,0.6498118793712169,0.0,0.0,0.0,,0.18107513360578434,,-0.22,-0.0,0.0
artificialNoAnomaly/art_daily_no_noise.csv,artificialNoAnomaly,B_iforest_raw,0.006006,0.6498118793712169,0.0,0.0,0.0,,0.18107513360578434,,-0.22,-0.0,0.0
artificialNoAnomaly/art_daily_no_noise.csv,artificialNoAnomaly,B_iforest_raw,0.007173,0.6498118793712169,0.0,0.0,0.0,,0.18107513360578434,,-0.22,-0.0,0.0
artificialNoAnomaly/art_daily_no_noise.csv,artificialNoAnomaly,B_iforest_raw,0.008566,0.6498118793712169,0.0,0.0,0.0,,0.2716127004086765,,-0.33,-0.0,0.0
artificialNoAnomaly/art_daily_no_noise.csv,artificialNoAnomaly,B_iforest_raw,0.010231,0.6498118793712169,0.0,0.0,0.0,,0.2716127004086765,,-0.33,-0.0,0.0
artificialNoAnomaly/art_daily_no_noise.csv,artificialNoAnomaly,B_iforest_raw,0.012218,0.6498118793712169,0.0,0.0,0.0,,0.3621502672115687,,-0.44,-0.0,0.0
artificialNoAnomaly/art_daily_no_noise.csv,artificialNoAnomaly,B_iforest_raw,0.014592,0.6498118793712169,0.0,0.0,0.0,,0.3621502672115687,,-0.44,-0.0,0.0
artificialNoAnomaly/art_daily_no_noise.csv,artificialNoAnomaly,B_iforest_raw,0.017428,0.6498118793712169,0.0,0.0,0.0,,0.45268783401446083,,-0.55,-0.0,0.0
artificialNoAnomaly/art_daily_no_noise.csv,artificialNoAnomaly,B_iforest_raw,0.020814,0.6498118793712169,0.0,0.0,0.0,,0.543225400817353,,-0.66,-0.0,0.0
artificialNoAnomaly/art_daily_no_noise.csv,artificialNoAnomaly,B_iforest_raw,0.024858,0.6498118793712169,0.0,0.0,0.0,,0.6337629676202452,,-0.77,-0.0,0.0
artificialNoAnomaly/art_daily_no_noise.csv,artificialNoAnomaly,B_iforest_raw,0.029688,0.6498118793712169,0.0,0.0,0.0,,0.7243005344231374,,-0.88,-0.0,0.0
artificialNoAnomaly/art_daily_no_noise.csv,artificialNoAnomaly,B_iforest_raw,0.035456,0.6498118793712169,0.0,0.0,0.0,,0.9053756680289217,,-1.1,-0.0,0.0
artificialNoAnomaly/art_daily_no_noise.csv,artificialNoAnomaly,B_iforest_raw,0.042345,0.6491729512159699,0.0,0.0,0.0,,1.086450801634706,,-1.3200000000000003,-0.0,0.0
artificialNoAnomaly/art_daily_no_noise.csv,artificialNoAnomaly,B_iforest_raw,0.050573,0.6491729512159699,0.0,0.0,0.0,,1.2675259352404904,,-1.5400000000000005,-0.0,0.0
artificialNoAnomaly/art_daily_no_noise.csv,artificialNoAnomaly,B_iforest_raw,0.060399,0.6491729512159699,0.0,0.0,0.0,,1.4486010688462747,,-1.7600000000000007,-0.0,0.0
artificialNoAnomaly/art_daily_no_noise.csv,artificialNoAnomaly,B_iforest_raw,0.072135,0.6491729512159699,0.0,0.0,0.0,,1.8107513360578433,,-2.2000000000000006,-0.0,0.0
artificialNoAnomaly/art_daily_no_noise.csv,artificialNoAnomaly,B_iforest_raw,0.086151,0.6219402566448053,0.0,0.0,0.0,,1.9918264696636276,,-2.4200000000000004,-0.0,0.0
artificialNoAnomaly/art_daily_no_noise.csv,artificialNoAnomaly,B_iforest_raw,0.10289,0.6219402566448053,0.0,0.0,0.0,,1.9918264696636276,,-2.4200000000000004,-0.0,0.0
artificialNoAnomaly/art_daily_no_noise.csv,artificialNoAnomaly,B_iforest_raw,0.122881,0.6219402566448053,0.0,0.0,0.0,,1.9918264696636276,,-2.4200000000000004,-0.0,0.0
artificialNoAnomaly/art_daily_no_noise.csv,artificialNoAnomaly,B_iforest_raw,0.146757,0.6193439239817963,0.0,0.0,0.0,,1.9918264696636276,,-2.4200000000000004,-0.0,0.0
artificialNoAnomaly/art_daily_no_noise.csv,artificialNoAnomaly,B_iforest_raw,0.175272,0.589278941681722,0.0,0.0,0.0,,1.9918264696636276,,-2.4200000000000004,-0.0,0.0
artificialNoAnomaly/art_daily_no_noise.csv,artificialNoAnomaly,B_iforest_raw,0.209328,0.5860465202862074,0.0,0.0,0.0,,1.9918264696636276,,-2.4200000000000004,-0.0,0.0
artificialNoAnomaly/art_daily_no_noise.csv,artificialNoAnomaly,B_iforest_raw,0.25,0.55452405689854,0.0,0.0,0.0,,2.0823640364665197,,-2.5300000000000002,-0.0,0.0
artificialNoAnomaly/art_daily_no_noise.csv,artificialNoAnomaly,C_iforest_contextual,0.0005,0.7668594533634082,0.0,0.0,0.0,,0.09053756680289217,,-0.11,-0.0,0.0
artificialNoAnomaly/art_daily_no_noise.csv,artificialNoAnomaly,C_iforest_contextual,0.000597,0.7668594533634082,0.0,0.0,0.0,,0.09053756680289217,,-0.11,-0.0,0.0
artificialNoAnomaly/art_daily_no_noise.csv,artificialNoAnomaly,C_iforest_contextual,0.000713,0.7668594533634082,0.0,0.0,0.0,,0.18107513360578434,,-0.22,-0.0,0.0
artificialNoAnomaly/art_daily_no_noise.csv,artificialNoAnomaly,C_iforest_contextual,0.000852,0.7668594533634082,0.0,0.0,0.0,,0.18107513360578434,,-0.22,-0.0,0.0
artificialNoAnomaly/art_daily_no_noise.csv,artificialNoAnomaly,C_iforest_contextual,0.001017,0.7668594533634082,0.0,0.0,0.0,,0.2716127004086765,,-0.33,-0.0,0.0
artificialNoAnomaly/art_daily_no_noise.csv,artificialNoAnomaly,C_iforest_contextual,0.001215,0.7668594533634082,0.0,0.0,0.0,,0.2716127004086765,,-0.33,-0.0,0.0
artificialNoAnomaly/art_daily_no_noise.csv,artificialNoAnomaly,C_iforest_contextual,0.001451,0.7668594533634082,0.0,0.0,0.0,,0.3621502672115687,,-0.44,-0.0,0.0
artificialNoAnomaly/art_daily_no_noise.csv,artificialNoAnomaly,C_iforest_contextual,0.001733,0.7667977839587079,0.0,0.0,0.0,,0.45268783401446083,,-0.55,-0.0,0.0
artificialNoAnomaly/art_daily_no_noise.csv,artificialNoAnomaly,C_iforest_contextual,0.00207,0.7667391634228412,0.0,0.0,0.0,,0.543225400817353,,-0.66,-0.0,0.0
artificialNoAnomaly/art_daily_no_noise.csv,artificialNoAnomaly,C_iforest_contextual,0.002472,0.7667391634228412,0.0,0.0,0.0,,0.6337629676202452,,-0.77,-0.0,0.0
artificialNoAnomaly/art_daily_no_noise.csv,artificialNoAnomaly,C_iforest_contextual,0.002952,0.7636210421161139,0.0,0.0,0.0,,0.8148381012260295,,-0.99,-0.0,0.0
artificialNoAnomaly/art_daily_no_noise.csv,artificialNoAnomaly,C_iforest_contextual,0.003525,0.7442815259663668,0.0,0.0,0.0,,0.9959132348318138,,-1.2100000000000002,-0.0,0.0
artificialNoAnomaly/art_daily_no_noise.csv,artificialNoAnomaly,C_iforest_contextual,0.00421,0.7427797125372618,0.0,0.0,0.0,,1.1769883684375981,,-1.4300000000000004,-0.0,0.0
artificialNoAnomaly/art_daily_no_noise.csv,artificialNoAnomaly,C_iforest_contextual,0.005029,0.7427797125372618,0.0,0.0,0.0,,1.4486010688462747,,-1.7600000000000007,-0.0,0.0
artificialNoAnomaly/art_daily_no_noise.csv,artificialNoAnomaly,C_iforest_contextual,0.006006,0.7408855500022536,0.0,0.0,0.0,,1.7202137692549513,,-2.0900000000000007,-0.0,0.0
artificialNoAnomaly/art_daily_no_noise.csv,artificialNoAnomaly,C_iforest_contextual,0.007173,0.6926642429794383,0.0,0.0,0.0,,1.9918264696636276,,-2.4200000000000004,-0.0,0.0
artificialNoAnomaly/art_daily_no_noise.csv,artificialNoAnomaly,C_iforest_contextual,0.008566,0.6921865400662519,0.0,0.0,0.0,,2.4445143036780888,,-2.9699999999999998,-0.0,0.0
artificialNoAnomaly/art_daily_no_noise.csv,artificialNoAnomaly,C_iforest_contextual,0.010231,0.6880460990376299,0.0,0.0,0.0,,2.8972021376925494,,-3.519999999999999,-0.0,0.0
artificialNoAnomaly/art_daily_no_noise.csv,artificialNoAnomaly,C_iforest_contextual,0.012218,0.6850494294097084,0.0,0.0,0.0,,3.4404275385099026,,-4.179999999999999,-0.0,0.0
artificialNoAnomaly/art_daily_no_noise.csv,artificialNoAnomaly,C_iforest_contextual,0.014592,0.6398505465944142,0.0,0.0,0.0,,4.164728072933039,,-5.060000000000001,-0.0,0.0
artificialNoAnomaly/art_daily_no_noise.csv,artificialNoAnomaly,C_iforest_contextual,0.017428,0.6341306481611667,0.0,0.0,0.0,,4.9795661741590695,,-6.050000000000004,-0.0,0.0
artificialNoAnomaly/art_daily_no_noise.csv,artificialNoAnomaly,C_iforest_contextual,0.020814,0.6275141102494726,0.0,0.0,0.0,,5.703866708582207,,-6.930000000000007,-0.0,0.0
artificialNoAnomaly/art_daily_no_noise.csv,artificialNoAnomaly,C_iforest_contextual,0.024858,0.6220021224792402,0.0,0.0,0.0,,5.975479408990883,,-7.260000000000008,-0.0,0.0
artificialNoAnomaly/art_daily_no_noise.csv,artificialNoAnomaly,C_iforest_contextual,0.029688,0.6090465029096959,0.0,0.0,0.0,,5.975479408990883,,-7.260000000000008,-0.0,0.0
artificialNoAnomaly/art_daily_no_noise.csv,artificialNoAnomaly,C_iforest_contextual,0.035456,0.6067257081910158,0.0,0.0,0.0,,6.880855077019805,,-8.360000000000008,-0.0,0.0
artificialNoAnomaly/art_daily_no_noise.csv,artificialNoAnomaly,C_iforest_contextual,0.042345,0.6024828089700124,0.0,0.0,0.0,,7.605155611442942,,-9.240000000000004,-0.0,0.0
artificialNoAnomaly/art_daily_no_noise.csv,artificialNoAnomaly,C_iforest_contextual,0.050573,0.5978814502764979,0.0,0.0,0.0,,8.148381012260295,,-9.9,-0.0,0.0
artificialNoAnomaly/art_daily_no_noise.csv,artificialNoAnomaly,C_iforest_contextual,0.060399,0.5957253275120964,0.0,0.0,0.0,,7.695693178245834,,-9.350000000000003,-0.0,0.0
artificialNoAnomaly/art_daily_no_noise.csv,artificialNoAnomaly,C_iforest_contextual,0.072135,0.5902082320376197,0.0,0.0,0.0,,7.695693178245834,,-9.350000000000003,-0.0,0.0
artificialNoAnomaly/art_daily_no_noise.csv,artificialNoAnomaly,C_iforest_contextual,0.086151,0.578002976449802,0.0,0.0,0.0,,7.243005344231373,,-8.800000000000006,-0.0,0.0
artificialNoAnomaly/art_daily_no_noise.csv,artificialNoAnomaly,C_iforest_contextual,0.10289,0.5675005459120545,0.0,0.0,0.0,,6.69977994341402,,-8.14000000000001,-0.0,0.0
artificialNoAnomaly/art_daily_no_noise.csv,artificialNoAnomaly,C_iforest_contextual,0.122881,0.5429914752414364,0.0,0.0,0.0,,10.140207481923923,,-12.319999999999988,-0.0,0.0
artificialNoAnomaly/art_daily_no_noise.csv,artificialNoAnomaly,C_iforest_contextual,0.146757,0.526082314525799,0.0,0.0,0.0,,13.76171015403961,,-16.719999999999967,-0.0,0.0
artificialNoAnomaly/art_daily_no_noise.csv,artificialNoAnomaly,C_iforest_contextual,0.175272,0.510896294092628,0.0,0.0,0.0,,14.033322854448286,,-17.049999999999965,-0.0,0.0
artificialNoAnomaly/art_daily_no_noise.csv,artificialNoAnomaly,C_iforest_contextual,0.209328,0.49992864426237976,0.0,0.0,0.0,,12.041496384784658,,-14.629999999999976,-0.0,0.0
artificialNoAnomaly/art_daily_no_noise.csv,artificialNoAnomaly,C_iforest_contextual,0.25,0.47153733752936455,0.0,0.0,0.0,,11.136120716755737,,-13.529999999999982,-0.0,0.0
artificialNoAnomaly/art_daily_perfect_square_wave.csv,artificialNoAnomaly,A_rolling_zscore,0.0005,50.0,0.0,0.0,0.0,,0.09053756680289217,,-0.11,-0.0,0.0
artificialNoAnomaly/art_daily_perfect_square_wave.csv,artificialNoAnomaly,A_rolling_zscore,0.000597,50.0,0.0,0.0,0.0,,0.09053756680289217,,-0.11,-0.0,0.0
artificialNoAnomaly/art_daily_perfect_square_wave.csv,artificialNoAnomaly,A_rolling_zscore,0.000713,50.0,0.0,0.0,0.0,,0.18107513360578434,,-0.22,-0.0,0.0
artificialNoAnomaly/art_daily_perfect_square_wave.csv,artificialNoAnomaly,A_rolling_zscore,0.000852,50.0,0.0,0.0,0.0,,0.18107513360578434,,-0.22,-0.0,0.0
artificialNoAnomaly/art_daily_perfect_square_wave.csv,artificialNoAnomaly,A_rolling_zscore,0.001017,50.0,0.0,0.0,0.0,,0.2716127004086765,,-0.33,-0.0,0.0
artificialNoAnomaly/art_daily_perfect_square_wave.csv,artificialNoAnomaly,A_rolling_zscore,0.001215,50.0,0.0,0.0,0.0,,0.2716127004086765,,-0.33,-0.0,0.0
artificialNoAnomaly/art_daily_perfect_square_wave.csv,artificialNoAnomaly,A_rolling_zscore,0.001451,50.0,0.0,0.0,0.0,,0.3621502672115687,,-0.44,-0.0,0.0
artificialNoAnomaly/art_daily_perfect_square_wave.csv,artificialNoAnomaly,A_rolling_zscore,0.001733,50.0,0.0,0.0,0.0,,0.45268783401446083,,-0.55,-0.0,0.0
artificialNoAnomaly/art_daily_perfect_square_wave.csv,artificialNoAnomaly,A_rolling_zscore,0.00207,50.0,0.0,0.0,0.0,,0.543225400817353,,-0.66,-0.0,0.0
artificialNoAnomaly/art_daily_perfect_square_wave.csv,artificialNoAnomaly,A_rolling_zscore,0.002472,50.0,0.0,0.0,0.0,,0.6337629676202452,,-0.77,-0.0,0.0
artificialNoAnomaly/art_daily_perfect_square_wave.csv,artificialNoAnomaly,A_rolling_zscore,0.002952,50.0,0.0,0.0,0.0,,0.8148381012260295,,-0.99,-0.0,0.0
artificialNoAnomaly/art_daily_perfect_square_wave.csv,artificialNoAnomaly,A_rolling_zscore,0.003525,50.0,0.0,0.0,0.0,,0.9959132348318138,,-1.2100000000000002,-0.0,0.0
artificialNoAnomaly/art_daily_perfect_square_wave.csv,artificialNoAnomaly,A_rolling_zscore,0.00421,50.0,0.0,0.0,0.0,,1.1769883684375981,,-1.4300000000000004,-0.0,0.0
artificialNoAnomaly/art_daily_perfect_square_wave.csv,artificialNoAnomaly,A_rolling_zscore,0.005029,50.0,0.0,0.0,0.0,,1.4486010688462747,,-1.7600000000000007,-0.0,0.0
artificialNoAnomaly/art_daily_perfect_square_wave.csv,artificialNoAnomaly,A_rolling_zscore,0.006006,50.0,0.0,0.0,0.0,,1.7202137692549513,,-2.0900000000000007,-0.0,0.0
artificialNoAnomaly/art_daily_perfect_square_wave.csv,artificialNoAnomaly,A_rolling_zscore,0.007173,3.3166247903553994,0.0,0.0,0.0,,1.9918264696636276,,-2.4200000000000004,-0.0,0.0
artificialNoAnomaly/art_daily_perfect_square_wave.csv,artificialNoAnomaly,A_rolling_zscore,0.008566,3.3166247903553994,0.0,0.0,0.0,,1.9918264696636276,,-2.4200000000000004,-0.0,0.0
artificialNoAnomaly/art_daily_perfect_square_wave.csv,artificialNoAnomaly,A_rolling_zscore,0.010231,3.3166247903553994,0.0,0.0,0.0,,1.9918264696636276,,-2.4200000000000004,-0.0,0.0
artificialNoAnomaly/art_daily_perfect_square_wave.csv,artificialNoAnomaly,A_rolling_zscore,0.012218,3.3166247903553994,0.0,0.0,0.0,,1.9918264696636276,,-2.4200000000000004,-0.0,0.0
artificialNoAnomaly/art_daily_perfect_square_wave.csv,artificialNoAnomaly,A_rolling_zscore,0.014592,2.23606797749979,0.0,0.0,0.0,,1.9918264696636276,,-2.4200000000000004,-0.0,0.0
artificialNoAnomaly/art_daily_perfect_square_wave.csv,artificialNoAnomaly,A_rolling_zscore,0.017428,2.23606797749979,0.0,0.0,0.0,,1.9918264696636276,,-2.4200000000000004,-0.0,0.0
artificialNoAnomaly/art_daily_perfect_square_wave.csv,artificialNoAnomaly,A_rolling_zscore,0.020814,1.7320508075688772,0.0,0.0,0.0,,1.9918264696636276,,-2.4200000000000004,-0.0,0.0
artificialNoAnomaly/art_daily_perfect_square_wave.csv,artificialNoAnomaly,A_rolling_zscore,0.024858,1.7320508075688772,0.0,0.0,0.0,,1.9918264696636276,,-2.4200000000000004,-0.0,0.0
artificialNoAnomaly/art_daily_perfect_square_wave.csv,artificialNoAnomaly,A_rolling_zscore,0.029688,1.414213562373095,0.0,0.0,0.0,,1.9918264696636276,,-2.4200000000000004,-0.0,0.0
artificialNoAnomaly/art_daily_perfect_square_wave.csv,artificialNoAnomaly,A_rolling_zscore,0.035456,1.1832159566199232,0.0,0.0,0.0,,1.9918264696636276,,-2.4200000000000004,-0.0,0.0
artificialNoAnomaly/art_daily_perfect_square_wave.csv,artificialNoAnomaly,A_rolling_zscore,0.042345,1.0,0.0,0.0,0.0,,1.9918264696636276,,-2.4200000000000004,-0.0,0.0
artificialNoAnomaly/art_daily_perfect_square_wave.csv,artificialNoAnomaly,A_rolling_zscore,0.050573,0.8451542547285166,0.0,0.0,0.0,,1.9918264696636276,,-2.4200000000000004,-0.0,0.0
artificialNoAnomaly/art_daily_perfect_square_wave.csv,artificialNoAnomaly,A_rolling_zscore,0.060399,0.7071067811865475,0.0,0.0,0.0,,1.9918264696636276,,-2.4200000000000004,-0.0,0.0
artificialNoAnomaly/art_daily_perfect_square_wave.csv,artificialNoAnomaly,A_rolling_zscore,0.072135,0.4472135954999579,0.0,0.0,0.0,,1.9918264696636276,,-2.4200000000000004,-0.0,0.0
artificialNoAnomaly/art_daily_perfect_square_wave.csv,artificialNoAnomaly,A_rolling_zscore,0.086151,0.0,0.0,0.0,0.0,,2.0823640364665197,,-2.5300000000000002,-0.0,0.0
artificialNoAnomaly/art_daily_perfect_square_wave.csv,artificialNoAnomaly,A_rolling_zscore,0.10289,0.0,0.0,0.0,0.0,,2.0823640364665197,,-2.5300000000000002,-0.0,0.0
artificialNoAnomaly/art_daily_perfect_square_wave.csv,artificialNoAnomaly,A_rolling_zscore,0.122881,0.0,0.0,0.0,0.0,,1.9918264696636276,,-2.4200000000000004,-0.0,0.0
artificialNoAnomaly/art_daily_perfect_square_wave.csv,artificialNoAnomaly,A_rolling_zscore,0.146757,0.0,0.0,0.0,0.0,,1.9918264696636276,,-2.4200000000000004,-0.0,0.0
artificialNoAnomaly/art_daily_perfect_square_wave.csv,artificialNoAnomaly,A_rolling_zscore,0.175272,0.0,0.0,0.0,0.0,,1.9012889028607356,,-2.3100000000000005,-0.0,0.0
artificialNoAnomaly/art_daily_perfect_square_wave.csv,artificialNoAnomaly,A_rolling_zscore,0.209328,0.0,0.0,0.0,0.0,,1.8107513360578433,,-2.2000000000000006,-0.0,0.0
artificialNoAnomaly/art_daily_perfect_square_wave.csv,artificialNoAnomaly,A_rolling_zscore,0.25,0.0,0.0,0.0,0.0,,1.7202137692549513,,-2.0900000000000007,-0.0,0.0
artificialNoAnomaly/art_daily_perfect_square_wave.csv,artificialNoAnomaly,B_iforest_raw,0.0005,0.5319721580667813,0.0,0.0,0.0,,0.09053756680289217,,-0.11,-0.0,0.0
artificialNoAnomaly/art_daily_perfect_square_wave.csv,artificialNoAnomaly,B_iforest_raw,0.000597,0.5319721580667813,0.0,0.0,0.0,,0.09053756680289217,,-0.11,-0.0,0.0
artificialNoAnomaly/art_daily_perfect_square_wave.csv,artificialNoAnomaly,B_iforest_raw,0.000713,0.5319721580667813,0.0,0.0,0.0,,0.09053756680289217,,-0.11,-0.0,0.0
artificialNoAnomaly/art_daily_perfect_square_wave.csv,artificialNoAnomaly,B_iforest_raw,0.000852,0.5319721580667813,0.0,0.0,0.0,,0.09053756680289217,,-0.11,-0.0,0.0
artificialNoAnomaly/art_daily_perfect_square_wave.csv,artificialNoAnomaly,B_iforest_raw,0.001017,0.5319721580667813,0.0,0.0,0.0,,0.09053756680289217,,-0.11,-0.0,0.0
artificialNoAnomaly/art_daily_perfect_square_wave.csv,artificialNoAnomaly,B_iforest_raw,0.001215,0.5319721580667813,0.0,0.0,0.0,,0.09053756680289217,,-0.11,-0.0,0.0
artificialNoAnomaly/art_daily_perfect_square_wave.csv,artificialNoAnomaly,B_iforest_raw,0.001451,0.5319721580667813,0.0,0.0,0.0,,0.09053756680289217,,-0.11,-0.0,0.0
artificialNoAnomaly/art_daily_perfect_square_wave.csv,artificialNoAnomaly,B_iforest_raw,0.001733,0.5319721580667813,0.0,0.0,0.0,,0.09053756680289217,,-0.11,-0.0,0.0
artificialNoAnomaly/art_daily_perfect_square_wave.csv,artificialNoAnomaly,B_iforest_raw,0.00207,0.5319721580667813,0.0,0.0,0.0,,0.09053756680289217,,-0.11,-0.0,0.0
artificialNoAnomaly/art_daily_perfect_square_wave.csv,artificialNoAnomaly,B_iforest_raw,0.002472,0.5319721580667813,0.0,0.0,0.0,,0.09053756680289217,,-0.11,-0.0,0.0
artificialNoAnomaly/art_daily_perfect_square_wave.csv,artificialNoAnomaly,B_iforest_raw,0.002952,0.5319721580667813,0.0,0.0,0.0,,0.09053756680289217,,-0.11,-0.0,0.0
artificialNoAnomaly/art_daily_perfect_square_wave.csv,artificialNoAnomaly,B_iforest_raw,0.003525,0.5319721580667813,0.0,0.0,0.0,,0.09053756680289217,,-0.11,-0.0,0.0
artificialNoAnomaly/art_daily_perfect_square_wave.csv,artificialNoAnomaly,B_iforest_raw,0.00421,0.5319721580667813,0.0,0.0,0.0,,0.09053756680289217,,-0.11,-0.0,0.0
artificialNoAnomaly/art_daily_perfect_square_wave.csv,artificialNoAnomaly,B_iforest_raw,0.005029,0.5319721580667813,0.0,0.0,0.0,,0.09053756680289217,,-0.11,-0.0,0.0
artificialNoAnomaly/art_daily_perfect_square_wave.csv,artificialNoAnomaly,B_iforest_raw,0.006006,0.5319721580667813,0.0,0.0,0.0,,0.09053756680289217,,-0.11,-0.0,0.0
artificialNoAnomaly/art_daily_perfect_square_wave.csv,artificialNoAnomaly,B_iforest_raw,0.007173,0.5319721580667813,0.0,0.0,0.0,,0.09053756680289217,,-0.11,-0.0,0.0
artificialNoAnomaly/art_daily_perfect_square_wave.csv,artificialNoAnomaly,B_iforest_raw,0.008566,0.5319721580667813,0.0,0.0,0.0,,0.09053756680289217,,-0.11,-0.0,0.0
artificialNoAnomaly/art_daily_perfect_square_wave.csv,artificialNoAnomaly,B_iforest_raw,0.010231,0.5319721580667813,0.0,0.0,0.0,,0.09053756680289217,,-0.11,-0.0,0.0
artificialNoAnomaly/art_daily_perfect_square_wave.csv,artificialNoAnomaly,B_iforest_raw,0.012218,0.5319721580667813,0.0,0.0,0.0,,0.09053756680289217,,-0.11,-0.0,0.0
artificialNoAnomaly/art_daily_perfect_square_wave.csv,artificialNoAnomaly,B_iforest_raw,0.014592,0.5319721580667813,0.0,0.0,0.0,,0.09053756680289217,,-0.11,-0.0,0.0
artificialNoAnomaly/art_daily_perfect_square_wave.csv,artificialNoAnomaly,B_iforest_raw,0.017428,0.5319721580667813,0.0,0.0,0.0,,0.09053756680289217,,-0.11,-0.0,0.0
artificialNoAnomaly/art_daily_perfect_square_wave.csv,artificialNoAnomaly,B_iforest_raw,0.020814,0.5319721580667813,0.0,0.0,0.0,,0.09053756680289217,,-0.11,-0.0,0.0
artificialNoAnomaly/art_daily_perfect_square_wave.csv,artificialNoAnomaly,B_iforest_raw,0.024858,0.5319721580667813,0.0,0.0,0.0,,0.09053756680289217,,-0.11,-0.0,0.0
artificialNoAnomaly/art_daily_perfect_square_wave.csv,artificialNoAnomaly,B_iforest_raw,0.029688,0.5319721580667813,0.0,0.0,0.0,,0.09053756680289217,,-0.11,-0.0,0.0
artificialNoAnomaly/art_daily_perfect_square_wave.csv,artificialNoAnomaly,B_iforest_raw,0.035456,0.5319721580667813,0.0,0.0,0.0,,0.18107513360578434,,-0.22,-0.0,0.0
artificialNoAnomaly/art_daily_perfect_square_wave.csv,artificialNoAnomaly,B_iforest_raw,0.042345,0.5319721580667813,0.0,0.0,0.0,,0.18107513360578434,,-0.22,-0.0,0.0
artificialNoAnomaly/art_daily_perfect_square_wave.csv,artificialNoAnomaly,B_iforest_raw,0.050573,0.5319721580667813,0.0,0.0,0.0,,0.18107513360578434,,-0.22,-0.0,0.0
artificialNoAnomaly/art_daily_perfect_square_wave.csv,artificialNoAnomaly,B_iforest_raw,0.060399,0.5319721580667813,0.0,0.0,0.0,,0.18107513360578434,,-0.22,-0.0,0.0
artificialNoAnomaly/art_daily_perfect_square_wave.csv,artificialNoAnomaly,B_iforest_raw,0.072135,0.5319721580667813,0.0,0.0,0.0,,0.2716127004086765,,-0.33,-0.0,0.0
artificialNoAnomaly/art_daily_perfect_square_wave.csv,artificialNoAnomaly,B_iforest_raw,0.086151,0.5319721580667813,0.0,0.0,0.0,,0.2716127004086765,,-0.33,-0.0,0.0
artificialNoAnomaly/art_daily_perfect_square_wave.csv,artificialNoAnomaly,B_iforest_raw,0.10289,0.5319721580667813,0.0,0.0,0.0,,0.3621502672115687,,-0.44,-0.0,0.0
artificialNoAnomaly/art_daily_perfect_square_wave.csv,artificialNoAnomaly,B_iforest_raw,0.122881,0.5319721580667813,0.0,0.0,0.0,,0.3621502672115687,,-0.44,-0.0,0.0
artificialNoAnomaly/art_daily_perfect_square_wave.csv,artificialNoAnomaly,B_iforest_raw,0.146757,0.5319721580667813,0.0,0.0,0.0,,0.45268783401446083,,-0.55,-0.0,0.0
artificialNoAnomaly/art_daily_perfect_square_wave.csv,artificialNoAnomaly,B_iforest_raw,0.175272,0.5319721580667813,0.0,0.0,0.0,,0.543225400817353,,-0.66,-0.0,0.0
artificialNoAnomaly/art_daily_perfect_square_wave.csv,artificialNoAnomaly,B_iforest_raw,0.209328,0.5319721580667813,0.0,0.0,0.0,,0.6337629676202452,,-0.77,-0.0,0.0
artificialNoAnomaly/art_daily_perfect_square_wave.csv,artificialNoAnomaly,B_iforest_raw,0.25,0.5319721580667813,0.0,0.0,0.0,,0.7243005344231374,,-0.88,-0.0,0.0
artificialNoAnomaly/art_daily_perfect_square_wave.csv,artificialNoAnomaly,C_iforest_contextual,0.0005,0.7564010097681813,0.0,0.0,0.0,,0.09053756680289217,,-0.11,-0.0,0.0
artificialNoAnomaly/art_daily_perfect_square_wave.csv,artificialNoAnomaly,C_iforest_contextual,0.000597,0.7564010097681813,0.0,0.0,0.0,,0.09053756680289217,,-0.11,-0.0,0.0
artificialNoAnomaly/art_daily_perfect_square_wave.csv,artificialNoAnomaly,C_iforest_contextual,0.000713,0.7564010097681813,0.0,0.0,0.0,,0.18107513360578434,,-0.22,-0.0,0.0
artificialNoAnomaly/art_daily_perfect_square_wave.csv,artificialNoAnomaly,C_iforest_contextual,0.000852,0.7564010097681813,0.0,0.0,0.0,,0.18107513360578434,,-0.22,-0.0,0.0
artificialNoAnomaly/art_daily_perfect_square_wave.csv,artificialNoAnomaly,C_iforest_contextual,0.001017,0.7564010097681813,0.0,0.0,0.0,,0.2716127004086765,,-0.33,-0.0,0.0
artificialNoAnomaly/art_daily_perfect_square_wave.csv,artificialNoAnomaly,C_iforest_contextual,0.001215,0.7564010097681813,0.0,0.0,0.0,,0.2716127004086765,,-0.33,-0.0,0.0
artificialNoAnomaly/art_daily_perfect_square_wave.csv,artificialNoAnomaly,C_iforest_contextual,0.001451,0.7564010097681813,0.0,0.0,0.0,,0.3621502672115687,,-0.44,-0.0,0.0
artificialNoAnomaly/art_daily_perfect_square_wave.csv,artificialNoAnomaly,C_iforest_contextual,0.001733,0.7564010097681813,0.0,0.0,0.0,,0.45268783401446083,,-0.55,-0.0,0.0
artificialNoAnomaly/art_daily_perfect_square_wave.csv,artificialNoAnomaly,C_iforest_contextual,0.00207,0.7553820243885933,0.0,0.0,0.0,,0.543225400817353,,-0.66,-0.0,0.0
artificialNoAnomaly/art_daily_perfect_square_wave.csv,artificialNoAnomaly,C_iforest_contextual,0.002472,0.754658171278798,0.0,0.0,0.0,,0.6337629676202452,,-0.77,-0.0,0.0
artificialNoAnomaly/art_daily_perfect_square_wave.csv,artificialNoAnomaly,C_iforest_contextual,0.002952,0.754658171278798,0.0,0.0,0.0,,0.8148381012260295,,-0.99,-0.0,0.0
artificialNoAnomaly/art_daily_perfect_square_wave.csv,artificialNoAnomaly,C_iforest_contextual,0.003525,0.754658171278798,0.0,0.0,0.0,,0.9959132348318138,,-1.2100000000000002,-0.0,0.0
artificialNoAnomaly/art_daily_perfect_square_wave.csv,artificialNoAnomaly,C_iforest_contextual,0.00421,0.7540175802602128,0.0,0.0,0.0,,1.1769883684375981,,-1.4300000000000004,-0.0,0.0
artificialNoAnomaly/art_daily_perfect_square_wave.csv,artificialNoAnomaly,C_iforest_contextual,0.005029,0.7534974329231816,0.0,0.0,0.0,,1.4486010688462747,,-1.7600000000000007,-0.0,0.0
artificialNoAnomaly/art_daily_perfect_square_wave.csv,artificialNoAnomaly,C_iforest_contextual,0.006006,0.7483698273169901,0.0,0.0,0.0,,1.7202137692549513,,-2.0900000000000007,-0.0,0.0
artificialNoAnomaly/art_daily_perfect_square_wave.csv,artificialNoAnomaly,C_iforest_contextual,0.007173,0.6819241406894191,0.0,0.0,0.0,,1.9918264696636276,,-2.4200000000000004,-0.0,0.0
artificialNoAnomaly/art_daily_perfect_square_wave.csv,artificialNoAnomaly,C_iforest_contextual,0.008566,0.6792456005591656,0.0,0.0,0.0,,1.9918264696636276,,-2.4200000000000004,-0.0,0.0
artificialNoAnomaly/art_daily_perfect_square_wave.csv,artificialNoAnomaly,C_iforest_contextual,0.010231,0.6782840228358465,0.0,0.0,0.0,,1.9918264696636276,,-2.4200000000000004,-0.0,0.0
artificialNoAnomaly/art_daily_perfect_square_wave.csv,artificialNoAnomaly,C_iforest_contextual,0.012218,0.6729917773429956,0.0,0.0,0.0,,1.9918264696636276,,-2.4200000000000004,-0.0,0.0
artificialNoAnomaly/art_daily_perfect_square_wave.csv,artificialNoAnomaly,C_iforest_contextual,0.014592,0.6629603695923671,0.0,0.0,0.0,,1.9918264696636276,,-2.4200000000000004,-0.0,0.0
artificialNoAnomaly/art_daily_perfect_square_wave.csv,artificialNoAnomaly,C_iforest_contextual,0.017428,0.6600526444616871,0.0,0.0,0.0,,1.9918264696636276,,-2.4200000000000004,-0.0,0.0
artificialNoAnomaly/art_daily_perfect_square_wave.csv,artificialNoAnomaly,C_iforest_contextual,0.020814,0.6520536174298953,0.0,0.0,0.0,,1.9918264696636276,,-2.4200000000000004,-0.0,0.0
artificialNoAnomaly/art_daily_perfect_square_wave.csv,artificialNoAnomaly,C_iforest_contextual,0.024858,0.6475298531106861,0.0,0.0,0.0,,1.9918264696636276,,-2.4200000000000004,-0.0,0.0
artificialNoAnomaly/art_daily_perfect_square_wave.csv,artificialNoAnomaly,C_iforest_contextual,0.029688,0.6416863908544344,0.0,0.0,0.0,,1.9918264696636276,,-2.4200000000000004,-0.0,0.0
artificialNoAnomaly/art_daily_perfect_square_wave.csv,artificialNoAnomaly,C_iforest_contextual,0.035456,0.638723744252602,0.0,0.0,0.0,,1.9918264696636276,,-2.4200000000000004,-0.0,0.0
artificialNoAnomaly/art_daily_perfect_square_wave.csv,artificialNoAnomaly,C_iforest_contextual,0.042345,0.6366085497510617,0.0,0.0,0.0,,1.9918264696636276,,-2.4200000000000004,-0.0,0.0
artificialNoAnomaly/art_daily_perfect_square_wave.csv,artificialNoAnomaly,C_iforest_contextual,0.050573,0.6307709432115186,0.0,0.0,0.0,,1.9918264696636276,,-2.4200000000000004,-0.0,0.0
artificialNoAnomaly/art_daily_perfect_square_wave.csv,artificialNoAnomaly,C_iforest_contextual,0.060399,0.6247733683895913,0.0,0.0,0.0,,1.9918264696636276,,-2.4200000000000004,-0.0,0.0
artificialNoAnomaly/art_daily_perfect_square_wave.csv,artificialNoAnomaly,C_iforest_contextual,0.072135,0.6079246240525004,0.0,0.0,0.0,,1.9918264696636276,,-2.4200000000000004,-0.0,0.0
artificialNoAnomaly/art_daily_perfect_square_wave.csv,artificialNoAnomaly,C_iforest_contextual,0.086151,0.543131425147829,0.0,0.0,0.0,,1.9918264696636276,,-2.4200000000000004,-0.0,0.0
artificialNoAnomaly/art_daily_perfect_square_wave.csv,artificialNoAnomaly,C_iforest_contextual,0.10289,0.5284386606907553,0.0,0.0,0.0,,1.9918264696636276,,-2.4200000000000004,-0.0,0.0
artificialNoAnomaly/art_daily_perfect_square_wave.csv,artificialNoAnomaly,C_iforest_contextual,0.122881,0.511804784225598,0.0,0.0,0.0,,1.9918264696636276,,-2.4200000000000004,-0.0,0.0
artificialNoAnomaly/art_daily_perfect_square_wave.csv,artificialNoAnomaly,C_iforest_contextual,0.146757,0.5013125583732224,0.0,0.0,0.0,,1.9918264696636276,,-2.4200000000000004,-0.0,0.0
artificialNoAnomaly/art_daily_perfect_square_wave.csv,artificialNoAnomaly,C_iforest_contextual,0.175272,0.4949532713189586,0.0,0.0,0.0,,1.9918264696636276,,-2.4200000000000004,-0.0,0.0
artificialNoAnomaly/art_daily_perfect_square_wave.csv,artificialNoAnomaly,C_iforest_contextual,0.209328,0.48946961795523736,0.0,0.0,0.0,,2.4445143036780888,,-2.9699999999999998,-0.0,0.0
artificialNoAnomaly/art_daily_perfect_square_wave.csv,artificialNoAnomaly,C_iforest_contextual,0.25,0.48307627760661437,0.0,0.0,0.0,,2.4445143036780888,,-2.9699999999999998,-0.0,0.0
artificialNoAnomaly/art_daily_small_noise.csv,artificialNoAnomaly,A_rolling_zscore,0.0005,48.79749430352772,0.0,0.0,0.0,,0.09053756680289217,,-0.11,-0.0,0.0
artificialNoAnomaly/art_daily_small_noise.csv,artificialNoAnomaly,A_rolling_zscore,0.000597,48.16914282141616,0.0,0.0,0.0,,0.09053756680289217,,-0.11,-0.0,0.0
artificialNoAnomaly/art_daily_small_noise.csv,artificialNoAnomaly,A_rolling_zscore,0.000713,47.15873070631832,0.0,0.0,0.0,,0.18107513360578434,,-0.22,-0.0,0.0
artificialNoAnomaly/art_daily_small_noise.csv,artificialNoAnomaly,A_rolling_zscore,0.000852,45.83111417671134,0.0,0.0,0.0,,0.18107513360578434,,-0.22,-0.0,0.0
artificialNoAnomaly/art_daily_small_noise.csv,artificialNoAnomaly,A_rolling_zscore,0.001017,44.80147307412715,0.0,0.0,0.0,,0.2716127004086765,,-0.33,-0.0,0.0
artificialNoAnomaly/art_daily_small_noise.csv,artificialNoAnomaly,A_rolling_zscore,0.001215,44.37404622438618,0.0,0.0,0.0,,0.2716127004086765,,-0.33,-0.0,0.0
artificialNoAnomaly/art_daily_small_noise.csv,artificialNoAnomaly,A_rolling_zscore,0.001451,44.08348945555076,0.0,0.0,0.0,,0.3621502672115687,,-0.44,-0.0,0.0
artificialNoAnomaly/art_daily_small_noise.csv,artificialNoAnomaly,A_rolling_zscore,0.001733,43.43260990969069,0.0,0.0,0.0,,0.45268783401446083,,-0.55,-0.0,0.0
artificialNoAnomaly/art_daily_small_noise.csv,artificialNoAnomaly,A_rolling_zscore,0.00207,39.984999659486895,0.0,0.0,0.0,,0.543225400817353,,-0.66,-0.0,0.0
artificialNoAnomaly/art_daily_small_noise.csv,artificialNoAnomaly,A_rolling_zscore,0.002472,37.37922664126812,0.0,0.0,0.0,,0.6337629676202452,,-0.77,-0.0,0.0
artificialNoAnomaly/art_daily_small_noise.csv,artificialNoAnomaly,A_rolling_zscore,0.002952,32.8119336319895,0.0,0.0,0.0,,0.8148381012260295,,-0.99,-0.0,0.0
artificialNoAnomaly/art_daily_small_noise.csv,artificialNoAnomaly,A_rolling_zscore,0.003525,13.56663259915807,0.0,0.0,0.0,,0.9959132348318138,,-1.2100000000000002,-0.0,0.0
artificialNoAnomaly/art_daily_small_noise.csv,artificialNoAnomaly,A_rolling_zscore,0.00421,12.465505230730473,0.0,0.0,0.0,,1.1769883684375981,,-1.4300000000000004,-0.0,0.0
artificialNoAnomaly/art_daily_small_noise.csv,artificialNoAnomaly,A_rolling_zscore,0.005029,11.124954374304892,0.0,0.0,0.0,,1.4486010688462747,,-1.7600000000000007,-0.0,0.0
artificialNoAnomaly/art_daily_small_noise.csv,artificialNoAnomaly,A_rolling_zscore,0.006006,10.08077664939115,0.0,0.0,0.0,,1.7202137692549513,,-2.0900000000000007,-0.0,0.0
artificialNoAnomaly/art_daily_small_noise.csv,artificialNoAnomaly,A_rolling_zscore,0.007173,6.361309946560704,0.0,0.0,0.0,,1.9918264696636276,,-2.4200000000000004,-0.0,0.0
artificialNoAnomaly/art_daily_small_noise.csv,artificialNoAnomaly,A_rolling_zscore,0.008566,5.188751776686958,0.0,0.0,0.0,,2.4445143036780888,,-2.9699999999999998,-0.0,0.0
artificialNoAnomaly/art_daily_small_noise.csv,artificialNoAnomaly,A_rolling_zscore,0.010231,4.076323473092243,0.0,0.0,0.0,,2.8972021376925494,,-3.519999999999999,-0.0,0.0
artificialNoAnomaly/art_daily_small_noise.csv,artificialNoAnomaly,A_rolling_zscore,0.012218,3.5883499887911117,0.0,0.0,0.0,,3.168814838101226,,-3.8499999999999988,-0.0,0.0
artificialNoAnomaly/art_daily_small_noise.csv,artificialNoAnomaly,A_rolling_zscore,0.014592,3.4439418168511513,0.0,0.0,0.0,,3.6215026721156867,,-4.3999999999999995,-0.0,0.0
artificialNoAnomaly/art_daily_small_noise.csv,artificialNoAnomaly,A_rolling_zscore,0.017428,3.2577213499691893,0.0,0.0,0.0,,3.9836529393272553,,-4.840000000000001,-0.0,0.0
artificialNoAnomaly/art_daily_small_noise.csv,artificialNoAnomaly,A_rolling_zscore,0.020814,3.07422012100829,0.0,0.0,0.0,,4.164728072933039,,-5.060000000000001,-0.0,0.0
artificialNoAnomaly/art_daily_small_noise.csv,artificialNoAnomaly,A_rolling_zscore,0.024858,2.872908835838235,0.0,0.0,0.0,,4.6174159069475005,,-5.610000000000003,-0.0,0.0
artificialNoAnomaly/art_daily_small_noise.csv,artificialNoAnomaly,A_rolling_zscore,0.029688,2.6694717992896235,0.0,0.0,0.0,,5.341716441370638,,-6.4900000000000055,-0.0,0.0
artificialNoAnomaly/art_daily_small_noise.csv,artificialNoAnomaly,A_rolling_zscore,0.035456,2.5473144836771553,0.0,0.0,0.0,,6.24709210939956,,-7.590000000000009,-0.0,0.0
artificialNoAnomaly/art_daily_small_noise.csv,artificialNoAnomaly,A_rolling_zscore,0.042345,2.4090188010405518,0.0,0.0,0.0,,7.967305878654511,,-9.680000000000001,-0.0,0.0
artificialNoAnomaly/art_daily_small_noise.csv,artificialNoAnomaly,A_rolling_zscore,0.050573,2.2916810953615507,0.0,0.0,0.0,,9.687519647909463,,-11.76999999999999,-0.0,0.0
artificialNoAnomaly/art_daily_small_noise.csv,artificialNoAnomaly,A_rolling_zscore,0.060399,2.1885078429269673,0.0,0.0,0.0,,11.588808550770198,,-14.079999999999979,-0.0,0.0
artificialNoAnomaly/art_daily_small_noise.csv,artificialNoAnomaly,A_rolling_zscore,0.072135,2.08792326565293,0.0,0.0,0.0,,13.942785287645394,,-16.939999999999966,-0.0,0.0
artificialNoAnomaly/art_daily_small_noise.csv,artificialNoAnomaly,A_rolling_zscore,0.086151,1.9904996157405996,0.0,0.0,0.0,,15.844074190506129,,-19.249999999999954,-0.0,0.0
artificialNoAnomaly/art_daily_small_noise.csv,artificialNoAnomaly,A_rolling_zscore,0.10289,1.891345666247276,0.0,0.0,0.0,,17.92643822697265,,-21.77999999999994,-0.0,0.0
artificialNoAnomaly/art_daily_small_noise.csv,artificialNoAnomaly,A_rolling_zscore,0.122881,1.7956073597448943,0.0,0.0,0.0,,21.004715498270983,,-25.51999999999992,-0.0,0.0
artificialNoAnomaly/art_daily_small_noise.csv,artificialNoAnomaly,A_rolling_zscore,0.146757,1.701927440462846,0.0,0.0,0.0,,23.630304935554857,,-28.709999999999905,-0.0,0.0
artificialNoAnomaly/art_daily_small_noise.csv,artificialNoAnomaly,A_rolling_zscore,0.175272,1.6249890354848948,0.0,0.0,0.0,,27.52342030807922,,-33.439999999999884,-0.0,0.0
artificialNoAnomaly/art_daily_small_noise.csv,artificialNoAnomaly,A_rolling_zscore,0.209328,1.5293101247565577,0.0,0.0,0.0,,29.424709210939955,,-35.74999999999987,-0.0,0.0
artificialNoAnomaly/art_daily_small_noise.csv,artificialNoAnomaly,A_rolling_zscore,0.25,1.4364292215042347,0.0,0.0,0.0,,31.778685947815152,,-38.60999999999986,-0.0,0.0
artificialNoAnomaly/art_daily_small_noise.csv,artificialNoAnomaly,B_iforest_raw,0.0005,0.7082526012368577,0.0,0.0,0.0,,0.09053756680289217,,-0.11,-0.0,0.0
artificialNoAnomaly/art_daily_small_noise.csv,artificialNoAnomaly,B_iforest_raw,0.000597,0.7078828980604778,0.0,0.0,0.0,,0.09053756680289217,,-0.11,-0.0,0.0
artificialNoAnomaly/art_daily_small_noise.csv,artificialNoAnomaly,B_iforest_raw,0.000713,0.707185207962221,0.0,0.0,0.0,,0.18107513360578434,,-0.22,-0.0,0.0
artificialNoAnomaly/art_daily_small_noise.csv,artificialNoAnomaly,B_iforest_raw,0.000852,0.7062338577113934,0.0,0.0,0.0,,0.18107513360578434,,-0.22,-0.0,0.0
artificialNoAnomaly/art_daily_small_noise.csv,artificialNoAnomaly,B_iforest_raw,0.001017,0.7049811864185078,0.0,0.0,0.0,,0.2716127004086765,,-0.33,-0.0,0.0
artificialNoAnomaly/art_daily_small_noise.csv,artificialNoAnomaly,B_iforest_raw,0.001215,0.7032954806835353,0.0,0.0,0.0,,0.2716127004086765,,-0.33,-0.0,0.0
artificialNoAnomaly/art_daily_small_noise.csv,artificialNoAnomaly,B_iforest_raw,0.001451,0.7029339376213374,0.0,0.0,0.0,,0.3621502672115687,,-0.44,-0.0,0.0
artificialNoAnomaly/art_daily_small_noise.csv,artificialNoAnomaly,B_iforest_raw,0.001733,0.7029339376213374,0.0,0.0,0.0,,0.45268783401446083,,-0.55,-0.0,0.0
artificialNoAnomaly/art_daily_small_noise.csv,artificialNoAnomaly,B_iforest_raw,0.00207,0.7029339376213374,0.0,0.0,0.0,,0.543225400817353,,-0.66,-0.0,0.0
artificialNoAnomaly/art_daily_small_noise.csv,artificialNoAnomaly,B_iforest_raw,0.002472,0.7029339376213374,0.0,0.0,0.0,,0.6337629676202452,,-0.77,-0.0,0.0
artificialNoAnomaly/art_daily_small_noise.csv,artificialNoAnomaly,B_iforest_raw,0.002952,0.7029339376213374,0.0,0.0,0.0,,0.8148381012260295,,-0.99,-0.0,0.0
artificialNoAnomaly/art_daily_small_noise.csv,artificialNoAnomaly,B_iforest_raw,0.003525,0.7029339376213374,0.0,0.0,0.0,,0.9959132348318138,,-1.2100000000000002,-0.0,0.0
artificialNoAnomaly/art_daily_small_noise.csv,artificialNoAnomaly,B_iforest_raw,0.00421,0.7025454404730207,0.0,0.0,0.0,,1.1769883684375981,,-1.4300000000000004,-0.0,0.0
artificialNoAnomaly/art_daily_small_noise.csv,artificialNoAnomaly,B_iforest_raw,0.005029,0.7019840433362332,0.0,0.0,0.0,,1.3580635020433824,,-1.6500000000000006,-0.0,0.0
artificialNoAnomaly/art_daily_small_noise.csv,artificialNoAnomaly,B_iforest_raw,0.006006,0.7019833899287534,0.0,0.0,0.0,,1.3580635020433824,,-1.6500000000000006,-0.0,0.0
artificialNoAnomaly/art_daily_small_noise.csv,artificialNoAnomaly,B_iforest_raw,0.007173,0.7019833899287534,0.0,0.0,0.0,,1.629676202452059,,-1.9800000000000009,-0.0,0.0
artificialNoAnomaly/art_daily_small_noise.csv,artificialNoAnomaly,B_iforest_raw,0.008566,0.6983193024722287,0.0,0.0,0.0,,1.9918264696636276,,-2.4200000000000004,-0.0,0.0
artificialNoAnomaly/art_daily_small_noise.csv,artificialNoAnomaly,B_iforest_raw,0.010231,0.6952549692469356,0.0,0.0,0.0,,2.3539767368751963,,-2.86,-0.0,0.0
artificialNoAnomaly/art_daily_small_noise.csv,artificialNoAnomaly,B_iforest_raw,0.012218,0.6819500877417576,0.0,0.0,0.0,,2.716127004086765,,-3.2999999999999994,-0.0,0.0
artificialNoAnomaly/art_daily_small_noise.csv,artificialNoAnomaly,B_iforest_raw,0.014592,0.6761195838829115,0.0,0.0,0.0,,3.078277271298334,,-3.739999999999999,-0.0,0.0
artificialNoAnomaly/art_daily_small_noise.csv,artificialNoAnomaly,B_iforest_raw,0.017428,0.6662980126413479,0.0,0.0,0.0,,3.078277271298334,,-3.739999999999999,-0.0,0.0
artificialNoAnomaly/art_daily_small_noise.csv,artificialNoAnomaly,B_iforest_raw,0.020814,0.6573075119188079,0.0,0.0,0.0,,3.5309651053127946,,-4.289999999999999,-0.0,0.0
artificialNoAnomaly/art_daily_small_noise.csv,artificialNoAnomaly,B_iforest_raw,0.024858,0.6539541118181587,0.0,0.0,0.0,,3.802577805721471,,-4.62,-0.0,0.0
artificialNoAnomaly/art_daily_small_noise.csv,artificialNoAnomaly,B_iforest_raw,0.029688,0.6471637002942532,0.0,0.0,0.0,,3.712040238918579,,-4.51,-0.0,0.0
artificialNoAnomaly/art_daily_small_noise.csv,artificialNoAnomaly,B_iforest_raw,0.035456,0.6417779922102388,0.0,0.0,0.0,,3.9836529393272553,,-4.840000000000001,-0.0,0.0
artificialNoAnomaly/art_daily_small_noise.csv,artificialNoAnomaly,B_iforest_raw,0.042345,0.635553857730494,0.0,0.0,0.0,,3.8931153725243632,,-4.73,-0.0,0.0
artificialNoAnomaly/art_daily_small_noise.csv,artificialNoAnomaly,B_iforest_raw,0.050573,0.6313855495475643,0.0,0.0,0.0,,3.802577805721471,,-4.62,-0.0,0.0
artificialNoAnomaly/art_daily_small_noise.csv,artificialNoAnomaly,B_iforest_raw,0.060399,0.6275294557661192,0.0,0.0,0.0,,3.8931153725243632,,-4.73,-0.0,0.0
artificialNoAnomaly/art_daily_small_noise.csv,artificialNoAnomaly,B_iforest_raw,0.072135,0.623515848510994,0.0,0.0,0.0,,4.526878340144608,,-5.500000000000003,-0.0,0.0
artificialNoAnomaly/art_daily_small_noise.csv,artificialNoAnomaly,B_iforest_raw,0.086151,0.6169686461893399,0.0,0.0,0.0,,5.522791574976423,,-6.710000000000006,-0.0,0.0
artificialNoAnomaly/art_daily_small_noise.csv,artificialNoAnomaly,B_iforest_raw,0.10289,0.5972154182664756,0.0,0.0,0.0,,7.424080477837158,,-9.020000000000005,-0.0,0.0
artificialNoAnomaly/art_daily_small_noise.csv,artificialNoAnomaly,B_iforest_raw,0.122881,0.5786154521177139,0.0,0.0,0.0,,10.321282615529707,,-12.539999999999987,-0.0,0.0
artificialNoAnomaly/art_daily_small_noise.csv,artificialNoAnomaly,B_iforest_raw,0.146757,0.5595352554389625,0.0,0.0,0.0,,13.490097453630932,,-16.38999999999997,-0.0,0.0
artificialNoAnomaly/art_daily_small_noise.csv,artificialNoAnomaly,B_iforest_raw,0.175272,0.550494206545872,0.0,0.0,0.0,,15.300848789688777,,-18.589999999999957,-0.0,0.0
artificialNoAnomaly/art_daily_small_noise.csv,artificialNoAnomaly,B_iforest_raw,0.209328,0.5358644836504176,0.0,0.0,0.0,,15.753536623703237,,-19.139999999999954,-0.0,0.0
artificialNoAnomaly/art_daily_small_noise.csv,artificialNoAnomaly,B_iforest_raw,0.25,0.5120057450642113,0.0,0.0,0.0,,16.2062244577177,,-19.68999999999995,-0.0,0.0
artificialNoAnomaly/art_daily_small_noise.csv,artificialNoAnomaly,C_iforest_contextual,0.0005,0.7479014230754528,0.0,0.0,0.0,,0.09053756680289217,,-0.11,-0.0,0.0
artificialNoAnomaly/art_daily_small_noise.csv,artificialNoAnomaly,C_iforest_contextual,0.000597,0.7474329292600617,0.0,0.0,0.0,,0.09053756680289217,,-0.11,-0.0,0.0
artificialNoAnomaly/art_daily_small_noise.csv,artificialNoAnomaly,C_iforest_contextual,0.000713,0.7472607526640765,0.0,0.0,0.0,,0.18107513360578434,,-0.22,-0.0,0.0
artificialNoAnomaly/art_daily_small_noise.csv,artificialNoAnomaly,C_iforest_contextual,0.000852,0.7472295585692428,0.0,0.0,0.0,,0.18107513360578434,,-0.22,-0.0,0.0
artificialNoAnomaly/art_daily_small_noise.csv,artificialNoAnomaly,C_iforest_contextual,0.001017,0.7462139765201322,0.0,0.0,0.0,,0.2716127004086765,,-0.33,-0.0,0.0
artificialNoAnomaly/art_daily_small_noise.csv,artificialNoAnomaly,C_iforest_contextual,0.001215,0.7435477203223121,0.0,0.0,0.0,,0.2716127004086765,,-0.33,-0.0,0.0
artificialNoAnomaly/art_daily_small_noise.csv,artificialNoAnomaly,C_iforest_contextual,0.001451,0.739687713597215,0.0,0.0,0.0,,0.3621502672115687,,-0.44,-0.0,0.0
artificialNoAnomaly/art_daily_small_noise.csv,artificialNoAnomaly,C_iforest_contextual,0.001733,0.736953876350722,0.0,0.0,0.0,,0.45268783401446083,,-0.55,-0.0,0.0
artificialNoAnomaly/art_daily_small_noise.csv,artificialNoAnomaly,C_iforest_contextual,0.00207,0.7302251683534611,0.0,0.0,0.0,,0.543225400817353,,-0.66,-0.0,0.0
artificialNoAnomaly/art_daily_small_noise.csv,artificialNoAnomaly,C_iforest_contextual,0.002472,0.7193598582445772,0.0,0.0,0.0,,0.6337629676202452,,-0.77,-0.0,0.0
artificialNoAnomaly/art_daily_small_noise.csv,artificialNoAnomaly,C_iforest_contextual,0.002952,0.7158823832551575,0.0,0.0,0.0,,0.8148381012260295,,-0.99,-0.0,0.0
artificialNoAnomaly/art_daily_small_noise.csv,artificialNoAnomaly,C_iforest_contextual,0.003525,0.7029034861761747,0.0,0.0,0.0,,0.9959132348318138,,-1.2100000000000002,-0.0,0.0
artificialNoAnomaly/art_daily_small_noise.csv,artificialNoAnomaly,C_iforest_contextual,0.00421,0.7020221015985146,0.0,0.0,0.0,,1.1769883684375981,,-1.4300000000000004,-0.0,0.0
artificialNoAnomaly/art_daily_small_noise.csv,artificialNoAnomaly,C_iforest_contextual,0.005029,0.70077135665964,0.0,0.0,0.0,,1.4486010688462747,,-1.7600000000000007,-0.0,0.0
artificialNoAnomaly/art_daily_small_noise.csv,artificialNoAnomaly,C_iforest_contextual,0.006006,0.6986241559921963,0.0,0.0,0.0,,1.7202137692549513,,-2.0900000000000007,-0.0,0.0
artificialNoAnomaly/art_daily_small_noise.csv,artificialNoAnomaly,C_iforest_contextual,0.007173,0.6350407866578834,0.0,0.0,0.0,,1.9918264696636276,,-2.4200000000000004,-0.0,0.0
artificialNoAnomaly/art_daily_small_noise.csv,artificialNoAnomaly,C_iforest_contextual,0.008566,0.6231284361611267,0.0,0.0,0.0,,1.9918264696636276,,-2.4200000000000004,-0.0,0.0
artificialNoAnomaly/art_daily_small_noise.csv,artificialNoAnomaly,C_iforest_contextual,0.010231,0.6201943994302899,0.0,0.0,0.0,,2.172901603269412,,-2.64,-0.0,0.0
artificialNoAnomaly/art_daily_small_noise.csv,artificialNoAnomaly,C_iforest_contextual,0.012218,0.6163071568175155,0.0,0.0,0.0,,2.3539767368751963,,-2.86,-0.0,0.0
artificialNoAnomaly/art_daily_small_noise.csv,artificialNoAnomaly,C_iforest_contextual,0.014592,0.6127500629124729,0.0,0.0,0.0,,2.3539767368751963,,-2.86,-0.0,0.0
artificialNoAnomaly/art_daily_small_noise.csv,artificialNoAnomaly,C_iforest_contextual,0.017428,0.6079585225955062,0.0,0.0,0.0,,2.4445143036780888,,-2.9699999999999998,-0.0,0.0
artificialNoAnomaly/art_daily_small_noise.csv,artificialNoAnomaly,C_iforest_contextual,0.020814,0.6044751678561655,0.0,0.0,0.0,,2.625589437283873,,-3.1899999999999995,-0.0,0.0
artificialNoAnomaly/art_daily_small_noise.csv,artificialNoAnomaly,C_iforest_contextual,0.024858,0.602408029946596,0.0,0.0,0.0,,2.8066645708896574,,-3.4099999999999993,-0.0,0.0
artificialNoAnomaly/art_daily_small_noise.csv,artificialNoAnomaly,C_iforest_contextual,0.029688,0.5993389646077463,0.0,0.0,0.0,,2.716127004086765,,-3.2999999999999994,-0.0,0.0
artificialNoAnomaly/art_daily_small_noise.csv,artificialNoAnomaly,C_iforest_contextual,0.035456,0.5958646870120934,0.0,0.0,0.0,,2.8066645708896574,,-3.4099999999999993,-0.0,0.0
artificialNoAnomaly/art_daily_small_noise.csv,artificialNoAnomaly,C_iforest_contextual,0.042345,0.5919322568080033,0.0,0.0,0.0,,2.625589437283873,,-3.1899999999999995,-0.0,0.0
artificialNoAnomaly/art_daily_small_noise.csv,artificialNoAnomaly,C_iforest_contextual,0.050573,0.5845659083283612,0.0,0.0,0.0,,2.8066645708896574,,-3.4099999999999993,-0.0,0.0
artificialNoAnomaly/art_daily_small_noise.csv,artificialNoAnomaly,C_iforest_contextual,0.060399,0.5778783161304627,0.0,0.0,0.0,,2.8066645708896574,,-3.4099999999999993,-0.0,0.0
artificialNoAnomaly/art_daily_small_noise.csv,artificialNoAnomaly,C_iforest_contextual,0.072135,0.5630941157133156,0.0,0.0,0.0,,2.625589437283873,,-3.1899999999999995,-0.0,0.0
artificialNoAnomaly/art_daily_small_noise.csv,artificialNoAnomaly,C_iforest_contextual,0.086151,0.5467278270631541,0.0,0.0,0.0,,4.074190506130147,,-4.950000000000001,-0.0,0.0
artificialNoAnomaly/art_daily_small_noise.csv,artificialNoAnomaly,C_iforest_contextual,0.10289,0.5339286633685897,0.0,0.0,0.0,,5.341716441370638,,-6.4900000000000055,-0.0,0.0
artificialNoAnomaly/art_daily_small_noise.csv,artificialNoAnomaly,C_iforest_contextual,0.122881,0.5192509160589975,0.0,0.0,0.0,,8.329456145866079,,-10.12,-0.0,0.0
artificialNoAnomaly/art_daily_small_noise.csv,artificialNoAnomaly,C_iforest_contextual,0.146757,0.5093283834710329,0.0,0.0,0.0,,10.4118201823326,,-12.649999999999986,-0.0,0.0
artificialNoAnomaly/art_daily_small_noise.csv,artificialNoAnomaly,C_iforest_contextual,0.175272,0.50165799947648,0.0,0.0,0.0,,12.765796919207796,,-15.509999999999971,-0.0,0.0
artificialNoAnomaly/art_daily_small_noise.csv,artificialNoAnomaly,C_iforest_contextual,0.209328,0.49427647697653454,0.0,0.0,0.0,,15.300848789688777,,-18.589999999999957,-0.0,0.0
artificialNoAnomaly/art_daily_small_noise.csv,artificialNoAnomaly,C_iforest_contextual,0.25,0.4872016423452614,0.0,0.0,0.0,,17.02106255894373,,-20.679999999999946,-0.0,0.0
artificialNoAnomaly/art_flatline.csv,artificialNoAnomaly,A_rolling_zscore,0.0005,0.0,0.0,0.0,0.0,,0.09053756680289217,,-0.11,-0.0,0.0
artificialNoAnomaly/art_flatline.csv,artificialNoAnomaly,A_rolling_zscore,0.000597,0.0,0.0,0.0,0.0,,0.09053756680289217,,-0.11,-0.0,0.0
artificialNoAnomaly/art_flatline.csv,artificialNoAnomaly,A_rolling_zscore,0.000713,0.0,0.0,0.0,0.0,,0.09053756680289217,,-0.11,-0.0,0.0
artificialNoAnomaly/art_flatline.csv,artificialNoAnomaly,A_rolling_zscore,0.000852,0.0,0.0,0.0,0.0,,0.09053756680289217,,-0.11,-0.0,0.0
artificialNoAnomaly/art_flatline.csv,artificialNoAnomaly,A_rolling_zscore,0.001017,0.0,0.0,0.0,0.0,,0.09053756680289217,,-0.11,-0.0,0.0
artificialNoAnomaly/art_flatline.csv,artificialNoAnomaly,A_rolling_zscore,0.001215,0.0,0.0,0.0,0.0,,0.09053756680289217,,-0.11,-0.0,0.0
artificialNoAnomaly/art_flatline.csv,artificialNoAnomaly,A_rolling_zscore,0.001451,0.0,0.0,0.0,0.0,,0.09053756680289217,,-0.11,-0.0,0.0
artificialNoAnomaly/art_flatline.csv,artificialNoAnomaly,A_rolling_zscore,0.001733,0.0,0.0,0.0,0.0,,0.09053756680289217,,-0.11,-0.0,0.0
artificialNoAnomaly/art_flatline.csv,artificialNoAnomaly,A_rolling_zscore,0.00207,0.0,0.0,0.0,0.0,,0.09053756680289217,,-0.11,-0.0,0.0
artificialNoAnomaly/art_flatline.csv,artificialNoAnomaly,A_rolling_zscore,0.002472,0.0,0.0,0.0,0.0,,0.09053756680289217,,-0.11,-0.0,0.0
artificialNoAnomaly/art_flatline.csv,artificialNoAnomaly,A_rolling_zscore,0.002952,0.0,0.0,0.0,0.0,,0.09053756680289217,,-0.11,-0.0,0.0
artificialNoAnomaly/art_flatline.csv,artificialNoAnomaly,A_rolling_zscore,0.003525,0.0,0.0,0.0,0.0,,0.09053756680289217,,-0.11,-0.0,0.0
artificialNoAnomaly/art_flatline.csv,artificialNoAnomaly,A_rolling_zscore,0.00421,0.0,0.0,0.0,0.0,,0.09053756680289217,,-0.11,-0.0,0.0
artificialNoAnomaly/art_flatline.csv,artificialNoAnomaly,A_rolling_zscore,0.005029,0.0,0.0,0.0,0.0,,0.09053756680289217,,-0.11,-0.0,0.0
artificialNoAnomaly/art_flatline.csv,artificialNoAnomaly,A_rolling_zscore,0.006006,0.0,0.0,0.0,0.0,,0.09053756680289217,,-0.11,-0.0,0.0
artificialNoAnomaly/art_flatline.csv,artificialNoAnomaly,A_rolling_zscore,0.007173,0.0,0.0,0.0,0.0,,0.09053756680289217,,-0.11,-0.0,0.0
artificialNoAnomaly/art_flatline.csv,artificialNoAnomaly,A_rolling_zscore,0.008566,0.0,0.0,0.0,0.0,,0.09053756680289217,,-0.11,-0.0,0.0
artificialNoAnomaly/art_flatline.csv,artificialNoAnomaly,A_rolling_zscore,0.010231,0.0,0.0,0.0,0.0,,0.09053756680289217,,-0.11,-0.0,0.0
artificialNoAnomaly/art_flatline.csv,artificialNoAnomaly,A_rolling_zscore,0.012218,0.0,0.0,0.0,0.0,,0.09053756680289217,,-0.11,-0.0,0.0
artificialNoAnomaly/art_flatline.csv,artificialNoAnomaly,A_rolling_zscore,0.014592,0.0,0.0,0.0,0.0,,0.09053756680289217,,-0.11,-0.0,0.0
artificialNoAnomaly/art_flatline.csv,artificialNoAnomaly,A_rolling_zscore,0.017428,0.0,0.0,0.0,0.0,,0.09053756680289217,,-0.11,-0.0,0.0
artificialNoAnomaly/art_flatline.csv,artificialNoAnomaly,A_rolling_zscore,0.020814,0.0,0.0,0.0,0.0,,0.09053756680289217,,-0.11,-0.0,0.0
artificialNoAnomaly/art_flatline.csv,artificialNoAnomaly,A_rolling_zscore,0.024858,0.0,0.0,0.0,0.0,,0.09053756680289217,,-0.11,-0.0,0.0
artificialNoAnomaly/art_flatline.csv,artificialNoAnomaly,A_rolling_zscore,0.029688,0.0,0.0,0.0,0.0,,0.09053756680289217,,-0.11,-0.0,0.0
artificialNoAnomaly/art_flatline.csv,artificialNoAnomaly,A_rolling_zscore,0.035456,0.0,0.0,0.0,0.0,,0.09053756680289217,,-0.11,-0.0,0.0
artificialNoAnomaly/art_flatline.csv,artificialNoAnomaly,A_rolling_zscore,0.042345,0.0,0.0,0.0,0.0,,0.09053756680289217,,-0.11,-0.0,0.0
artificialNoAnomaly/art_flatline.csv,artificialNoAnomaly,A_rolling_zscore,0.050573,0.0,0.0,0.0,0.0,,0.09053756680289217,,-0.11,-0.0,0.0
artificialNoAnomaly/art_flatline.csv,artificialNoAnomaly,A_rolling_zscore,0.060399,0.0,0.0,0.0,0.0,,0.09053756680289217,,-0.11,-0.0,0.0
artificialNoAnomaly/art_flatline.csv,artificialNoAnomaly,A_rolling_zscore,0.072135,0.0,0.0,0.0,0.0,,0.09053756680289217,,-0.11,-0.0,0.0
artificialNoAnomaly/art_flatline.csv,artificialNoAnomaly,A_rolling_zscore,0.086151,0.0,0.0,0.0,0.0,,0.09053756680289217,,-0.11,-0.0,0.0
artificialNoAnomaly/art_flatline.csv,artificialNoAnomaly,A_rolling_zscore,0.10289,0.0,0.0,0.0,0.0,,0.09053756680289217,,-0.11,-0.0,0.0
artificialNoAnomaly/art_flatline.csv,artificialNoAnomaly,A_rolling_zscore,0.122881,0.0,0.0,0.0,0.0,,0.09053756680289217,,-0.11,-0.0,0.0
artificialNoAnomaly/art_flatline.csv,artificialNoAnomaly,A_rolling_zscore,0.146757,0.0,0.0,0.0,0.0,,0.09053756680289217,,-0.11,-0.0,0.0
artificialNoAnomaly/art_flatline.csv,artificialNoAnomaly,A_rolling_zscore,0.175272,0.0,0.0,0.0,0.0,,0.09053756680289217,,-0.11,-0.0,0.0
artificialNoAnomaly/art_flatline.csv,artificialNoAnomaly,A_rolling_zscore,0.209328,0.0,0.0,0.0,0.0,,0.09053756680289217,,-0.11,-0.0,0.0
artificialNoAnomaly/art_flatline.csv,artificialNoAnomaly,A_rolling_zscore,0.25,0.0,0.0,0.0,0.0,,0.09053756680289217,,-0.11,-0.0,0.0
artificialNoAnomaly/art_flatline.csv,artificialNoAnomaly,B_iforest_raw,0.0005,0.5000000000000008,0.0,0.0,0.0,,0.09053756680289217,,-0.11,-0.0,0.0
artificialNoAnomaly/art_flatline.csv,artificialNoAnomaly,B_iforest_raw,0.000597,0.5000000000000008,0.0,0.0,0.0,,0.09053756680289217,,-0.11,-0.0,0.0
artificialNoAnomaly/art_flatline.csv,artificialNoAnomaly,B_iforest_raw,0.000713,0.5000000000000008,0.0,0.0,0.0,,0.09053756680289217,,-0.11,-0.0,0.0
artificialNoAnomaly/art_flatline.csv,artificialNoAnomaly,B_iforest_raw,0.000852,0.5000000000000008,0.0,0.0,0.0,,0.09053756680289217,,-0.11,-0.0,0.0
artificialNoAnomaly/art_flatline.csv,artificialNoAnomaly,B_iforest_raw,0.001017,0.5000000000000008,0.0,0.0,0.0,,0.09053756680289217,,-0.11,-0.0,0.0
artificialNoAnomaly/art_flatline.csv,artificialNoAnomaly,B_iforest_raw,0.001215,0.5000000000000008,0.0,0.0,0.0,,0.09053756680289217,,-0.11,-0.0,0.0
artificialNoAnomaly/art_flatline.csv,artificialNoAnomaly,B_iforest_raw,0.001451,0.5000000000000008,0.0,0.0,0.0,,0.09053756680289217,,-0.11,-0.0,0.0
artificialNoAnomaly/art_flatline.csv,artificialNoAnomaly,B_iforest_raw,0.001733,0.5000000000000008,0.0,0.0,0.0,,0.09053756680289217,,-0.11,-0.0,0.0
artificialNoAnomaly/art_flatline.csv,artificialNoAnomaly,B_iforest_raw,0.00207,0.5000000000000008,0.0,0.0,0.0,,0.09053756680289217,,-0.11,-0.0,0.0
artificialNoAnomaly/art_flatline.csv,artificialNoAnomaly,B_iforest_raw,0.002472,0.5000000000000008,0.0,0.0,0.0,,0.09053756680289217,,-0.11,-0.0,0.0
artificialNoAnomaly/art_flatline.csv,artificialNoAnomaly,B_iforest_raw,0.002952,0.5000000000000008,0.0,0.0,0.0,,0.09053756680289217,,-0.11,-0.0,0.0
artificialNoAnomaly/art_flatline.csv,artificialNoAnomaly,B_iforest_raw,0.003525,0.5000000000000008,0.0,0.0,0.0,,0.09053756680289217,,-0.11,-0.0,0.0
artificialNoAnomaly/art_flatline.csv,artificialNoAnomaly,B_iforest_raw,0.00421,0.5000000000000008,0.0,0.0,0.0,,0.09053756680289217,,-0.11,-0.0,0.0
artificialNoAnomaly/art_flatline.csv,artificialNoAnomaly,B_iforest_raw,0.005029,0.5000000000000008,0.0,0.0,0.0,,0.09053756680289217,,-0.11,-0.0,0.0
artificialNoAnomaly/art_flatline.csv,artificialNoAnomaly,B_iforest_raw,0.006006,0.5000000000000008,0.0,0.0,0.0,,0.09053756680289217,,-0.11,-0.0,0.0
artificialNoAnomaly/art_flatline.csv,artificialNoAnomaly,B_iforest_raw,0.007173,0.5000000000000008,0.0,0.0,0.0,,0.09053756680289217,,-0.11,-0.0,0.0
artificialNoAnomaly/art_flatline.csv,artificialNoAnomaly,B_iforest_raw,0.008566,0.5000000000000008,0.0,0.0,0.0,,0.09053756680289217,,-0.11,-0.0,0.0
artificialNoAnomaly/art_flatline.csv,artificialNoAnomaly,B_iforest_raw,0.010231,0.5000000000000008,0.0,0.0,0.0,,0.09053756680289217,,-0.11,-0.0,0.0
artificialNoAnomaly/art_flatline.csv,artificialNoAnomaly,B_iforest_raw,0.012218,0.5000000000000008,0.0,0.0,0.0,,0.09053756680289217,,-0.11,-0.0,0.0
artificialNoAnomaly/art_flatline.csv,artificialNoAnomaly,B_iforest_raw,0.014592,0.5000000000000008,0.0,0.0,0.0,,0.09053756680289217,,-0.11,-0.0,0.0
artificialNoAnomaly/art_flatline.csv,artificialNoAnomaly,B_iforest_raw,0.017428,0.5000000000000008,0.0,0.0,0.0,,0.09053756680289217,,-0.11,-0.0,0.0
artificialNoAnomaly/art_flatline.csv,artificialNoAnomaly,B_iforest_raw,0.020814,0.5000000000000008,0.0,0.0,0.0,,0.09053756680289217,,-0.11,-0.0,0.0
artificialNoAnomaly/art_flatline.csv,artificialNoAnomaly,B_iforest_raw,0.024858,0.5000000000000008,0.0,0.0,0.0,,0.09053756680289217,,-0.11,-0.0,0.0
artificialNoAnomaly/art_flatline.csv,artificialNoAnomaly,B_iforest_raw,0.029688,0.5000000000000008,0.0,0.0,0.0,,0.09053756680289217,,-0.11,-0.0,0.0
artificialNoAnomaly/art_flatline.csv,artificialNoAnomaly,B_iforest_raw,0.035456,0.5000000000000008,0.0,0.0,0.0,,0.09053756680289217,,-0.11,-0.0,0.0
artificialNoAnomaly/art_flatline.csv,artificialNoAnomaly,B_iforest_raw,0.042345,0.5000000000000008,0.0,0.0,0.0,,0.09053756680289217,,-0.11,-0.0,0.0
artificialNoAnomaly/art_flatline.csv,artificialNoAnomaly,B_iforest_raw,0.050573,0.5000000000000008,0.0,0.0,0.0,,0.09053756680289217,,-0.11,-0.0,0.0
artificialNoAnomaly/art_flatline.csv,artificialNoAnomaly,B_iforest_raw,0.060399,0.5000000000000008,0.0,0.0,0.0,,0.09053756680289217,,-0.11,-0.0,0.0
artificialNoAnomaly/art_flatline.csv,artificialNoAnomaly,B_iforest_raw,0.072135,0.5000000000000008,0.0,0.0,0.0,,0.09053756680289217,,-0.11,-0.0,0.0
artificialNoAnomaly/art_flatline.csv,artificialNoAnomaly,B_iforest_raw,0.086151,0.5000000000000008,0.0,0.0,0.0,,0.09053756680289217,,-0.11,-0.0,0.0
artificialNoAnomaly/art_flatline.csv,artificialNoAnomaly,B_iforest_raw,0.10289,0.5000000000000008,0.0,0.0,0.0,,0.09053756680289217,,-0.11,-0.0,0.0
artificialNoAnomaly/art_flatline.csv,artificialNoAnomaly,B_iforest_raw,0.122881,0.5000000000000008,0.0,0.0,0.0,,0.09053756680289217,,-0.11,-0.0,0.0
artificialNoAnomaly/art_flatline.csv,artificialNoAnomaly,B_iforest_raw,0.146757,0.5000000000000008,0.0,0.0,0.0,,0.09053756680289217,,-0.11,-0.0,0.0
artificialNoAnomaly/art_flatline.csv,artificialNoAnomaly,B_iforest_raw,0.175272,0.5000000000000008,0.0,0.0,0.0,,0.09053756680289217,,-0.11,-0.0,0.0
artificialNoAnomaly/art_flatline.csv,artificialNoAnomaly,B_iforest_raw,0.209328,0.5000000000000008,0.0,0.0,0.0,,0.09053756680289217,,-0.11,-0.0,0.0
artificialNoAnomaly/art_flatline.csv,artificialNoAnomaly,B_iforest_raw,0.25,0.5000000000000008,0.0,0.0,0.0,,0.09053756680289217,,-0.11,-0.0,0.0
artificialNoAnomaly/art_flatline.csv,artificialNoAnomaly,C_iforest_contextual,0.0005,0.5884933146908439,0.0,0.0,0.0,,0.09053756680289217,,-0.11,-0.0,0.0
artificialNoAnomaly/art_flatline.csv,artificialNoAnomaly,C_iforest_contextual,0.000597,0.5884933146908439,0.0,0.0,0.0,,0.09053756680289217,,-0.11,-0.0,0.0
artificialNoAnomaly/art_flatline.csv,artificialNoAnomaly,C_iforest_contextual,0.000713,0.5884933146908439,0.0,0.0,0.0,,0.18107513360578434,,-0.22,-0.0,0.0
artificialNoAnomaly/art_flatline.csv,artificialNoAnomaly,C_iforest_contextual,0.000852,0.5884933146908439,0.0,0.0,0.0,,0.18107513360578434,,-0.22,-0.0,0.0
artificialNoAnomaly/art_flatline.csv,artificialNoAnomaly,C_iforest_contextual,0.001017,0.5884117698380669,0.0,0.0,0.0,,0.2716127004086765,,-0.33,-0.0,0.0
artificialNoAnomaly/art_flatline.csv,artificialNoAnomaly,C_iforest_contextual,0.001215,0.5881932880343034,0.0,0.0,0.0,,0.2716127004086765,,-0.33,-0.0,0.0
artificialNoAnomaly/art_flatline.csv,artificialNoAnomaly,C_iforest_contextual,0.001451,0.5881464289777502,0.0,0.0,0.0,,0.3621502672115687,,-0.44,-0.0,0.0
artificialNoAnomaly/art_flatline.csv,artificialNoAnomaly,C_iforest_contextual,0.001733,0.5881464289777502,0.0,0.0,0.0,,0.3621502672115687,,-0.44,-0.0,0.0
artificialNoAnomaly/art_flatline.csv,artificialNoAnomaly,C_iforest_contextual,0.00207,0.5881464289777502,0.0,0.0,0.0,,0.3621502672115687,,-0.44,-0.0,0.0
artificialNoAnomaly/art_flatline.csv,artificialNoAnomaly,C_iforest_contextual,0.002472,0.5874591159219683,0.0,0.0,0.0,,0.3621502672115687,,-0.44,-0.0,0.0
artificialNoAnomaly/art_flatline.csv,artificialNoAnomaly,C_iforest_contextual,0.002952,0.5873504044433552,0.0,0.0,0.0,,0.3621502672115687,,-0.44,-0.0,0.0
artificialNoAnomaly/art_flatline.csv,artificialNoAnomaly,C_iforest_contextual,0.003525,0.5870368476438994,0.0,0.0,0.0,,0.3621502672115687,,-0.44,-0.0,0.0
artificialNoAnomaly/art_flatline.csv,artificialNoAnomaly,C_iforest_contextual,0.00421,0.5858784795544656,0.0,0.0,0.0,,0.3621502672115687,,-0.44,-0.0,0.0
artificialNoAnomaly/art_flatline.csv,artificialNoAnomaly,C_iforest_contextual,0.005029,0.5851319194634849,0.0,0.0,0.0,,0.3621502672115687,,-0.44,-0.0,0.0
artificialNoAnomaly/art_flatline.csv,artificialNoAnomaly,C_iforest_contextual,0.006006,0.5850349623174327,0.0,0.0,0.0,,0.3621502672115687,,-0.44,-0.0,0.0
artificialNoAnomaly/art_flatline.csv,artificialNoAnomaly,C_iforest_contextual,0.007173,0.5838027932677031,0.0,0.0,0.0,,0.45268783401446083,,-0.55,-0.0,0.0
artificialNoAnomaly/art_flatline.csv,artificialNoAnomaly,C_iforest_contextual,0.008566,0.5822129028570261,0.0,0.0,0.0,,0.45268783401446083,,-0.55,-0.0,0.0
artificialNoAnomaly/art_flatline.csv,artificialNoAnomaly,C_iforest_contextual,0.010231,0.5815803740917533,0.0,0.0,0.0,,0.45268783401446083,,-0.55,-0.0,0.0
artificialNoAnomaly/art_flatline.csv,artificialNoAnomaly,C_iforest_contextual,0.012218,0.5766462926287332,0.0,0.0,0.0,,0.45268783401446083,,-0.55,-0.0,0.0
artificialNoAnomaly/art_flatline.csv,artificialNoAnomaly,C_iforest_contextual,0.014592,0.5757297754303118,0.0,0.0,0.0,,0.45268783401446083,,-0.55,-0.0,0.0
artificialNoAnomaly/art_flatline.csv,artificialNoAnomaly,C_iforest_contextual,0.017428,0.5741559351773918,0.0,0.0,0.0,,0.45268783401446083,,-0.55,-0.0,0.0
artificialNoAnomaly/art_flatline.csv,artificialNoAnomaly,C_iforest_contextual,0.020814,0.5721773032142704,0.0,0.0,0.0,,0.45268783401446083,,-0.55,-0.0,0.0
artificialNoAnomaly/art_flatline.csv,artificialNoAnomaly,C_iforest_contextual,0.024858,0.5627628299960483,0.0,0.0,0.0,,0.45268783401446083,,-0.55,-0.0,0.0
artificialNoAnomaly/art_flatline.csv,artificialNoAnomaly,C_iforest_contextual,0.029688,0.5564537875667321,0.0,0.0,0.0,,1.1769883684375981,,-1.4300000000000004,-0.0,0.0
artificialNoAnomaly/art_flatline.csv,artificialNoAnomaly,C_iforest_contextual,0.035456,0.554714873785242,0.0,0.0,0.0,,1.2675259352404904,,-1.5400000000000005,-0.0,0.0
artificialNoAnomaly/art_flatline.csv,artificialNoAnomaly,C_iforest_contextual,0.042345,0.552741354727554,0.0,0.0,0.0,,1.2675259352404904,,-1.5400000000000005,-0.0,0.0
artificialNoAnomaly/art_flatline.csv,artificialNoAnomaly,C_iforest_contextual,0.050573,0.5519788619752072,0.0,0.0,0.0,,1.8107513360578433,,-2.2000000000000006,-0.0,0.0
artificialNoAnomaly/art_flatline.csv,artificialNoAnomaly,C_iforest_contextual,0.060399,0.5506615439451831,0.0,0.0,0.0,,2.0823640364665197,,-2.5300000000000002,-0.0,0.0
artificialNoAnomaly/art_flatline.csv,artificialNoAnomaly,C_iforest_contextual,0.072135,0.5486412114924739,0.0,0.0,0.0,,2.535051870480981,,-3.0799999999999996,-0.0,0.0
artificialNoAnomaly/art_flatline.csv,artificialNoAnomaly,C_iforest_contextual,0.086151,0.5476423860602581,0.0,0.0,0.0,,3.5309651053127946,,-4.289999999999999,-0.0,0.0
artificialNoAnomaly/art_flatline.csv,artificialNoAnomaly,C_iforest_contextual,0.10289,0.5468345230912693,0.0,0.0,0.0,,4.8890286073561775,,-5.940000000000004,-0.0,0.0
artificialNoAnomaly/art_flatline.csv,artificialNoAnomaly,C_iforest_contextual,0.122881,0.5457045733244295,0.0,0.0,0.0,,5.43225400817353,,-6.600000000000006,-0.0,0.0
artificialNoAnomaly/art_flatline.csv,artificialNoAnomaly,C_iforest_contextual,0.146757,0.5447394845347925,0.0,0.0,0.0,,5.522791574976423,,-6.710000000000006,-0.0,0.0
artificialNoAnomaly/art_flatline.csv,artificialNoAnomaly,C_iforest_contextual,0.175272,0.5435408928850092,0.0,0.0,0.0,,6.066016975793775,,-7.370000000000008,-0.0,0.0
artificialNoAnomaly/art_flatline.csv,artificialNoAnomaly,C_iforest_contextual,0.209328,0.542566302850872,0.0,0.0,0.0,,8.601068846274757,,-10.449999999999998,-0.0,0.0
artificialNoAnomaly/art_flatline.csv,artificialNoAnomaly,C_iforest_contextual,0.25,0.5415159617592074,0.0,0.0,0.0,,9.144294247092109,,-11.109999999999994,-0.0,0.0
artificialNoAnomaly/art_noisy.csv,artificialNoAnomaly,A_rolling_zscore,0.0005,3.7897489522029133,0.0,0.0,0.0,,0.09053756680289217,,-0.11,-0.0,0.0
artificialNoAnomaly/art_noisy.csv,artificialNoAnomaly,A_rolling_zscore,0.000597,3.704133478852141,0.0,0.0,0.0,,0.09053756680289217,,-0.11,-0.0,0.0
artificialNoAnomaly/art_noisy.csv,artificialNoAnomaly,A_rolling_zscore,0.000713,3.5730084715261046,0.0,0.0,0.0,,0.18107513360578434,,-0.22,-0.0,0.0
artificialNoAnomaly/art_noisy.csv,artificialNoAnomaly,A_rolling_zscore,0.000852,3.402915989580184,0.0,0.0,0.0,,0.18107513360578434,,-0.22,-0.0,0.0
artificialNoAnomaly/art_noisy.csv,artificialNoAnomaly,A_rolling_zscore,0.001017,3.2839256462432926,0.0,0.0,0.0,,0.2716127004086765,,-0.33,-0.0,0.0
artificialNoAnomaly/art_noisy.csv,artificialNoAnomaly,A_rolling_zscore,0.001215,3.2637964869670824,0.0,0.0,0.0,,0.2716127004086765,,-0.33,-0.0,0.0
artificialNoAnomaly/art_noisy.csv,artificialNoAnomaly,A_rolling_zscore,0.001451,3.2585612661280274,0.0,0.0,0.0,,0.3621502672115687,,-0.44,-0.0,0.0
artificialNoAnomaly/art_noisy.csv,artificialNoAnomaly,A_rolling_zscore,0.001733,3.209694225173682,0.0,0.0,0.0,,0.45268783401446083,,-0.55,-0.0,0.0
artificialNoAnomaly/art_noisy.csv,artificialNoAnomaly,A_rolling_zscore,0.00207,3.1369141583432434,0.0,0.0,0.0,,0.543225400817353,,-0.66,-0.0,0.0
artificialNoAnomaly/art_noisy.csv,artificialNoAnomaly,A_rolling_zscore,0.002472,3.112722150225253,0.0,0.0,0.0,,0.6337629676202452,,-0.77,-0.0,0.0
artificialNoAnomaly/art_noisy.csv,artificialNoAnomaly,A_rolling_zscore,0.002952,3.059364591830747,0.0,0.0,0.0,,0.8148381012260295,,-0.99,-0.0,0.0
artificialNoAnomaly/art_noisy.csv,artificialNoAnomaly,A_rolling_zscore,0.003525,3.009031299094335,0.0,0.0,0.0,,0.9959132348318138,,-1.2100000000000002,-0.0,0.0
artificialNoAnomaly/art_noisy.csv,artificialNoAnomaly,A_rolling_zscore,0.00421,2.918569901856758,0.0,0.0,0.0,,1.1769883684375981,,-1.4300000000000004,-0.0,0.0
artificialNoAnomaly/art_noisy.csv,artificialNoAnomaly,A_rolling_zscore,0.005029,2.8455124982513618,0.0,0.0,0.0,,1.4486010688462747,,-1.7600000000000007,-0.0,0.0
artificialNoAnomaly/art_noisy.csv,artificialNoAnomaly,A_rolling_zscore,0.006006,2.718914802555943,0.0,0.0,0.0,,1.7202137692549513,,-2.0900000000000007,-0.0,0.0
artificialNoAnomaly/art_noisy.csv,artificialNoAnomaly,A_rolling_zscore,0.007173,2.6492988319807553,0.0,0.0,0.0,,1.9918264696636276,,-2.4200000000000004,-0.0,0.0
artificialNoAnomaly/art_noisy.csv,artificialNoAnomaly,A_rolling_zscore,0.008566,2.607263394360028,0.0,0.0,0.0,,2.3539767368751963,,-2.86,-0.0,0.0
artificialNoAnomaly/art_noisy.csv,artificialNoAnomaly,A_rolling_zscore,0.010231,2.5292831371687376,0.0,0.0,0.0,,2.8066645708896574,,-3.4099999999999993,-0.0,0.0
artificialNoAnomaly/art_noisy.csv,artificialNoAnomaly,A_rolling_zscore,0.012218,2.488598118593808,0.0,0.0,0.0,,3.34988997170701,,-4.0699999999999985,-0.0,0.0
artificialNoAnomaly/art_noisy.csv,artificialNoAnomaly,A_rolling_zscore,0.014592,2.442855817853529,0.0,0.0,0.0,,4.074190506130147,,-4.950000000000001,-0.0,0.0
artificialNoAnomaly/art_noisy.csv,artificialNoAnomaly,A_rolling_zscore,0.017428,2.391328571117984,0.0,0.0,0.0,,4.798491040553285,,-5.830000000000004,-0.0,0.0
artificialNoAnomaly/art_noisy.csv,artificialNoAnomaly,A_rolling_zscore,0.020814,2.3328145468251895,0.0,0.0,0.0,,5.794404275385099,,-7.040000000000007,-0.0,0.0
artificialNoAnomaly/art_noisy.csv,artificialNoAnomaly,A_rolling_zscore,0.024858,2.284102302639707,0.0,0.0,0.0,,6.790317510216913,,-8.250000000000009,-0.0,0.0
artificialNoAnomaly/art_noisy.csv,artificialNoAnomaly,A_rolling_zscore,0.029688,2.237205871094344,0.0,0.0,0.0,,7.967305878654511,,-9.680000000000001,-0.0,0.0
artificialNoAnomaly/art_noisy.csv,artificialNoAnomaly,A_rolling_zscore,0.035456,2.1628532559421987,0.0,0.0,0.0,,9.506444514303677,,-11.549999999999992,-0.0,0.0
artificialNoAnomaly/art_noisy.csv,artificialNoAnomaly,A_rolling_zscore,0.042345,2.095627128527935,0.0,0.0,0.0,,10.773970449544167,,-13.089999999999984,-0.0,0.0
artificialNoAnomaly/art_noisy.csv,artificialNoAnomaly,A_rolling_zscore,0.050573,2.0430035453616964,0.0,0.0,0.0,,12.313109085193336,,-14.959999999999974,-0.0,0.0
artificialNoAnomaly/art_noisy.csv,artificialNoAnomaly,A_rolling_zscore,0.060399,1.9792219867875875,0.0,0.0,0.0,,14.486010688462747,,-17.599999999999962,-0.0,0.0
artificialNoAnomaly/art_noisy.csv,artificialNoAnomaly,A_rolling_zscore,0.072135,1.9242217923696225,0.0,0.0,0.0,,17.11160012574662,,-20.789999999999946,-0.0,0.0
artificialNoAnomaly/art_noisy.csv,artificialNoAnomaly,A_rolling_zscore,0.086151,1.8493493483003247,0.0,0.0,0.0,,19.6466519962276,,-23.86999999999993,-0.0,0.0
artificialNoAnomaly/art_noisy.csv,artificialNoAnomaly,A_rolling_zscore,0.10289,1.7808614228019481,0.0,0.0,0.0,,22.815466834328827,,-27.71999999999991,-0.0,0.0
artificialNoAnomaly/art_noisy.csv,artificialNoAnomaly,A_rolling_zscore,0.122881,1.7099714364431853,0.0,0.0,0.0,,25.89374410562716,,-31.45999999999989,-0.0,0.0
artificialNoAnomaly/art_noisy.csv,artificialNoAnomaly,A_rolling_zscore,0.146757,1.6400629372192124,0.0,0.0,0.0,,28.881483810122603,,-35.089999999999876,-0.0,0.0
artificialNoAnomaly/art_noisy.csv,artificialNoAnomaly,A_rolling_zscore,0.175272,1.562979005978615,0.0,0.0,0.0,,31.2354605469978,,-37.94999999999986,-0.0,0.0
artificialNoAnomaly/art_noisy.csv,artificialNoAnomaly,A_rolling_zscore,0.209328,1.4763012414080607,0.0,0.0,0.0,,32.59352404904118,,-39.59999999999985,-0.0,0.0
artificialNoAnomaly/art_noisy.csv,artificialNoAnomaly,A_rolling_zscore,0.25,1.390359201168223,0.0,0.0,0.0,,32.59352404904118,,-39.59999999999985,-0.0,0.0
artificialNoAnomaly/art_noisy.csv,artificialNoAnomaly,B_iforest_raw,0.0005,0.659467743457311,0.0,0.0,0.0,,0.09053756680289217,,-0.11,-0.0,0.0
artificialNoAnomaly/art_noisy.csv,artificialNoAnomaly,B_iforest_raw,0.000597,0.659467743457311,0.0,0.0,0.0,,0.09053756680289217,,-0.11,-0.0,0.0
artificialNoAnomaly/art_noisy.csv,artificialNoAnomaly,B_iforest_raw,0.000713,0.6586130482224227,0.0,0.0,0.0,,0.18107513360578434,,-0.22,-0.0,0.0
artificialNoAnomaly/art_noisy.csv,artificialNoAnomaly,B_iforest_raw,0.000852,0.657203210651631,0.0,0.0,0.0,,0.18107513360578434,,-0.22,-0.0,0.0
artificialNoAnomaly/art_noisy.csv,artificialNoAnomaly,B_iforest_raw,0.001017,0.656070591621136,0.0,0.0,0.0,,0.2716127004086765,,-0.33,-0.0,0.0
artificialNoAnomaly/art_noisy.csv,artificialNoAnomaly,B_iforest_raw,0.001215,0.6555116365402883,0.0,0.0,0.0,,0.2716127004086765,,-0.33,-0.0,0.0
artificialNoAnomaly/art_noisy.csv,artificialNoAnomaly,B_iforest_raw,0.001451,0.6535679503062491,0.0,0.0,0.0,,0.3621502672115687,,-0.44,-0.0,0.0
artificialNoAnomaly/art_noisy.csv,artificialNoAnomaly,B_iforest_raw,0.001733,0.6524292589753875,0.0,0.0,0.0,,0.45268783401446083,,-0.55,-0.0,0.0
artificialNoAnomaly/art_noisy.csv,artificialNoAnomaly,B_iforest_raw,0.00207,0.6524292589753875,0.0,0.0,0.0,,0.543225400817353,,-0.66,-0.0,0.0
artificialNoAnomaly/art_noisy.csv,artificialNoAnomaly,B_iforest_raw,0.002472,0.6524292589753875,0.0,0.0,0.0,,0.6337629676202452,,-0.77,-0.0,0.0
artificialNoAnomaly/art_noisy.csv,artificialNoAnomaly,B_iforest_raw,0.002952,0.6524292589753875,0.0,0.0,0.0,,0.8148381012260295,,-0.99,-0.0,0.0
artificialNoAnomaly/art_noisy.csv,artificialNoAnomaly,B_iforest_raw,0.003525,0.6524292589753875,0.0,0.0,0.0,,0.9959132348318138,,-1.2100000000000002,-0.0,0.0
artificialNoAnomaly/art_noisy.csv,artificialNoAnomaly,B_iforest_raw,0.00421,0.6524292589753875,0.0,0.0,0.0,,1.1769883684375981,,-1.4300000000000004,-0.0,0.0
artificialNoAnomaly/art_noisy.csv,artificialNoAnomaly,B_iforest_raw,0.005029,0.6524292589753875,0.0,0.0,0.0,,1.4486010688462747,,-1.7600000000000007,-0.0,0.0
artificialNoAnomaly/art_noisy.csv,artificialNoAnomaly,B_iforest_raw,0.006006,0.6484260842908819,0.0,0.0,0.0,,1.7202137692549513,,-2.0900000000000007,-0.0,0.0
artificialNoAnomaly/art_noisy.csv,artificialNoAnomaly,B_iforest_raw,0.007173,0.6439154411915085,0.0,0.0,0.0,,1.9918264696636276,,-2.4200000000000004,-0.0,0.0
artificialNoAnomaly/art_noisy.csv,artificialNoAnomaly,B_iforest_raw,0.008566,0.6377097577859191,0.0,0.0,0.0,,2.4445143036780888,,-2.9699999999999998,-0.0,0.0
artificialNoAnomaly/art_noisy.csv,artificialNoAnomaly,B_iforest_raw,0.010231,0.6271006037127969,0.0,0.0,0.0,,2.8972021376925494,,-3.519999999999999,-0.0,0.0
artificialNoAnomaly/art_noisy.csv,artificialNoAnomaly,B_iforest_raw,0.012218,0.623277234880203,0.0,0.0,0.0,,3.4404275385099026,,-4.179999999999999,-0.0,0.0
artificialNoAnomaly/art_noisy.csv,artificialNoAnomaly,B_iforest_raw,0.014592,0.6197797588796473,0.0,0.0,0.0,,3.9836529393272553,,-4.840000000000001,-0.0,0.0
artificialNoAnomaly/art_noisy.csv,artificialNoAnomaly,B_iforest_raw,0.017428,0.6149456810390626,0.0,0.0,0.0,,4.7079534737503925,,-5.720000000000003,-0.0,0.0
artificialNoAnomaly/art_noisy.csv,artificialNoAnomaly,B_iforest_raw,0.020814,0.6073295735244026,0.0,0.0,0.0,,5.703866708582207,,-6.930000000000007,-0.0,0.0
artificialNoAnomaly/art_noisy.csv,artificialNoAnomaly,B_iforest_raw,0.024858,0.5977088635716183,0.0,0.0,0.0,,6.609242376611128,,-8.03000000000001,-0.0,0.0
artificialNoAnomaly/art_noisy.csv,artificialNoAnomaly,B_iforest_raw,0.029688,0.5951954142521357,0.0,0.0,0.0,,7.8767683118516185,,-9.570000000000002,-0.0,0.0
artificialNoAnomaly/art_noisy.csv,artificialNoAnomaly,B_iforest_raw,0.035456,0.59332417335865,0.0,0.0,0.0,,9.234831813895001,,-11.219999999999994,-0.0,0.0
artificialNoAnomaly/art_noisy.csv,artificialNoAnomaly,B_iforest_raw,0.042345,0.5823007096608487,0.0,0.0,0.0,,10.955045583149952,,-13.309999999999983,-0.0,0.0
artificialNoAnomaly/art_noisy.csv,artificialNoAnomaly,B_iforest_raw,0.050573,0.5790677017922483,0.0,0.0,0.0,,12.584721785602012,,-15.289999999999973,-0.0,0.0
artificialNoAnomaly/art_noisy.csv,artificialNoAnomaly,B_iforest_raw,0.060399,0.5742602150043461,0.0,0.0,0.0,,14.848160955674317,,-18.03999999999996,-0.0,0.0
artificialNoAnomaly/art_noisy.csv,artificialNoAnomaly,B_iforest_raw,0.072135,0.5681981352661576,0.0,0.0,0.0,,17.02106255894373,,-20.679999999999946,-0.0,0.0
artificialNoAnomaly/art_noisy.csv,artificialNoAnomaly,B_iforest_raw,0.086151,0.5642916555499449,0.0,0.0,0.0,,18.83181389500157,,-22.879999999999935,-0.0,0.0
artificialNoAnomaly/art_noisy.csv,artificialNoAnomaly,B_iforest_raw,0.10289,0.5619630738222778,0.0,0.0,0.0,,21.63847846589123,,-26.289999999999917,-0.0,0.0
artificialNoAnomaly/art_noisy.csv,artificialNoAnomaly,B_iforest_raw,0.122881,0.5553382719191492,0.0,0.0,0.0,,23.630304935554857,,-28.709999999999905,-0.0,0.0
artificialNoAnomaly/art_noisy.csv,artificialNoAnomaly,B_iforest_raw,0.146757,0.546233785788337,0.0,0.0,0.0,,26.25589437283873,,-31.89999999999989,-0.0,0.0
artificialNoAnomaly/art_noisy.csv,artificialNoAnomaly,B_iforest_raw,0.175272,0.5405647345360487,0.0,0.0,0.0,,28.972021376925493,,-35.199999999999875,-0.0,0.0
artificialNoAnomaly/art_noisy.csv,artificialNoAnomaly,B_iforest_raw,0.209328,0.5344067018148106,0.0,0.0,0.0,,29.696321911348633,,-36.07999999999987,-0.0,0.0
artificialNoAnomaly/art_noisy.csv,artificialNoAnomaly,B_iforest_raw,0.25,0.5288638581988384,0.0,0.0,0.0,,29.967934611757308,,-36.40999999999987,-0.0,0.0
artificialNoAnomaly/art_noisy.csv,artificialNoAnomaly,C_iforest_contextual,0.0005,0.6443617274046384,0.0,0.0,0.0,,0.09053756680289217,,-0.11,-0.0,0.0
artificialNoAnomaly/art_noisy.csv,artificialNoAnomaly,C_iforest_contextual,0.000597,0.6428593119113343,0.0,0.0,0.0,,0.09053756680289217,,-0.11,-0.0,0.0
artificialNoAnomaly/art_noisy.csv,artificialNoAnomaly,C_iforest_contextual,0.000713,0.6415113276614457,0.0,0.0,0.0,,0.18107513360578434,,-0.22,-0.0,0.0
artificialNoAnomaly/art_noisy.csv,artificialNoAnomaly,C_iforest_contextual,0.000852,0.6400985527675151,0.0,0.0,0.0,,0.18107513360578434,,-0.22,-0.0,0.0
artificialNoAnomaly/art_noisy.csv,artificialNoAnomaly,C_iforest_contextual,0.001017,0.638378904470628,0.0,0.0,0.0,,0.2716127004086765,,-0.33,-0.0,0.0
artificialNoAnomaly/art_noisy.csv,artificialNoAnomaly,C_iforest_contextual,0.001215,0.6362522892743937,0.0,0.0,0.0,,0.2716127004086765,,-0.33,-0.0,0.0
artificialNoAnomaly/art_noisy.csv,artificialNoAnomaly,C_iforest_contextual,0.001451,0.6347888715420894,0.0,0.0,0.0,,0.3621502672115687,,-0.44,-0.0,0.0
artificialNoAnomaly/art_noisy.csv,artificialNoAnomaly,C_iforest_contextual,0.001733,0.6325483215022277,0.0,0.0,0.0,,0.45268783401446083,,-0.55,-0.0,0.0
artificialNoAnomaly/art_noisy.csv,artificialNoAnomaly,C_iforest_contextual,0.00207,0.6281251605832098,0.0,0.0,0.0,,0.543225400817353,,-0.66,-0.0,0.0
artificialNoAnomaly/art_noisy.csv,artificialNoAnomaly,C_iforest_contextual,0.002472,0.6258619350055259,0.0,0.0,0.0,,0.6337629676202452,,-0.77,-0.0,0.0
artificialNoAnomaly/art_noisy.csv,artificialNoAnomaly,C_iforest_contextual,0.002952,0.6235152989146319,0.0,0.0,0.0,,0.8148381012260295,,-0.99,-0.0,0.0
artificialNoAnomaly/art_noisy.csv,artificialNoAnomaly,C_iforest_contextual,0.003525,0.6200759826658279,0.0,0.0,0.0,,0.9959132348318138,,-1.2100000000000002,-0.0,0.0
artificialNoAnomaly/art_noisy.csv,artificialNoAnomaly,C_iforest_contextual,0.00421,0.6175670018080551,0.0,0.0,0.0,,1.1769883684375981,,-1.4300000000000004,-0.0,0.0
artificialNoAnomaly/art_noisy.csv,artificialNoAnomaly,C_iforest_contextual,0.005029,0.6138941318328848,0.0,0.0,0.0,,1.4486010688462747,,-1.7600000000000007,-0.0,0.0
artificialNoAnomaly/art_noisy.csv,artificialNoAnomaly,C_iforest_contextual,0.006006,0.6099829125637737,0.0,0.0,0.0,,1.7202137692549513,,-2.0900000000000007,-0.0,0.0
artificialNoAnomaly/art_noisy.csv,artificialNoAnomaly,C_iforest_contextual,0.007173,0.6072446819910017,0.0,0.0,0.0,,1.9918264696636276,,-2.4200000000000004,-0.0,0.0
artificialNoAnomaly/art_noisy.csv,artificialNoAnomaly,C_iforest_contextual,0.008566,0.604872254543331,0.0,0.0,0.0,,2.263439170072304,,-2.75,-0.0,0.0
artificialNoAnomaly/art_noisy.csv,artificialNoAnomaly,C_iforest_contextual,0.010231,0.602604378744231,0.0,0.0,0.0,,2.716127004086765,,-3.2999999999999994,-0.0,0.0
artificialNoAnomaly/art_noisy.csv,artificialNoAnomaly,C_iforest_contextual,0.012218,0.6005518894918096,0.0,0.0,0.0,,3.259352404904118,,-3.9599999999999986,-0.0,0.0
artificialNoAnomaly/art_noisy.csv,artificialNoAnomaly,C_iforest_contextual,0.014592,0.5960153474528469,0.0,0.0,0.0,,3.802577805721471,,-4.62,-0.0,0.0
artificialNoAnomaly/art_noisy.csv,artificialNoAnomaly,C_iforest_contextual,0.017428,0.5926280169043013,0.0,0.0,0.0,,4.255265639735932,,-5.170000000000002,-0.0,0.0
artificialNoAnomaly/art_noisy.csv,artificialNoAnomaly,C_iforest_contextual,0.020814,0.589283277659498,0.0,0.0,0.0,,5.160641307764854,,-6.270000000000005,-0.0,0.0
artificialNoAnomaly/art_noisy.csv,artificialNoAnomaly,C_iforest_contextual,0.024858,0.5853872497097447,0.0,0.0,0.0,,6.066016975793775,,-7.370000000000008,-0.0,0.0
artificialNoAnomaly/art_noisy.csv,artificialNoAnomaly,C_iforest_contextual,0.029688,0.5822144899459001,0.0,0.0,0.0,,7.061930210625589,,-8.580000000000007,-0.0,0.0
artificialNoAnomaly/art_noisy.csv,artificialNoAnomaly,C_iforest_contextual,0.035456,0.5764449946014286,0.0,0.0,0.0,,8.238918579063187,,-10.01,-0.0,0.0
artificialNoAnomaly/art_noisy.csv,artificialNoAnomaly,C_iforest_contextual,0.042345,0.5730061236085857,0.0,0.0,0.0,,9.868594781515247,,-11.98999999999999,-0.0,0.0
artificialNoAnomaly/art_noisy.csv,artificialNoAnomaly,C_iforest_contextual,0.050573,0.5677740819538374,0.0,0.0,0.0,,11.67934611757309,,-14.189999999999978,-0.0,0.0
artificialNoAnomaly/art_noisy.csv,artificialNoAnomaly,C_iforest_contextual,0.060399,0.562239650829925,0.0,0.0,0.0,,13.218484753222256,,-16.05999999999997,-0.0,0.0
artificialNoAnomaly/art_noisy.csv,artificialNoAnomaly,C_iforest_contextual,0.072135,0.5578003110067202,0.0,0.0,0.0,,14.757623388871423,,-17.92999999999996,-0.0,0.0
artificialNoAnomaly/art_noisy.csv,artificialNoAnomaly,C_iforest_contextual,0.086151,0.5536246259747851,0.0,0.0,0.0,,16.839987425337945,,-20.459999999999948,-0.0,0.0
artificialNoAnomaly/art_noisy.csv,artificialNoAnomaly,C_iforest_contextual,0.10289,0.5499841834492832,0.0,0.0,0.0,,19.19396416221314,,-23.319999999999933,-0.0,0.0
artificialNoAnomaly/art_noisy.csv,artificialNoAnomaly,C_iforest_contextual,0.122881,0.5442652651792407,0.0,0.0,0.0,,21.72901603269412,,-26.399999999999917,-0.0,0.0
artificialNoAnomaly/art_noisy.csv,artificialNoAnomaly,C_iforest_contextual,0.146757,0.5389690782143925,0.0,0.0,0.0,,23.720842502357748,,-28.819999999999904,-0.0,0.0
artificialNoAnomaly/art_noisy.csv,artificialNoAnomaly,C_iforest_contextual,0.175272,0.534454148460296,0.0,0.0,0.0,,26.346431939641622,,-32.00999999999989,-0.0,0.0
artificialNoAnomaly/art_noisy.csv,artificialNoAnomaly,C_iforest_contextual,0.209328,0.529094810328818,0.0,0.0,0.0,,26.618044640050297,,-32.33999999999989,-0.0,0.0
artificialNoAnomaly/art_noisy.csv,artificialNoAnomaly,C_iforest_contextual,0.25,0.5235062306081556,0.0,0.0,0.0,,27.161270040867652,,-32.999999999999886,-0.0,0.0
realAWSCloudwatch/ec2_cpu_utilization_24ae8d.csv,realAWSCloudwatch,A_rolling_zscore,0.0005,50.0,0.0,0.0,0.0,0.0,0.09053756680289217,,-2.11,-2.0,2.0
realAWSCloudwatch/ec2_cpu_utilization_24ae8d.csv,realAWSCloudwatch,A_rolling_zscore,0.000597,50.0,0.0,0.0,0.0,0.0,0.09053756680289217,,-2.11,-2.0,2.0
realAWSCloudwatch/ec2_cpu_utilization_24ae8d.csv,realAWSCloudwatch,A_rolling_zscore,0.000713,50.0,0.0,0.0,0.0,0.0,0.18107513360578434,,-2.2199999999999998,-2.0,2.0
realAWSCloudwatch/ec2_cpu_utilization_24ae8d.csv,realAWSCloudwatch,A_rolling_zscore,0.000852,50.0,0.0,0.0,0.0,0.0,0.18107513360578434,,-2.2199999999999998,-2.0,2.0
realAWSCloudwatch/ec2_cpu_utilization_24ae8d.csv,realAWSCloudwatch,A_rolling_zscore,0.001017,50.0,0.0,0.0,0.0,0.0,0.2716127004086765,,-2.3299999999999996,-2.0,2.0
realAWSCloudwatch/ec2_cpu_utilization_24ae8d.csv,realAWSCloudwatch,A_rolling_zscore,0.001215,50.0,0.0,0.0,0.0,0.0,0.2716127004086765,,-2.3299999999999996,-2.0,2.0
realAWSCloudwatch/ec2_cpu_utilization_24ae8d.csv,realAWSCloudwatch,A_rolling_zscore,0.001451,50.0,0.0,0.0,0.0,0.0,0.3621502672115687,,-2.4399999999999995,-2.0,2.0
realAWSCloudwatch/ec2_cpu_utilization_24ae8d.csv,realAWSCloudwatch,A_rolling_zscore,0.001733,50.0,0.0,0.0,0.0,0.0,0.45268783401446083,,-2.5499999999999994,-2.0,2.0
realAWSCloudwatch/ec2_cpu_utilization_24ae8d.csv,realAWSCloudwatch,A_rolling_zscore,0.00207,50.0,0.0,0.0,0.0,0.0,0.543225400817353,,-2.6599999999999993,-2.0,2.0
realAWSCloudwatch/ec2_cpu_utilization_24ae8d.csv,realAWSCloudwatch,A_rolling_zscore,0.002472,50.0,0.0,0.0,0.0,0.0,0.6337629676202452,,-2.769999999999999,-2.0,2.0
realAWSCloudwatch/ec2_cpu_utilization_24ae8d.csv,realAWSCloudwatch,A_rolling_zscore,0.002952,50.0,0.0,0.0,0.0,0.0,0.8148381012260295,,-2.989999999999999,-2.0,2.0
realAWSCloudwatch/ec2_cpu_utilization_24ae8d.csv,realAWSCloudwatch,A_rolling_zscore,0.003525,49.851699286472694,0.95260663507109,0.5,0.6557911908646004,0.5,0.9053756680289217,570.0,-1.2952552332056966,-2.0,2.0
realAWSCloudwatch/ec2_cpu_utilization_24ae8d.csv,realAWSCloudwatch,A_rolling_zscore,0.00421,46.49815685003627,0.9733656174334141,1.0,0.9865030674846627,1.0,0.9959132348318138,702.5,0.08129201050488297,-2.0,2.0
realAWSCloudwatch/ec2_cpu_utilization_24ae8d.csv,realAWSCloudwatch,A_rolling_zscore,0.005029,42.473422495814695,0.9663461538461539,1.0,0.9828850855745722,1.0,1.2675259352404904,702.5,-0.24870798949511702,-2.0,2.0
realAWSCloudwatch/ec2_cpu_utilization_24ae8d.csv,realAWSCloudwatch,A_rolling_zscore,0.006006,40.75588069766273,0.9594272076372315,1.0,0.979293544457978,1.0,1.539138635649167,702.5,-0.578707989495117,-2.0,2.0
realAWSCloudwatch/ec2_cpu_utilization_24ae8d.csv,realAWSCloudwatch,A_rolling_zscore,0.007173,5.95530931286495,0.9571428571428572,1.0,0.9781021897810218,1.0,1.629676202452059,500.0,-0.17512795727378555,-2.0,2.0
realAWSCloudwatch/ec2_cpu_utilization_24ae8d.csv,realAWSCloudwatch,A_rolling_zscore,0.008566,3.877854167821852,0.95260663507109,1.0,0.9757281553398058,1.0,1.8107513360578433,257.5,-0.2235704423965827,-2.0,2.0
realAWSCloudwatch/ec2_cpu_utilization_24ae8d.csv,realAWSCloudwatch,A_rolling_zscore,0.010231,3.8254486682169846,0.9414519906323185,1.0,0.9698431845597104,1.0,2.172901603269412,257.5,-0.6635704423965827,-2.0,2.0
realAWSCloudwatch/ec2_cpu_utilization_24ae8d.csv,realAWSCloudwatch,A_rolling_zscore,0.012218,3.4217516095911087,0.9284064665127021,1.0,0.962874251497006,1.0,2.535051870480981,257.5,-1.1035704423965826,-2.0,2.0
realAWSCloudwatch/ec2_cpu_utilization_24ae8d.csv,realAWSCloudwatch,A_rolling_zscore,0.014592,3.313160373602914,0.9157175398633257,1.0,0.9560047562425683,1.0,3.078277271298334,232.5,-1.7399118307526502,-2.0,2.0
realAWSCloudwatch/ec2_cpu_utilization_24ae8d.csv,realAWSCloudwatch,A_rolling_zscore,0.017428,3.3125621943014565,0.9013452914798207,1.0,0.9481132075471698,1.0,3.712040238918579,147.5,-2.460268759259184,-2.0,2.0
realAWSCloudwatch/ec2_cpu_utilization_24ae8d.csv,realAWSCloudwatch,A_rolling_zscore,0.020814,3.310887673465828,0.8854625550660793,1.0,0.9392523364485982,1.0,4.436340773341716,137.5,-3.2548653467461897,-2.0,2.0
realAWSCloudwatch/ec2_cpu_utilization_24ae8d.csv,realAWSCloudwatch,A_rolling_zscore,0.024858,3.1763843415035833,0.864516129032258,1.0,0.9273356401384083,1.0,4.9795661741590695,40.0,-4.014180352789133,-2.0,2.0
realAWSCloudwatch/ec2_cpu_utilization_24ae8d.csv,realAWSCloudwatch,A_rolling_zscore,0.029688,3.054957933366374,0.8375,1.0,0.9115646258503401,1.0,5.794404275385099,40.0,-4.984133301365866,-2.0,2.0
realAWSCloudwatch/ec2_cpu_utilization_24ae8d.csv,realAWSCloudwatch,A_rolling_zscore,0.035456,2.8794231568952338,0.8088531187122736,1.0,0.8943270300333704,1.0,7.061930210625589,40.0,-6.505256700293944,-2.0,2.0
realAWSCloudwatch/ec2_cpu_utilization_24ae8d.csv,realAWSCloudwatch,A_rolling_zscore,0.042345,2.5050233561059017,0.7790697674418605,1.0,0.8758169934640523,1.0,8.601068846274757,40.0,-8.26663162868384,-2.0,2.0
realAWSCloudwatch/ec2_cpu_utilization_24ae8d.csv,realAWSCloudwatch,A_rolling_zscore,0.050573,2.4159723329974003,0.7472118959107806,1.0,0.8553191489361701,1.0,9.778057214712355,40.0,-9.678748691168847,-2.0,2.0
realAWSCloudwatch/ec2_cpu_utilization_24ae8d.csv,realAWSCloudwatch,A_rolling_zscore,0.060399,2.2748663586190982,0.7077464788732394,1.0,0.8288659793814432,1.0,11.769883684375982,40.0,-12.098748691168835,-2.0,2.0
realAWSCloudwatch/ec2_cpu_utilization_24ae8d.csv,realAWSCloudwatch,A_rolling_zscore,0.072135,2.235129077716098,0.6655629139072847,1.0,0.7992047713717694,1.0,13.76171015403961,40.0,-14.44412730124936,-2.0,2.0
realAWSCloudwatch/ec2_cpu_utilization_24ae8d.csv,realAWSCloudwatch,A_rolling_zscore,0.086151,2.233650149110426,0.6232558139534884,1.0,0.7679083094555873,1.0,15.753536623703237,40.0,-16.780108245970602,-2.0,2.0
realAWSCloudwatch/ec2_cpu_utilization_24ae8d.csv,realAWSCloudwatch,A_rolling_zscore,0.10289,2.1034473868850623,0.5843023255813954,1.0,0.7376146788990826,1.0,17.56428795976108,0.0,-18.871776187950243,-2.0,2.0
realAWSCloudwatch/ec2_cpu_utilization_24ae8d.csv,realAWSCloudwatch,A_rolling_zscore,0.122881,1.8449333902124778,0.5374331550802139,1.0,0.6991304347826087,1.0,20.73310279786231,0.0,-22.71273610674612,-2.0,2.0
realAWSCloudwatch/ec2_cpu_utilization_24ae8d.csv,realAWSCloudwatch,A_rolling_zscore,0.146757,1.7540014964191502,0.49325153374233127,1.0,0.6606409202958093,1.0,23.90191763596353,0.0,-26.389546949933234,-2.0,2.0
realAWSCloudwatch/ec2_cpu_utilization_24ae8d.csv,realAWSCloudwatch,A_rolling_zscore,0.175272,1.7308525709621445,0.44816053511705684,1.0,0.6189376443418014,1.0,27.795033008487895,0.0,-31.032020936107358,-2.0,2.0
realAWSCloudwatch/ec2_cpu_utilization_24ae8d.csv,realAWSCloudwatch,A_rolling_zscore,0.209328,1.519043976536643,0.4072948328267477,1.0,0.5788336933045356,1.0,29.786859478151523,0.0,-33.330061074418126,-2.0,2.0
realAWSCloudwatch/ec2_cpu_utilization_24ae8d.csv,realAWSCloudwatch,A_rolling_zscore,0.25,1.2286511128338233,0.3644605621033545,1.0,0.53421926910299,1.0,30.51116001257466,0.0,-34.21682327077538,-2.0,2.0
realAWSCloudwatch/ec2_cpu_utilization_24ae8d.csv,realAWSCloudwatch,B_iforest_raw,0.0005,0.8885694429292811,0.0,0.0,0.0,0.0,0.09053756680289217,,-2.11,-2.0,2.0
realAWSCloudwatch/ec2_cpu_utilization_24ae8d.csv,realAWSCloudwatch,B_iforest_raw,0.000597,0.8885694429292811,0.0,0.0,0.0,0.0,0.09053756680289217,,-2.11,-2.0,2.0
realAWSCloudwatch/ec2_cpu_utilization_24ae8d.csv,realAWSCloudwatch,B_iforest_raw,0.000713,0.8885694429292811,0.0,0.0,0.0,0.0,0.18107513360578434,,-2.2199999999999998,-2.0,2.0
realAWSCloudwatch/ec2_cpu_utilization_24ae8d.csv,realAWSCloudwatch,B_iforest_raw,0.000852,0.8885694429292811,0.0,0.0,0.0,0.0,0.18107513360578434,,-2.2199999999999998,-2.0,2.0
realAWSCloudwatch/ec2_cpu_utilization_24ae8d.csv,realAWSCloudwatch,B_iforest_raw,0.001017,0.8885694429292811,0.0,0.0,0.0,0.0,0.2716127004086765,,-2.3299999999999996,-2.0,2.0
realAWSCloudwatch/ec2_cpu_utilization_24ae8d.csv,realAWSCloudwatch,B_iforest_raw,0.001215,0.8885694429292811,0.0,0.0,0.0,0.0,0.2716127004086765,,-2.3299999999999996,-2.0,2.0
realAWSCloudwatch/ec2_cpu_utilization_24ae8d.csv,realAWSCloudwatch,B_iforest_raw,0.001451,0.8885694429292811,0.0,0.0,0.0,0.0,0.3621502672115687,,-2.4399999999999995,-2.0,2.0
realAWSCloudwatch/ec2_cpu_utilization_24ae8d.csv,realAWSCloudwatch,B_iforest_raw,0.001733,0.8881073536116978,0.9804878048780488,0.5,0.6622734761120264,0.5,0.3621502672115687,500.0,-0.5784491979244022,-2.0,2.0
realAWSCloudwatch/ec2_cpu_utilization_24ae8d.csv,realAWSCloudwatch,B_iforest_raw,0.00207,0.8855655191128902,0.9757281553398058,0.5,0.6611842105263158,0.5,0.45268783401446083,500.0,-0.6066787593493828,-2.0,2.0
realAWSCloudwatch/ec2_cpu_utilization_24ae8d.csv,realAWSCloudwatch,B_iforest_raw,0.002472,0.8825240926301143,0.9757281553398058,0.5,0.6611842105263158,0.5,0.45268783401446083,500.0,-0.6066787593493828,-2.0,2.0
realAWSCloudwatch/ec2_cpu_utilization_24ae8d.csv,realAWSCloudwatch,B_iforest_raw,0.002952,0.8818136072753278,0.9663461538461539,0.5,0.659016393442623,0.5,0.6337629676202452,500.0,-0.8266787593493827,-2.0,2.0
realAWSCloudwatch/ec2_cpu_utilization_24ae8d.csv,realAWSCloudwatch,B_iforest_raw,0.003525,0.8660616008946923,0.9571428571428572,0.5,0.6568627450980392,0.5,0.8148381012260295,500.0,-1.0466787593493827,-2.0,2.0
realAWSCloudwatch/ec2_cpu_utilization_24ae8d.csv,realAWSCloudwatch,B_iforest_raw,0.00421,0.7909496119474312,0.9757281553398058,1.0,0.9877149877149877,1.0,0.9053756680289217,500.0,0.7048720427262144,-2.0,2.0
realAWSCloudwatch/ec2_cpu_utilization_24ae8d.csv,realAWSCloudwatch,B_iforest_raw,0.005029,0.7847558337464297,0.9733656174334141,1.0,0.9865030674846627,1.0,0.9959132348318138,500.0,0.5948720427262144,-2.0,2.0
realAWSCloudwatch/ec2_cpu_utilization_24ae8d.csv,realAWSCloudwatch,B_iforest_raw,0.006006,0.7803517231716406,0.9710144927536232,1.0,0.9852941176470589,1.0,1.086450801634706,467.5,0.5245469836749869,-2.0,2.0
realAWSCloudwatch/ec2_cpu_utilization_24ae8d.csv,realAWSCloudwatch,B_iforest_raw,0.007173,0.7699209859499894,0.9640287769784173,1.0,0.9816849816849816,1.0,1.3580635020433824,467.5,0.1945469836749869,-2.0,2.0
realAWSCloudwatch/ec2_cpu_utilization_24ae8d.csv,realAWSCloudwatch,B_iforest_raw,0.008566,0.7699209859499894,0.95260663507109,1.0,0.9757281553398058,1.0,1.8107513360578433,467.5,-0.3554530163250131,-2.0,2.0
realAWSCloudwatch/ec2_cpu_utilization_24ae8d.csv,realAWSCloudwatch,B_iforest_raw,0.010231,0.7699209859499894,0.9414519906323185,1.0,0.9698431845597104,1.0,2.263439170072304,467.5,-0.9054530163250131,-2.0,2.0
realAWSCloudwatch/ec2_cpu_utilization_24ae8d.csv,realAWSCloudwatch,B_iforest_raw,0.012218,0.7699209859499894,0.9284064665127021,1.0,0.962874251497006,1.0,2.8066645708896574,467.5,-1.5654530163250135,-2.0,2.0
realAWSCloudwatch/ec2_cpu_utilization_24ae8d.csv,realAWSCloudwatch,B_iforest_raw,0.014592,0.7699209859499894,0.9115646258503401,1.0,0.9537366548042704,1.0,3.5309651053127946,467.5,-2.445453016325014,-2.0,2.0
realAWSCloudwatch/ec2_cpu_utilization_24ae8d.csv,realAWSCloudwatch,B_iforest_raw,0.017428,0.7699209859499894,0.8973214285714286,1.0,0.9458823529411765,1.0,4.164728072933039,270.0,-3.017876324153337,-2.0,2.0
realAWSCloudwatch/ec2_cpu_utilization_24ae8d.csv,realAWSCloudwatch,B_iforest_raw,0.020814,0.7667038109429577,0.8796498905908097,1.0,0.9359720605355064,1.0,4.9795661741590695,20.0,-3.842304634525196,-2.0,2.0
realAWSCloudwatch/ec2_cpu_utilization_24ae8d.csv,realAWSCloudwatch,B_iforest_raw,0.024858,0.7667038109429577,0.8553191489361702,1.0,0.9220183486238532,1.0,6.156554542596668,20.0,-5.272304634525199,-2.0,2.0
realAWSCloudwatch/ec2_cpu_utilization_24ae8d.csv,realAWSCloudwatch,B_iforest_raw,0.029688,0.7504028994941049,0.8375,1.0,0.9115646258503401,1.0,6.880855077019805,20.0,-6.074349021894876,-2.0,2.0
realAWSCloudwatch/ec2_cpu_utilization_24ae8d.csv,realAWSCloudwatch,B_iforest_raw,0.035456,0.7504028994941049,0.8072289156626506,1.0,0.8933333333333333,1.0,8.057843445457403,20.0,-7.50434902189488,-2.0,2.0
realAWSCloudwatch/ec2_cpu_utilization_24ae8d.csv,realAWSCloudwatch,B_iforest_raw,0.042345,0.7504028994941049,0.7730769230769231,1.0,0.8720173535791758,1.0,9.506444514303677,20.0,-9.264349021894878,-2.0,2.0
realAWSCloudwatch/ec2_cpu_utilization_24ae8d.csv,realAWSCloudwatch,B_iforest_raw,0.050573,0.6153135742513319,0.7458256029684601,1.0,0.8544102019128588,1.0,10.773970449544167,20.0,-10.675676898861495,-2.0,2.0
realAWSCloudwatch/ec2_cpu_utilization_24ae8d.csv,realAWSCloudwatch,B_iforest_raw,0.060399,0.6153135742513319,0.7040280210157618,1.0,0.8263103802672148,1.0,13.218484753222256,20.0,-13.64567689886148,-2.0,2.0
realAWSCloudwatch/ec2_cpu_utilization_24ae8d.csv,realAWSCloudwatch,B_iforest_raw,0.072135,0.6153135742513319,0.6611842105263158,1.0,0.796039603960396,1.0,15.119773656082993,20.0,-15.955676898861467,-2.0,2.0
realAWSCloudwatch/ec2_cpu_utilization_24ae8d.csv,realAWSCloudwatch,B_iforest_raw,0.086151,0.5855048825011752,0.6320754716981132,1.0,0.7745664739884393,1.0,16.29676202452059,20.0,-17.30799425235451,-2.0,2.0
realAWSCloudwatch/ec2_cpu_utilization_24ae8d.csv,realAWSCloudwatch,B_iforest_raw,0.10289,0.5855048825011752,0.5834542815674891,1.0,0.7369385884509625,1.0,18.83181389500157,20.0,-20.387994252354495,-2.0,2.0
realAWSCloudwatch/ec2_cpu_utilization_24ae8d.csv,realAWSCloudwatch,B_iforest_raw,0.122881,0.5855048825011752,0.5410497981157469,1.0,0.7021834061135371,1.0,21.185790631876767,20.0,-23.24799425235448,-2.0,2.0
realAWSCloudwatch/ec2_cpu_utilization_24ae8d.csv,realAWSCloudwatch,B_iforest_raw,0.146757,0.5081587355622339,0.4956843403205919,1.0,0.6628194558944766,1.0,22.724929267525933,20.0,-24.7870632068477,-2.0,2.0
realAWSCloudwatch/ec2_cpu_utilization_24ae8d.csv,realAWSCloudwatch,B_iforest_raw,0.175272,0.5081587355622339,0.44567627494456763,1.0,0.6165644171779141,1.0,24.17353033637221,20.0,-26.547063206847692,-2.0,2.0
realAWSCloudwatch/ec2_cpu_utilization_24ae8d.csv,realAWSCloudwatch,B_iforest_raw,0.209328,0.5081587355622339,0.39762611275964393,1.0,0.5690021231422506,1.0,25.259981138006914,20.0,-27.867063206847686,-2.0,2.0
realAWSCloudwatch/ec2_cpu_utilization_24ae8d.csv,realAWSCloudwatch,B_iforest_raw,0.25,0.5081587355622339,0.3526315789473684,1.0,0.5214007782101168,1.0,26.980194907261865,20.0,-29.957063206847675,-2.0,2.0
realAWSCloudwatch/ec2_cpu_utilization_24ae8d.csv,realAWSCloudwatch,C_iforest_contextual,0.0005,0.797849275928068,0.0,0.0,0.0,0.0,0.09053756680289217,,-2.028229561424981,-2.0,2.0
realAWSCloudwatch/ec2_cpu_utilization_24ae8d.csv,realAWSCloudwatch,C_iforest_contextual,0.000597,0.7978240470936478,0.0,0.0,0.0,0.0,0.09053756680289217,,-2.028229561424981,-2.0,2.0
realAWSCloudwatch/ec2_cpu_utilization_24ae8d.csv,realAWSCloudwatch,C_iforest_contextual,0.000713,0.7977197288130039,0.0,0.0,0.0,0.0,0.18107513360578434,,-2.1382295614249807,-2.0,2.0
realAWSCloudwatch/ec2_cpu_utilization_24ae8d.csv,realAWSCloudwatch,C_iforest_contextual,0.000852,0.797561267953659,0.0,0.0,0.0,0.0,0.18107513360578434,,-2.1382295614249807,-2.0,2.0
realAWSCloudwatch/ec2_cpu_utilization_24ae8d.csv,realAWSCloudwatch,C_iforest_contextual,0.001017,0.7973940067568949,0.0,0.0,0.0,0.0,0.2716127004086765,,-2.2482295614249805,-2.0,2.0
realAWSCloudwatch/ec2_cpu_utilization_24ae8d.csv,realAWSCloudwatch,C_iforest_contextual,0.001215,0.7972241213340028,0.0,0.0,0.0,0.0,0.2716127004086765,,-2.2482295614249805,-2.0,2.0
realAWSCloudwatch/ec2_cpu_utilization_24ae8d.csv,realAWSCloudwatch,C_iforest_contextual,0.001451,0.7971700886898744,0.0,0.0,0.0,0.0,0.3621502672115687,,-2.3582295614249804,-2.0,2.0
realAWSCloudwatch/ec2_cpu_utilization_24ae8d.csv,realAWSCloudwatch,C_iforest_contextual,0.001733,0.7959313149275555,0.9804878048780488,0.5,0.6622734761120264,0.5,0.3621502672115687,835.0,-0.9534527562894207,-2.0,2.0
realAWSCloudwatch/ec2_cpu_utilization_24ae8d.csv,realAWSCloudwatch,C_iforest_contextual,0.00207,0.794382716234329,0.9757281553398058,0.5,0.6611842105263158,0.5,0.45268783401446083,835.0,-1.0634527562894207,-2.0,2.0
realAWSCloudwatch/ec2_cpu_utilization_24ae8d.csv,realAWSCloudwatch,C_iforest_contextual,0.002472,0.7930912244676657,0.9710144927536232,0.5,0.6600985221674878,0.5,0.543225400817353,835.0,-1.1734527562894208,-2.0,2.0
realAWSCloudwatch/ec2_cpu_utilization_24ae8d.csv,realAWSCloudwatch,C_iforest_contextual,0.002952,0.7861227170343033,0.9617224880382775,0.5,0.6579378068739771,0.5,0.7243005344231374,835.0,-1.393452756289421,-2.0,2.0
realAWSCloudwatch/ec2_cpu_utilization_24ae8d.csv,realAWSCloudwatch,C_iforest_contextual,0.003525,0.7708152099260256,0.9571428571428572,0.5,0.6568627450980392,0.5,0.8148381012260295,500.0,-1.0466787593493827,-2.0,2.0
realAWSCloudwatch/ec2_cpu_utilization_24ae8d.csv,realAWSCloudwatch,C_iforest_contextual,0.00421,0.6908659820152692,0.9757281553398058,1.0,0.9877149877149877,1.0,0.9053756680289217,500.0,0.7048720427262144,-2.0,2.0
realAWSCloudwatch/ec2_cpu_utilization_24ae8d.csv,realAWSCloudwatch,C_iforest_contextual,0.005029,0.6818754898414291,0.9686746987951808,1.0,0.9840881272949816,1.0,0.9053756680289217,500.0,0.7048720427262144,-2.0,2.0
realAWSCloudwatch/ec2_cpu_utilization_24ae8d.csv,realAWSCloudwatch,C_iforest_contextual,0.006006,0.6809095800007027,0.9640287769784173,1.0,0.9816849816849816,1.0,0.9959132348318138,500.0,0.605305734825279,-2.0,2.0
realAWSCloudwatch/ec2_cpu_utilization_24ae8d.csv,realAWSCloudwatch,C_iforest_contextual,0.007173,0.6779372179086436,0.9594272076372315,1.0,0.979293544457978,1.0,1.1769883684375981,500.0,0.38530573482527913,-2.0,2.0
realAWSCloudwatch/ec2_cpu_utilization_24ae8d.csv,realAWSCloudwatch,C_iforest_contextual,0.008566,0.6721806290643142,0.9481132075471698,1.0,0.973365617433414,1.0,1.629676202452059,500.0,-0.16469426517472086,-2.0,2.0
realAWSCloudwatch/ec2_cpu_utilization_24ae8d.csv,realAWSCloudwatch,C_iforest_contextual,0.010231,0.6690484325598053,0.9392523364485982,1.0,0.9686746987951808,1.0,1.9012889028607356,370.0,-0.3867757581247083,-2.0,2.0
realAWSCloudwatch/ec2_cpu_utilization_24ae8d.csv,realAWSCloudwatch,C_iforest_contextual,0.012218,0.6663142584996247,0.9305555555555556,1.0,0.9640287769784173,1.0,2.263439170072304,150.0,-0.6930034153121692,-2.0,2.0
realAWSCloudwatch/ec2_cpu_utilization_24ae8d.csv,realAWSCloudwatch,C_iforest_contextual,0.014592,0.6631742203640397,0.9157175398633257,1.0,0.9560047562425683,1.0,2.8066645708896574,150.0,-1.3530034153121693,-2.0,2.0
realAWSCloudwatch/ec2_cpu_utilization_24ae8d.csv,realAWSCloudwatch,C_iforest_contextual,0.017428,0.6583880224526525,0.8993288590604027,1.0,0.9469964664310955,1.0,3.34988997170701,30.0,-1.9824727244377802,-2.0,2.0
realAWSCloudwatch/ec2_cpu_utilization_24ae8d.csv,realAWSCloudwatch,C_iforest_contextual,0.020814,0.6559440163205345,0.881578947368421,1.0,0.9370629370629371,1.0,4.074190506130147,20.0,-2.674178183913813,-2.0,2.0
realAWSCloudwatch/ec2_cpu_utilization_24ae8d.csv,realAWSCloudwatch,C_iforest_contextual,0.024858,0.6523436126312097,0.8626609442060086,1.0,0.9262672811059909,1.0,4.7079534737503925,20.0,-3.322365698466169,-2.0,2.0
realAWSCloudwatch/ec2_cpu_utilization_24ae8d.csv,realAWSCloudwatch,C_iforest_contextual,0.029688,0.6473087798953261,0.8410041841004184,1.0,0.9136363636363637,1.0,5.703866708582207,20.0,-4.53236569846617,-2.0,2.0
realAWSCloudwatch/ec2_cpu_utilization_24ae8d.csv,realAWSCloudwatch,C_iforest_contextual,0.035456,0.6420482192691057,0.8137651821862348,1.0,0.8973214285714286,1.0,6.69977994341402,20.0,-5.725676898861499,-2.0,2.0
realAWSCloudwatch/ec2_cpu_utilization_24ae8d.csv,realAWSCloudwatch,C_iforest_contextual,0.042345,0.6357357244336977,0.783625730994152,1.0,0.8786885245901639,1.0,7.7862307450487265,20.0,-6.975096212680089,-2.0,2.0
realAWSCloudwatch/ec2_cpu_utilization_24ae8d.csv,realAWSCloudwatch,C_iforest_contextual,0.050573,0.629503210497741,0.7528089887640449,1.0,0.858974358974359,1.0,8.78214397988054,20.0,-8.185096212680094,-2.0,2.0
realAWSCloudwatch/ec2_cpu_utilization_24ae8d.csv,realAWSCloudwatch,C_iforest_contextual,0.060399,0.620889408764124,0.7243243243243244,1.0,0.8401253918495297,1.0,9.415906947500785,20.0,-8.95509621268009,-2.0,2.0
realAWSCloudwatch/ec2_cpu_utilization_24ae8d.csv,realAWSCloudwatch,C_iforest_contextual,0.072135,0.6036755908550808,0.6895368782161235,1.0,0.8162436548223351,1.0,10.140207481923923,0.0,-9.945096212680085,-2.0,2.0
realAWSCloudwatch/ec2_cpu_utilization_24ae8d.csv,realAWSCloudwatch,C_iforest_contextual,0.086151,0.5949493849741901,0.6483870967741936,1.0,0.7866927592954991,1.0,10.321282615529707,0.0,-10.235676898861497,-2.0,2.0
realAWSCloudwatch/ec2_cpu_utilization_24ae8d.csv,realAWSCloudwatch,C_iforest_contextual,0.10289,0.5834525562595505,0.6026986506746627,1.0,0.7521047708138446,1.0,10.683432882741275,0.0,-10.675425597003501,-2.0,2.0
realAWSCloudwatch/ec2_cpu_utilization_24ae8d.csv,realAWSCloudwatch,C_iforest_contextual,0.122881,0.5714931545220977,0.5661971830985916,1.0,0.7230215827338129,1.0,12.313109085193336,0.0,-12.651610771058797,-2.0,2.0
realAWSCloudwatch/ec2_cpu_utilization_24ae8d.csv,realAWSCloudwatch,C_iforest_contextual,0.146757,0.5619654412808036,0.5296442687747036,1.0,0.6925064599483205,1.0,13.127947186419364,0.0,-13.633971616561453,-2.0,2.0
realAWSCloudwatch/ec2_cpu_utilization_24ae8d.csv,realAWSCloudwatch,C_iforest_contextual,0.175272,0.5512212188883393,0.4780023781212842,1.0,0.6468222043443284,1.0,16.839987425337945,0.0,-17.975077270421306,-2.0,2.0
realAWSCloudwatch/ec2_cpu_utilization_24ae8d.csv,realAWSCloudwatch,C_iforest_contextual,0.209328,0.5422864768776404,0.4299465240641711,1.0,0.6013462976813762,1.0,18.74127632819868,0.0,-20.44414477521754,-2.0,2.0
realAWSCloudwatch/ec2_cpu_utilization_24ae8d.csv,realAWSCloudwatch,C_iforest_contextual,0.25,0.53406415589564,0.38878143133462284,1.0,0.5598885793871866,1.0,20.099339830242062,0.0,-21.9322255284758,-2.0,2.0
realAWSCloudwatch/ec2_cpu_utilization_53ea38.csv,realAWSCloudwatch,A_rolling_zscore,0.0005,9.473721311620642,1.0,0.5,0.6666666666666666,0.5,0.0,980.0,-0.937048340914565,-2.0,2.0
realAWSCloudwatch/ec2_cpu_utilization_53ea38.csv,realAWSCloudwatch,A_rolling_zscore,0.000597,9.330226745281962,1.0,0.5,0.6666666666666666,0.5,0.0,980.0,-0.937048340914565,-2.0,2.0
realAWSCloudwatch/ec2_cpu_utilization_53ea38.csv,realAWSCloudwatch,A_rolling_zscore,0.000713,9.231482396061049,0.995049504950495,0.5,0.6655629139072847,0.5,0.09053756680289217,980.0,-1.0470482053920906,-2.0,2.0
realAWSCloudwatch/ec2_cpu_utilization_53ea38.csv,realAWSCloudwatch,A_rolling_zscore,0.000852,9.14603595918268,0.995049504950495,0.5,0.6655629139072847,0.5,0.09053756680289217,980.0,-1.0470482053920906,-2.0,2.0
realAWSCloudwatch/ec2_cpu_utilization_53ea38.csv,realAWSCloudwatch,A_rolling_zscore,0.001017,8.840192822883942,0.9901477832512315,0.5,0.6644628099173554,0.5,0.18107513360578434,980.0,-1.1570482053920907,-2.0,2.0
realAWSCloudwatch/ec2_cpu_utilization_53ea38.csv,realAWSCloudwatch,A_rolling_zscore,0.001215,8.170794867957445,0.9901477832512315,0.5,0.6644628099173554,0.5,0.18107513360578434,980.0,-1.1570482053920907,-2.0,2.0
realAWSCloudwatch/ec2_cpu_utilization_53ea38.csv,realAWSCloudwatch,A_rolling_zscore,0.001451,7.941461377269461,0.9852941176470589,0.5,0.6633663366336634,0.5,0.2716127004086765,980.0,-1.2670482053920908,-2.0,2.0
realAWSCloudwatch/ec2_cpu_utilization_53ea38.csv,realAWSCloudwatch,A_rolling_zscore,0.001733,7.346393948213499,0.9804878048780488,0.5,0.6622734761120264,0.5,0.3621502672115687,980.0,-1.3768427049272822,-2.0,2.0
realAWSCloudwatch/ec2_cpu_utilization_53ea38.csv,realAWSCloudwatch,A_rolling_zscore,0.00207,6.5892607624823265,0.9757281553398058,0.5,0.6611842105263158,0.5,0.45268783401446083,980.0,-1.4868427049272823,-2.0,2.0
realAWSCloudwatch/ec2_cpu_utilization_53ea38.csv,realAWSCloudwatch,A_rolling_zscore,0.002472,6.27165444021633,0.9710144927536232,0.5,0.6600985221674878,0.5,0.543225400817353,980.0,-1.5968427049272824,-2.0,2.0
realAWSCloudwatch/ec2_cpu_utilization_53ea38.csv,realAWSCloudwatch,A_rolling_zscore,0.002952,5.337106193008625,0.9828850855745721,1.0,0.9913686806411837,1.0,0.6337629676202452,967.5,-0.5812549180731426,-2.0,2.0
realAWSCloudwatch/ec2_cpu_utilization_53ea38.csv,realAWSCloudwatch,A_rolling_zscore,0.003525,4.4660344519956645,0.9781021897810219,1.0,0.988929889298893,1.0,0.8148381012260295,967.5,-0.8012547440588715,-2.0,2.0
realAWSCloudwatch/ec2_cpu_utilization_53ea38.csv,realAWSCloudwatch,A_rolling_zscore,0.00421,4.128464889420813,0.9733656174334141,1.0,0.9865030674846627,1.0,0.9959132348318138,967.5,-1.0212547440588715,-2.0,2.0
realAWSCloudwatch/ec2_cpu_utilization_53ea38.csv,realAWSCloudwatch,A_rolling_zscore,0.005029,3.918858157802215,0.9663461538461539,1.0,0.9828850855745722,1.0,1.2675259352404904,967.5,-1.351141915460735,-2.0,2.0
realAWSCloudwatch/ec2_cpu_utilization_53ea38.csv,realAWSCloudwatch,A_rolling_zscore,0.006006,3.8657289922574227,0.9594272076372315,1.0,0.979293544457978,1.0,1.539138635649167,967.5,-1.6811419154607352,-2.0,2.0
realAWSCloudwatch/ec2_cpu_utilization_53ea38.csv,realAWSCloudwatch,A_rolling_zscore,0.007173,3.6947313825328116,0.95260663507109,1.0,0.9757281553398058,1.0,1.8107513360578433,967.5,-2.011141915460735,-2.0,2.0
realAWSCloudwatch/ec2_cpu_utilization_53ea38.csv,realAWSCloudwatch,A_rolling_zscore,0.008566,3.501425875272752,0.9481132075471698,1.0,0.973365617433414,1.0,1.9918264696636276,772.5,-1.5471387010503146,-2.0,2.0
realAWSCloudwatch/ec2_cpu_utilization_53ea38.csv,realAWSCloudwatch,A_rolling_zscore,0.010231,3.3807238566146505,0.9370629370629371,1.0,0.9675090252707581,1.0,2.4445143036780888,772.5,-2.0916287700300855,-2.0,2.0
realAWSCloudwatch/ec2_cpu_utilization_53ea38.csv,realAWSCloudwatch,A_rolling_zscore,0.012218,3.197670801120381,0.9262672811059908,1.0,0.9617224880382775,1.0,2.8972021376925494,667.5,-2.1503471294822694,-2.0,2.0
realAWSCloudwatch/ec2_cpu_utilization_53ea38.csv,realAWSCloudwatch,A_rolling_zscore,0.014592,3.0848838773333407,0.9136363636363637,1.0,0.9548693586698338,1.0,3.34988997170701,352.5,-2.244629571818615,-2.0,2.0
realAWSCloudwatch/ec2_cpu_utilization_53ea38.csv,realAWSCloudwatch,A_rolling_zscore,0.017428,2.961085343829974,0.8993288590604027,1.0,0.9469964664310955,1.0,3.9836529393272553,112.5,-2.829326060126542,-2.0,2.0
realAWSCloudwatch/ec2_cpu_utilization_53ea38.csv,realAWSCloudwatch,A_rolling_zscore,0.020814,2.827539289703555,0.881578947368421,1.0,0.9370629370629371,1.0,4.798491040553285,112.5,-3.7013286578168754,-2.0,2.0
realAWSCloudwatch/ec2_cpu_utilization_53ea38.csv,realAWSCloudwatch,A_rolling_zscore,0.024858,2.7529482565969374,0.8589743589743589,1.0,0.9241379310344827,1.0,5.884941842187991,112.5,-4.914905591755012,-2.0,2.0
realAWSCloudwatch/ec2_cpu_utilization_53ea38.csv,realAWSCloudwatch,A_rolling_zscore,0.029688,2.6624425151787228,0.8357588357588358,1.0,0.9105322763306909,1.0,6.790317510216913,112.5,-5.88712418597077,-2.0,2.0
realAWSCloudwatch/ec2_cpu_utilization_53ea38.csv,realAWSCloudwatch,A_rolling_zscore,0.035456,2.5772186554077767,0.8104838709677419,1.0,0.8953229398663696,1.0,8.057843445457403,112.5,-7.350396378779226,-2.0,2.0
realAWSCloudwatch/ec2_cpu_utilization_53ea38.csv,realAWSCloudwatch,A_rolling_zscore,0.042345,2.4456957283947527,0.7805825242718447,1.0,0.8767720828789531,1.0,9.778057214712355,112.5,-9.426598136805877,-2.0,2.0
realAWSCloudwatch/ec2_cpu_utilization_53ea38.csv,realAWSCloudwatch,A_rolling_zscore,0.050573,2.3041613516026462,0.7486033519553073,1.0,0.8562300319488818,1.0,11.67934611757309,112.5,-11.681567751186414,-2.0,2.0
realAWSCloudwatch/ec2_cpu_utilization_53ea38.csv,realAWSCloudwatch,A_rolling_zscore,0.060399,2.164897220347728,0.7127659574468085,1.0,0.8322981366459626,1.0,13.942785287645394,97.5,-14.336200386379218,-2.0,2.0
realAWSCloudwatch/ec2_cpu_utilization_53ea38.csv,realAWSCloudwatch,A_rolling_zscore,0.072135,2.0615852771524397,0.6722408026755853,1.0,0.804,1.0,16.658912291732157,82.5,-17.488521414820944,-2.0,2.0
realAWSCloudwatch/ec2_cpu_utilization_53ea38.csv,realAWSCloudwatch,A_rolling_zscore,0.086151,1.9608178544088704,0.6330708661417322,1.0,0.7753134040501447,1.0,19.375039295818926,67.5,-20.656422581402044,-2.0,2.0
realAWSCloudwatch/ec2_cpu_utilization_53ea38.csv,realAWSCloudwatch,A_rolling_zscore,0.10289,1.8272973011977212,0.5860058309037901,1.0,0.7389705882352942,1.0,23.0870795347375,67.5,-25.030003500827934,-2.0,2.0
realAWSCloudwatch/ec2_cpu_utilization_53ea38.csv,realAWSCloudwatch,A_rolling_zscore,0.122881,1.6810481732317943,0.5432432432432432,1.0,0.7040280210157618,1.0,25.984281672430054,35.0,-28.320513041770823,-2.0,2.0
realAWSCloudwatch/ec2_cpu_utilization_53ea38.csv,realAWSCloudwatch,A_rolling_zscore,0.146757,1.531731076529075,0.49814126394052044,1.0,0.6650124069478908,1.0,29.33417164413706,35.0,-32.23572082304499,-2.0,2.0
realAWSCloudwatch/ec2_cpu_utilization_53ea38.csv,realAWSCloudwatch,A_rolling_zscore,0.175272,1.3843096424365433,0.45475113122171945,1.0,0.625194401244168,1.0,32.321911348632504,35.0,-35.85231942196899,-2.0,2.0
realAWSCloudwatch/ec2_cpu_utilization_53ea38.csv,realAWSCloudwatch,A_rolling_zscore,0.209328,1.2662691772029295,0.40978593272171254,1.0,0.5813449023861171,1.0,32.774599182646966,35.0,-36.372752363029484,-2.0,2.0
realAWSCloudwatch/ec2_cpu_utilization_53ea38.csv,realAWSCloudwatch,A_rolling_zscore,0.25,1.1327864514281358,0.3688073394495413,1.0,0.5388739946380697,1.0,32.68406161584407,15.0,-36.108072748696785,-2.0,2.0
realAWSCloudwatch/ec2_cpu_utilization_53ea38.csv,realAWSCloudwatch,B_iforest_raw,0.0005,0.8498299496268854,1.0,0.5,0.6666666666666666,0.5,0.0,980.0,-0.937048340914565,-2.0,2.0
realAWSCloudwatch/ec2_cpu_utilization_53ea38.csv,realAWSCloudwatch,B_iforest_raw,0.000597,0.8498299496268854,1.0,0.5,0.6666666666666666,0.5,0.0,980.0,-0.937048340914565,-2.0,2.0
realAWSCloudwatch/ec2_cpu_utilization_53ea38.csv,realAWSCloudwatch,B_iforest_raw,0.000713,0.8498299496268854,0.995049504950495,0.5,0.6655629139072847,0.5,0.09053756680289217,980.0,-1.0470482053920906,-2.0,2.0
realAWSCloudwatch/ec2_cpu_utilization_53ea38.csv,realAWSCloudwatch,B_iforest_raw,0.000852,0.8498299496268854,0.995049504950495,0.5,0.6655629139072847,0.5,0.09053756680289217,980.0,-1.0470482053920906,-2.0,2.0
realAWSCloudwatch/ec2_cpu_utilization_53ea38.csv,realAWSCloudwatch,B_iforest_raw,0.001017,0.8498299496268854,0.9901477832512315,0.5,0.6644628099173554,0.5,0.18107513360578434,980.0,-1.1570482053920907,-2.0,2.0
realAWSCloudwatch/ec2_cpu_utilization_53ea38.csv,realAWSCloudwatch,B_iforest_raw,0.001215,0.8498299496268854,0.9901477832512315,0.5,0.6644628099173554,0.5,0.18107513360578434,980.0,-1.1570482053920907,-2.0,2.0
realAWSCloudwatch/ec2_cpu_utilization_53ea38.csv,realAWSCloudwatch,B_iforest_raw,0.001451,0.8387976372166763,0.995049504950495,1.0,0.9975186104218362,1.0,0.18107513360578434,967.5,-0.03162869658149364,-2.0,2.0
realAWSCloudwatch/ec2_cpu_utilization_53ea38.csv,realAWSCloudwatch,B_iforest_raw,0.001733,0.8313328822345137,0.9925925925925926,1.0,0.996282527881041,1.0,0.2716127004086765,967.5,-0.14142319611668508,-2.0,2.0
realAWSCloudwatch/ec2_cpu_utilization_53ea38.csv,realAWSCloudwatch,B_iforest_raw,0.00207,0.8227993093646978,0.9901477832512315,1.0,0.995049504950495,1.0,0.3621502672115687,967.5,-0.25142319611668507,-2.0,2.0
realAWSCloudwatch/ec2_cpu_utilization_53ea38.csv,realAWSCloudwatch,B_iforest_raw,0.002472,0.8171267829689308,0.9877149877149877,1.0,0.9938195302843016,1.0,0.45268783401446083,967.5,-0.36142319611668505,-2.0,2.0
realAWSCloudwatch/ec2_cpu_utilization_53ea38.csv,realAWSCloudwatch,B_iforest_raw,0.002952,0.8070826357702203,0.9828850855745721,1.0,0.9913686806411837,1.0,0.6337629676202452,967.5,-0.5812549180731426,-2.0,2.0
realAWSCloudwatch/ec2_cpu_utilization_53ea38.csv,realAWSCloudwatch,B_iforest_raw,0.003525,0.7644905167622017,0.9804878048780488,1.0,0.9901477832512315,1.0,0.7243005344231374,772.5,-0.007315808487145581,-2.0,2.0
realAWSCloudwatch/ec2_cpu_utilization_53ea38.csv,realAWSCloudwatch,B_iforest_raw,0.00421,0.7573228126798637,0.9757281553398058,1.0,0.9877149877149877,1.0,0.9053756680289217,772.5,-0.22731580848714555,-2.0,2.0
realAWSCloudwatch/ec2_cpu_utilization_53ea38.csv,realAWSCloudwatch,B_iforest_raw,0.005029,0.750607351930875,0.9757281553398058,1.0,0.9877149877149877,1.0,0.9053756680289217,577.5,0.48889268420729504,-2.0,2.0
realAWSCloudwatch/ec2_cpu_utilization_53ea38.csv,realAWSCloudwatch,B_iforest_raw,0.006006,0.7477688187024154,0.9710144927536232,1.0,0.9852941176470589,1.0,1.086450801634706,577.5,0.2688926842072952,-2.0,2.0
realAWSCloudwatch/ec2_cpu_utilization_53ea38.csv,realAWSCloudwatch,B_iforest_raw,0.007173,0.7396088165663651,0.9663461538461539,1.0,0.9828850855745722,1.0,1.2675259352404904,532.5,0.14219739931602726,-2.0,2.0
realAWSCloudwatch/ec2_cpu_utilization_53ea38.csv,realAWSCloudwatch,B_iforest_raw,0.008566,0.7351227526579761,0.9617224880382775,1.0,0.9804878048780488,1.0,1.4486010688462747,275.0,0.081967700965466,-2.0,2.0
realAWSCloudwatch/ec2_cpu_utilization_53ea38.csv,realAWSCloudwatch,B_iforest_raw,0.010231,0.7330355168513936,0.9548693586698337,1.0,0.9769137302551639,1.0,1.7202137692549513,275.0,-0.24803091309742248,-2.0,2.0
realAWSCloudwatch/ec2_cpu_utilization_53ea38.csv,realAWSCloudwatch,B_iforest_raw,0.012218,0.7304653325948496,0.9436619718309859,1.0,0.9710144927536231,1.0,2.172901603269412,270.0,-0.7899854127830581,-2.0,2.0
realAWSCloudwatch/ec2_cpu_utilization_53ea38.csv,realAWSCloudwatch,B_iforest_raw,0.014592,0.7168813599747077,0.9305555555555556,1.0,0.9640287769784173,1.0,2.625589437283873,270.0,-1.3170324457781668,-2.0,2.0
realAWSCloudwatch/ec2_cpu_utilization_53ea38.csv,realAWSCloudwatch,B_iforest_raw,0.017428,0.7057812329726445,0.9178082191780822,1.0,0.9571428571428571,1.0,3.078277271298334,270.0,-1.8602632967195947,-2.0,2.0
realAWSCloudwatch/ec2_cpu_utilization_53ea38.csv,realAWSCloudwatch,B_iforest_raw,0.020814,0.6703026971878007,0.9013452914798207,1.0,0.9481132075471698,1.0,3.712040238918579,170.0,-2.506644147127644,-2.0,2.0
realAWSCloudwatch/ec2_cpu_utilization_53ea38.csv,realAWSCloudwatch,B_iforest_raw,0.024858,0.6611389665984739,0.8796498905908097,1.0,0.9359720605355064,1.0,4.526878340144608,170.0,-3.4935645687878956,-2.0,2.0
realAWSCloudwatch/ec2_cpu_utilization_53ea38.csv,realAWSCloudwatch,B_iforest_raw,0.029688,0.6488585090096938,0.8535031847133758,1.0,0.9209621993127148,1.0,5.703866708582207,170.0,-4.826932387204972,-2.0,2.0
realAWSCloudwatch/ec2_cpu_utilization_53ea38.csv,realAWSCloudwatch,B_iforest_raw,0.035456,0.6305086500447337,0.8322981366459627,1.0,0.9084745762711864,1.0,6.790317510216913,95.0,-6.094895532871865,-2.0,2.0
realAWSCloudwatch/ec2_cpu_utilization_53ea38.csv,realAWSCloudwatch,B_iforest_raw,0.042345,0.6305086500447337,0.7992047713717694,1.0,0.8883977900552487,1.0,7.8767683118516185,95.0,-7.409915983981947,-2.0,2.0
realAWSCloudwatch/ec2_cpu_utilization_53ea38.csv,realAWSCloudwatch,B_iforest_raw,0.050573,0.5961362645400978,0.7701149425287356,1.0,0.8701298701298702,1.0,9.325369380697893,95.0,-9.169906304610407,-2.0,2.0
realAWSCloudwatch/ec2_cpu_utilization_53ea38.csv,realAWSCloudwatch,B_iforest_raw,0.060399,0.5758307780923009,0.73224043715847,1.0,0.8454258675078865,1.0,11.22665828355863,50.0,-11.437909836602467,-2.0,2.0
realAWSCloudwatch/ec2_cpu_utilization_53ea38.csv,realAWSCloudwatch,B_iforest_raw,0.072135,0.567963536160486,0.6895368782161235,1.0,0.8162436548223351,1.0,13.852247720842502,50.0,-14.318826164885738,-2.0,2.0
realAWSCloudwatch/ec2_cpu_utilization_53ea38.csv,realAWSCloudwatch,B_iforest_raw,0.086151,0.5603522602042227,0.6452648475120385,1.0,0.784390243902439,1.0,16.025149324111915,50.0,-16.952950723159383,-2.0,2.0
realAWSCloudwatch/ec2_cpu_utilization_53ea38.csv,realAWSCloudwatch,B_iforest_raw,0.10289,0.5535210589642567,0.6,1.0,0.7499999999999999,1.0,18.74127632819868,50.0,-20.251413729750443,-2.0,2.0
realAWSCloudwatch/ec2_cpu_utilization_53ea38.csv,realAWSCloudwatch,B_iforest_raw,0.122881,0.5471919494738073,0.5552486187845304,1.0,0.714031971580817,1.0,21.72901603269412,50.0,-23.493307259264153,-2.0,2.0
realAWSCloudwatch/ec2_cpu_utilization_53ea38.csv,realAWSCloudwatch,B_iforest_raw,0.146757,0.5405040266557636,0.5121019108280255,1.0,0.6773378264532435,1.0,23.539767368751964,17.5,-25.570714631368922,-2.0,2.0
realAWSCloudwatch/ec2_cpu_utilization_53ea38.csv,realAWSCloudwatch,B_iforest_raw,0.175272,0.5332407854665581,0.46581691772885286,1.0,0.6355731225296443,1.0,26.165356806035838,12.5,-28.471382613302588,-2.0,2.0
realAWSCloudwatch/ec2_cpu_utilization_53ea38.csv,realAWSCloudwatch,B_iforest_raw,0.209328,0.525861921298362,0.4222689075630252,1.0,0.5937961595273265,1.0,29.967934611757308,12.5,-32.90546198176999,-2.0,2.0
realAWSCloudwatch/ec2_cpu_utilization_53ea38.csv,realAWSCloudwatch,B_iforest_raw,0.25,0.5190435988200047,0.3771106941838649,1.0,0.547683923705722,1.0,32.50298648223829,12.5,-35.98015315710737,-2.0,2.0
realAWSCloudwatch/ec2_cpu_utilization_53ea38.csv,realAWSCloudwatch,C_iforest_contextual,0.0005,0.7503873917389173,1.0,0.5,0.6666666666666666,0.5,0.0,980.0,-0.937048340914565,-2.0,2.0
realAWSCloudwatch/ec2_cpu_utilization_53ea38.csv,realAWSCloudwatch,C_iforest_contextual,0.000597,0.7497297527313747,1.0,0.5,0.6666666666666666,0.5,0.0,980.0,-0.937048340914565,-2.0,2.0
realAWSCloudwatch/ec2_cpu_utilization_53ea38.csv,realAWSCloudwatch,C_iforest_contextual,0.000713,0.7485074740069755,1.0,1.0,1.0,1.0,0.0,967.5,0.1883711678960321,-2.0,2.0
realAWSCloudwatch/ec2_cpu_utilization_53ea38.csv,realAWSCloudwatch,C_iforest_contextual,0.000852,0.7468461836166157,1.0,1.0,1.0,1.0,0.0,967.5,0.1883711678960321,-2.0,2.0
realAWSCloudwatch/ec2_cpu_utilization_53ea38.csv,realAWSCloudwatch,C_iforest_contextual,0.001017,0.7457450571927399,0.9975186104218362,1.0,0.9987577639751554,1.0,0.09053756680289217,967.5,0.07857666836084065,-2.0,2.0
realAWSCloudwatch/ec2_cpu_utilization_53ea38.csv,realAWSCloudwatch,C_iforest_contextual,0.001215,0.7457120269658162,0.9975186104218362,1.0,0.9987577639751554,1.0,0.09053756680289217,967.5,0.07857666836084065,-2.0,2.0
realAWSCloudwatch/ec2_cpu_utilization_53ea38.csv,realAWSCloudwatch,C_iforest_contextual,0.001451,0.7450386949976794,0.995049504950495,1.0,0.9975186104218362,1.0,0.18107513360578434,967.5,-0.03142333163915935,-2.0,2.0
realAWSCloudwatch/ec2_cpu_utilization_53ea38.csv,realAWSCloudwatch,C_iforest_contextual,0.001733,0.7421020627565448,0.9925925925925926,1.0,0.996282527881041,1.0,0.2716127004086765,967.5,-0.14142319611668508,-2.0,2.0
realAWSCloudwatch/ec2_cpu_utilization_53ea38.csv,realAWSCloudwatch,C_iforest_contextual,0.00207,0.7363696073462542,0.9901477832512315,1.0,0.995049504950495,1.0,0.3621502672115687,967.5,-0.25142319611668507,-2.0,2.0
realAWSCloudwatch/ec2_cpu_utilization_53ea38.csv,realAWSCloudwatch,C_iforest_contextual,0.002472,0.721727473712709,0.9877149877149877,1.0,0.9938195302843016,1.0,0.45268783401446083,967.5,-0.36142319611668505,-2.0,2.0
realAWSCloudwatch/ec2_cpu_utilization_53ea38.csv,realAWSCloudwatch,C_iforest_contextual,0.002952,0.7022875686539345,0.9828850855745721,1.0,0.9913686806411837,1.0,0.6337629676202452,967.5,-0.5812549180731426,-2.0,2.0
realAWSCloudwatch/ec2_cpu_utilization_53ea38.csv,realAWSCloudwatch,C_iforest_contextual,0.003525,0.6756430933711451,0.9781021897810219,1.0,0.988929889298893,1.0,0.8148381012260295,967.5,-0.8012547440588715,-2.0,2.0
realAWSCloudwatch/ec2_cpu_utilization_53ea38.csv,realAWSCloudwatch,C_iforest_contextual,0.00421,0.6694391757961345,0.9733656174334141,1.0,0.9865030674846627,1.0,0.9959132348318138,967.5,-1.0212547440588715,-2.0,2.0
realAWSCloudwatch/ec2_cpu_utilization_53ea38.csv,realAWSCloudwatch,C_iforest_contextual,0.005029,0.6652387559132342,0.9686746987951808,1.0,0.9840881272949816,1.0,1.1769883684375981,772.5,-0.5573158084871456,-2.0,2.0
realAWSCloudwatch/ec2_cpu_utilization_53ea38.csv,realAWSCloudwatch,C_iforest_contextual,0.006006,0.6567325471493279,0.9617224880382775,1.0,0.9804878048780488,1.0,1.4486010688462747,772.5,-0.8873158084871455,-2.0,2.0
realAWSCloudwatch/ec2_cpu_utilization_53ea38.csv,realAWSCloudwatch,C_iforest_contextual,0.007173,0.6500315030208642,0.9548693586698337,1.0,0.9769137302551639,1.0,1.629676202452059,772.5,-1.1073158084871455,-2.0,2.0
realAWSCloudwatch/ec2_cpu_utilization_53ea38.csv,realAWSCloudwatch,C_iforest_contextual,0.008566,0.6467202130629884,0.9436619718309859,1.0,0.9710144927536231,1.0,2.0823640364665197,772.5,-1.6573153696466074,-2.0,2.0
realAWSCloudwatch/ec2_cpu_utilization_53ea38.csv,realAWSCloudwatch,C_iforest_contextual,0.010231,0.6430402471602757,0.9348837209302325,1.0,0.9663461538461539,1.0,2.3539767368751963,772.5,-1.979795111615245,-2.0,2.0
realAWSCloudwatch/ec2_cpu_utilization_53ea38.csv,realAWSCloudwatch,C_iforest_contextual,0.012218,0.63712387307243,0.9284064665127021,1.0,0.962874251497006,1.0,2.625589437283873,525.0,-1.3972960159663776,-2.0,2.0
realAWSCloudwatch/ec2_cpu_utilization_53ea38.csv,realAWSCloudwatch,C_iforest_contextual,0.014592,0.6310572836990006,0.919908466819222,1.0,0.9582836710369488,1.0,2.8972021376925494,442.5,-1.6308143876805659,-2.0,2.0
realAWSCloudwatch/ec2_cpu_utilization_53ea38.csv,realAWSCloudwatch,C_iforest_contextual,0.017428,0.6264661297380414,0.9054054054054054,1.0,0.950354609929078,1.0,3.259352404904118,380.0,-1.934005787521668,-2.0,2.0
realAWSCloudwatch/ec2_cpu_utilization_53ea38.csv,realAWSCloudwatch,C_iforest_contextual,0.020814,0.6196773434603443,0.8893805309734514,1.0,0.9414519906323184,1.0,3.802577805721471,290.0,-2.57320983344562,-2.0,2.0
realAWSCloudwatch/ec2_cpu_utilization_53ea38.csv,realAWSCloudwatch,C_iforest_contextual,0.024858,0.6134424426010523,0.8701298701298701,1.0,0.9305555555555556,1.0,4.526878340144608,290.0,-3.4458880860673657,-2.0,2.0
realAWSCloudwatch/ec2_cpu_utilization_53ea38.csv,realAWSCloudwatch,C_iforest_contextual,0.029688,0.6066890284677126,0.8445378151260504,1.0,0.9157175398633257,1.0,5.160641307764854,290.0,-4.094534258420143,-2.0,2.0
realAWSCloudwatch/ec2_cpu_utilization_53ea38.csv,realAWSCloudwatch,C_iforest_contextual,0.035456,0.6007217327672633,0.8154158215010142,1.0,0.8983240223463688,1.0,6.066016975793775,290.0,-5.167318610219374,-2.0,2.0
realAWSCloudwatch/ec2_cpu_utilization_53ea38.csv,realAWSCloudwatch,C_iforest_contextual,0.042345,0.5946613653614944,0.788235294117647,1.0,0.8815789473684211,1.0,6.880855077019805,275.0,-6.130499477461359,-2.0,2.0
realAWSCloudwatch/ec2_cpu_utilization_53ea38.csv,realAWSCloudwatch,C_iforest_contextual,0.050573,0.5884818158650966,0.7556390977443609,1.0,0.860813704496788,1.0,8.148381012260295,275.0,-7.556936375868007,-2.0,2.0
realAWSCloudwatch/ec2_cpu_utilization_53ea38.csv,realAWSCloudwatch,C_iforest_contextual,0.060399,0.5824345859383842,0.7204301075268817,1.0,0.8375,1.0,9.959132348318139,275.0,-9.738524094747003,-2.0,2.0
realAWSCloudwatch/ec2_cpu_utilization_53ea38.csv,realAWSCloudwatch,C_iforest_contextual,0.072135,0.5764057729454061,0.6813559322033899,1.0,0.8104838709677419,1.0,11.769883684375982,275.0,-11.893369718043202,-2.0,2.0
realAWSCloudwatch/ec2_cpu_utilization_53ea38.csv,realAWSCloudwatch,C_iforest_contextual,0.086151,0.570132771296605,0.6391096979332274,1.0,0.7798254122211445,1.0,14.033322854448286,95.0,-14.572954574152028,-2.0,2.0
realAWSCloudwatch/ec2_cpu_utilization_53ea38.csv,realAWSCloudwatch,C_iforest_contextual,0.10289,0.5645974093611017,0.5929203539823009,1.0,0.7444444444444445,1.0,16.568374724929267,95.0,-17.580030731653185,-2.0,2.0
realAWSCloudwatch/ec2_cpu_utilization_53ea38.csv,realAWSCloudwatch,C_iforest_contextual,0.122881,0.5588956975503167,0.5491803278688525,1.0,0.7089947089947091,1.0,19.55611442942471,95.0,-21.023974204411992,-2.0,2.0
realAWSCloudwatch/ec2_cpu_utilization_53ea38.csv,realAWSCloudwatch,C_iforest_contextual,0.146757,0.5517592899104354,0.5056603773584906,1.0,0.6716791979949875,1.0,22.815466834328827,92.5,-24.65004046418586,-2.0,2.0
realAWSCloudwatch/ec2_cpu_utilization_53ea38.csv,realAWSCloudwatch,C_iforest_contextual,0.175272,0.5448455960055704,0.46153846153846156,1.0,0.631578947368421,1.0,25.712668972021376,92.5,-28.067078995860996,-2.0,2.0
realAWSCloudwatch/ec2_cpu_utilization_53ea38.csv,realAWSCloudwatch,C_iforest_contextual,0.209328,0.5375331462052239,0.4148606811145511,1.0,0.5864332603938731,1.0,29.696321911348633,47.5,-32.77240052790472,-2.0,2.0
realAWSCloudwatch/ec2_cpu_utilization_53ea38.csv,realAWSCloudwatch,C_iforest_contextual,0.25,0.5285120749135219,0.37119113573407203,1.0,0.5414141414141415,1.0,30.601697579377554,47.5,-33.87993502462133,-2.0,2.0
realAWSCloudwatch/ec2_cpu_utilization_5f5533.csv,realAWSCloudwatch,A_rolling_zscore,0.0005,4.254152752541692,1.0,0.5,0.6666666666666666,0.5,0.0,700.0,-0.3509982435695854,-2.0,2.0
realAWSCloudwatch/ec2_cpu_utilization_5f5533.csv,realAWSCloudwatch,A_rolling_zscore,0.000597,4.218135721375471,1.0,0.5,0.6666666666666666,0.5,0.0,700.0,-0.3509982435695854,-2.0,2.0
realAWSCloudwatch/ec2_cpu_utilization_5f5533.csv,realAWSCloudwatch,A_rolling_zscore,0.000713,4.049107211051271,0.995049504950495,0.5,0.6655629139072847,0.5,0.09053756680289217,700.0,-0.4609982435695854,-2.0,2.0
realAWSCloudwatch/ec2_cpu_utilization_5f5533.csv,realAWSCloudwatch,A_rolling_zscore,0.000852,3.7897271499701493,0.995049504950495,0.5,0.6655629139072847,0.5,0.09053756680289217,700.0,-0.4609982435695854,-2.0,2.0
realAWSCloudwatch/ec2_cpu_utilization_5f5533.csv,realAWSCloudwatch,A_rolling_zscore,0.001017,3.619412488603186,0.9901477832512315,0.5,0.6644628099173554,0.5,0.18107513360578434,700.0,-0.5469969429065505,-2.0,2.0
realAWSCloudwatch/ec2_cpu_utilization_5f5533.csv,realAWSCloudwatch,A_rolling_zscore,0.001215,3.618558509102582,0.9901477832512315,0.5,0.6644628099173554,0.5,0.18107513360578434,700.0,-0.5469969429065505,-2.0,2.0
realAWSCloudwatch/ec2_cpu_utilization_5f5533.csv,realAWSCloudwatch,A_rolling_zscore,0.001451,3.5889574960334194,0.9852941176470589,0.5,0.6633663366336634,0.5,0.2716127004086765,700.0,-0.6567965116437824,-2.0,2.0
realAWSCloudwatch/ec2_cpu_utilization_5f5533.csv,realAWSCloudwatch,A_rolling_zscore,0.001733,3.5610121805470785,0.9804878048780488,0.5,0.6622734761120264,0.5,0.3621502672115687,700.0,-0.7667965116437824,-2.0,2.0
realAWSCloudwatch/ec2_cpu_utilization_5f5533.csv,realAWSCloudwatch,A_rolling_zscore,0.00207,3.5213884579919434,0.9757281553398058,0.5,0.6611842105263158,0.5,0.45268783401446083,700.0,-0.8767963691729268,-2.0,2.0
realAWSCloudwatch/ec2_cpu_utilization_5f5533.csv,realAWSCloudwatch,A_rolling_zscore,0.002472,3.460112463773593,0.9710144927536232,0.5,0.6600985221674878,0.5,0.543225400817353,700.0,-0.9693198883524515,-2.0,2.0
realAWSCloudwatch/ec2_cpu_utilization_5f5533.csv,realAWSCloudwatch,A_rolling_zscore,0.002952,3.3678647636495813,0.9617224880382775,0.5,0.6579378068739771,0.5,0.7243005344231374,700.0,-1.1594271627722668,-2.0,2.0
realAWSCloudwatch/ec2_cpu_utilization_5f5533.csv,realAWSCloudwatch,A_rolling_zscore,0.003525,3.341653002846046,0.9571428571428572,0.5,0.6568627450980392,0.5,0.8148381012260295,690.0,-1.2535503192213433,-2.0,2.0
realAWSCloudwatch/ec2_cpu_utilization_5f5533.csv,realAWSCloudwatch,A_rolling_zscore,0.00421,3.2928935096390117,0.9481132075471698,0.5,0.6547231270358306,0.5,0.9959132348318138,690.0,-1.4662611636209286,-2.0,2.0
realAWSCloudwatch/ec2_cpu_utilization_5f5533.csv,realAWSCloudwatch,A_rolling_zscore,0.005029,3.2276716604223243,0.9686746987951808,1.0,0.9840881272949816,1.0,1.086450801634706,595.0,0.28528963845466915,-2.0,2.0
realAWSCloudwatch/ec2_cpu_utilization_5f5533.csv,realAWSCloudwatch,A_rolling_zscore,0.006006,3.1880155806497594,0.9640287769784173,1.0,0.9816849816849816,1.0,1.2675259352404904,500.0,0.31610680771432587,-2.0,2.0
realAWSCloudwatch/ec2_cpu_utilization_5f5533.csv,realAWSCloudwatch,A_rolling_zscore,0.007173,3.1606887874363925,0.9571428571428572,1.0,0.9781021897810218,1.0,1.4486010688462747,500.0,0.09611107664522471,-2.0,2.0
realAWSCloudwatch/ec2_cpu_utilization_5f5533.csv,realAWSCloudwatch,A_rolling_zscore,0.008566,3.0632623107185153,0.9458823529411765,1.0,0.9721886336154777,1.0,1.9012889028607356,500.0,-0.45341978586104237,-2.0,2.0
realAWSCloudwatch/ec2_cpu_utilization_5f5533.csv,realAWSCloudwatch,A_rolling_zscore,0.010231,2.9887005160287976,0.9348837209302325,1.0,0.9663461538461539,1.0,2.3539767368751963,500.0,-1.0034182541646675,-2.0,2.0
realAWSCloudwatch/ec2_cpu_utilization_5f5533.csv,realAWSCloudwatch,A_rolling_zscore,0.012218,2.894597531832057,0.9220183486238532,1.0,0.9594272076372314,1.0,2.8972021376925494,500.0,-1.654852841361076,-2.0,2.0
realAWSCloudwatch/ec2_cpu_utilization_5f5533.csv,realAWSCloudwatch,A_rolling_zscore,0.014592,2.770088279393519,0.90744920993228,1.0,0.9514792899408284,1.0,3.5309651053127946,500.0,-2.4215406184093236,-2.0,2.0
realAWSCloudwatch/ec2_cpu_utilization_5f5533.csv,realAWSCloudwatch,A_rolling_zscore,0.017428,2.683986262798425,0.8933333333333333,1.0,0.9436619718309859,1.0,4.164728072933039,500.0,-3.1913164843588553,-2.0,2.0
realAWSCloudwatch/ec2_cpu_utilization_5f5533.csv,realAWSCloudwatch,A_rolling_zscore,0.020814,2.604559709134473,0.8758169934640523,1.0,0.9337979094076655,1.0,4.798491040553285,462.5,-3.9096406373744226,-2.0,2.0
realAWSCloudwatch/ec2_cpu_utilization_5f5533.csv,realAWSCloudwatch,A_rolling_zscore,0.024858,2.5084492969824894,0.8589743589743589,1.0,0.9241379310344827,1.0,5.43225400817353,120.0,-4.449989188491924,-2.0,2.0
realAWSCloudwatch/ec2_cpu_utilization_5f5533.csv,realAWSCloudwatch,A_rolling_zscore,0.029688,2.430377605039641,0.8357588357588358,1.0,0.9105322763306909,1.0,6.518704809808236,120.0,-5.766504869259059,-2.0,2.0
realAWSCloudwatch/ec2_cpu_utilization_5f5533.csv,realAWSCloudwatch,A_rolling_zscore,0.035456,2.36472719848658,0.8072289156626506,1.0,0.8933333333333333,1.0,7.8767683118516185,120.0,-7.353292013052267,-2.0,2.0
realAWSCloudwatch/ec2_cpu_utilization_5f5533.csv,realAWSCloudwatch,A_rolling_zscore,0.042345,2.273840546633056,0.7775628626692457,1.0,0.8748639825897715,1.0,9.234831813895001,120.0,-8.835974801008605,-2.0,2.0
realAWSCloudwatch/ec2_cpu_utilization_5f5533.csv,realAWSCloudwatch,A_rolling_zscore,0.050573,2.189691858615253,0.7472118959107806,1.0,0.8553191489361701,1.0,10.86450801634706,25.0,-10.69268669159872,-2.0,2.0
realAWSCloudwatch/ec2_cpu_utilization_5f5533.csv,realAWSCloudwatch,A_rolling_zscore,0.060399,2.113795648332214,0.7102473498233216,1.0,0.8305785123966942,1.0,12.49418421879912,7.5,-12.521780669828301,-2.0,2.0
realAWSCloudwatch/ec2_cpu_utilization_5f5533.csv,realAWSCloudwatch,A_rolling_zscore,0.072135,2.0252720250749126,0.6733668341708543,1.0,0.8048048048048049,1.0,14.304935554856963,7.5,-14.68060335900076,-2.0,2.0
realAWSCloudwatch/ec2_cpu_utilization_5f5533.csv,realAWSCloudwatch,A_rolling_zscore,0.086151,1.942567201890028,0.628125,1.0,0.7715930902111324,1.0,17.292675259352404,7.5,-18.125082409240992,-2.0,2.0
realAWSCloudwatch/ec2_cpu_utilization_5f5533.csv,realAWSCloudwatch,A_rolling_zscore,0.10289,1.874476982124487,0.5868613138686132,1.0,0.7396504139834407,1.0,19.375039295818926,7.5,-20.645644771040686,-2.0,2.0
realAWSCloudwatch/ec2_cpu_utilization_5f5533.csv,realAWSCloudwatch,A_rolling_zscore,0.122881,1.8003444855116018,0.543978349120433,1.0,0.7046450482033303,1.0,21.547940899088335,7.5,-23.27522464195469,-2.0,2.0
realAWSCloudwatch/ec2_cpu_utilization_5f5533.csv,realAWSCloudwatch,A_rolling_zscore,0.146757,1.7105832271098342,0.4987593052109181,1.0,0.6655629139072848,1.0,24.716755737189562,7.5,-26.93496293693341,-2.0,2.0
realAWSCloudwatch/ec2_cpu_utilization_5f5533.csv,realAWSCloudwatch,A_rolling_zscore,0.175272,1.5993922197342325,0.45629965947786605,1.0,0.6266562743569758,1.0,27.432882741276327,7.5,-30.23907463327516,-2.0,2.0
realAWSCloudwatch/ec2_cpu_utilization_5f5533.csv,realAWSCloudwatch,A_rolling_zscore,0.209328,1.4756442929843356,0.4131551901336074,1.0,0.5847272727272728,1.0,30.0584721785602,7.5,-33.42857219001241,-2.0,2.0
realAWSCloudwatch/ec2_cpu_utilization_5f5533.csv,realAWSCloudwatch,A_rolling_zscore,0.25,1.3331628525458281,0.3694852941176471,1.0,0.5395973154362416,1.0,31.507073247406474,7.5,-35.276636446668164,-2.0,2.0
realAWSCloudwatch/ec2_cpu_utilization_5f5533.csv,realAWSCloudwatch,B_iforest_raw,0.0005,0.7699340424311382,0.0,0.0,0.0,0.0,0.09053756680289217,,-2.11,-2.0,2.0
realAWSCloudwatch/ec2_cpu_utilization_5f5533.csv,realAWSCloudwatch,B_iforest_raw,0.000597,0.7699340424311382,0.0,0.0,0.0,0.0,0.09053756680289217,,-2.11,-2.0,2.0
realAWSCloudwatch/ec2_cpu_utilization_5f5533.csv,realAWSCloudwatch,B_iforest_raw,0.000713,0.7648417440840412,0.995049504950495,0.5,0.6655629139072847,0.5,0.09053756680289217,500.0,-0.24844919792440223,-2.0,2.0
realAWSCloudwatch/ec2_cpu_utilization_5f5533.csv,realAWSCloudwatch,B_iforest_raw,0.000852,0.7564418920217371,0.995049504950495,0.5,0.6655629139072847,0.5,0.09053756680289217,500.0,-0.24844919792440223,-2.0,2.0
realAWSCloudwatch/ec2_cpu_utilization_5f5533.csv,realAWSCloudwatch,B_iforest_raw,0.001017,0.7449184950248195,0.9975186104218362,1.0,0.9987577639751554,1.0,0.09053756680289217,600.0,1.4005525585060121,-2.0,2.0
realAWSCloudwatch/ec2_cpu_utilization_5f5533.csv,realAWSCloudwatch,B_iforest_raw,0.001215,0.728794053021582,0.9975186104218362,1.0,0.9987577639751554,1.0,0.09053756680289217,600.0,1.4005525585060121,-2.0,2.0
realAWSCloudwatch/ec2_cpu_utilization_5f5533.csv,realAWSCloudwatch,B_iforest_raw,0.001451,0.7214137896150484,0.9975186104218362,1.0,0.9987577639751554,1.0,0.09053756680289217,467.5,1.5095314972331828,-2.0,2.0
realAWSCloudwatch/ec2_cpu_utilization_5f5533.csv,realAWSCloudwatch,B_iforest_raw,0.001733,0.7189651146105122,0.995049504950495,1.0,0.9975186104218362,1.0,0.18107513360578434,467.5,1.3995314972331827,-2.0,2.0
realAWSCloudwatch/ec2_cpu_utilization_5f5533.csv,realAWSCloudwatch,B_iforest_raw,0.00207,0.7189651146105122,0.9925925925925926,1.0,0.996282527881041,1.0,0.2716127004086765,467.5,1.2918319726042047,-2.0,2.0
realAWSCloudwatch/ec2_cpu_utilization_5f5533.csv,realAWSCloudwatch,B_iforest_raw,0.002472,0.7189651146105122,0.9901477832512315,1.0,0.995049504950495,1.0,0.3621502672115687,467.5,1.1833793617783037,-2.0,2.0
realAWSCloudwatch/ec2_cpu_utilization_5f5533.csv,realAWSCloudwatch,B_iforest_raw,0.002952,0.7189651146105122,0.9852941176470589,1.0,0.9925925925925926,1.0,0.543225400817353,467.5,0.9634738030837783,-2.0,2.0
realAWSCloudwatch/ec2_cpu_utilization_5f5533.csv,realAWSCloudwatch,B_iforest_raw,0.003525,0.7189651146105122,0.9804878048780488,1.0,0.9901477832512315,1.0,0.7243005344231374,467.5,0.7434738030837783,-2.0,2.0
realAWSCloudwatch/ec2_cpu_utilization_5f5533.csv,realAWSCloudwatch,B_iforest_raw,0.00421,0.7189651146105122,0.9757281553398058,1.0,0.9877149877149877,1.0,0.9053756680289217,467.5,0.5234738030837783,-2.0,2.0
realAWSCloudwatch/ec2_cpu_utilization_5f5533.csv,realAWSCloudwatch,B_iforest_raw,0.005029,0.7189651146105122,0.9686746987951808,1.0,0.9840881272949816,1.0,1.1769883684375981,467.5,0.19347380308377837,-2.0,2.0
realAWSCloudwatch/ec2_cpu_utilization_5f5533.csv,realAWSCloudwatch,B_iforest_raw,0.006006,0.7189651146105122,0.9663461538461539,1.0,0.9828850855745722,1.0,1.2675259352404904,367.5,0.296022848728961,-2.0,2.0
realAWSCloudwatch/ec2_cpu_utilization_5f5533.csv,realAWSCloudwatch,B_iforest_raw,0.007173,0.7189651146105122,0.9663461538461539,1.0,0.9828850855745722,1.0,1.2675259352404904,367.5,0.296022848728961,-2.0,2.0
realAWSCloudwatch/ec2_cpu_utilization_5f5533.csv,realAWSCloudwatch,B_iforest_raw,0.008566,0.7189651146105122,0.9663461538461539,1.0,0.9828850855745722,1.0,1.2675259352404904,367.5,0.296022848728961,-2.0,2.0
realAWSCloudwatch/ec2_cpu_utilization_5f5533.csv,realAWSCloudwatch,B_iforest_raw,0.010231,0.7189651146105122,0.9663461538461539,1.0,0.9828850855745722,1.0,1.2675259352404904,367.5,0.296022848728961,-2.0,2.0
realAWSCloudwatch/ec2_cpu_utilization_5f5533.csv,realAWSCloudwatch,B_iforest_raw,0.012218,0.7189651146105122,0.9663461538461539,1.0,0.9828850855745722,1.0,1.2675259352404904,367.5,0.296022848728961,-2.0,2.0
realAWSCloudwatch/ec2_cpu_utilization_5f5533.csv,realAWSCloudwatch,B_iforest_raw,0.014592,0.7189651146105122,0.9663461538461539,1.0,0.9828850855745722,1.0,1.2675259352404904,367.5,0.296022848728961,-2.0,2.0
realAWSCloudwatch/ec2_cpu_utilization_5f5533.csv,realAWSCloudwatch,B_iforest_raw,0.017428,0.7189651146105122,0.9663461538461539,1.0,0.9828850855745722,1.0,1.2675259352404904,367.5,0.296022848728961,-2.0,2.0
realAWSCloudwatch/ec2_cpu_utilization_5f5533.csv,realAWSCloudwatch,B_iforest_raw,0.020814,0.7189651146105122,0.9663461538461539,1.0,0.9828850855745722,1.0,1.2675259352404904,367.5,0.296022848728961,-2.0,2.0
realAWSCloudwatch/ec2_cpu_utilization_5f5533.csv,realAWSCloudwatch,B_iforest_raw,0.024858,0.7189651146105122,0.9548693586698337,1.0,0.9769137302551639,1.0,1.2675259352404904,367.5,0.296022848728961,-2.0,2.0
realAWSCloudwatch/ec2_cpu_utilization_5f5533.csv,realAWSCloudwatch,B_iforest_raw,0.029688,0.7189651146105122,0.9220183486238532,1.0,0.9594272076372314,1.0,1.2675259352404904,367.5,0.296022848728961,-2.0,2.0
realAWSCloudwatch/ec2_cpu_utilization_5f5533.csv,realAWSCloudwatch,B_iforest_raw,0.035456,0.7189651146105122,0.8854625550660793,1.0,0.9392523364485982,1.0,1.3580635020433824,367.5,0.2462775528515896,-2.0,2.0
realAWSCloudwatch/ec2_cpu_utilization_5f5533.csv,realAWSCloudwatch,B_iforest_raw,0.042345,0.7189651146105122,0.8445378151260504,1.0,0.9157175398633257,1.0,1.3580635020433824,367.5,0.2462775528515896,-2.0,2.0
realAWSCloudwatch/ec2_cpu_utilization_5f5533.csv,realAWSCloudwatch,B_iforest_raw,0.050573,0.7189651146105122,0.8007968127490039,1.0,0.8893805309734513,1.0,1.3580635020433824,367.5,0.2462775528515896,-2.0,2.0
realAWSCloudwatch/ec2_cpu_utilization_5f5533.csv,realAWSCloudwatch,B_iforest_raw,0.060399,0.7189651146105122,0.7528089887640449,1.0,0.858974358974359,1.0,1.4486010688462747,367.5,0.14158549756347683,-2.0,2.0
realAWSCloudwatch/ec2_cpu_utilization_5f5533.csv,realAWSCloudwatch,B_iforest_raw,0.072135,0.7189651146105122,0.7040280210157618,1.0,0.8263103802672148,1.0,1.539138635649167,367.5,0.03321163665921886,-2.0,2.0
realAWSCloudwatch/ec2_cpu_utilization_5f5533.csv,realAWSCloudwatch,B_iforest_raw,0.086151,0.7189651146105122,0.6525974025974026,1.0,0.7897838899803536,1.0,1.7202137692549513,367.5,-0.186475103479876,-2.0,2.0
realAWSCloudwatch/ec2_cpu_utilization_5f5533.csv,realAWSCloudwatch,B_iforest_raw,0.10289,0.7189651146105122,0.600896860986547,1.0,0.7507002801120448,1.0,1.7202137692549513,367.5,-0.186475103479876,-2.0,2.0
realAWSCloudwatch/ec2_cpu_utilization_5f5533.csv,realAWSCloudwatch,B_iforest_raw,0.122881,0.7189651146105122,0.548431105047749,1.0,0.7083700440528634,1.0,1.9012889028607356,367.5,-0.40646624075988347,-2.0,2.0
realAWSCloudwatch/ec2_cpu_utilization_5f5533.csv,realAWSCloudwatch,B_iforest_raw,0.146757,0.7189651146105122,0.4975247524752475,1.0,0.6644628099173554,1.0,1.9918264696636276,367.5,-0.5164660710420368,-2.0,2.0
realAWSCloudwatch/ec2_cpu_utilization_5f5533.csv,realAWSCloudwatch,B_iforest_raw,0.175272,0.7189651146105122,0.4471635150166852,1.0,0.6179861644888547,1.0,2.0823640364665197,367.5,-0.6264660710420368,-2.0,2.0
realAWSCloudwatch/ec2_cpu_utilization_5f5533.csv,realAWSCloudwatch,B_iforest_raw,0.209328,0.7189651146105122,0.39880952380952384,1.0,0.5702127659574469,1.0,2.3539767368751963,367.5,-0.9564660710420367,-2.0,2.0
realAWSCloudwatch/ec2_cpu_utilization_5f5533.csv,realAWSCloudwatch,B_iforest_raw,0.25,0.6995770716478135,0.3541850220264317,1.0,0.5230969420949902,1.0,3.34988997170701,362.5,-2.155352003546001,-2.0,2.0
realAWSCloudwatch/ec2_cpu_utilization_5f5533.csv,realAWSCloudwatch,C_iforest_contextual,0.0005,0.6767451325946618,1.0,0.5,0.6666666666666666,0.5,0.0,700.0,-0.3509982435695854,-2.0,2.0
realAWSCloudwatch/ec2_cpu_utilization_5f5533.csv,realAWSCloudwatch,C_iforest_contextual,0.000597,0.6731288925941765,1.0,0.5,0.6666666666666666,0.5,0.0,700.0,-0.3509982435695854,-2.0,2.0
realAWSCloudwatch/ec2_cpu_utilization_5f5533.csv,realAWSCloudwatch,C_iforest_contextual,0.000713,0.6714491427457415,0.995049504950495,0.5,0.6655629139072847,0.5,0.09053756680289217,700.0,-0.4609982435695854,-2.0,2.0
realAWSCloudwatch/ec2_cpu_utilization_5f5533.csv,realAWSCloudwatch,C_iforest_contextual,0.000852,0.6706298033218854,0.995049504950495,0.5,0.6655629139072847,0.5,0.09053756680289217,700.0,-0.4609982435695854,-2.0,2.0
realAWSCloudwatch/ec2_cpu_utilization_5f5533.csv,realAWSCloudwatch,C_iforest_contextual,0.001017,0.6694860361509889,0.9975186104218362,1.0,0.9987577639751554,1.0,0.09053756680289217,600.0,1.4005525585060121,-2.0,2.0
realAWSCloudwatch/ec2_cpu_utilization_5f5533.csv,realAWSCloudwatch,C_iforest_contextual,0.001215,0.667860306516954,0.9975186104218362,1.0,0.9987577639751554,1.0,0.09053756680289217,600.0,1.4005525585060121,-2.0,2.0
realAWSCloudwatch/ec2_cpu_utilization_5f5533.csv,realAWSCloudwatch,C_iforest_contextual,0.001451,0.6624826812802643,0.9975186104218362,1.0,0.9987577639751554,1.0,0.09053756680289217,467.5,1.5095314972331828,-2.0,2.0
realAWSCloudwatch/ec2_cpu_utilization_5f5533.csv,realAWSCloudwatch,C_iforest_contextual,0.001733,0.6548877940320998,0.995049504950495,1.0,0.9975186104218362,1.0,0.18107513360578434,467.5,1.3995314972331827,-2.0,2.0
realAWSCloudwatch/ec2_cpu_utilization_5f5533.csv,realAWSCloudwatch,C_iforest_contextual,0.00207,0.6474974465783839,0.995049504950495,1.0,0.9975186104218362,1.0,0.18107513360578434,467.5,1.3995314972331827,-2.0,2.0
realAWSCloudwatch/ec2_cpu_utilization_5f5533.csv,realAWSCloudwatch,C_iforest_contextual,0.002472,0.6444045404760826,0.9925925925925926,1.0,0.996282527881041,1.0,0.2716127004086765,467.5,1.2895314972331826,-2.0,2.0
realAWSCloudwatch/ec2_cpu_utilization_5f5533.csv,realAWSCloudwatch,C_iforest_contextual,0.002952,0.641444010243316,0.9877149877149877,1.0,0.9938195302843016,1.0,0.45268783401446083,467.5,1.0695941214505986,-2.0,2.0
realAWSCloudwatch/ec2_cpu_utilization_5f5533.csv,realAWSCloudwatch,C_iforest_contextual,0.003525,0.6379360908491666,0.9852941176470589,1.0,0.9925925925925926,1.0,0.543225400817353,462.5,0.9742438364622201,-2.0,2.0
realAWSCloudwatch/ec2_cpu_utilization_5f5533.csv,realAWSCloudwatch,C_iforest_contextual,0.00421,0.6362088068813673,0.9804878048780488,1.0,0.9901477832512315,1.0,0.7243005344231374,462.5,0.75424383646222,-2.0,2.0
realAWSCloudwatch/ec2_cpu_utilization_5f5533.csv,realAWSCloudwatch,C_iforest_contextual,0.005029,0.6346866982904887,0.9733656174334141,1.0,0.9865030674846627,1.0,0.9959132348318138,462.5,0.4255940339545585,-2.0,2.0
realAWSCloudwatch/ec2_cpu_utilization_5f5533.csv,realAWSCloudwatch,C_iforest_contextual,0.006006,0.6289181290772189,0.9710144927536232,1.0,0.9852941176470589,1.0,1.086450801634706,367.5,0.5135036049430197,-2.0,2.0
realAWSCloudwatch/ec2_cpu_utilization_5f5533.csv,realAWSCloudwatch,C_iforest_contextual,0.007173,0.6271344215673381,0.9686746987951808,1.0,0.9840881272949816,1.0,1.1769883684375981,367.5,0.40350360494301973,-2.0,2.0
realAWSCloudwatch/ec2_cpu_utilization_5f5533.csv,realAWSCloudwatch,C_iforest_contextual,0.008566,0.6234723968731665,0.9617224880382775,1.0,0.9804878048780488,1.0,1.4486010688462747,367.5,0.07574786078998906,-2.0,2.0
realAWSCloudwatch/ec2_cpu_utilization_5f5533.csv,realAWSCloudwatch,C_iforest_contextual,0.010231,0.6191023165170735,0.950354609929078,1.0,0.9745454545454546,1.0,1.9012889028607356,367.5,-0.4669716922681212,-2.0,2.0
realAWSCloudwatch/ec2_cpu_utilization_5f5533.csv,realAWSCloudwatch,C_iforest_contextual,0.012218,0.6153871567045792,0.9414519906323185,1.0,0.9698431845597104,1.0,2.263439170072304,367.5,-0.9066744161559455,-2.0,2.0
realAWSCloudwatch/ec2_cpu_utilization_5f5533.csv,realAWSCloudwatch,C_iforest_contextual,0.014592,0.6133336745215772,0.9284064665127021,1.0,0.962874251497006,1.0,2.8066645708896574,367.5,-1.5042072024075128,-2.0,2.0
realAWSCloudwatch/ec2_cpu_utilization_5f5533.csv,realAWSCloudwatch,C_iforest_contextual,0.017428,0.6101781048956637,0.9095022624434389,1.0,0.9526066350710901,1.0,3.5309651053127946,367.5,-2.3415849712529084,-2.0,2.0
realAWSCloudwatch/ec2_cpu_utilization_5f5533.csv,realAWSCloudwatch,C_iforest_contextual,0.020814,0.6081384118427384,0.8953229398663697,1.0,0.944770857814336,1.0,4.164728072933039,307.5,-3.0757625628289116,-2.0,2.0
realAWSCloudwatch/ec2_cpu_utilization_5f5533.csv,realAWSCloudwatch,C_iforest_contextual,0.024858,0.6056770488035446,0.8796498905908097,1.0,0.9359720605355064,1.0,4.7079534737503925,302.5,-3.727851532415914,-2.0,2.0
realAWSCloudwatch/ec2_cpu_utilization_5f5533.csv,realAWSCloudwatch,C_iforest_contextual,0.029688,0.6026468592766648,0.8589743589743589,1.0,0.9241379310344827,1.0,5.522791574976423,147.5,-4.6047182762256345,-2.0,2.0
realAWSCloudwatch/ec2_cpu_utilization_5f5533.csv,realAWSCloudwatch,C_iforest_contextual,0.035456,0.6000891912175119,0.8357588357588358,1.0,0.9105322763306909,1.0,6.428167243005344,147.5,-5.568242587904704,-2.0,2.0
realAWSCloudwatch/ec2_cpu_utilization_5f5533.csv,realAWSCloudwatch,C_iforest_contextual,0.042345,0.597048949558141,0.8072289156626506,1.0,0.8933333333333333,1.0,7.243005344231373,147.5,-6.437595320305091,-2.0,2.0
realAWSCloudwatch/ec2_cpu_utilization_5f5533.csv,realAWSCloudwatch,C_iforest_contextual,0.050573,0.5935848334491367,0.7730769230769231,1.0,0.8720173535791758,1.0,8.691606413077649,147.5,-8.16314185749265,-2.0,2.0
realAWSCloudwatch/ec2_cpu_utilization_5f5533.csv,realAWSCloudwatch,C_iforest_contextual,0.060399,0.5916931861522381,0.7335766423357665,1.0,0.8463157894736842,1.0,10.592895315938383,147.5,-10.471176395926143,-2.0,2.0
realAWSCloudwatch/ec2_cpu_utilization_5f5533.csv,realAWSCloudwatch,C_iforest_contextual,0.072135,0.5892946783485892,0.6931034482758621,1.0,0.8187372708757639,1.0,12.584721785602012,145.0,-12.883475413250979,-2.0,2.0
realAWSCloudwatch/ec2_cpu_utilization_5f5533.csv,realAWSCloudwatch,C_iforest_contextual,0.086151,0.5868393361590276,0.6442307692307693,1.0,0.7836257309941521,1.0,14.66708582206853,145.0,-15.412464578089276,-2.0,2.0
realAWSCloudwatch/ec2_cpu_utilization_5f5533.csv,realAWSCloudwatch,C_iforest_contextual,0.10289,0.5837858580047295,0.5982142857142857,1.0,0.7486033519553073,1.0,16.115686890914805,50.0,-17.14011667053291,-2.0,2.0
realAWSCloudwatch/ec2_cpu_utilization_5f5533.csv,realAWSCloudwatch,C_iforest_contextual,0.122881,0.5804123907864457,0.5521978021978022,1.0,0.7115044247787611,1.0,17.92643822697265,50.0,-19.279729467105636,-2.0,2.0
realAWSCloudwatch/ec2_cpu_utilization_5f5533.csv,realAWSCloudwatch,C_iforest_contextual,0.146757,0.5762456079619087,0.5075757575757576,1.0,0.6733668341708543,1.0,20.280414963847846,50.0,-22.08144709629387,-2.0,2.0
realAWSCloudwatch/ec2_cpu_utilization_5f5533.csv,realAWSCloudwatch,C_iforest_contextual,0.175272,0.5733361654125158,0.459954233409611,1.0,0.6300940438871474,1.0,21.36686576548255,10.0,-23.30127277594201,-2.0,2.0
realAWSCloudwatch/ec2_cpu_utilization_5f5533.csv,realAWSCloudwatch,C_iforest_contextual,0.209328,0.5700943065699678,0.4127310061601643,1.0,0.5843023255813954,1.0,21.819553599497013,10.0,-23.646283273981734,-2.0,2.0
realAWSCloudwatch/ec2_cpu_utilization_5f5533.csv,realAWSCloudwatch,C_iforest_contextual,0.25,0.5666540568723601,0.36813186813186816,1.0,0.5381526104417671,1.0,21.27632819867966,10.0,-22.802482045247327,-2.0,2.0
realAWSCloudwatch/ec2_cpu_utilization_77c1ca.csv,realAWSCloudwatch,A_rolling_zscore,0.0005,50.0,0.0,0.0,0.0,0.0,0.09053756680289217,,-1.11,-1.0,1.0
realAWSCloudwatch/ec2_cpu_utilization_77c1ca.csv,realAWSCloudwatch,A_rolling_zscore,0.000597,50.0,0.0,0.0,0.0,0.0,0.09053756680289217,,-1.11,-1.0,1.0
realAWSCloudwatch/ec2_cpu_utilization_77c1ca.csv,realAWSCloudwatch,A_rolling_zscore,0.000713,50.0,0.0,0.0,0.0,0.0,0.18107513360578434,,-1.2200000000000002,-1.0,1.0
realAWSCloudwatch/ec2_cpu_utilization_77c1ca.csv,realAWSCloudwatch,A_rolling_zscore,0.000852,50.0,0.0,0.0,0.0,0.0,0.18107513360578434,,-1.2200000000000002,-1.0,1.0
realAWSCloudwatch/ec2_cpu_utilization_77c1ca.csv,realAWSCloudwatch,A_rolling_zscore,0.001017,50.0,0.0,0.0,0.0,0.0,0.2716127004086765,,-1.3300000000000003,-1.0,1.0
realAWSCloudwatch/ec2_cpu_utilization_77c1ca.csv,realAWSCloudwatch,A_rolling_zscore,0.001215,50.0,0.0,0.0,0.0,0.0,0.2716127004086765,,-1.3300000000000003,-1.0,1.0
realAWSCloudwatch/ec2_cpu_utilization_77c1ca.csv,realAWSCloudwatch,A_rolling_zscore,0.001451,50.0,0.0,0.0,0.0,0.0,0.3621502672115687,,-1.4400000000000004,-1.0,1.0
realAWSCloudwatch/ec2_cpu_utilization_77c1ca.csv,realAWSCloudwatch,A_rolling_zscore,0.001733,50.0,0.0,0.0,0.0,0.0,0.45268783401446083,,-1.5500000000000005,-1.0,1.0
realAWSCloudwatch/ec2_cpu_utilization_77c1ca.csv,realAWSCloudwatch,A_rolling_zscore,0.00207,50.0,0.0,0.0,0.0,0.0,0.543225400817353,,-1.6600000000000006,-1.0,1.0
realAWSCloudwatch/ec2_cpu_utilization_77c1ca.csv,realAWSCloudwatch,A_rolling_zscore,0.002472,50.0,0.0,0.0,0.0,0.0,0.6337629676202452,,-1.7700000000000007,-1.0,1.0
realAWSCloudwatch/ec2_cpu_utilization_77c1ca.csv,realAWSCloudwatch,A_rolling_zscore,0.002952,50.0,0.0,0.0,0.0,0.0,0.8148381012260295,,-1.9900000000000009,-1.0,1.0
realAWSCloudwatch/ec2_cpu_utilization_77c1ca.csv,realAWSCloudwatch,A_rolling_zscore,0.003525,50.0,0.9781553398058253,1.0,0.9889570552147239,1.0,0.8148381012260295,20.0,0.009314550455145149,-1.0,1.0
realAWSCloudwatch/ec2_cpu_utilization_77c1ca.csv,realAWSCloudwatch,A_rolling_zscore,0.00421,50.0,0.9781553398058253,1.0,0.9889570552147239,1.0,0.8148381012260295,20.0,0.009314550455145149,-1.0,1.0
realAWSCloudwatch/ec2_cpu_utilization_77c1ca.csv,realAWSCloudwatch,A_rolling_zscore,0.005029,50.0,0.9781553398058253,1.0,0.9889570552147239,1.0,0.8148381012260295,20.0,0.009314550455145149,-1.0,1.0
realAWSCloudwatch/ec2_cpu_utilization_77c1ca.csv,realAWSCloudwatch,A_rolling_zscore,0.006006,50.0,0.9710843373493976,1.0,0.9853300733496333,1.0,1.086450801634706,20.0,-0.1526133520897084,-1.0,1.0
realAWSCloudwatch/ec2_cpu_utilization_77c1ca.csv,realAWSCloudwatch,A_rolling_zscore,0.007173,50.0,0.9641148325358851,1.0,0.9817295980511571,1.0,1.2675259352404904,20.0,-0.35677168240383983,-1.0,1.0
realAWSCloudwatch/ec2_cpu_utilization_77c1ca.csv,realAWSCloudwatch,A_rolling_zscore,0.008566,50.0,0.9527186761229315,1.0,0.9757869249394674,1.0,1.7202137692549513,20.0,-0.8999503551164358,-1.0,1.0
realAWSCloudwatch/ec2_cpu_utilization_77c1ca.csv,realAWSCloudwatch,A_rolling_zscore,0.010231,50.0,0.9415887850467289,1.0,0.9699157641395909,1.0,2.172901603269412,20.0,-1.4499500466214426,-1.0,1.0
realAWSCloudwatch/ec2_cpu_utilization_77c1ca.csv,realAWSCloudwatch,A_rolling_zscore,0.012218,50.0,0.9285714285714286,1.0,0.962962962962963,1.0,2.716127004086765,20.0,-2.109950046621443,-1.0,1.0
realAWSCloudwatch/ec2_cpu_utilization_77c1ca.csv,realAWSCloudwatch,A_rolling_zscore,0.014592,31.953787721951343,0.9117647058823529,1.0,0.9538461538461539,1.0,3.4404275385099026,20.0,-2.9244530365785186,-1.0,1.0
realAWSCloudwatch/ec2_cpu_utilization_77c1ca.csv,realAWSCloudwatch,A_rolling_zscore,0.017428,19.52242802080394,0.8975501113585747,1.0,0.9460093896713615,1.0,3.802577805721471,20.0,-3.3639992051688,-1.0,1.0
realAWSCloudwatch/ec2_cpu_utilization_77c1ca.csv,realAWSCloudwatch,A_rolling_zscore,0.020814,12.468934060023706,0.8779956427015251,1.0,0.9350348027842227,1.0,4.164728072933039,20.0,-3.787819656424326,-1.0,1.0
realAWSCloudwatch/ec2_cpu_utilization_77c1ca.csv,realAWSCloudwatch,A_rolling_zscore,0.024858,9.309355295022376,0.8592750533049041,1.0,0.9243119266055045,1.0,4.798491040553285,20.0,-4.545079089386938,-1.0,1.0
realAWSCloudwatch/ec2_cpu_utilization_77c1ca.csv,realAWSCloudwatch,A_rolling_zscore,0.029688,6.26271676618216,0.8378378378378378,1.0,0.911764705882353,1.0,5.522791574976423,20.0,-5.347129705200123,-1.0,1.0
realAWSCloudwatch/ec2_cpu_utilization_77c1ca.csv,realAWSCloudwatch,A_rolling_zscore,0.035456,4.446044505167385,0.8108651911468813,1.0,0.8955555555555555,1.0,5.975479408990883,20.0,-5.82548038397049,-1.0,1.0
realAWSCloudwatch/ec2_cpu_utilization_77c1ca.csv,realAWSCloudwatch,A_rolling_zscore,0.042345,3.7621988350185696,0.7810077519379846,1.0,0.8770402611534277,1.0,6.790317510216913,20.0,-6.760788239785512,-1.0,1.0
realAWSCloudwatch/ec2_cpu_utilization_77c1ca.csv,realAWSCloudwatch,A_rolling_zscore,0.050573,3.2926451500393528,0.750465549348231,1.0,0.8574468085106383,1.0,7.605155611442942,20.0,-7.750663700897198,-1.0,1.0
realAWSCloudwatch/ec2_cpu_utilization_77c1ca.csv,realAWSCloudwatch,A_rolling_zscore,0.060399,2.9255703175717187,0.7196428571428571,1.0,0.8369678089304258,1.0,8.329456145866079,20.0,-8.52306672483479,-1.0,1.0
realAWSCloudwatch/ec2_cpu_utilization_77c1ca.csv,realAWSCloudwatch,A_rolling_zscore,0.072135,2.349121620286822,0.6795952782462057,1.0,0.8092369477911647,1.0,9.959132348318139,20.0,-10.455369544873909,-1.0,1.0
realAWSCloudwatch/ec2_cpu_utilization_77c1ca.csv,realAWSCloudwatch,A_rolling_zscore,0.086151,2.1417225765238506,0.6376582278481012,1.0,0.7787439613526569,1.0,12.584721785602012,20.0,-13.61105305917354,-1.0,1.0
realAWSCloudwatch/ec2_cpu_utilization_77c1ca.csv,realAWSCloudwatch,A_rolling_zscore,0.10289,1.8719537972003804,0.5943952802359882,1.0,0.7456059204440333,1.0,13.580635020433826,20.0,-14.748608989113764,-1.0,1.0
realAWSCloudwatch/ec2_cpu_utilization_77c1ca.csv,realAWSCloudwatch,A_rolling_zscore,0.122881,1.7546409969776864,0.5475543478260869,1.0,0.7076382791922738,1.0,16.2062244577177,20.0,-17.93837665088498,-1.0,1.0
realAWSCloudwatch/ec2_cpu_utilization_77c1ca.csv,realAWSCloudwatch,A_rolling_zscore,0.146757,1.68354252366544,0.49753086419753084,1.0,0.6644682605111294,1.0,19.55611442942471,20.0,-21.908416234504244,-1.0,1.0
realAWSCloudwatch/ec2_cpu_utilization_77c1ca.csv,realAWSCloudwatch,A_rolling_zscore,0.175272,1.5499431688480152,0.45027932960893857,1.0,0.6209553158705702,1.0,21.72901603269412,20.0,-24.53324864518593,-1.0,1.0
realAWSCloudwatch/ec2_cpu_utilization_77c1ca.csv,realAWSCloudwatch,A_rolling_zscore,0.209328,1.4044799204759337,0.4074823053589484,1.0,0.5790229885057471,1.0,23.630304935554857,20.0,-26.854068586698386,-1.0,1.0
realAWSCloudwatch/ec2_cpu_utilization_77c1ca.csv,realAWSCloudwatch,A_rolling_zscore,0.25,1.2703300771705508,0.3653671804170444,1.0,0.5351925630810093,1.0,24.082992769569316,20.0,-27.411339619186975,-1.0,1.0
realAWSCloudwatch/ec2_cpu_utilization_77c1ca.csv,realAWSCloudwatch,B_iforest_raw,0.0005,0.7535101217904782,1.0,1.0,1.0,1.0,0.0,465.0,0.9711698718078927,-1.0,1.0
realAWSCloudwatch/ec2_cpu_utilization_77c1ca.csv,realAWSCloudwatch,B_iforest_raw,0.000597,0.7534314659457141,1.0,1.0,1.0,1.0,0.0,465.0,0.9711698718078927,-1.0,1.0
realAWSCloudwatch/ec2_cpu_utilization_77c1ca.csv,realAWSCloudwatch,B_iforest_raw,0.000713,0.7533374263979162,1.0,1.0,1.0,1.0,0.0,465.0,0.9711698718078927,-1.0,1.0
realAWSCloudwatch/ec2_cpu_utilization_77c1ca.csv,realAWSCloudwatch,B_iforest_raw,0.000852,0.7532247515068471,1.0,1.0,1.0,1.0,0.0,465.0,0.9711698718078927,-1.0,1.0
realAWSCloudwatch/ec2_cpu_utilization_77c1ca.csv,realAWSCloudwatch,B_iforest_raw,0.001017,0.7531509051499187,1.0,1.0,1.0,1.0,0.0,245.0,0.9887877345520926,-1.0,1.0
realAWSCloudwatch/ec2_cpu_utilization_77c1ca.csv,realAWSCloudwatch,B_iforest_raw,0.001215,0.7531509051499187,1.0,1.0,1.0,1.0,0.0,245.0,0.9887877345520926,-1.0,1.0
realAWSCloudwatch/ec2_cpu_utilization_77c1ca.csv,realAWSCloudwatch,B_iforest_raw,0.001451,0.7531509051499187,0.9975247524752475,1.0,0.9987608426270136,1.0,0.09053756680289217,245.0,0.8787877345520926,-1.0,1.0
realAWSCloudwatch/ec2_cpu_utilization_77c1ca.csv,realAWSCloudwatch,B_iforest_raw,0.001733,0.7530203054423402,0.9950617283950617,1.0,0.9975247524752474,1.0,0.18107513360578434,245.0,0.7687877345520926,-1.0,1.0
realAWSCloudwatch/ec2_cpu_utilization_77c1ca.csv,realAWSCloudwatch,B_iforest_raw,0.00207,0.7528961624434012,0.9926108374384236,1.0,0.996291718170581,1.0,0.18107513360578434,245.0,0.7687877345520926,-1.0,1.0
realAWSCloudwatch/ec2_cpu_utilization_77c1ca.csv,realAWSCloudwatch,B_iforest_raw,0.002472,0.7528961624434012,0.9926108374384236,1.0,0.996291718170581,1.0,0.18107513360578434,245.0,0.7687877345520926,-1.0,1.0
realAWSCloudwatch/ec2_cpu_utilization_77c1ca.csv,realAWSCloudwatch,B_iforest_raw,0.002952,0.7526415059000232,0.9877450980392157,1.0,0.9938347718865598,1.0,0.3621502672115687,245.0,0.5487877345520926,-1.0,1.0
realAWSCloudwatch/ec2_cpu_utilization_77c1ca.csv,realAWSCloudwatch,B_iforest_raw,0.003525,0.7526415059000232,0.9877450980392157,1.0,0.9938347718865598,1.0,0.3621502672115687,40.0,0.5585947280377139,-1.0,1.0
realAWSCloudwatch/ec2_cpu_utilization_77c1ca.csv,realAWSCloudwatch,B_iforest_raw,0.00421,0.7523869354906413,0.9829268292682927,1.0,0.991389913899139,1.0,0.543225400817353,40.0,0.33859472803771395,-1.0,1.0
realAWSCloudwatch/ec2_cpu_utilization_77c1ca.csv,realAWSCloudwatch,B_iforest_raw,0.005029,0.7523869354906413,0.9757869249394673,1.0,0.9877450980392156,1.0,0.8148381012260295,40.0,0.12370947848131085,-1.0,1.0
realAWSCloudwatch/ec2_cpu_utilization_77c1ca.csv,realAWSCloudwatch,B_iforest_raw,0.006006,0.751623740775185,0.96875,1.0,0.9841269841269841,1.0,1.086450801634706,40.0,-0.20629052151868915,-1.0,1.0
realAWSCloudwatch/ec2_cpu_utilization_77c1ca.csv,realAWSCloudwatch,B_iforest_raw,0.007173,0.7511153744343408,0.9618138424821002,1.0,0.9805352798053527,1.0,1.3580635020433824,40.0,-0.5278081612301107,-1.0,1.0
realAWSCloudwatch/ec2_cpu_utilization_77c1ca.csv,realAWSCloudwatch,B_iforest_raw,0.008566,0.750607351930875,0.9504716981132075,1.0,0.9746070133010882,1.0,1.7202137692549513,40.0,-0.8945824532692883,-1.0,1.0
realAWSCloudwatch/ec2_cpu_utilization_77c1ca.csv,realAWSCloudwatch,B_iforest_raw,0.010231,0.750607351930875,0.9415887850467289,1.0,0.9699157641395909,1.0,2.0823640364665197,40.0,-1.2814444475551663,-1.0,1.0
realAWSCloudwatch/ec2_cpu_utilization_77c1ca.csv,realAWSCloudwatch,B_iforest_raw,0.012218,0.7500996730322306,0.9285714285714286,1.0,0.962962962962963,1.0,2.625589437283873,40.0,-1.9211879273281427,-1.0,1.0
realAWSCloudwatch/ec2_cpu_utilization_77c1ca.csv,realAWSCloudwatch,B_iforest_raw,0.014592,0.7490853451199639,0.9117647058823529,1.0,0.9538461538461539,1.0,3.078277271298334,40.0,-2.3873203497019686,-1.0,1.0
realAWSCloudwatch/ec2_cpu_utilization_77c1ca.csv,realAWSCloudwatch,B_iforest_raw,0.017428,0.7480723888402291,0.8955555555555555,1.0,0.9449003516998827,1.0,3.5309651053127946,40.0,-2.8968888737641936,-1.0,1.0
realAWSCloudwatch/ec2_cpu_utilization_77c1ca.csv,realAWSCloudwatch,B_iforest_raw,0.020814,0.7465026628465696,0.8760869565217392,1.0,0.9339513325608344,1.0,4.164728072933039,40.0,-3.6384947905809817,-1.0,1.0
realAWSCloudwatch/ec2_cpu_utilization_77c1ca.csv,realAWSCloudwatch,B_iforest_raw,0.024858,0.7450232601726327,0.8556263269639066,1.0,0.9221967963386728,1.0,4.7079534737503925,40.0,-4.1952061661699345,-1.0,1.0
realAWSCloudwatch/ec2_cpu_utilization_77c1ca.csv,realAWSCloudwatch,B_iforest_raw,0.029688,0.7421808610356069,0.8343685300207039,1.0,0.909706546275395,1.0,5.070103740961962,40.0,-4.621380864098184,-1.0,1.0
realAWSCloudwatch/ec2_cpu_utilization_77c1ca.csv,realAWSCloudwatch,B_iforest_raw,0.035456,0.7361318349673069,0.8108651911468813,1.0,0.8955555555555555,1.0,5.794404275385099,20.0,-5.498179251961411,-1.0,1.0
realAWSCloudwatch/ec2_cpu_utilization_77c1ca.csv,realAWSCloudwatch,B_iforest_raw,0.042345,0.7249398384454963,0.7810077519379846,1.0,0.8770402611534277,1.0,6.518704809808236,20.0,-6.427933049876591,-1.0,1.0
realAWSCloudwatch/ec2_cpu_utilization_77c1ca.csv,realAWSCloudwatch,B_iforest_raw,0.050573,0.7113834698720838,0.7546816479400749,1.0,0.8601921024546424,1.0,7.243005344231373,20.0,-7.255976110697785,-1.0,1.0
realAWSCloudwatch/ec2_cpu_utilization_77c1ca.csv,realAWSCloudwatch,B_iforest_raw,0.060399,0.7113834698720838,0.7132743362831858,1.0,0.8326446280991735,1.0,7.967305878654511,20.0,-8.105604325356499,-1.0,1.0
realAWSCloudwatch/ec2_cpu_utilization_77c1ca.csv,realAWSCloudwatch,B_iforest_raw,0.072135,0.6983634709056381,0.6716666666666666,1.0,0.8035892323030907,1.0,8.238918579063187,20.0,-8.465541459049987,-1.0,1.0
realAWSCloudwatch/ec2_cpu_utilization_77c1ca.csv,realAWSCloudwatch,B_iforest_raw,0.086151,0.6757749884612487,0.6356466876971609,1.0,0.7772420443587271,1.0,8.78214397988054,20.0,-9.114816800282314,-1.0,1.0
realAWSCloudwatch/ec2_cpu_utilization_77c1ca.csv,realAWSCloudwatch,B_iforest_raw,0.10289,0.6668831321309545,0.5952732644017725,1.0,0.7462962962962962,1.0,9.053756680289217,20.0,-9.445018235490691,-1.0,1.0
realAWSCloudwatch/ec2_cpu_utilization_77c1ca.csv,realAWSCloudwatch,B_iforest_raw,0.122881,0.652706540161168,0.5490463215258855,1.0,0.7088830255057167,1.0,8.329456145866079,20.0,-8.579514071158435,-1.0,1.0
realAWSCloudwatch/ec2_cpu_utilization_77c1ca.csv,realAWSCloudwatch,B_iforest_raw,0.146757,0.6410485814684902,0.5056461731493099,1.0,0.6716666666666666,1.0,7.7862307450487265,20.0,-8.004497528979591,-1.0,1.0
realAWSCloudwatch/ec2_cpu_utilization_77c1ca.csv,realAWSCloudwatch,B_iforest_raw,0.175272,0.614730031253411,0.4632183908045977,1.0,0.6331500392772977,1.0,7.243005344231373,20.0,-7.340907581601466,-1.0,1.0
realAWSCloudwatch/ec2_cpu_utilization_77c1ca.csv,realAWSCloudwatch,B_iforest_raw,0.209328,0.5452433683592735,0.42022940563086547,1.0,0.5917767988252569,1.0,7.7862307450487265,20.0,-7.957980252414465,-1.0,1.0
realAWSCloudwatch/ec2_cpu_utilization_77c1ca.csv,realAWSCloudwatch,B_iforest_raw,0.25,0.38380938659312747,0.3745353159851301,1.0,0.5449628127112914,1.0,13.309022320025148,20.0,-14.663396810214698,-1.0,1.0
realAWSCloudwatch/ec2_cpu_utilization_77c1ca.csv,realAWSCloudwatch,C_iforest_contextual,0.0005,0.7435705032202753,0.0,0.0,0.0,0.0,0.09053756680289217,,-1.11,-1.0,1.0
realAWSCloudwatch/ec2_cpu_utilization_77c1ca.csv,realAWSCloudwatch,C_iforest_contextual,0.000597,0.7404053653097846,0.0,0.0,0.0,0.0,0.09053756680289217,,-1.11,-1.0,1.0
realAWSCloudwatch/ec2_cpu_utilization_77c1ca.csv,realAWSCloudwatch,C_iforest_contextual,0.000713,0.7390773475899811,0.0,0.0,0.0,0.0,0.18107513360578434,,-1.2200000000000002,-1.0,1.0
realAWSCloudwatch/ec2_cpu_utilization_77c1ca.csv,realAWSCloudwatch,C_iforest_contextual,0.000852,0.7385947679986267,0.0,0.0,0.0,0.0,0.18107513360578434,,-1.2200000000000002,-1.0,1.0
realAWSCloudwatch/ec2_cpu_utilization_77c1ca.csv,realAWSCloudwatch,C_iforest_contextual,0.001017,0.738196639844344,0.0,0.0,0.0,0.0,0.2716127004086765,,-1.3300000000000003,-1.0,1.0
realAWSCloudwatch/ec2_cpu_utilization_77c1ca.csv,realAWSCloudwatch,C_iforest_contextual,0.001215,0.7379773437500531,0.0,0.0,0.0,0.0,0.2716127004086765,,-1.3300000000000003,-1.0,1.0
realAWSCloudwatch/ec2_cpu_utilization_77c1ca.csv,realAWSCloudwatch,C_iforest_contextual,0.001451,0.7376903798021749,0.0,0.0,0.0,0.0,0.3621502672115687,,-1.4400000000000004,-1.0,1.0
realAWSCloudwatch/ec2_cpu_utilization_77c1ca.csv,realAWSCloudwatch,C_iforest_contextual,0.001733,0.7374094374768223,0.0,0.0,0.0,0.0,0.45268783401446083,,-1.4609475924015214,-1.0,1.0
realAWSCloudwatch/ec2_cpu_utilization_77c1ca.csv,realAWSCloudwatch,C_iforest_contextual,0.00207,0.7368976697587912,0.9877450980392157,1.0,0.9938347718865598,1.0,0.45268783401446083,1635.0,-0.015604911700151686,-1.0,1.0
realAWSCloudwatch/ec2_cpu_utilization_77c1ca.csv,realAWSCloudwatch,C_iforest_contextual,0.002472,0.7354287085679642,0.9853300733496333,1.0,0.9926108374384237,1.0,0.543225400817353,1635.0,-0.1256049117001517,-1.0,1.0
realAWSCloudwatch/ec2_cpu_utilization_77c1ca.csv,realAWSCloudwatch,C_iforest_contextual,0.002952,0.7280046026689577,0.9805352798053528,1.0,0.9901719901719902,1.0,0.7243005344231374,1635.0,-0.3456049117001517,-1.0,1.0
realAWSCloudwatch/ec2_cpu_utilization_77c1ca.csv,realAWSCloudwatch,C_iforest_contextual,0.003525,0.7216528868616975,0.9757869249394673,1.0,0.9877450980392156,1.0,0.9053756680289217,1635.0,-0.5609906721659909,-1.0,1.0
realAWSCloudwatch/ec2_cpu_utilization_77c1ca.csv,realAWSCloudwatch,C_iforest_contextual,0.00421,0.71231622079403,0.9710843373493976,1.0,0.9853300733496333,1.0,1.086450801634706,1635.0,-0.7807831444414589,-1.0,1.0
realAWSCloudwatch/ec2_cpu_utilization_77c1ca.csv,realAWSCloudwatch,C_iforest_contextual,0.005029,0.7085359150621526,0.9664268585131894,1.0,0.9829268292682927,1.0,1.2675259352404904,465.0,-0.4749558614917184,-1.0,1.0
realAWSCloudwatch/ec2_cpu_utilization_77c1ca.csv,realAWSCloudwatch,C_iforest_contextual,0.006006,0.7035198223198675,0.9618138424821002,1.0,0.9805352798053527,1.0,1.4486010688462747,20.0,-0.6668108980058162,-1.0,1.0
realAWSCloudwatch/ec2_cpu_utilization_77c1ca.csv,realAWSCloudwatch,C_iforest_contextual,0.007173,0.7005764848815913,0.9549763033175356,1.0,0.9769696969696969,1.0,1.7202137692549513,20.0,-0.9968108980058161,-1.0,1.0
realAWSCloudwatch/ec2_cpu_utilization_77c1ca.csv,realAWSCloudwatch,C_iforest_contextual,0.008566,0.6957238327457187,0.9460093896713615,1.0,0.9722557297949337,1.0,2.0823640364665197,20.0,-1.3998334058612638,-1.0,1.0
realAWSCloudwatch/ec2_cpu_utilization_77c1ca.csv,realAWSCloudwatch,C_iforest_contextual,0.010231,0.6936574286261358,0.9393939393939394,1.0,0.96875,1.0,2.3539767368751963,20.0,-1.676695558475715,-1.0,1.0
realAWSCloudwatch/ec2_cpu_utilization_77c1ca.csv,realAWSCloudwatch,C_iforest_contextual,0.012218,0.6882922225498315,0.9328703703703703,1.0,0.9652694610778444,1.0,2.625589437283873,20.0,-1.9993001661825776,-1.0,1.0
realAWSCloudwatch/ec2_cpu_utilization_77c1ca.csv,realAWSCloudwatch,C_iforest_contextual,0.014592,0.68209799093825,0.9200913242009132,1.0,0.9583828775267539,1.0,3.168814838101226,20.0,-2.659300166182577,-1.0,1.0
realAWSCloudwatch/ec2_cpu_utilization_77c1ca.csv,realAWSCloudwatch,C_iforest_contextual,0.017428,0.6718124122857315,0.9035874439461884,1.0,0.9493521790341579,1.0,3.712040238918579,20.0,-3.3096472196625646,-1.0,1.0
realAWSCloudwatch/ec2_cpu_utilization_77c1ca.csv,realAWSCloudwatch,C_iforest_contextual,0.020814,0.6622649876640866,0.8857142857142857,1.0,0.9393939393939393,1.0,4.164728072933039,20.0,-3.8573485116813515,-1.0,1.0
realAWSCloudwatch/ec2_cpu_utilization_77c1ca.csv,realAWSCloudwatch,C_iforest_contextual,0.024858,0.6546030347316927,0.8722943722943723,1.0,0.9317919075144508,1.0,4.526878340144608,20.0,-4.28122615991698,-1.0,1.0
realAWSCloudwatch/ec2_cpu_utilization_77c1ca.csv,realAWSCloudwatch,C_iforest_contextual,0.029688,0.6479049171359309,0.848421052631579,1.0,0.9179954441913439,1.0,5.251178874567746,20.0,-5.0518418393544815,-1.0,1.0
realAWSCloudwatch/ec2_cpu_utilization_77c1ca.csv,realAWSCloudwatch,C_iforest_contextual,0.035456,0.639235221834389,0.8191056910569106,1.0,0.900558659217877,1.0,5.794404275385099,20.0,-5.636102751642133,-1.0,1.0
realAWSCloudwatch/ec2_cpu_utilization_77c1ca.csv,realAWSCloudwatch,C_iforest_contextual,0.042345,0.6322863541533436,0.787109375,1.0,0.8808743169398907,1.0,6.609242376611128,20.0,-6.518268232593332,-1.0,1.0
realAWSCloudwatch/ec2_cpu_utilization_77c1ca.csv,realAWSCloudwatch,C_iforest_contextual,0.050573,0.6272001845138385,0.7589453860640302,1.0,0.8629550321199143,1.0,7.243005344231373,20.0,-7.266251243860735,-1.0,1.0
realAWSCloudwatch/ec2_cpu_utilization_77c1ca.csv,realAWSCloudwatch,C_iforest_contextual,0.060399,0.6215683756008161,0.7222222222222222,1.0,0.8387096774193548,1.0,7.695693178245834,20.0,-7.696482573376181,-1.0,1.0
realAWSCloudwatch/ec2_cpu_utilization_77c1ca.csv,realAWSCloudwatch,C_iforest_contextual,0.072135,0.6151597029731677,0.686541737649063,1.0,0.8141414141414142,1.0,7.967305878654511,20.0,-7.939286032227753,-1.0,1.0
realAWSCloudwatch/ec2_cpu_utilization_77c1ca.csv,realAWSCloudwatch,C_iforest_contextual,0.086151,0.608112470289077,0.6489533011272142,1.0,0.787109375,1.0,7.7862307450487265,20.0,-7.851572308839756,-1.0,1.0
realAWSCloudwatch/ec2_cpu_utilization_77c1ca.csv,realAWSCloudwatch,C_iforest_contextual,0.10289,0.5998723364725081,0.6152671755725191,1.0,0.7618147448015123,1.0,7.8767683118516185,20.0,-7.968776272417473,-1.0,1.0
realAWSCloudwatch/ec2_cpu_utilization_77c1ca.csv,realAWSCloudwatch,C_iforest_contextual,0.122881,0.5882209897620794,0.5798561151079137,1.0,0.7340619307832422,1.0,8.510531279471865,20.0,-8.724085788405832,-1.0,1.0
realAWSCloudwatch/ec2_cpu_utilization_77c1ca.csv,realAWSCloudwatch,C_iforest_contextual,0.146757,0.575062425565049,0.5288713910761155,1.0,0.6918454935622317,1.0,7.967305878654511,20.0,-8.209488869127718,-1.0,1.0
realAWSCloudwatch/ec2_cpu_utilization_77c1ca.csv,realAWSCloudwatch,C_iforest_contextual,0.175272,0.5592495217740044,0.4757969303423849,1.0,0.6448,1.0,7.7862307450487265,20.0,-8.005129200029462,-1.0,1.0
realAWSCloudwatch/ec2_cpu_utilization_77c1ca.csv,realAWSCloudwatch,C_iforest_contextual,0.209328,0.5416210119851976,0.4291799787007455,1.0,0.6005961251862891,1.0,8.148381012260295,20.0,-8.445335180799397,-1.0,1.0
realAWSCloudwatch/ec2_cpu_utilization_77c1ca.csv,realAWSCloudwatch,C_iforest_contextual,0.25,0.5258954520143185,0.38601532567049807,1.0,0.5570145127850725,1.0,7.152467777428481,20.0,-7.2961762994362855,-1.0,1.0
realAWSCloudwatch/ec2_cpu_utilization_825cc2.csv,realAWSCloudwatch,A_rolling_zscore,0.0005,12.847201508039495,0.0,0.0,0.0,0.0,0.09050911376492772,,-1.022975573412828,-1.0,1.0
realAWSCloudwatch/ec2_cpu_utilization_825cc2.csv,realAWSCloudwatch,A_rolling_zscore,0.000597,10.747025796062044,0.0,0.0,0.0,0.0,0.09050911376492772,,-1.022975573412828,-1.0,1.0
realAWSCloudwatch/ec2_cpu_utilization_825cc2.csv,realAWSCloudwatch,A_rolling_zscore,0.000713,9.84975709526194,0.997093023255814,1.0,0.9985443959243085,1.0,0.09050911376492772,1205.0,0.6168075444967294,-1.0,1.0
realAWSCloudwatch/ec2_cpu_utilization_825cc2.csv,realAWSCloudwatch,A_rolling_zscore,0.000852,9.50301809157537,0.997093023255814,1.0,0.9985443959243085,1.0,0.09050911376492772,1205.0,0.6168075444967294,-1.0,1.0
realAWSCloudwatch/ec2_cpu_utilization_825cc2.csv,realAWSCloudwatch,A_rolling_zscore,0.001017,8.698029072913485,0.997093023255814,1.0,0.9985443959243085,1.0,0.09050911376492772,500.0,0.9335622668707345,-1.0,1.0
realAWSCloudwatch/ec2_cpu_utilization_825cc2.csv,realAWSCloudwatch,A_rolling_zscore,0.001215,7.1501033023136085,0.997093023255814,1.0,0.9985443959243085,1.0,0.09050911376492772,500.0,0.9335622668707345,-1.0,1.0
realAWSCloudwatch/ec2_cpu_utilization_825cc2.csv,realAWSCloudwatch,A_rolling_zscore,0.001451,6.258352226951808,0.997093023255814,1.0,0.9985443959243085,1.0,0.09050911376492772,500.0,0.9335622668707345,-1.0,1.0
realAWSCloudwatch/ec2_cpu_utilization_825cc2.csv,realAWSCloudwatch,A_rolling_zscore,0.001733,5.857672760114012,0.997093023255814,1.0,0.9985443959243085,1.0,0.09050911376492772,500.0,0.9335622668707345,-1.0,1.0
realAWSCloudwatch/ec2_cpu_utilization_825cc2.csv,realAWSCloudwatch,A_rolling_zscore,0.00207,5.805615226238323,0.997093023255814,1.0,0.9985443959243085,1.0,0.09050911376492772,500.0,0.9335622668707345,-1.0,1.0
realAWSCloudwatch/ec2_cpu_utilization_825cc2.csv,realAWSCloudwatch,A_rolling_zscore,0.002472,5.166555661564633,0.997093023255814,1.0,0.9985443959243085,1.0,0.09050911376492772,390.0,0.9488869072976334,-1.0,1.0
realAWSCloudwatch/ec2_cpu_utilization_825cc2.csv,realAWSCloudwatch,A_rolling_zscore,0.002952,4.9982546347360515,0.9913294797687862,1.0,0.9956458635703919,1.0,0.2715273412947832,390.0,0.7288869072976334,-1.0,1.0
realAWSCloudwatch/ec2_cpu_utilization_825cc2.csv,realAWSCloudwatch,A_rolling_zscore,0.003525,4.841469953416305,0.985632183908046,1.0,0.9927641099855282,1.0,0.4525455688246386,390.0,0.5708774738901597,-1.0,1.0
realAWSCloudwatch/ec2_cpu_utilization_825cc2.csv,realAWSCloudwatch,A_rolling_zscore,0.00421,4.758579434992425,0.98,1.0,0.98989898989899,1.0,0.633563796354494,390.0,0.3508774738901599,-1.0,1.0
realAWSCloudwatch/ec2_cpu_utilization_825cc2.csv,realAWSCloudwatch,A_rolling_zscore,0.005029,4.514653337589183,0.9716713881019831,1.0,0.985632183908046,1.0,0.9050911376492772,390.0,0.021802049742827276,-1.0,1.0
realAWSCloudwatch/ec2_cpu_utilization_825cc2.csv,realAWSCloudwatch,A_rolling_zscore,0.006006,4.319963207624357,0.9634831460674157,1.0,0.9814020028612304,1.0,1.1766184789440604,390.0,-0.29769913521758923,-1.0,1.0
realAWSCloudwatch/ec2_cpu_utilization_825cc2.csv,realAWSCloudwatch,A_rolling_zscore,0.007173,4.075613861222823,0.9554317548746518,1.0,0.9772079772079773,1.0,1.4481458202388435,390.0,-0.6276991352175894,-1.0,1.0
realAWSCloudwatch/ec2_cpu_utilization_825cc2.csv,realAWSCloudwatch,A_rolling_zscore,0.008566,3.883788215962794,0.9449035812672176,1.0,0.9716713881019831,1.0,1.8101822752985544,390.0,-1.0676991352175893,-1.0,1.0
realAWSCloudwatch/ec2_cpu_utilization_825cc2.csv,realAWSCloudwatch,A_rolling_zscore,0.010231,3.768615711179688,0.9320652173913043,1.0,0.9648382559774965,1.0,2.1722187303582654,390.0,-1.3559261011332389,-1.0,1.0
realAWSCloudwatch/ec2_cpu_utilization_825cc2.csv,realAWSCloudwatch,A_rolling_zscore,0.012218,3.5857305151493515,0.9171122994652406,1.0,0.9567642956764296,1.0,2.7152734129478318,390.0,-2.015926101133239,-1.0,1.0
realAWSCloudwatch/ec2_cpu_utilization_825cc2.csv,realAWSCloudwatch,A_rolling_zscore,0.014592,3.4519169832022953,0.9002624671916011,1.0,0.9475138121546961,1.0,3.3488372093023258,390.0,-2.640865564950336,-1.0,1.0
realAWSCloudwatch/ec2_cpu_utilization_825cc2.csv,realAWSCloudwatch,A_rolling_zscore,0.017428,3.3496570894200595,0.8886010362694301,1.0,0.9410150891632373,1.0,3.8013827781269645,245.0,-3.1766813679821055,-1.0,1.0
realAWSCloudwatch/ec2_cpu_utilization_825cc2.csv,realAWSCloudwatch,A_rolling_zscore,0.020814,3.198908053930464,0.8705583756345178,1.0,0.9308005427408413,1.0,4.344437460716531,125.0,-3.7194923144708962,-1.0,1.0
realAWSCloudwatch/ec2_cpu_utilization_825cc2.csv,realAWSCloudwatch,A_rolling_zscore,0.024858,3.0321801874599554,0.849009900990099,1.0,0.9183400267737617,1.0,5.249528598365808,125.0,-4.816664482668337,-1.0,1.0
realAWSCloudwatch/ec2_cpu_utilization_825cc2.csv,realAWSCloudwatch,A_rolling_zscore,0.029688,2.8950670738459556,0.8225419664268585,1.0,0.9026315789473685,1.0,6.426147077309868,125.0,-6.246130152511909,-1.0,1.0
realAWSCloudwatch/ec2_cpu_utilization_825cc2.csv,realAWSCloudwatch,A_rolling_zscore,0.035456,2.732870024829404,0.792147806004619,1.0,0.8840206185567011,1.0,7.693274670018856,125.0,-7.7351596570514864,-1.0,1.0
realAWSCloudwatch/ec2_cpu_utilization_825cc2.csv,realAWSCloudwatch,A_rolling_zscore,0.042345,2.591255287609579,0.7588495575221239,1.0,0.8628930817610063,1.0,8.779384035197989,105.0,-9.031093686149545,-1.0,1.0
realAWSCloudwatch/ec2_cpu_utilization_825cc2.csv,realAWSCloudwatch,A_rolling_zscore,0.050573,2.4544153396967268,0.7205882352941176,1.0,0.8376068376068375,1.0,10.408548082966687,105.0,-11.001578320600265,-1.0,1.0
realAWSCloudwatch/ec2_cpu_utilization_825cc2.csv,realAWSCloudwatch,A_rolling_zscore,0.060399,2.2988629855564415,0.6805555555555556,1.0,0.8099173553719008,1.0,12.580766813324953,20.0,-13.618968171828215,-1.0,1.0
realAWSCloudwatch/ec2_cpu_utilization_825cc2.csv,realAWSCloudwatch,A_rolling_zscore,0.072135,2.156545037546868,0.6351851851851852,1.0,0.7768969422423555,1.0,14.752985543683218,20.0,-16.224245025127725,-1.0,1.0
realAWSCloudwatch/ec2_cpu_utilization_825cc2.csv,realAWSCloudwatch,A_rolling_zscore,0.086151,2.0378727381441406,0.5903614457831325,1.0,0.7424242424242424,1.0,16.563167818981775,20.0,-18.315057837672274,-1.0,1.0
realAWSCloudwatch/ec2_cpu_utilization_825cc2.csv,realAWSCloudwatch,A_rolling_zscore,0.10289,1.9165121922834305,0.5444444444444444,1.0,0.7050359712230216,1.0,18.554368321810184,20.0,-20.70807288729963,-1.0,1.0
realAWSCloudwatch/ec2_cpu_utilization_825cc2.csv,realAWSCloudwatch,A_rolling_zscore,0.122881,1.8014056108246757,0.4971014492753623,1.0,0.6640851887705712,1.0,20.36455059710874,20.0,-22.89775504874096,-1.0,1.0
realAWSCloudwatch/ec2_cpu_utilization_825cc2.csv,realAWSCloudwatch,A_rolling_zscore,0.146757,1.6742372155836012,0.4507227332457293,1.0,0.6213768115942029,1.0,21.993714644877436,20.0,-24.820300845571925,-1.0,1.0
realAWSCloudwatch/ec2_cpu_utilization_825cc2.csv,realAWSCloudwatch,A_rolling_zscore,0.175272,1.545999345633481,0.40639810426540285,1.0,0.5779275484414491,1.0,23.984915147705845,15.0,-27.234123881579947,-1.0,1.0
realAWSCloudwatch/ec2_cpu_utilization_825cc2.csv,realAWSCloudwatch,A_rolling_zscore,0.209328,1.4117117741214946,0.36143308746048475,1.0,0.5309597523219814,1.0,26.066624764299185,15.0,-29.803585379075674,-1.0,1.0
realAWSCloudwatch/ec2_cpu_utilization_825cc2.csv,realAWSCloudwatch,A_rolling_zscore,0.25,1.2834319996069141,0.3211610486891386,1.0,0.4861800141743445,1.0,26.70018856065368,15.0,-30.62078893671594,-1.0,1.0
realAWSCloudwatch/ec2_cpu_utilization_825cc2.csv,realAWSCloudwatch,B_iforest_raw,0.0005,0.7843542688906779,0.0,0.0,0.0,0.0,0.09050911376492772,,-1.11,-1.0,1.0
realAWSCloudwatch/ec2_cpu_utilization_825cc2.csv,realAWSCloudwatch,B_iforest_raw,0.000597,0.7843542688906779,0.0,0.0,0.0,0.0,0.09050911376492772,,-1.11,-1.0,1.0
realAWSCloudwatch/ec2_cpu_utilization_825cc2.csv,realAWSCloudwatch,B_iforest_raw,0.000713,0.7843542688906779,0.997093023255814,1.0,0.9985443959243085,1.0,0.09050911376492772,500.0,0.8465378402835625,-1.0,1.0
realAWSCloudwatch/ec2_cpu_utilization_825cc2.csv,realAWSCloudwatch,B_iforest_raw,0.000852,0.7843542688906779,0.997093023255814,1.0,0.9985443959243085,1.0,0.09050911376492772,500.0,0.8465378402835625,-1.0,1.0
realAWSCloudwatch/ec2_cpu_utilization_825cc2.csv,realAWSCloudwatch,B_iforest_raw,0.001017,0.7843542688906779,0.997093023255814,1.0,0.9985443959243085,1.0,0.09050911376492772,500.0,0.8465378402835625,-1.0,1.0
realAWSCloudwatch/ec2_cpu_utilization_825cc2.csv,realAWSCloudwatch,B_iforest_raw,0.001215,0.7843542688906779,0.997093023255814,1.0,0.9985443959243085,1.0,0.09050911376492772,500.0,0.8465378402835625,-1.0,1.0
realAWSCloudwatch/ec2_cpu_utilization_825cc2.csv,realAWSCloudwatch,B_iforest_raw,0.001451,0.7843542688906779,0.997093023255814,1.0,0.9985443959243085,1.0,0.09050911376492772,500.0,0.8465378402835625,-1.0,1.0
realAWSCloudwatch/ec2_cpu_utilization_825cc2.csv,realAWSCloudwatch,B_iforest_raw,0.001733,0.7843542688906779,0.997093023255814,1.0,0.9985443959243085,1.0,0.09050911376492772,500.0,0.8465378402835625,-1.0,1.0
realAWSCloudwatch/ec2_cpu_utilization_825cc2.csv,realAWSCloudwatch,B_iforest_raw,0.00207,0.7843542688906779,0.997093023255814,1.0,0.9985443959243085,1.0,0.09050911376492772,500.0,0.8465378402835625,-1.0,1.0
realAWSCloudwatch/ec2_cpu_utilization_825cc2.csv,realAWSCloudwatch,B_iforest_raw,0.002472,0.7843542688906779,0.997093023255814,1.0,0.9985443959243085,1.0,0.09050911376492772,500.0,0.8465378402835625,-1.0,1.0
realAWSCloudwatch/ec2_cpu_utilization_825cc2.csv,realAWSCloudwatch,B_iforest_raw,0.002952,0.7843542688906779,0.997093023255814,1.0,0.9985443959243085,1.0,0.09050911376492772,500.0,0.8465378402835625,-1.0,1.0
realAWSCloudwatch/ec2_cpu_utilization_825cc2.csv,realAWSCloudwatch,B_iforest_raw,0.003525,0.7843542688906779,0.997093023255814,1.0,0.9985443959243085,1.0,0.09050911376492772,500.0,0.8465378402835625,-1.0,1.0
realAWSCloudwatch/ec2_cpu_utilization_825cc2.csv,realAWSCloudwatch,B_iforest_raw,0.00421,0.7843542688906779,0.997093023255814,1.0,0.9985443959243085,1.0,0.09050911376492772,500.0,0.8465378402835625,-1.0,1.0
realAWSCloudwatch/ec2_cpu_utilization_825cc2.csv,realAWSCloudwatch,B_iforest_raw,0.005029,0.7843542688906779,0.997093023255814,1.0,0.9985443959243085,1.0,0.09050911376492772,500.0,0.8465378402835625,-1.0,1.0
realAWSCloudwatch/ec2_cpu_utilization_825cc2.csv,realAWSCloudwatch,B_iforest_raw,0.006006,0.7843542688906779,0.997093023255814,1.0,0.9985443959243085,1.0,0.09050911376492772,500.0,0.8465378402835625,-1.0,1.0
realAWSCloudwatch/ec2_cpu_utilization_825cc2.csv,realAWSCloudwatch,B_iforest_raw,0.007173,0.7843542688906779,0.997093023255814,1.0,0.9985443959243085,1.0,0.09050911376492772,500.0,0.8465378402835625,-1.0,1.0
realAWSCloudwatch/ec2_cpu_utilization_825cc2.csv,realAWSCloudwatch,B_iforest_raw,0.008566,0.7843542688906779,0.997093023255814,1.0,0.9985443959243085,1.0,0.09050911376492772,500.0,0.8465378402835625,-1.0,1.0
realAWSCloudwatch/ec2_cpu_utilization_825cc2.csv,realAWSCloudwatch,B_iforest_raw,0.010231,0.7843542688906779,0.997093023255814,1.0,0.9985443959243085,1.0,0.09050911376492772,500.0,0.8465378402835625,-1.0,1.0
realAWSCloudwatch/ec2_cpu_utilization_825cc2.csv,realAWSCloudwatch,B_iforest_raw,0.012218,0.7843542688906779,0.997093023255814,1.0,0.9985443959243085,1.0,0.09050911376492772,500.0,0.8465378402835625,-1.0,1.0
realAWSCloudwatch/ec2_cpu_utilization_825cc2.csv,realAWSCloudwatch,B_iforest_raw,0.014592,0.7843542688906779,0.997093023255814,1.0,0.9985443959243085,1.0,0.09050911376492772,500.0,0.8465378402835625,-1.0,1.0
realAWSCloudwatch/ec2_cpu_utilization_825cc2.csv,realAWSCloudwatch,B_iforest_raw,0.017428,0.7843542688906779,0.997093023255814,1.0,0.9985443959243085,1.0,0.09050911376492772,500.0,0.8465378402835625,-1.0,1.0
realAWSCloudwatch/ec2_cpu_utilization_825cc2.csv,realAWSCloudwatch,B_iforest_raw,0.020814,0.7843542688906779,0.997093023255814,1.0,0.9985443959243085,1.0,0.09050911376492772,500.0,0.8465378402835625,-1.0,1.0
realAWSCloudwatch/ec2_cpu_utilization_825cc2.csv,realAWSCloudwatch,B_iforest_raw,0.024858,0.7843542688906779,0.997093023255814,1.0,0.9985443959243085,1.0,0.09050911376492772,500.0,0.8465378402835625,-1.0,1.0
realAWSCloudwatch/ec2_cpu_utilization_825cc2.csv,realAWSCloudwatch,B_iforest_raw,0.029688,0.7843542688906779,0.997093023255814,1.0,0.9985443959243085,1.0,0.09050911376492772,500.0,0.8465378402835625,-1.0,1.0
realAWSCloudwatch/ec2_cpu_utilization_825cc2.csv,realAWSCloudwatch,B_iforest_raw,0.035456,0.7843542688906779,0.997093023255814,1.0,0.9985443959243085,1.0,0.09050911376492772,500.0,0.8465378402835625,-1.0,1.0
realAWSCloudwatch/ec2_cpu_utilization_825cc2.csv,realAWSCloudwatch,B_iforest_raw,0.042345,0.7843542688906779,0.9371584699453552,1.0,0.9675599435825106,1.0,0.09050911376492772,500.0,0.8465378402835625,-1.0,1.0
realAWSCloudwatch/ec2_cpu_utilization_825cc2.csv,realAWSCloudwatch,B_iforest_raw,0.050573,0.7843542688906779,0.875,1.0,0.9333333333333333,1.0,1.0861093651791327,500.0,0.03495612369288781,-1.0,1.0
realAWSCloudwatch/ec2_cpu_utilization_825cc2.csv,realAWSCloudwatch,B_iforest_raw,0.060399,0.7843542688906779,0.8089622641509434,1.0,0.8943937418513689,1.0,2.9868007542426147,500.0,-2.1720963624970357,-1.0,1.0
realAWSCloudwatch/ec2_cpu_utilization_825cc2.csv,realAWSCloudwatch,B_iforest_raw,0.072135,0.7843542688906779,0.7440347071583514,1.0,0.8532338308457711,1.0,5.249528598365808,500.0,-4.921973026321354,-1.0,1.0
realAWSCloudwatch/ec2_cpu_utilization_825cc2.csv,realAWSCloudwatch,B_iforest_raw,0.086151,0.777748698946036,0.6792079207920793,1.0,0.8089622641509434,1.0,7.874292897548711,500.0,-8.115455038720052,-1.0,1.0
realAWSCloudwatch/ec2_cpu_utilization_825cc2.csv,realAWSCloudwatch,B_iforest_raw,0.10289,0.7665169849444241,0.6157989228007181,1.0,0.7622222222222222,1.0,9.50345694531741,500.0,-10.12933464804209,-1.0,1.0
realAWSCloudwatch/ec2_cpu_utilization_825cc2.csv,realAWSCloudwatch,B_iforest_raw,0.122881,0.7631533897288815,0.5532258064516129,1.0,0.7123572170301142,1.0,10.589566310496544,430.0,-11.43845166371683,-1.0,1.0
realAWSCloudwatch/ec2_cpu_utilization_825cc2.csv,realAWSCloudwatch,B_iforest_raw,0.146757,0.7447812503988201,0.4942363112391931,1.0,0.6615236258437802,1.0,11.494657448145821,430.0,-12.49918848324018,-1.0,1.0
realAWSCloudwatch/ec2_cpu_utilization_825cc2.csv,realAWSCloudwatch,B_iforest_raw,0.175272,0.7243875269883187,0.438058748403576,1.0,0.6092362344582594,1.0,12.037712130735388,430.0,-13.157906102293953,-1.0,1.0
realAWSCloudwatch/ec2_cpu_utilization_825cc2.csv,realAWSCloudwatch,B_iforest_raw,0.209328,0.7047372063680413,0.38626126126126126,1.0,0.5572705117790414,1.0,12.218730358265242,430.0,-13.409497900949887,-1.0,1.0
realAWSCloudwatch/ec2_cpu_utilization_825cc2.csv,realAWSCloudwatch,B_iforest_raw,0.25,0.6633005722619995,0.3399405351833499,1.0,0.507396449704142,1.0,12.671275927089882,430.0,-14.001192880572088,-1.0,1.0
realAWSCloudwatch/ec2_cpu_utilization_825cc2.csv,realAWSCloudwatch,C_iforest_contextual,0.0005,0.7180271495739629,0.0,0.0,0.0,0.0,0.09050911376492772,,-1.0024118940736975,-1.0,1.0
realAWSCloudwatch/ec2_cpu_utilization_825cc2.csv,realAWSCloudwatch,C_iforest_contextual,0.000597,0.717847865887268,0.0,0.0,0.0,0.0,0.09050911376492772,,-1.0024118940736975,-1.0,1.0
realAWSCloudwatch/ec2_cpu_utilization_825cc2.csv,realAWSCloudwatch,C_iforest_contextual,0.000713,0.7177306078781651,0.997093023255814,1.0,0.9985443959243085,1.0,0.09050911376492772,1365.0,0.4740703493674303,-1.0,1.0
realAWSCloudwatch/ec2_cpu_utilization_825cc2.csv,realAWSCloudwatch,C_iforest_contextual,0.000852,0.7176339357690565,0.997093023255814,1.0,0.9985443959243085,1.0,0.09050911376492772,1365.0,0.4740703493674303,-1.0,1.0
realAWSCloudwatch/ec2_cpu_utilization_825cc2.csv,realAWSCloudwatch,C_iforest_contextual,0.001017,0.7175132448132303,0.997093023255814,1.0,0.9985443959243085,1.0,0.09050911376492772,1305.0,0.5402397104553848,-1.0,1.0
realAWSCloudwatch/ec2_cpu_utilization_825cc2.csv,realAWSCloudwatch,C_iforest_contextual,0.001215,0.7173596342027349,0.997093023255814,1.0,0.9985443959243085,1.0,0.09050911376492772,1305.0,0.5402397104553848,-1.0,1.0
realAWSCloudwatch/ec2_cpu_utilization_825cc2.csv,realAWSCloudwatch,C_iforest_contextual,0.001451,0.7171080076027462,0.997093023255814,1.0,0.9985443959243085,1.0,0.09050911376492772,1210.0,0.632906710866067,-1.0,1.0
realAWSCloudwatch/ec2_cpu_utilization_825cc2.csv,realAWSCloudwatch,C_iforest_contextual,0.001733,0.7169011370157188,0.997093023255814,1.0,0.9985443959243085,1.0,0.09050911376492772,1210.0,0.632906710866067,-1.0,1.0
realAWSCloudwatch/ec2_cpu_utilization_825cc2.csv,realAWSCloudwatch,C_iforest_contextual,0.00207,0.7163749974577871,0.997093023255814,1.0,0.9985443959243085,1.0,0.09050911376492772,1210.0,0.632906710866067,-1.0,1.0
realAWSCloudwatch/ec2_cpu_utilization_825cc2.csv,realAWSCloudwatch,C_iforest_contextual,0.002472,0.7140345475213548,0.9942028985507246,1.0,0.9970930232558141,1.0,0.18101822752985544,1210.0,0.6208934138221617,-1.0,1.0
realAWSCloudwatch/ec2_cpu_utilization_825cc2.csv,realAWSCloudwatch,C_iforest_contextual,0.002952,0.7129877336023542,0.9942028985507246,1.0,0.9970930232558141,1.0,0.18101822752985544,1210.0,0.6208934138221617,-1.0,1.0
realAWSCloudwatch/ec2_cpu_utilization_825cc2.csv,realAWSCloudwatch,C_iforest_contextual,0.003525,0.7102179484258718,0.9942028985507246,1.0,0.9970930232558141,1.0,0.18101822752985544,570.0,0.9296439292054524,-1.0,1.0
realAWSCloudwatch/ec2_cpu_utilization_825cc2.csv,realAWSCloudwatch,C_iforest_contextual,0.00421,0.6987985848068734,0.9884726224783862,1.0,0.9942028985507246,1.0,0.2715273412947832,570.0,0.9082109845636858,-1.0,1.0
realAWSCloudwatch/ec2_cpu_utilization_825cc2.csv,realAWSCloudwatch,C_iforest_contextual,0.005029,0.6944338015520971,0.985632183908046,1.0,0.9927641099855282,1.0,0.3620364550597109,570.0,0.7982109845636858,-1.0,1.0
realAWSCloudwatch/ec2_cpu_utilization_825cc2.csv,realAWSCloudwatch,C_iforest_contextual,0.006006,0.6889351223411617,0.9828080229226361,1.0,0.9913294797687862,1.0,0.3620364550597109,570.0,0.7982109845636858,-1.0,1.0
realAWSCloudwatch/ec2_cpu_utilization_825cc2.csv,realAWSCloudwatch,C_iforest_contextual,0.007173,0.6839599039284577,0.9772079772079773,1.0,0.9884726224783863,1.0,0.5430546825895664,570.0,0.5782109845636858,-1.0,1.0
realAWSCloudwatch/ec2_cpu_utilization_825cc2.csv,realAWSCloudwatch,C_iforest_contextual,0.008566,0.6792841661193841,0.9689265536723164,1.0,0.9842180774748924,1.0,0.8145820238843495,500.0,0.26078027584131425,-1.0,1.0
realAWSCloudwatch/ec2_cpu_utilization_825cc2.csv,realAWSCloudwatch,C_iforest_contextual,0.010231,0.670016421663161,0.9554317548746518,1.0,0.9772079772079773,1.0,1.1766184789440604,500.0,-0.17921908471587683,-1.0,1.0
realAWSCloudwatch/ec2_cpu_utilization_825cc2.csv,realAWSCloudwatch,C_iforest_contextual,0.012218,0.6649344499987443,0.9449035812672176,1.0,0.9716713881019831,1.0,1.4481458202388435,500.0,-0.44722779934294843,-1.0,1.0
realAWSCloudwatch/ec2_cpu_utilization_825cc2.csv,realAWSCloudwatch,C_iforest_contextual,0.014592,0.6615352233070008,0.9346049046321526,1.0,0.9661971830985916,1.0,1.7196731615336267,430.0,-0.6634854025317057,-1.0,1.0
realAWSCloudwatch/ec2_cpu_utilization_825cc2.csv,realAWSCloudwatch,C_iforest_contextual,0.017428,0.6575403835221018,0.9245283018867925,1.0,0.9607843137254902,1.0,1.9912005028284099,430.0,-0.9575545885607102,-1.0,1.0
realAWSCloudwatch/ec2_cpu_utilization_825cc2.csv,realAWSCloudwatch,C_iforest_contextual,0.020814,0.6544396804801704,0.9074074074074074,1.0,0.9514563106796117,1.0,2.4437460716530484,430.0,-1.4999742964812082,-1.0,1.0
realAWSCloudwatch/ec2_cpu_utilization_825cc2.csv,realAWSCloudwatch,C_iforest_contextual,0.024858,0.649980810820754,0.884020618556701,1.0,0.9384404924760602,1.0,3.1678189817724705,430.0,-2.1390577647598246,-1.0,1.0
realAWSCloudwatch/ec2_cpu_utilization_825cc2.csv,realAWSCloudwatch,C_iforest_contextual,0.029688,0.6462099051462753,0.8575,1.0,0.9232839838492598,1.0,3.710873664362037,430.0,-2.8117190543427513,-1.0,1.0
realAWSCloudwatch/ec2_cpu_utilization_825cc2.csv,realAWSCloudwatch,C_iforest_contextual,0.035456,0.6424215997139207,0.8265060240963855,1.0,0.9050131926121372,1.0,4.434946574481458,430.0,-3.682745013576928,-1.0,1.0
realAWSCloudwatch/ec2_cpu_utilization_825cc2.csv,realAWSCloudwatch,C_iforest_contextual,0.042345,0.6361788629451716,0.792147806004619,1.0,0.8840206185567011,1.0,5.4305468258956635,430.0,-4.873436773512575,-1.0,1.0
realAWSCloudwatch/ec2_cpu_utilization_825cc2.csv,realAWSCloudwatch,C_iforest_contextual,0.050573,0.6308758524694846,0.7538461538461538,1.0,0.8596491228070176,1.0,6.335637963544941,430.0,-6.070404929964515,-1.0,1.0
realAWSCloudwatch/ec2_cpu_utilization_825cc2.csv,realAWSCloudwatch,C_iforest_contextual,0.060399,0.62784053573105,0.7236286919831224,1.0,0.839657282741738,1.0,7.059710873664362,390.0,-6.822450027162586,-1.0,1.0
realAWSCloudwatch/ec2_cpu_utilization_825cc2.csv,realAWSCloudwatch,C_iforest_contextual,0.072135,0.6232149940040753,0.6887550200803213,1.0,0.8156956004756242,1.0,7.693274670018856,390.0,-7.8160048081781905,-1.0,1.0
realAWSCloudwatch/ec2_cpu_utilization_825cc2.csv,realAWSCloudwatch,C_iforest_contextual,0.086151,0.6197540550359513,0.6673151750972762,1.0,0.8004667444574096,1.0,7.874292897548711,390.0,-8.040046832571983,-1.0,1.0
realAWSCloudwatch/ec2_cpu_utilization_825cc2.csv,realAWSCloudwatch,C_iforest_contextual,0.10289,0.613226589559603,0.6282051282051282,1.0,0.7716535433070866,1.0,8.598365807668134,390.0,-9.020140837317115,-1.0,1.0
realAWSCloudwatch/ec2_cpu_utilization_825cc2.csv,realAWSCloudwatch,C_iforest_contextual,0.122881,0.6039129996673732,0.5650741350906096,1.0,0.7221052631578948,1.0,9.593966059082339,245.0,-10.290651884412938,-1.0,1.0
realAWSCloudwatch/ec2_cpu_utilization_825cc2.csv,realAWSCloudwatch,C_iforest_contextual,0.146757,0.5956866993174044,0.507396449704142,1.0,0.6732090284592739,1.0,11.585166561910748,245.0,-12.710812347606822,-1.0,1.0
realAWSCloudwatch/ec2_cpu_utilization_825cc2.csv,realAWSCloudwatch,C_iforest_contextual,0.175272,0.5864705301703186,0.45013123359580054,1.0,0.6208144796380091,1.0,12.490257699560026,245.0,-13.772514433453017,-1.0,1.0
realAWSCloudwatch/ec2_cpu_utilization_825cc2.csv,realAWSCloudwatch,C_iforest_contextual,0.209328,0.5800567358425435,0.3965317919075145,1.0,0.5678807947019868,1.0,13.757385292269014,245.0,-15.327840849522913,-1.0,1.0
realAWSCloudwatch/ec2_cpu_utilization_825cc2.csv,realAWSCloudwatch,C_iforest_contextual,0.25,0.5716807822716747,0.3475177304964539,1.0,0.5157894736842106,1.0,13.576367064739157,20.0,-15.27585052393053,-1.0,1.0
realAWSCloudwatch/ec2_cpu_utilization_ac20cd.csv,realAWSCloudwatch,A_rolling_zscore,0.0005,5.875169271927462,1.0,1.0,1.0,1.0,0.0,955.0,0.8773127770158184,-1.0,1.0
realAWSCloudwatch/ec2_cpu_utilization_ac20cd.csv,realAWSCloudwatch,A_rolling_zscore,0.000597,5.546485065591346,1.0,1.0,1.0,1.0,0.0,955.0,0.8773127770158184,-1.0,1.0
realAWSCloudwatch/ec2_cpu_utilization_ac20cd.csv,realAWSCloudwatch,A_rolling_zscore,0.000713,5.405926906125788,1.0,1.0,1.0,1.0,0.0,955.0,0.8773127770158184,-1.0,1.0
realAWSCloudwatch/ec2_cpu_utilization_ac20cd.csv,realAWSCloudwatch,A_rolling_zscore,0.000852,5.351442183719037,1.0,1.0,1.0,1.0,0.0,955.0,0.8773127770158184,-1.0,1.0
realAWSCloudwatch/ec2_cpu_utilization_ac20cd.csv,realAWSCloudwatch,A_rolling_zscore,0.001017,5.2419128304295075,1.0,1.0,1.0,1.0,0.0,245.0,0.9887877345520926,-1.0,1.0
realAWSCloudwatch/ec2_cpu_utilization_ac20cd.csv,realAWSCloudwatch,A_rolling_zscore,0.001215,5.044126928908415,1.0,1.0,1.0,1.0,0.0,245.0,0.9887877345520926,-1.0,1.0
realAWSCloudwatch/ec2_cpu_utilization_ac20cd.csv,realAWSCloudwatch,A_rolling_zscore,0.001451,4.952671349985692,0.9975247524752475,1.0,0.9987608426270136,1.0,0.0903954802259887,245.0,0.8787877345520926,-1.0,1.0
realAWSCloudwatch/ec2_cpu_utilization_ac20cd.csv,realAWSCloudwatch,A_rolling_zscore,0.001733,4.919743883297025,0.9950617283950617,1.0,0.9975247524752474,1.0,0.1807909604519774,245.0,0.7687877345520926,-1.0,1.0
realAWSCloudwatch/ec2_cpu_utilization_ac20cd.csv,realAWSCloudwatch,A_rolling_zscore,0.00207,4.864269113193233,0.9926108374384236,1.0,0.996291718170581,1.0,0.2711864406779661,245.0,0.6587877345520926,-1.0,1.0
realAWSCloudwatch/ec2_cpu_utilization_ac20cd.csv,realAWSCloudwatch,A_rolling_zscore,0.002472,4.755250213144066,0.9901719901719902,1.0,0.9950617283950617,1.0,0.3615819209039548,245.0,0.620145754973021,-1.0,1.0
realAWSCloudwatch/ec2_cpu_utilization_ac20cd.csv,realAWSCloudwatch,A_rolling_zscore,0.002952,4.459354675294434,0.9853300733496333,1.0,0.9926108374384237,1.0,0.5423728813559322,245.0,0.4100018595745055,-1.0,1.0
realAWSCloudwatch/ec2_cpu_utilization_ac20cd.csv,realAWSCloudwatch,A_rolling_zscore,0.003525,4.352230357812126,0.9853300733496333,1.0,0.9926108374384237,1.0,0.5423728813559322,245.0,0.4100018595745055,-1.0,1.0
realAWSCloudwatch/ec2_cpu_utilization_ac20cd.csv,realAWSCloudwatch,A_rolling_zscore,0.00421,4.187301941174278,0.9805352798053528,1.0,0.9901719901719902,1.0,0.7231638418079096,245.0,0.19000185957450563,-1.0,1.0
realAWSCloudwatch/ec2_cpu_utilization_ac20cd.csv,realAWSCloudwatch,A_rolling_zscore,0.005029,4.123541388471233,0.9757869249394673,1.0,0.9877450980392156,1.0,0.903954802259887,245.0,-0.02999814042549437,-1.0,1.0
realAWSCloudwatch/ec2_cpu_utilization_ac20cd.csv,realAWSCloudwatch,A_rolling_zscore,0.006006,4.013342683993041,0.96875,1.0,0.9841269841269841,1.0,1.1751412429378532,245.0,-0.3599981404254944,-1.0,1.0
realAWSCloudwatch/ec2_cpu_utilization_ac20cd.csv,realAWSCloudwatch,A_rolling_zscore,0.007173,3.9113799680486427,0.9641148325358851,1.0,0.9817295980511571,1.0,1.3559322033898304,245.0,-0.5642435291453474,-1.0,1.0
realAWSCloudwatch/ec2_cpu_utilization_ac20cd.csv,realAWSCloudwatch,A_rolling_zscore,0.008566,3.696401848089357,0.9549763033175356,1.0,0.9769696969696969,1.0,1.7175141242937852,245.0,-0.9443202030032086,-1.0,1.0
realAWSCloudwatch/ec2_cpu_utilization_ac20cd.csv,realAWSCloudwatch,A_rolling_zscore,0.010231,3.6106253250199773,0.9437939110070258,1.0,0.9710843373493977,1.0,2.169491525423729,245.0,-1.4745165613833269,-1.0,1.0
realAWSCloudwatch/ec2_cpu_utilization_ac20cd.csv,realAWSCloudwatch,A_rolling_zscore,0.012218,3.528959281792819,0.9328703703703703,1.0,0.9652694610778444,1.0,2.531073446327684,245.0,-1.883402476093445,-1.0,1.0
realAWSCloudwatch/ec2_cpu_utilization_ac20cd.csv,realAWSCloudwatch,A_rolling_zscore,0.014592,3.3967577650450473,0.9179954441913439,1.0,0.9572446555819477,1.0,3.073446327683616,245.0,-2.5269044934837233,-1.0,1.0
realAWSCloudwatch/ec2_cpu_utilization_ac20cd.csv,realAWSCloudwatch,A_rolling_zscore,0.017428,3.1940036586668756,0.8995535714285714,1.0,0.9471210340775558,1.0,3.7966101694915255,245.0,-3.2854741696431917,-1.0,1.0
realAWSCloudwatch/ec2_cpu_utilization_ac20cd.csv,realAWSCloudwatch,A_rolling_zscore,0.020814,3.03735961066049,0.8799126637554585,1.0,0.9361207897793263,1.0,4.610169491525424,245.0,-4.27547416964319,-1.0,1.0
realAWSCloudwatch/ec2_cpu_utilization_ac20cd.csv,realAWSCloudwatch,A_rolling_zscore,0.024858,2.8511807368718194,0.8611111111111112,1.0,0.9253731343283582,1.0,5.423728813559322,245.0,-5.21283599261777,-1.0,1.0
realAWSCloudwatch/ec2_cpu_utilization_ac20cd.csv,realAWSCloudwatch,A_rolling_zscore,0.029688,2.7070873409948524,0.8360995850622407,1.0,0.9107344632768362,1.0,6.508474576271187,245.0,-6.532835992617774,-1.0,1.0
realAWSCloudwatch/ec2_cpu_utilization_ac20cd.csv,realAWSCloudwatch,A_rolling_zscore,0.035456,2.599713933108599,0.8076152304609219,1.0,0.893569844789357,1.0,7.593220338983051,245.0,-7.852835992617778,-1.0,1.0
realAWSCloudwatch/ec2_cpu_utilization_ac20cd.csv,realAWSCloudwatch,A_rolling_zscore,0.042345,2.476312972662415,0.7810077519379846,1.0,0.8770402611534277,1.0,8.677966101694915,245.0,-9.171825814486846,-1.0,1.0
realAWSCloudwatch/ec2_cpu_utilization_ac20cd.csv,realAWSCloudwatch,A_rolling_zscore,0.050573,2.3745567769476157,0.744916820702403,1.0,0.853813559322034,1.0,10.576271186440678,245.0,-11.376611349117047,-1.0,1.0
realAWSCloudwatch/ec2_cpu_utilization_ac20cd.csv,realAWSCloudwatch,A_rolling_zscore,0.060399,2.2475892243577733,0.7082601054481547,1.0,0.8292181069958847,1.0,12.655367231638419,5.0,-13.930233880671747,-1.0,1.0
realAWSCloudwatch/ec2_cpu_utilization_ac20cd.csv,realAWSCloudwatch,A_rolling_zscore,0.072135,2.104830734567164,0.6672185430463576,1.0,0.8003972194637536,1.0,14.824858757062147,5.0,-16.570233880671733,-1.0,1.0
realAWSCloudwatch/ec2_cpu_utilization_ac20cd.csv,realAWSCloudwatch,A_rolling_zscore,0.086151,2.014051753843338,0.6228748068006182,1.0,0.7676190476190476,1.0,16.72316384180791,5.0,-18.77493325675146,-1.0,1.0
realAWSCloudwatch/ec2_cpu_utilization_ac20cd.csv,realAWSCloudwatch,A_rolling_zscore,0.10289,1.9281467524170852,0.5815295815295816,1.0,0.7354014598540146,1.0,18.80225988700565,5.0,-21.288146225157096,-1.0,1.0
realAWSCloudwatch/ec2_cpu_utilization_ac20cd.csv,realAWSCloudwatch,A_rolling_zscore,0.122881,1.7876683066980947,0.5409395973154363,1.0,0.7020905923344948,1.0,20.971751412429377,5.0,-23.842711718953705,-1.0,1.0
realAWSCloudwatch/ec2_cpu_utilization_ac20cd.csv,realAWSCloudwatch,A_rolling_zscore,0.146757,1.6585434482616692,0.49753086419753084,1.0,0.6644682605111294,1.0,23.864406779661017,5.0,-27.327393309142487,-1.0,1.0
realAWSCloudwatch/ec2_cpu_utilization_ac20cd.csv,realAWSCloudwatch,A_rolling_zscore,0.175272,1.5184624160228133,0.4553672316384181,1.0,0.6257763975155279,1.0,26.214689265536723,5.0,-29.94126628860448,-1.0,1.0
realAWSCloudwatch/ec2_cpu_utilization_ac20cd.csv,realAWSCloudwatch,A_rolling_zscore,0.209328,1.4031700809419994,0.4108053007135576,1.0,0.5823699421965318,1.0,27.661016949152543,5.0,-31.41499837086291,-1.0,1.0
realAWSCloudwatch/ec2_cpu_utilization_ac20cd.csv,realAWSCloudwatch,A_rolling_zscore,0.25,1.2592884183842186,0.36837294332723947,1.0,0.5384101536406146,1.0,28.384180790960453,5.0,-32.2285246288579,-1.0,1.0
realAWSCloudwatch/ec2_cpu_utilization_ac20cd.csv,realAWSCloudwatch,B_iforest_raw,0.0005,0.7998960606250983,1.0,1.0,1.0,1.0,0.0,1020.0,0.8606718242697022,-1.0,1.0
realAWSCloudwatch/ec2_cpu_utilization_ac20cd.csv,realAWSCloudwatch,B_iforest_raw,0.000597,0.7998960606250983,1.0,1.0,1.0,1.0,0.0,1020.0,0.8606718242697022,-1.0,1.0
realAWSCloudwatch/ec2_cpu_utilization_ac20cd.csv,realAWSCloudwatch,B_iforest_raw,0.000713,0.7998960606250983,1.0,1.0,1.0,1.0,0.0,1020.0,0.8606718242697022,-1.0,1.0
realAWSCloudwatch/ec2_cpu_utilization_ac20cd.csv,realAWSCloudwatch,B_iforest_raw,0.000852,0.7998960606250983,1.0,1.0,1.0,1.0,0.0,1020.0,0.8606718242697022,-1.0,1.0
realAWSCloudwatch/ec2_cpu_utilization_ac20cd.csv,realAWSCloudwatch,B_iforest_raw,0.001017,0.7998960606250983,1.0,1.0,1.0,1.0,0.0,1020.0,0.8606718242697022,-1.0,1.0
realAWSCloudwatch/ec2_cpu_utilization_ac20cd.csv,realAWSCloudwatch,B_iforest_raw,0.001215,0.7998960606250983,1.0,1.0,1.0,1.0,0.0,1020.0,0.8606718242697022,-1.0,1.0
realAWSCloudwatch/ec2_cpu_utilization_ac20cd.csv,realAWSCloudwatch,B_iforest_raw,0.001451,0.7998960606250983,1.0,1.0,1.0,1.0,0.0,1020.0,0.8606718242697022,-1.0,1.0
realAWSCloudwatch/ec2_cpu_utilization_ac20cd.csv,realAWSCloudwatch,B_iforest_raw,0.001733,0.7998960606250983,1.0,1.0,1.0,1.0,0.0,1020.0,0.8606718242697022,-1.0,1.0
realAWSCloudwatch/ec2_cpu_utilization_ac20cd.csv,realAWSCloudwatch,B_iforest_raw,0.00207,0.7998960606250983,1.0,1.0,1.0,1.0,0.0,1020.0,0.8606718242697022,-1.0,1.0
realAWSCloudwatch/ec2_cpu_utilization_ac20cd.csv,realAWSCloudwatch,B_iforest_raw,0.002472,0.7998960606250983,1.0,1.0,1.0,1.0,0.0,1020.0,0.8606718242697022,-1.0,1.0
realAWSCloudwatch/ec2_cpu_utilization_ac20cd.csv,realAWSCloudwatch,B_iforest_raw,0.002952,0.7998960606250983,1.0,1.0,1.0,1.0,0.0,1020.0,0.8606718242697022,-1.0,1.0
realAWSCloudwatch/ec2_cpu_utilization_ac20cd.csv,realAWSCloudwatch,B_iforest_raw,0.003525,0.7998960606250983,1.0,1.0,1.0,1.0,0.0,1020.0,0.8606718242697022,-1.0,1.0
realAWSCloudwatch/ec2_cpu_utilization_ac20cd.csv,realAWSCloudwatch,B_iforest_raw,0.00421,0.7998960606250983,1.0,1.0,1.0,1.0,0.0,1020.0,0.8606718242697022,-1.0,1.0
realAWSCloudwatch/ec2_cpu_utilization_ac20cd.csv,realAWSCloudwatch,B_iforest_raw,0.005029,0.7998960606250983,1.0,1.0,1.0,1.0,0.0,1020.0,0.8606718242697022,-1.0,1.0
realAWSCloudwatch/ec2_cpu_utilization_ac20cd.csv,realAWSCloudwatch,B_iforest_raw,0.006006,0.7998960606250983,1.0,1.0,1.0,1.0,0.0,1020.0,0.8606718242697022,-1.0,1.0
realAWSCloudwatch/ec2_cpu_utilization_ac20cd.csv,realAWSCloudwatch,B_iforest_raw,0.007173,0.7998960606250983,1.0,1.0,1.0,1.0,0.0,1020.0,0.8606718242697022,-1.0,1.0
realAWSCloudwatch/ec2_cpu_utilization_ac20cd.csv,realAWSCloudwatch,B_iforest_raw,0.008566,0.7998960606250983,1.0,1.0,1.0,1.0,0.0,1020.0,0.8606718242697022,-1.0,1.0
realAWSCloudwatch/ec2_cpu_utilization_ac20cd.csv,realAWSCloudwatch,B_iforest_raw,0.010231,0.7998960606250983,1.0,1.0,1.0,1.0,0.0,1020.0,0.8606718242697022,-1.0,1.0
realAWSCloudwatch/ec2_cpu_utilization_ac20cd.csv,realAWSCloudwatch,B_iforest_raw,0.012218,0.7998960606250983,1.0,1.0,1.0,1.0,0.0,1020.0,0.8606718242697022,-1.0,1.0
realAWSCloudwatch/ec2_cpu_utilization_ac20cd.csv,realAWSCloudwatch,B_iforest_raw,0.014592,0.7998960606250983,1.0,1.0,1.0,1.0,0.0,1020.0,0.8606718242697022,-1.0,1.0
realAWSCloudwatch/ec2_cpu_utilization_ac20cd.csv,realAWSCloudwatch,B_iforest_raw,0.017428,0.7998960606250983,1.0,1.0,1.0,1.0,0.0,1020.0,0.8606718242697022,-1.0,1.0
realAWSCloudwatch/ec2_cpu_utilization_ac20cd.csv,realAWSCloudwatch,B_iforest_raw,0.020814,0.7998960606250983,1.0,1.0,1.0,1.0,0.0,1020.0,0.8606718242697022,-1.0,1.0
realAWSCloudwatch/ec2_cpu_utilization_ac20cd.csv,realAWSCloudwatch,B_iforest_raw,0.024858,0.7998960606250983,1.0,1.0,1.0,1.0,0.0,1020.0,0.8606718242697022,-1.0,1.0
realAWSCloudwatch/ec2_cpu_utilization_ac20cd.csv,realAWSCloudwatch,B_iforest_raw,0.029688,0.7998960606250983,1.0,1.0,1.0,1.0,0.0,1020.0,0.8606718242697022,-1.0,1.0
realAWSCloudwatch/ec2_cpu_utilization_ac20cd.csv,realAWSCloudwatch,B_iforest_raw,0.035456,0.7998960606250983,1.0,1.0,1.0,1.0,0.0,1020.0,0.8606718242697022,-1.0,1.0
realAWSCloudwatch/ec2_cpu_utilization_ac20cd.csv,realAWSCloudwatch,B_iforest_raw,0.042345,0.7998960606250983,1.0,1.0,1.0,1.0,0.0,1020.0,0.8606718242697022,-1.0,1.0
realAWSCloudwatch/ec2_cpu_utilization_ac20cd.csv,realAWSCloudwatch,B_iforest_raw,0.050573,0.7998960606250983,1.0,1.0,1.0,1.0,0.0,1020.0,0.8606718242697022,-1.0,1.0
realAWSCloudwatch/ec2_cpu_utilization_ac20cd.csv,realAWSCloudwatch,B_iforest_raw,0.060399,0.7998960606250983,1.0,1.0,1.0,1.0,0.0,1020.0,0.8606718242697022,-1.0,1.0
realAWSCloudwatch/ec2_cpu_utilization_ac20cd.csv,realAWSCloudwatch,B_iforest_raw,0.072135,0.7998960606250983,0.9372093023255814,1.0,0.9675870348139256,1.0,0.0,1020.0,0.8606718242697022,-1.0,1.0
realAWSCloudwatch/ec2_cpu_utilization_ac20cd.csv,realAWSCloudwatch,B_iforest_raw,0.086151,0.7998960606250983,0.848421052631579,1.0,0.9179954441913439,1.0,0.0,1020.0,0.8606718242697022,-1.0,1.0
realAWSCloudwatch/ec2_cpu_utilization_ac20cd.csv,realAWSCloudwatch,B_iforest_raw,0.10289,0.7998960606250983,0.7632575757575758,1.0,0.8657357679914072,1.0,0.0,1020.0,0.8606718242697022,-1.0,1.0
realAWSCloudwatch/ec2_cpu_utilization_ac20cd.csv,realAWSCloudwatch,B_iforest_raw,0.122881,0.7998960606250983,0.6807432432432432,1.0,0.8100502512562814,1.0,0.0,1020.0,0.8606718242697022,-1.0,1.0
realAWSCloudwatch/ec2_cpu_utilization_ac20cd.csv,realAWSCloudwatch,B_iforest_raw,0.146757,0.6724666061996448,0.606015037593985,1.0,0.754681647940075,1.0,0.632768361581921,955.0,0.10731277701581853,-1.0,1.0
realAWSCloudwatch/ec2_cpu_utilization_ac20cd.csv,realAWSCloudwatch,B_iforest_raw,0.175272,0.5428273669233301,0.5394912985274432,1.0,0.7008695652173913,1.0,7.322033898305085,55.0,-7.9119687138268215,-1.0,1.0
realAWSCloudwatch/ec2_cpu_utilization_ac20cd.csv,realAWSCloudwatch,B_iforest_raw,0.209328,0.5117370759084301,0.4774881516587678,1.0,0.6463512429831596,1.0,13.19774011299435,5.0,-15.06016822978723,-1.0,1.0
realAWSCloudwatch/ec2_cpu_utilization_ac20cd.csv,realAWSCloudwatch,B_iforest_raw,0.25,0.503531126739435,0.41632231404958675,1.0,0.5878920495988329,1.0,18.350282485875706,5.0,-21.330168229787198,-1.0,1.0
realAWSCloudwatch/ec2_cpu_utilization_ac20cd.csv,realAWSCloudwatch,C_iforest_contextual,0.0005,0.6751338537521864,1.0,1.0,1.0,1.0,0.0,1020.0,0.8606718242697022,-1.0,1.0
realAWSCloudwatch/ec2_cpu_utilization_ac20cd.csv,realAWSCloudwatch,C_iforest_contextual,0.000597,0.6716584971459825,1.0,1.0,1.0,1.0,0.0,1020.0,0.8606718242697022,-1.0,1.0
realAWSCloudwatch/ec2_cpu_utilization_ac20cd.csv,realAWSCloudwatch,C_iforest_contextual,0.000713,0.6701641931325579,1.0,1.0,1.0,1.0,0.0,1020.0,0.8606718242697022,-1.0,1.0
realAWSCloudwatch/ec2_cpu_utilization_ac20cd.csv,realAWSCloudwatch,C_iforest_contextual,0.000852,0.6695747251250439,1.0,1.0,1.0,1.0,0.0,1020.0,0.8606718242697022,-1.0,1.0
realAWSCloudwatch/ec2_cpu_utilization_ac20cd.csv,realAWSCloudwatch,C_iforest_contextual,0.001017,0.6688520458042859,1.0,1.0,1.0,1.0,0.0,1020.0,0.8606718242697022,-1.0,1.0
realAWSCloudwatch/ec2_cpu_utilization_ac20cd.csv,realAWSCloudwatch,C_iforest_contextual,0.001215,0.6679508794133615,1.0,1.0,1.0,1.0,0.0,1020.0,0.8606718242697022,-1.0,1.0
realAWSCloudwatch/ec2_cpu_utilization_ac20cd.csv,realAWSCloudwatch,C_iforest_contextual,0.001451,0.6646164504448006,1.0,1.0,1.0,1.0,0.0,1020.0,0.8606718242697022,-1.0,1.0
realAWSCloudwatch/ec2_cpu_utilization_ac20cd.csv,realAWSCloudwatch,C_iforest_contextual,0.001733,0.6609018924101293,1.0,1.0,1.0,1.0,0.0,1020.0,0.8606718242697022,-1.0,1.0
realAWSCloudwatch/ec2_cpu_utilization_ac20cd.csv,realAWSCloudwatch,C_iforest_contextual,0.00207,0.6549572141217568,1.0,1.0,1.0,1.0,0.0,1020.0,0.8606718242697022,-1.0,1.0
realAWSCloudwatch/ec2_cpu_utilization_ac20cd.csv,realAWSCloudwatch,C_iforest_contextual,0.002472,0.6418436528520194,1.0,1.0,1.0,1.0,0.0,1020.0,0.8606718242697022,-1.0,1.0
realAWSCloudwatch/ec2_cpu_utilization_ac20cd.csv,realAWSCloudwatch,C_iforest_contextual,0.002952,0.6345098442982501,1.0,1.0,1.0,1.0,0.0,1020.0,0.8606718242697022,-1.0,1.0
realAWSCloudwatch/ec2_cpu_utilization_ac20cd.csv,realAWSCloudwatch,C_iforest_contextual,0.003525,0.6268111730094909,1.0,1.0,1.0,1.0,0.0,955.0,0.8773127770158184,-1.0,1.0
realAWSCloudwatch/ec2_cpu_utilization_ac20cd.csv,realAWSCloudwatch,C_iforest_contextual,0.00421,0.6175644152094076,0.9975247524752475,1.0,0.9987608426270136,1.0,0.0903954802259887,955.0,0.7673127770158185,-1.0,1.0
realAWSCloudwatch/ec2_cpu_utilization_ac20cd.csv,realAWSCloudwatch,C_iforest_contextual,0.005029,0.5986882244404268,0.9975247524752475,1.0,0.9987608426270136,1.0,0.0903954802259887,955.0,0.7673127770158185,-1.0,1.0
realAWSCloudwatch/ec2_cpu_utilization_ac20cd.csv,realAWSCloudwatch,C_iforest_contextual,0.006006,0.5961491339982308,0.9901719901719902,1.0,0.9950617283950617,1.0,0.3615819209039548,955.0,0.4373127770158185,-1.0,1.0
realAWSCloudwatch/ec2_cpu_utilization_ac20cd.csv,realAWSCloudwatch,C_iforest_contextual,0.007173,0.5911500779899185,0.9829268292682927,1.0,0.991389913899139,1.0,0.632768361581921,955.0,0.10731277701581853,-1.0,1.0
realAWSCloudwatch/ec2_cpu_utilization_ac20cd.csv,realAWSCloudwatch,C_iforest_contextual,0.008566,0.583256222798264,0.9734299516908212,1.0,0.9865361077111383,1.0,0.9943502824858758,245.0,-0.22121226544790734,-1.0,1.0
realAWSCloudwatch/ec2_cpu_utilization_ac20cd.csv,realAWSCloudwatch,C_iforest_contextual,0.010231,0.5790373163310033,0.9641148325358851,1.0,0.9817295980511571,1.0,1.3559322033898304,245.0,-0.6612122654479073,-1.0,1.0
realAWSCloudwatch/ec2_cpu_utilization_ac20cd.csv,realAWSCloudwatch,C_iforest_contextual,0.012218,0.5747804806516446,0.9549763033175356,1.0,0.9769696969696969,1.0,1.6271186440677967,245.0,-0.9912122654479073,-1.0,1.0
realAWSCloudwatch/ec2_cpu_utilization_ac20cd.csv,realAWSCloudwatch,C_iforest_contextual,0.014592,0.5703751891359873,0.9437939110070258,1.0,0.9710843373493977,1.0,2.07909604519774,245.0,-1.5412122654479077,-1.0,1.0
realAWSCloudwatch/ec2_cpu_utilization_ac20cd.csv,realAWSCloudwatch,C_iforest_contextual,0.017428,0.5679760963423989,0.930715935334873,1.0,0.9641148325358853,1.0,2.531073446327684,245.0,-2.0714086238280265,-1.0,1.0
realAWSCloudwatch/ec2_cpu_utilization_ac20cd.csv,realAWSCloudwatch,C_iforest_contextual,0.020814,0.5643918699212616,0.9159090909090909,1.0,0.956109134045077,1.0,2.8926553672316384,245.0,-2.511408623828026,-1.0,1.0
realAWSCloudwatch/ec2_cpu_utilization_ac20cd.csv,realAWSCloudwatch,C_iforest_contextual,0.024858,0.5616178788620162,0.901565995525727,1.0,0.9482352941176471,1.0,3.4350282485875705,100.0,-3.1482301025270805,-1.0,1.0
realAWSCloudwatch/ec2_cpu_utilization_ac20cd.csv,realAWSCloudwatch,C_iforest_contextual,0.029688,0.5601599219889243,0.8799126637554585,1.0,0.9361207897793263,1.0,4.15819209039548,100.0,-3.8870926513625275,-1.0,1.0
realAWSCloudwatch/ec2_cpu_utilization_ac20cd.csv,realAWSCloudwatch,C_iforest_contextual,0.035456,0.5583094398455154,0.8648068669527897,1.0,0.9275028768699655,1.0,4.790960451977401,100.0,-4.625978566072645,-1.0,1.0
realAWSCloudwatch/ec2_cpu_utilization_ac20cd.csv,realAWSCloudwatch,C_iforest_contextual,0.042345,0.556203258021284,0.8556263269639066,1.0,0.9221967963386728,1.0,4.971751412429379,100.0,-4.829480583462923,-1.0,1.0
realAWSCloudwatch/ec2_cpu_utilization_ac20cd.csv,realAWSCloudwatch,C_iforest_contextual,0.050573,0.5541601021412071,0.8378378378378378,1.0,0.911764705882353,1.0,5.604519774011299,100.0,-5.57443878474983,-1.0,1.0
realAWSCloudwatch/ec2_cpu_utilization_ac20cd.csv,realAWSCloudwatch,C_iforest_contextual,0.060399,0.5522793103205667,0.8224489795918367,1.0,0.9025755879059351,1.0,6.237288135593221,55.0,-6.289980966124115,-1.0,1.0
realAWSCloudwatch/ec2_cpu_utilization_ac20cd.csv,realAWSCloudwatch,C_iforest_contextual,0.072135,0.5491917114161555,0.8011928429423459,1.0,0.8896247240618101,1.0,7.141242937853107,55.0,-7.3889707879931805,-1.0,1.0
realAWSCloudwatch/ec2_cpu_utilization_ac20cd.csv,realAWSCloudwatch,C_iforest_contextual,0.086151,0.544218319077275,0.7676190476190476,1.0,0.8685344827586207,1.0,8.31638418079096,55.0,-8.705109783660085,-1.0,1.0
realAWSCloudwatch/ec2_cpu_utilization_ac20cd.csv,realAWSCloudwatch,C_iforest_contextual,0.10289,0.5402097490007858,0.7327272727272728,1.0,0.8457502623294858,1.0,9.853107344632768,10.0,-10.382864692789312,-1.0,1.0
realAWSCloudwatch/ec2_cpu_utilization_ac20cd.csv,realAWSCloudwatch,C_iforest_contextual,0.122881,0.536205781812111,0.685374149659864,1.0,0.8133198789101918,1.0,11.389830508474576,10.0,-12.186004220880871,-1.0,1.0
realAWSCloudwatch/ec2_cpu_utilization_ac20cd.csv,realAWSCloudwatch,C_iforest_contextual,0.146757,0.5324516139798975,0.6171516079632465,1.0,0.7632575757575757,1.0,12.112994350282486,10.0,-13.129194485675352,-1.0,1.0
realAWSCloudwatch/ec2_cpu_utilization_ac20cd.csv,realAWSCloudwatch,C_iforest_contextual,0.175272,0.5285254078675785,0.5475543478260869,1.0,0.7076382791922738,1.0,12.655367231638419,10.0,-14.015066680644031,-1.0,1.0
realAWSCloudwatch/ec2_cpu_utilization_ac20cd.csv,realAWSCloudwatch,C_iforest_contextual,0.209328,0.5228650563112353,0.4797619047619048,1.0,0.6484312148028962,1.0,14.282485875706215,5.0,-16.064895240627894,-1.0,1.0
realAWSCloudwatch/ec2_cpu_utilization_ac20cd.csv,realAWSCloudwatch,C_iforest_contextual,0.25,0.5149641245052353,0.4184839044652129,1.0,0.5900439238653001,1.0,16.54237288135593,5.0,-19.241040959938307,-1.0,1.0
realAWSCloudwatch/ec2_cpu_utilization_c6585a.csv,realAWSCloudwatch,A_rolling_zscore,0.0005,49.82895076240498,0.0,0.0,0.0,,0.09053756680289217,,-0.11,-0.0,0.0
realAWSCloudwatch/ec2_cpu_utilization_c6585a.csv,realAWSCloudwatch,A_rolling_zscore,0.000597,49.7395715251405,0.0,0.0,0.0,,0.09053756680289217,,-0.11,-0.0,0.0
realAWSCloudwatch/ec2_cpu_utilization_c6585a.csv,realAWSCloudwatch,A_rolling_zscore,0.000713,49.34845401918345,0.0,0.0,0.0,,0.18107513360578434,,-0.22,-0.0,0.0
realAWSCloudwatch/ec2_cpu_utilization_c6585a.csv,realAWSCloudwatch,A_rolling_zscore,0.000852,48.751529553620244,0.0,0.0,0.0,,0.18107513360578434,,-0.22,-0.0,0.0
realAWSCloudwatch/ec2_cpu_utilization_c6585a.csv,realAWSCloudwatch,A_rolling_zscore,0.001017,48.26166853967509,0.0,0.0,0.0,,0.2716127004086765,,-0.33,-0.0,0.0
realAWSCloudwatch/ec2_cpu_utilization_c6585a.csv,realAWSCloudwatch,A_rolling_zscore,0.001215,47.99738189251136,0.0,0.0,0.0,,0.2716127004086765,,-0.33,-0.0,0.0
realAWSCloudwatch/ec2_cpu_utilization_c6585a.csv,realAWSCloudwatch,A_rolling_zscore,0.001451,46.50609394820281,0.0,0.0,0.0,,0.3621502672115687,,-0.44,-0.0,0.0
realAWSCloudwatch/ec2_cpu_utilization_c6585a.csv,realAWSCloudwatch,A_rolling_zscore,0.001733,45.551646703005986,0.0,0.0,0.0,,0.45268783401446083,,-0.55,-0.0,0.0
realAWSCloudwatch/ec2_cpu_utilization_c6585a.csv,realAWSCloudwatch,A_rolling_zscore,0.00207,45.4121485133364,0.0,0.0,0.0,,0.543225400817353,,-0.66,-0.0,0.0
realAWSCloudwatch/ec2_cpu_utilization_c6585a.csv,realAWSCloudwatch,A_rolling_zscore,0.002472,45.08937024447102,0.0,0.0,0.0,,0.6337629676202452,,-0.77,-0.0,0.0
realAWSCloudwatch/ec2_cpu_utilization_c6585a.csv,realAWSCloudwatch,A_rolling_zscore,0.002952,37.84125183892958,0.0,0.0,0.0,,0.8148381012260295,,-0.99,-0.0,0.0
realAWSCloudwatch/ec2_cpu_utilization_c6585a.csv,realAWSCloudwatch,A_rolling_zscore,0.003525,5.022597161682412,0.0,0.0,0.0,,0.9959132348318138,,-1.2100000000000002,-0.0,0.0
realAWSCloudwatch/ec2_cpu_utilization_c6585a.csv,realAWSCloudwatch,A_rolling_zscore,0.00421,4.990792543118156,0.0,0.0,0.0,,1.1769883684375981,,-1.4300000000000004,-0.0,0.0
realAWSCloudwatch/ec2_cpu_utilization_c6585a.csv,realAWSCloudwatch,A_rolling_zscore,0.005029,4.9326852768182965,0.0,0.0,0.0,,1.4486010688462747,,-1.7600000000000007,-0.0,0.0
realAWSCloudwatch/ec2_cpu_utilization_c6585a.csv,realAWSCloudwatch,A_rolling_zscore,0.006006,4.846186326391333,0.0,0.0,0.0,,1.7202137692549513,,-2.0900000000000007,-0.0,0.0
realAWSCloudwatch/ec2_cpu_utilization_c6585a.csv,realAWSCloudwatch,A_rolling_zscore,0.007173,4.117044884638912,0.0,0.0,0.0,,1.9918264696636276,,-2.4200000000000004,-0.0,0.0
realAWSCloudwatch/ec2_cpu_utilization_c6585a.csv,realAWSCloudwatch,A_rolling_zscore,0.008566,2.3884905855004503,0.0,0.0,0.0,,2.4445143036780888,,-2.9699999999999998,-0.0,0.0
realAWSCloudwatch/ec2_cpu_utilization_c6585a.csv,realAWSCloudwatch,A_rolling_zscore,0.010231,2.3557968955485538,0.0,0.0,0.0,,2.8972021376925494,,-3.519999999999999,-0.0,0.0
realAWSCloudwatch/ec2_cpu_utilization_c6585a.csv,realAWSCloudwatch,A_rolling_zscore,0.012218,2.3555985971103133,0.0,0.0,0.0,,3.4404275385099026,,-4.179999999999999,-0.0,0.0
realAWSCloudwatch/ec2_cpu_utilization_c6585a.csv,realAWSCloudwatch,A_rolling_zscore,0.014592,2.3168418839029683,0.0,0.0,0.0,,4.164728072933039,,-5.060000000000001,-0.0,0.0
realAWSCloudwatch/ec2_cpu_utilization_c6585a.csv,realAWSCloudwatch,A_rolling_zscore,0.017428,2.316841883902652,0.0,0.0,0.0,,4.9795661741590695,,-6.050000000000004,-0.0,0.0
realAWSCloudwatch/ec2_cpu_utilization_c6585a.csv,realAWSCloudwatch,A_rolling_zscore,0.020814,2.316760939895671,0.0,0.0,0.0,,5.884941842187991,,-7.1500000000000075,-0.0,0.0
realAWSCloudwatch/ec2_cpu_utilization_c6585a.csv,realAWSCloudwatch,A_rolling_zscore,0.024858,2.3144070636537375,0.0,0.0,0.0,,7.061930210625589,,-8.580000000000007,-0.0,0.0
realAWSCloudwatch/ec2_cpu_utilization_c6585a.csv,realAWSCloudwatch,A_rolling_zscore,0.029688,2.2753803608311123,0.0,0.0,0.0,,8.419993712668973,,-10.229999999999999,-0.0,0.0
realAWSCloudwatch/ec2_cpu_utilization_c6585a.csv,realAWSCloudwatch,A_rolling_zscore,0.035456,2.2750653117392075,0.0,0.0,0.0,,9.868594781515247,,-11.98999999999999,-0.0,0.0
realAWSCloudwatch/ec2_cpu_utilization_c6585a.csv,realAWSCloudwatch,A_rolling_zscore,0.042345,2.275065311738906,0.0,0.0,0.0,,11.860421251178874,,-14.409999999999977,-0.0,0.0
realAWSCloudwatch/ec2_cpu_utilization_c6585a.csv,realAWSCloudwatch,A_rolling_zscore,0.050573,2.2748696025579145,0.0,0.0,0.0,,14.033322854448286,,-17.049999999999965,-0.0,0.0
realAWSCloudwatch/ec2_cpu_utilization_c6585a.csv,realAWSCloudwatch,A_rolling_zscore,0.060399,2.2741335279178987,0.0,0.0,0.0,,16.74944985853505,,-20.349999999999948,-0.0,0.0
realAWSCloudwatch/ec2_cpu_utilization_c6585a.csv,realAWSCloudwatch,A_rolling_zscore,0.072135,2.235129077716215,0.0,0.0,0.0,,19.6466519962276,,-23.86999999999993,-0.0,0.0
realAWSCloudwatch/ec2_cpu_utilization_c6585a.csv,realAWSCloudwatch,A_rolling_zscore,0.086151,2.2348285972816497,0.0,0.0,0.0,,22.906004401131717,,-27.82999999999991,-0.0,0.0
realAWSCloudwatch/ec2_cpu_utilization_c6585a.csv,realAWSCloudwatch,A_rolling_zscore,0.10289,2.2336501491104195,0.0,0.0,0.0,,26.70858220685319,,-32.44999999999989,-0.0,0.0
realAWSCloudwatch/ec2_cpu_utilization_c6585a.csv,realAWSCloudwatch,A_rolling_zscore,0.122881,2.194105001283778,0.0,0.0,0.0,,30.873310279786228,,-37.50999999999986,-0.0,0.0
realAWSCloudwatch/ec2_cpu_utilization_c6585a.csv,realAWSCloudwatch,A_rolling_zscore,0.146757,2.1552501309095122,0.0,0.0,0.0,,36.21502672115687,,-43.99999999999983,-0.0,0.0
realAWSCloudwatch/ec2_cpu_utilization_c6585a.csv,realAWSCloudwatch,A_rolling_zscore,0.175272,1.7522420343117984,0.0,0.0,0.0,,41.5567431625275,,-50.489999999999796,-0.0,0.0
realAWSCloudwatch/ec2_cpu_utilization_c6585a.csv,realAWSCloudwatch,A_rolling_zscore,0.209328,1.2859898138112047,0.0,0.0,0.0,,46.174159069475,,-56.09999999999977,-0.0,0.0
realAWSCloudwatch/ec2_cpu_utilization_c6585a.csv,realAWSCloudwatch,A_rolling_zscore,0.25,0.6446262848301993,0.0,0.0,0.0,,45.72147123546055,,-55.54999999999977,-0.0,0.0
realAWSCloudwatch/ec2_cpu_utilization_c6585a.csv,realAWSCloudwatch,B_iforest_raw,0.0005,0.8985970067151873,0.0,0.0,0.0,,0.09053756680289217,,-0.11,-0.0,0.0
realAWSCloudwatch/ec2_cpu_utilization_c6585a.csv,realAWSCloudwatch,B_iforest_raw,0.000597,0.8985970067151873,0.0,0.0,0.0,,0.09053756680289217,,-0.11,-0.0,0.0
realAWSCloudwatch/ec2_cpu_utilization_c6585a.csv,realAWSCloudwatch,B_iforest_raw,0.000713,0.8985970067151873,0.0,0.0,0.0,,0.18107513360578434,,-0.22,-0.0,0.0
realAWSCloudwatch/ec2_cpu_utilization_c6585a.csv,realAWSCloudwatch,B_iforest_raw,0.000852,0.8985970067151873,0.0,0.0,0.0,,0.18107513360578434,,-0.22,-0.0,0.0
realAWSCloudwatch/ec2_cpu_utilization_c6585a.csv,realAWSCloudwatch,B_iforest_raw,0.001017,0.8985970067151873,0.0,0.0,0.0,,0.2716127004086765,,-0.33,-0.0,0.0
realAWSCloudwatch/ec2_cpu_utilization_c6585a.csv,realAWSCloudwatch,B_iforest_raw,0.001215,0.8985970067151873,0.0,0.0,0.0,,0.2716127004086765,,-0.33,-0.0,0.0
realAWSCloudwatch/ec2_cpu_utilization_c6585a.csv,realAWSCloudwatch,B_iforest_raw,0.001451,0.8976620717097294,0.0,0.0,0.0,,0.3621502672115687,,-0.44,-0.0,0.0
realAWSCloudwatch/ec2_cpu_utilization_c6585a.csv,realAWSCloudwatch,B_iforest_raw,0.001733,0.8970783453653566,0.0,0.0,0.0,,0.45268783401446083,,-0.55,-0.0,0.0
realAWSCloudwatch/ec2_cpu_utilization_c6585a.csv,realAWSCloudwatch,B_iforest_raw,0.00207,0.8961919302435601,0.0,0.0,0.0,,0.543225400817353,,-0.66,-0.0,0.0
realAWSCloudwatch/ec2_cpu_utilization_c6585a.csv,realAWSCloudwatch,B_iforest_raw,0.002472,0.8955622506079787,0.0,0.0,0.0,,0.6337629676202452,,-0.77,-0.0,0.0
realAWSCloudwatch/ec2_cpu_utilization_c6585a.csv,realAWSCloudwatch,B_iforest_raw,0.002952,0.8954440206761732,0.0,0.0,0.0,,0.8148381012260295,,-0.99,-0.0,0.0
realAWSCloudwatch/ec2_cpu_utilization_c6585a.csv,realAWSCloudwatch,B_iforest_raw,0.003525,0.8197280000538629,0.0,0.0,0.0,,0.9959132348318138,,-1.2100000000000002,-0.0,0.0
realAWSCloudwatch/ec2_cpu_utilization_c6585a.csv,realAWSCloudwatch,B_iforest_raw,0.00421,0.8197280000538629,0.0,0.0,0.0,,1.086450801634706,,-1.3200000000000003,-0.0,0.0
realAWSCloudwatch/ec2_cpu_utilization_c6585a.csv,realAWSCloudwatch,B_iforest_raw,0.005029,0.8197280000538629,0.0,0.0,0.0,,1.3580635020433824,,-1.6500000000000006,-0.0,0.0
realAWSCloudwatch/ec2_cpu_utilization_c6585a.csv,realAWSCloudwatch,B_iforest_raw,0.006006,0.8152458531390194,0.0,0.0,0.0,,1.629676202452059,,-1.9800000000000009,-0.0,0.0
realAWSCloudwatch/ec2_cpu_utilization_c6585a.csv,realAWSCloudwatch,B_iforest_raw,0.007173,0.8127656533413512,0.0,0.0,0.0,,1.9012889028607356,,-2.3100000000000005,-0.0,0.0
realAWSCloudwatch/ec2_cpu_utilization_c6585a.csv,realAWSCloudwatch,B_iforest_raw,0.008566,0.66131781218467,0.0,0.0,0.0,,2.3539767368751963,,-2.86,-0.0,0.0
realAWSCloudwatch/ec2_cpu_utilization_c6585a.csv,realAWSCloudwatch,B_iforest_raw,0.010231,0.6401557509076466,0.0,0.0,0.0,,2.8066645708896574,,-3.4099999999999993,-0.0,0.0
realAWSCloudwatch/ec2_cpu_utilization_c6585a.csv,realAWSCloudwatch,B_iforest_raw,0.012218,0.6401557509076466,0.0,0.0,0.0,,3.34988997170701,,-4.0699999999999985,-0.0,0.0
realAWSCloudwatch/ec2_cpu_utilization_c6585a.csv,realAWSCloudwatch,B_iforest_raw,0.014592,0.6401557509076466,0.0,0.0,0.0,,4.074190506130147,,-4.950000000000001,-0.0,0.0
realAWSCloudwatch/ec2_cpu_utilization_c6585a.csv,realAWSCloudwatch,B_iforest_raw,0.017428,0.6401557509076466,0.0,0.0,0.0,,4.8890286073561775,,-5.940000000000004,-0.0,0.0
realAWSCloudwatch/ec2_cpu_utilization_c6585a.csv,realAWSCloudwatch,B_iforest_raw,0.020814,0.6401557509076466,0.0,0.0,0.0,,5.884941842187991,,-7.1500000000000075,-0.0,0.0
realAWSCloudwatch/ec2_cpu_utilization_c6585a.csv,realAWSCloudwatch,B_iforest_raw,0.024858,0.5501927549609217,0.0,0.0,0.0,,7.061930210625589,,-8.580000000000007,-0.0,0.0
realAWSCloudwatch/ec2_cpu_utilization_c6585a.csv,realAWSCloudwatch,B_iforest_raw,0.029688,0.5438812176650732,0.0,0.0,0.0,,8.329456145866079,,-10.12,-0.0,0.0
realAWSCloudwatch/ec2_cpu_utilization_c6585a.csv,realAWSCloudwatch,B_iforest_raw,0.035456,0.5438812176650732,0.0,0.0,0.0,,9.778057214712355,,-11.87999999999999,-0.0,0.0
realAWSCloudwatch/ec2_cpu_utilization_c6585a.csv,realAWSCloudwatch,B_iforest_raw,0.042345,0.5438812176650732,0.0,0.0,0.0,,11.22665828355863,,-13.639999999999981,-0.0,0.0
realAWSCloudwatch/ec2_cpu_utilization_c6585a.csv,realAWSCloudwatch,B_iforest_raw,0.050573,0.5438812176650732,0.0,0.0,0.0,,13.309022320025148,,-16.16999999999997,-0.0,0.0
realAWSCloudwatch/ec2_cpu_utilization_c6585a.csv,realAWSCloudwatch,B_iforest_raw,0.060399,0.5438812176650732,0.0,0.0,0.0,,15.934611757309021,,-19.359999999999953,-0.0,0.0
realAWSCloudwatch/ec2_cpu_utilization_c6585a.csv,realAWSCloudwatch,B_iforest_raw,0.072135,0.5438812176650732,0.0,0.0,0.0,,18.469663627790002,,-22.439999999999937,-0.0,0.0
realAWSCloudwatch/ec2_cpu_utilization_c6585a.csv,realAWSCloudwatch,B_iforest_raw,0.086151,0.5438812176650732,0.0,0.0,0.0,,22.18170386670858,,-26.949999999999914,-0.0,0.0
realAWSCloudwatch/ec2_cpu_utilization_c6585a.csv,realAWSCloudwatch,B_iforest_raw,0.10289,0.49261545372194104,0.0,0.0,0.0,,23.720842502357748,,-28.819999999999904,-0.0,0.0
realAWSCloudwatch/ec2_cpu_utilization_c6585a.csv,realAWSCloudwatch,B_iforest_raw,0.122881,0.49261545372194104,0.0,0.0,0.0,,24.445143036780884,,-29.6999999999999,-0.0,0.0
realAWSCloudwatch/ec2_cpu_utilization_c6585a.csv,realAWSCloudwatch,B_iforest_raw,0.146757,0.49261545372194104,0.0,0.0,0.0,,24.354605469977994,,-29.5899999999999,-0.0,0.0
realAWSCloudwatch/ec2_cpu_utilization_c6585a.csv,realAWSCloudwatch,B_iforest_raw,0.175272,0.49261545372194104,0.0,0.0,0.0,,25.712668972021376,,-31.239999999999892,-0.0,0.0
realAWSCloudwatch/ec2_cpu_utilization_c6585a.csv,realAWSCloudwatch,B_iforest_raw,0.209328,0.49261545372194104,0.0,0.0,0.0,,27.52342030807922,,-33.439999999999884,-0.0,0.0
realAWSCloudwatch/ec2_cpu_utilization_c6585a.csv,realAWSCloudwatch,B_iforest_raw,0.25,0.49261545372194104,0.0,0.0,0.0,,28.519333542911035,,-34.64999999999988,-0.0,0.0
realAWSCloudwatch/ec2_cpu_utilization_c6585a.csv,realAWSCloudwatch,C_iforest_contextual,0.0005,0.8152248974380774,0.0,0.0,0.0,,0.09053756680289217,,-0.11,-0.0,0.0
realAWSCloudwatch/ec2_cpu_utilization_c6585a.csv,realAWSCloudwatch,C_iforest_contextual,0.000597,0.8151644475227598,0.0,0.0,0.0,,0.09053756680289217,,-0.11,-0.0,0.0
realAWSCloudwatch/ec2_cpu_utilization_c6585a.csv,realAWSCloudwatch,C_iforest_contextual,0.000713,0.8146632367213353,0.0,0.0,0.0,,0.18107513360578434,,-0.22,-0.0,0.0
realAWSCloudwatch/ec2_cpu_utilization_c6585a.csv,realAWSCloudwatch,C_iforest_contextual,0.000852,0.8138690998541098,0.0,0.0,0.0,,0.18107513360578434,,-0.22,-0.0,0.0
realAWSCloudwatch/ec2_cpu_utilization_c6585a.csv,realAWSCloudwatch,C_iforest_contextual,0.001017,0.8132393789984965,0.0,0.0,0.0,,0.2716127004086765,,-0.33,-0.0,0.0
realAWSCloudwatch/ec2_cpu_utilization_c6585a.csv,realAWSCloudwatch,C_iforest_contextual,0.001215,0.8129466700384208,0.0,0.0,0.0,,0.2716127004086765,,-0.33,-0.0,0.0
realAWSCloudwatch/ec2_cpu_utilization_c6585a.csv,realAWSCloudwatch,C_iforest_contextual,0.001451,0.8105943297308703,0.0,0.0,0.0,,0.3621502672115687,,-0.44,-0.0,0.0
realAWSCloudwatch/ec2_cpu_utilization_c6585a.csv,realAWSCloudwatch,C_iforest_contextual,0.001733,0.8077056296109214,0.0,0.0,0.0,,0.45268783401446083,,-0.55,-0.0,0.0
realAWSCloudwatch/ec2_cpu_utilization_c6585a.csv,realAWSCloudwatch,C_iforest_contextual,0.00207,0.8059633712579363,0.0,0.0,0.0,,0.543225400817353,,-0.66,-0.0,0.0
realAWSCloudwatch/ec2_cpu_utilization_c6585a.csv,realAWSCloudwatch,C_iforest_contextual,0.002472,0.804119135687366,0.0,0.0,0.0,,0.6337629676202452,,-0.77,-0.0,0.0
realAWSCloudwatch/ec2_cpu_utilization_c6585a.csv,realAWSCloudwatch,C_iforest_contextual,0.002952,0.7950304035371,0.0,0.0,0.0,,0.8148381012260295,,-0.99,-0.0,0.0
realAWSCloudwatch/ec2_cpu_utilization_c6585a.csv,realAWSCloudwatch,C_iforest_contextual,0.003525,0.716812913134617,0.0,0.0,0.0,,0.9959132348318138,,-1.2100000000000002,-0.0,0.0
realAWSCloudwatch/ec2_cpu_utilization_c6585a.csv,realAWSCloudwatch,C_iforest_contextual,0.00421,0.7115215649024844,0.0,0.0,0.0,,1.1769883684375981,,-1.4300000000000004,-0.0,0.0
realAWSCloudwatch/ec2_cpu_utilization_c6585a.csv,realAWSCloudwatch,C_iforest_contextual,0.005029,0.7023784297555499,0.0,0.0,0.0,,1.3580635020433824,,-1.6500000000000006,-0.0,0.0
realAWSCloudwatch/ec2_cpu_utilization_c6585a.csv,realAWSCloudwatch,C_iforest_contextual,0.006006,0.7010066237495278,0.0,0.0,0.0,,1.629676202452059,,-1.9800000000000009,-0.0,0.0
realAWSCloudwatch/ec2_cpu_utilization_c6585a.csv,realAWSCloudwatch,C_iforest_contextual,0.007173,0.6981234842018964,0.0,0.0,0.0,,1.9012889028607356,,-2.3100000000000005,-0.0,0.0
realAWSCloudwatch/ec2_cpu_utilization_c6585a.csv,realAWSCloudwatch,C_iforest_contextual,0.008566,0.6825264832001077,0.0,0.0,0.0,,2.263439170072304,,-2.75,-0.0,0.0
realAWSCloudwatch/ec2_cpu_utilization_c6585a.csv,realAWSCloudwatch,C_iforest_contextual,0.010231,0.6693899605592608,0.0,0.0,0.0,,2.263439170072304,,-2.75,-0.0,0.0
realAWSCloudwatch/ec2_cpu_utilization_c6585a.csv,realAWSCloudwatch,C_iforest_contextual,0.012218,0.6514241483077434,0.0,0.0,0.0,,2.4445143036780888,,-2.9699999999999998,-0.0,0.0
realAWSCloudwatch/ec2_cpu_utilization_c6585a.csv,realAWSCloudwatch,C_iforest_contextual,0.014592,0.6473273574246531,0.0,0.0,0.0,,2.716127004086765,,-3.2999999999999994,-0.0,0.0
realAWSCloudwatch/ec2_cpu_utilization_c6585a.csv,realAWSCloudwatch,C_iforest_contextual,0.017428,0.6408618804070393,0.0,0.0,0.0,,3.078277271298334,,-3.739999999999999,-0.0,0.0
realAWSCloudwatch/ec2_cpu_utilization_c6585a.csv,realAWSCloudwatch,C_iforest_contextual,0.020814,0.6266079387390844,0.0,0.0,0.0,,3.6215026721156867,,-4.3999999999999995,-0.0,0.0
realAWSCloudwatch/ec2_cpu_utilization_c6585a.csv,realAWSCloudwatch,C_iforest_contextual,0.024858,0.6138065071726668,0.0,0.0,0.0,,3.5309651053127946,,-4.289999999999999,-0.0,0.0
realAWSCloudwatch/ec2_cpu_utilization_c6585a.csv,realAWSCloudwatch,C_iforest_contextual,0.029688,0.6072014681368221,0.0,0.0,0.0,,3.168814838101226,,-3.8499999999999988,-0.0,0.0
realAWSCloudwatch/ec2_cpu_utilization_c6585a.csv,realAWSCloudwatch,C_iforest_contextual,0.035456,0.6004811531389143,0.0,0.0,0.0,,3.078277271298334,,-3.739999999999999,-0.0,0.0
realAWSCloudwatch/ec2_cpu_utilization_c6585a.csv,realAWSCloudwatch,C_iforest_contextual,0.042345,0.594057650837994,0.0,0.0,0.0,,2.8066645708896574,,-3.4099999999999993,-0.0,0.0
realAWSCloudwatch/ec2_cpu_utilization_c6585a.csv,realAWSCloudwatch,C_iforest_contextual,0.050573,0.589025945308747,0.0,0.0,0.0,,3.712040238918579,,-4.51,-0.0,0.0
realAWSCloudwatch/ec2_cpu_utilization_c6585a.csv,realAWSCloudwatch,C_iforest_contextual,0.060399,0.5838435533143218,0.0,0.0,0.0,,5.43225400817353,,-6.600000000000006,-0.0,0.0
realAWSCloudwatch/ec2_cpu_utilization_c6585a.csv,realAWSCloudwatch,C_iforest_contextual,0.072135,0.5774699185266323,0.0,0.0,0.0,,7.7862307450487265,,-9.460000000000003,-0.0,0.0
realAWSCloudwatch/ec2_cpu_utilization_c6585a.csv,realAWSCloudwatch,C_iforest_contextual,0.086151,0.5715208048086342,0.0,0.0,0.0,,11.22665828355863,,-13.639999999999981,-0.0,0.0
realAWSCloudwatch/ec2_cpu_utilization_c6585a.csv,realAWSCloudwatch,C_iforest_contextual,0.10289,0.5642293941750653,0.0,0.0,0.0,,15.391386356491669,,-18.699999999999957,-0.0,0.0
realAWSCloudwatch/ec2_cpu_utilization_c6585a.csv,realAWSCloudwatch,C_iforest_contextual,0.122881,0.5582293714129939,0.0,0.0,0.0,,19.55611442942471,,-23.75999999999993,-0.0,0.0
realAWSCloudwatch/ec2_cpu_utilization_c6585a.csv,realAWSCloudwatch,C_iforest_contextual,0.146757,0.551304162142514,0.0,0.0,0.0,,24.2640679031751,,-29.4799999999999,-0.0,0.0
realAWSCloudwatch/ec2_cpu_utilization_c6585a.csv,realAWSCloudwatch,C_iforest_contextual,0.175272,0.5438472878426415,0.0,0.0,0.0,,28.519333542911035,,-34.64999999999988,-0.0,0.0
realAWSCloudwatch/ec2_cpu_utilization_c6585a.csv,realAWSCloudwatch,C_iforest_contextual,0.209328,0.535627502798553,0.0,0.0,0.0,,32.86513674944986,,-39.92999999999985,-0.0,0.0
realAWSCloudwatch/ec2_cpu_utilization_c6585a.csv,realAWSCloudwatch,C_iforest_contextual,0.25,0.5273249874531302,0.0,0.0,0.0,,35.21911348632506,,-42.789999999999836,-0.0,0.0
realAWSCloudwatch/ec2_cpu_utilization_fe7f93.csv,realAWSCloudwatch,A_rolling_zscore,0.0005,50.0,0.0,0.0,0.0,0.0,0.09053756680289217,,-2.11,-2.0,2.0
realAWSCloudwatch/ec2_cpu_utilization_fe7f93.csv,realAWSCloudwatch,A_rolling_zscore,0.000597,50.0,0.0,0.0,0.0,0.0,0.09053756680289217,,-2.11,-2.0,2.0
realAWSCloudwatch/ec2_cpu_utilization_fe7f93.csv,realAWSCloudwatch,A_rolling_zscore,0.000713,50.0,0.0,0.0,0.0,0.0,0.18107513360578434,,-2.2199999999999998,-2.0,2.0
realAWSCloudwatch/ec2_cpu_utilization_fe7f93.csv,realAWSCloudwatch,A_rolling_zscore,0.000852,50.0,0.0,0.0,0.0,0.0,0.18107513360578434,,-2.2199999999999998,-2.0,2.0
realAWSCloudwatch/ec2_cpu_utilization_fe7f93.csv,realAWSCloudwatch,A_rolling_zscore,0.001017,50.0,0.0,0.0,0.0,0.0,0.2716127004086765,,-2.3299999999999996,-2.0,2.0
realAWSCloudwatch/ec2_cpu_utilization_fe7f93.csv,realAWSCloudwatch,A_rolling_zscore,0.001215,50.0,0.0,0.0,0.0,0.0,0.2716127004086765,,-2.3299999999999996,-2.0,2.0
realAWSCloudwatch/ec2_cpu_utilization_fe7f93.csv,realAWSCloudwatch,A_rolling_zscore,0.001451,50.0,0.0,0.0,0.0,0.0,0.3621502672115687,,-2.4399999999999995,-2.0,2.0
realAWSCloudwatch/ec2_cpu_utilization_fe7f93.csv,realAWSCloudwatch,A_rolling_zscore,0.001733,50.0,0.0,0.0,0.0,0.0,0.45268783401446083,,-2.5499999999999994,-2.0,2.0
realAWSCloudwatch/ec2_cpu_utilization_fe7f93.csv,realAWSCloudwatch,A_rolling_zscore,0.00207,50.0,0.0,0.0,0.0,0.0,0.543225400817353,,-2.6599999999999993,-2.0,2.0
realAWSCloudwatch/ec2_cpu_utilization_fe7f93.csv,realAWSCloudwatch,A_rolling_zscore,0.002472,50.0,0.0,0.0,0.0,0.0,0.6337629676202452,,-2.769999999999999,-2.0,2.0
realAWSCloudwatch/ec2_cpu_utilization_fe7f93.csv,realAWSCloudwatch,A_rolling_zscore,0.002952,50.0,0.0,0.0,0.0,0.0,0.8148381012260295,,-2.989999999999999,-2.0,2.0
realAWSCloudwatch/ec2_cpu_utilization_fe7f93.csv,realAWSCloudwatch,A_rolling_zscore,0.003525,50.0,0.0,0.0,0.0,0.0,0.9959132348318138,,-3.2099999999999986,-2.0,2.0
realAWSCloudwatch/ec2_cpu_utilization_fe7f93.csv,realAWSCloudwatch,A_rolling_zscore,0.00421,50.0,0.0,0.0,0.0,0.0,1.1769883684375981,,-3.429983992386305,-2.0,2.0
realAWSCloudwatch/ec2_cpu_utilization_fe7f93.csv,realAWSCloudwatch,A_rolling_zscore,0.005029,50.0,0.0,0.0,0.0,0.0,1.4486010688462747,,-3.7599839923863048,-2.0,2.0
realAWSCloudwatch/ec2_cpu_utilization_fe7f93.csv,realAWSCloudwatch,A_rolling_zscore,0.006006,46.275718155139565,0.0,0.0,0.0,0.0,1.7202137692549513,,-4.089983992386305,-2.0,2.0
realAWSCloudwatch/ec2_cpu_utilization_fe7f93.csv,realAWSCloudwatch,A_rolling_zscore,0.007173,37.222257360502006,0.0,0.0,0.0,0.0,1.9918264696636276,,-4.4199839250878155,-2.0,2.0
realAWSCloudwatch/ec2_cpu_utilization_fe7f93.csv,realAWSCloudwatch,A_rolling_zscore,0.008566,34.44495514691815,0.0,0.0,0.0,0.0,2.4445143036780888,,-4.969983925087817,-2.0,2.0
realAWSCloudwatch/ec2_cpu_utilization_fe7f93.csv,realAWSCloudwatch,A_rolling_zscore,0.010231,27.99334622239864,0.8132530120481928,0.5,0.6192660550458716,0.5,2.8066645708896574,255.0,-3.4828747158665787,-2.0,2.0
realAWSCloudwatch/ec2_cpu_utilization_fe7f93.csv,realAWSCloudwatch,A_rolling_zscore,0.012218,19.228767949159263,0.7848837209302325,0.5,0.6108597285067873,0.5,3.34988997170701,255.0,-4.142874715866578,-2.0,2.0
realAWSCloudwatch/ec2_cpu_utilization_fe7f93.csv,realAWSCloudwatch,A_rolling_zscore,0.014592,14.163024974327127,0.75,0.5,0.6,0.5,3.9836529393272553,255.0,-4.912874715866581,-2.0,2.0
realAWSCloudwatch/ec2_cpu_utilization_fe7f93.csv,realAWSCloudwatch,A_rolling_zscore,0.017428,10.391882593197135,0.8385093167701864,1.0,0.9121621621621623,1.0,4.6174159069475005,177.5,-3.6975368879460757,-2.0,2.0
realAWSCloudwatch/ec2_cpu_utilization_fe7f93.csv,realAWSCloudwatch,A_rolling_zscore,0.020814,9.75380701249354,0.8157099697885196,1.0,0.8985024958402662,1.0,5.251178874567746,177.5,-4.446023560540078,-2.0,2.0
realAWSCloudwatch/ec2_cpu_utilization_fe7f93.csv,realAWSCloudwatch,A_rolling_zscore,0.024858,8.834418104761575,0.7871720116618076,1.0,0.8809135399673736,1.0,5.975479408990883,177.5,-5.316766359488592,-2.0,2.0
realAWSCloudwatch/ec2_cpu_utilization_fe7f93.csv,realAWSCloudwatch,A_rolling_zscore,0.029688,7.771389665914791,0.7541899441340782,1.0,0.8598726114649682,1.0,6.971392643822697,177.5,-6.455877009354472,-2.0,2.0
realAWSCloudwatch/ec2_cpu_utilization_fe7f93.csv,realAWSCloudwatch,A_rolling_zscore,0.035456,5.756139731686404,0.72,1.0,0.8372093023255813,1.0,8.057843445457403,177.5,-7.738911989405351,-2.0,2.0
realAWSCloudwatch/ec2_cpu_utilization_fe7f93.csv,realAWSCloudwatch,A_rolling_zscore,0.042345,4.543528129895934,0.6818181818181818,1.0,0.8108108108108109,1.0,8.963219113486325,72.5,-8.74786716066257,-2.0,2.0
realAWSCloudwatch/ec2_cpu_utilization_fe7f93.csv,realAWSCloudwatch,A_rolling_zscore,0.050573,3.6593657909268176,0.6398104265402843,1.0,0.7803468208092486,1.0,10.502357749135491,72.5,-10.60057710748811,-2.0,2.0
realAWSCloudwatch/ec2_cpu_utilization_fe7f93.csv,realAWSCloudwatch,A_rolling_zscore,0.060399,3.219894375106002,0.5973451327433629,1.0,0.7479224376731303,1.0,12.584721785602012,72.5,-13.098717126229932,-2.0,2.0
realAWSCloudwatch/ec2_cpu_utilization_fe7f93.csv,realAWSCloudwatch,A_rolling_zscore,0.072135,2.7119581360873157,0.5590062111801242,1.0,0.7171314741035856,1.0,14.21439798805407,72.5,-14.767563229384034,-2.0,2.0
realAWSCloudwatch/ec2_cpu_utilization_fe7f93.csv,realAWSCloudwatch,A_rolling_zscore,0.086151,2.3758828748090908,0.5162523900573613,1.0,0.6809583858764187,1.0,15.934611757309021,40.0,-16.682827765205644,-2.0,2.0
realAWSCloudwatch/ec2_cpu_utilization_fe7f93.csv,realAWSCloudwatch,A_rolling_zscore,0.10289,1.9829222094461831,0.47285464098073554,1.0,0.6420927467300832,1.0,17.02106255894373,40.0,-17.999139119658658,-2.0,2.0
realAWSCloudwatch/ec2_cpu_utilization_fe7f93.csv,realAWSCloudwatch,A_rolling_zscore,0.122881,1.5049303221162535,0.4292527821939587,1.0,0.6006674082313682,1.0,19.19396416221314,40.0,-20.636051613164963,-2.0,2.0
realAWSCloudwatch/ec2_cpu_utilization_fe7f93.csv,realAWSCloudwatch,A_rolling_zscore,0.146757,1.2903786508636141,0.38516405135520687,1.0,0.5561277033985582,1.0,20.914177931468092,40.0,-22.725665447414464,-2.0,2.0
realAWSCloudwatch/ec2_cpu_utilization_fe7f93.csv,realAWSCloudwatch,A_rolling_zscore,0.175272,1.1580715739998475,0.34438775510204084,1.0,0.5123339658444023,1.0,21.457403332285445,40.0,-23.38540302226068,-2.0,2.0
realAWSCloudwatch/ec2_cpu_utilization_fe7f93.csv,realAWSCloudwatch,A_rolling_zscore,0.209328,1.0245370573034591,0.30269058295964124,1.0,0.4647160068846816,1.0,21.457403332285445,40.0,-23.387167828502804,-2.0,2.0
realAWSCloudwatch/ec2_cpu_utilization_fe7f93.csv,realAWSCloudwatch,A_rolling_zscore,0.25,0.9104931906970538,0.267591674925669,1.0,0.4222048475371384,1.0,21.185790631876767,17.5,-23.01877566118276,-2.0,2.0
realAWSCloudwatch/ec2_cpu_utilization_fe7f93.csv,realAWSCloudwatch,B_iforest_raw,0.0005,0.789144990382841,1.0,0.5,0.6666666666666666,0.5,0.0,330.0,-0.13249613920403025,-2.0,2.0
realAWSCloudwatch/ec2_cpu_utilization_fe7f93.csv,realAWSCloudwatch,B_iforest_raw,0.000597,0.789144990382841,1.0,0.5,0.6666666666666666,0.5,0.0,330.0,-0.13249613920403025,-2.0,2.0
realAWSCloudwatch/ec2_cpu_utilization_fe7f93.csv,realAWSCloudwatch,B_iforest_raw,0.000713,0.789144990382841,1.0,0.5,0.6666666666666666,0.5,0.0,330.0,-0.13249613920403025,-2.0,2.0
realAWSCloudwatch/ec2_cpu_utilization_fe7f93.csv,realAWSCloudwatch,B_iforest_raw,0.000852,0.789144990382841,1.0,0.5,0.6666666666666666,0.5,0.0,330.0,-0.13249613920403025,-2.0,2.0
realAWSCloudwatch/ec2_cpu_utilization_fe7f93.csv,realAWSCloudwatch,B_iforest_raw,0.001017,0.789144990382841,0.9926470588235294,0.5,0.6650246305418719,0.5,0.09053756680289217,330.0,-0.24249613920403024,-2.0,2.0
realAWSCloudwatch/ec2_cpu_utilization_fe7f93.csv,realAWSCloudwatch,B_iforest_raw,0.001215,0.789144990382841,0.9926470588235294,0.5,0.6650246305418719,0.5,0.09053756680289217,330.0,-0.24249613920403024,-2.0,2.0
realAWSCloudwatch/ec2_cpu_utilization_fe7f93.csv,realAWSCloudwatch,B_iforest_raw,0.001451,0.789144990382841,0.9854014598540146,0.5,0.6633906633906634,0.5,0.18107513360578434,330.0,-0.3524961392040302,-2.0,2.0
realAWSCloudwatch/ec2_cpu_utilization_fe7f93.csv,realAWSCloudwatch,B_iforest_raw,0.001733,0.789144990382841,0.9782608695652174,0.5,0.661764705882353,0.5,0.2716127004086765,330.0,-0.4624961392040302,-2.0,2.0
realAWSCloudwatch/ec2_cpu_utilization_fe7f93.csv,realAWSCloudwatch,B_iforest_raw,0.00207,0.789144990382841,0.9712230215827338,0.5,0.6601466992665037,0.5,0.3621502672115687,330.0,-0.5724961392040302,-2.0,2.0
realAWSCloudwatch/ec2_cpu_utilization_fe7f93.csv,realAWSCloudwatch,B_iforest_raw,0.002472,0.7836352952843965,0.9642857142857143,0.5,0.6585365853658536,0.5,0.45268783401446083,330.0,-0.6824961392040302,-2.0,2.0
realAWSCloudwatch/ec2_cpu_utilization_fe7f93.csv,realAWSCloudwatch,B_iforest_raw,0.002952,0.7732132319389358,0.9507042253521126,0.5,0.6553398058252428,0.5,0.6337629676202452,330.0,-0.9024961392040302,-2.0,2.0
realAWSCloudwatch/ec2_cpu_utilization_fe7f93.csv,realAWSCloudwatch,B_iforest_raw,0.003525,0.7701945523850768,0.9375,0.5,0.6521739130434783,0.5,0.8148381012260295,330.0,-1.1224902154650196,-2.0,2.0
realAWSCloudwatch/ec2_cpu_utilization_fe7f93.csv,realAWSCloudwatch,B_iforest_raw,0.00421,0.7668885601186431,0.9310344827586207,0.5,0.6506024096385543,0.5,0.9053756680289217,275.0,-1.1860146389271233,-2.0,2.0
realAWSCloudwatch/ec2_cpu_utilization_fe7f93.csv,realAWSCloudwatch,B_iforest_raw,0.005029,0.75903383560395,0.9183673469387755,0.5,0.6474820143884893,0.5,1.086450801634706,275.0,-1.4060146389271235,-2.0,2.0
realAWSCloudwatch/ec2_cpu_utilization_fe7f93.csv,realAWSCloudwatch,B_iforest_raw,0.006006,0.7587501332100421,0.9060402684563759,0.5,0.6443914081145585,0.5,1.2675259352404904,275.0,-1.6260146389271237,-2.0,2.0
realAWSCloudwatch/ec2_cpu_utilization_fe7f93.csv,realAWSCloudwatch,B_iforest_raw,0.007173,0.7585204573900249,0.8940397350993378,0.5,0.6413301662707839,0.5,1.3580635020433824,275.0,-1.7360146389271238,-2.0,2.0
realAWSCloudwatch/ec2_cpu_utilization_fe7f93.csv,realAWSCloudwatch,B_iforest_raw,0.008566,0.7569187933918754,0.8709677419354839,0.5,0.6352941176470588,0.5,1.4486010688462747,275.0,-1.846014638927124,-2.0,2.0
realAWSCloudwatch/ec2_cpu_utilization_fe7f93.csv,realAWSCloudwatch,B_iforest_raw,0.010231,0.7564704144585832,0.84375,0.5,0.627906976744186,0.5,1.8107513360578433,275.0,-2.2860137878968785,-2.0,2.0
realAWSCloudwatch/ec2_cpu_utilization_fe7f93.csv,realAWSCloudwatch,B_iforest_raw,0.012218,0.7559587700337297,0.823170731707317,0.5,0.6221198156682027,0.5,2.172901603269412,255.0,-2.7128857451831334,-2.0,2.0
realAWSCloudwatch/ec2_cpu_utilization_fe7f93.csv,realAWSCloudwatch,B_iforest_raw,0.014592,0.7549148797417604,0.7848837209302325,0.5,0.6108597285067873,0.5,2.535051870480981,255.0,-3.1528857128285237,-2.0,2.0
realAWSCloudwatch/ec2_cpu_utilization_fe7f93.csv,realAWSCloudwatch,B_iforest_raw,0.017428,0.7493057455594239,0.75,0.5,0.6,0.5,2.9877397044954415,255.0,-3.7028615923467667,-2.0,2.0
realAWSCloudwatch/ec2_cpu_utilization_fe7f93.csv,realAWSCloudwatch,B_iforest_raw,0.020814,0.7459977601850992,0.7105263157894737,0.5,0.5869565217391304,0.5,3.078277271298334,255.0,-3.8128612315766564,-2.0,2.0
realAWSCloudwatch/ec2_cpu_utilization_fe7f93.csv,realAWSCloudwatch,B_iforest_raw,0.024858,0.7432795209488078,0.6683168316831684,0.5,0.5720338983050847,0.5,3.5309651053127946,255.0,-4.3628611631305025,-2.0,2.0
realAWSCloudwatch/ec2_cpu_utilization_fe7f93.csv,realAWSCloudwatch,B_iforest_raw,0.029688,0.7367240748171192,0.6221198156682027,0.5,0.5544147843942504,0.5,3.8931153725243632,255.0,-4.8028595687850695,-2.0,2.0
realAWSCloudwatch/ec2_cpu_utilization_fe7f93.csv,realAWSCloudwatch,B_iforest_raw,0.035456,0.7266221024045334,0.5769230769230769,0.5,0.5357142857142857,0.5,4.255265639735932,255.0,-5.242859568785071,-2.0,2.0
realAWSCloudwatch/ec2_cpu_utilization_fe7f93.csv,realAWSCloudwatch,B_iforest_raw,0.042345,0.7114084735896202,0.5294117647058824,0.5,0.5142857142857143,0.5,4.7079534737503925,255.0,-5.7928590249272425,-2.0,2.0
realAWSCloudwatch/ec2_cpu_utilization_fe7f93.csv,realAWSCloudwatch,B_iforest_raw,0.050573,0.6945398938211932,0.48214285714285715,0.5,0.4909090909090909,0.5,5.251178874567746,255.0,-6.452855014077627,-2.0,2.0
realAWSCloudwatch/ec2_cpu_utilization_fe7f93.csv,realAWSCloudwatch,B_iforest_raw,0.060399,0.6793876563667541,0.4340836012861736,0.5,0.46471600688468157,0.5,5.341716441370638,255.0,-6.56285497193853,-2.0,2.0
realAWSCloudwatch/ec2_cpu_utilization_fe7f93.csv,realAWSCloudwatch,B_iforest_raw,0.072135,0.6668281408643179,0.3901734104046243,0.5,0.4383116883116883,0.5,6.428167243005344,255.0,-7.882854971938532,-2.0,2.0
realAWSCloudwatch/ec2_cpu_utilization_fe7f93.csv,realAWSCloudwatch,B_iforest_raw,0.086151,0.660932086749901,0.34615384615384615,0.5,0.40909090909090906,0.5,7.605155611442942,255.0,-9.312854469874116,-2.0,2.0
realAWSCloudwatch/ec2_cpu_utilization_fe7f93.csv,realAWSCloudwatch,B_iforest_raw,0.10289,0.6540648105107296,0.3054298642533937,0.5,0.37921348314606745,0.5,9.053756680289217,255.0,-11.069883213081424,-2.0,2.0
realAWSCloudwatch/ec2_cpu_utilization_fe7f93.csv,realAWSCloudwatch,B_iforest_raw,0.122881,0.6336486863569706,0.27,0.5,0.35064935064935066,0.5,10.230745048726815,255.0,-12.494734509759498,-2.0,2.0
realAWSCloudwatch/ec2_cpu_utilization_fe7f93.csv,realAWSCloudwatch,B_iforest_raw,0.146757,0.603039306418769,0.23642732049036777,0.5,0.3210463733650416,0.5,11.22665828355863,255.0,-13.703193836278503,-2.0,2.0
realAWSCloudwatch/ec2_cpu_utilization_fe7f93.csv,realAWSCloudwatch,B_iforest_raw,0.175272,0.5693188689070733,0.20516717325227962,0.5,0.29094827586206895,0.5,13.671172587236718,255.0,-16.670986575057317,-2.0,2.0
realAWSCloudwatch/ec2_cpu_utilization_fe7f93.csv,realAWSCloudwatch,B_iforest_raw,0.209328,0.5380426765390983,0.17693315858453473,0.5,0.26137463697967084,0.5,14.123860421251178,235.0,-17.20953288225267,-2.0,2.0
realAWSCloudwatch/ec2_cpu_utilization_fe7f93.csv,realAWSCloudwatch,B_iforest_raw,0.25,0.4795308285590562,0.26548672566371684,1.0,0.41958041958041964,1.0,15.119773656082993,72.5,-16.34478181670089,-2.0,2.0
realAWSCloudwatch/ec2_cpu_utilization_fe7f93.csv,realAWSCloudwatch,C_iforest_contextual,0.0005,0.7855789745077881,0.0,0.0,0.0,0.0,0.09053756680289217,,-2.11,-2.0,2.0
realAWSCloudwatch/ec2_cpu_utilization_fe7f93.csv,realAWSCloudwatch,C_iforest_contextual,0.000597,0.7854650939196662,0.0,0.0,0.0,0.0,0.09053756680289217,,-2.11,-2.0,2.0
realAWSCloudwatch/ec2_cpu_utilization_fe7f93.csv,realAWSCloudwatch,C_iforest_contextual,0.000713,0.7846762636994712,0.0,0.0,0.0,0.0,0.18107513360578434,,-2.2199999999999998,-2.0,2.0
realAWSCloudwatch/ec2_cpu_utilization_fe7f93.csv,realAWSCloudwatch,C_iforest_contextual,0.000852,0.7834365255784238,0.0,0.0,0.0,0.0,0.18107513360578434,,-2.2199999999999998,-2.0,2.0
realAWSCloudwatch/ec2_cpu_utilization_fe7f93.csv,realAWSCloudwatch,C_iforest_contextual,0.001017,0.7824988955866152,0.0,0.0,0.0,0.0,0.2716127004086765,,-2.3299999999999996,-2.0,2.0
realAWSCloudwatch/ec2_cpu_utilization_fe7f93.csv,realAWSCloudwatch,C_iforest_contextual,0.001215,0.7821636795036637,0.0,0.0,0.0,0.0,0.2716127004086765,,-2.3299999999999996,-2.0,2.0
realAWSCloudwatch/ec2_cpu_utilization_fe7f93.csv,realAWSCloudwatch,C_iforest_contextual,0.001451,0.7812972151890301,0.0,0.0,0.0,0.0,0.3621502672115687,,-2.4399999999999995,-2.0,2.0
realAWSCloudwatch/ec2_cpu_utilization_fe7f93.csv,realAWSCloudwatch,C_iforest_contextual,0.001733,0.7799696053892463,0.0,0.0,0.0,0.0,0.45268783401446083,,-2.5499999999999994,-2.0,2.0
realAWSCloudwatch/ec2_cpu_utilization_fe7f93.csv,realAWSCloudwatch,C_iforest_contextual,0.00207,0.7772739179480243,0.0,0.0,0.0,0.0,0.543225400817353,,-2.659999048168989,-2.0,2.0
realAWSCloudwatch/ec2_cpu_utilization_fe7f93.csv,realAWSCloudwatch,C_iforest_contextual,0.002472,0.7757029218244216,0.0,0.0,0.0,0.0,0.6337629676202452,,-2.7699990481689887,-2.0,2.0
realAWSCloudwatch/ec2_cpu_utilization_fe7f93.csv,realAWSCloudwatch,C_iforest_contextual,0.002952,0.7702380188263923,0.0,0.0,0.0,0.0,0.8148381012260295,,-2.9899990481689884,-2.0,2.0
realAWSCloudwatch/ec2_cpu_utilization_fe7f93.csv,realAWSCloudwatch,C_iforest_contextual,0.003525,0.7658130224156132,0.0,0.0,0.0,0.0,0.9959132348318138,,-3.209999048168988,-2.0,2.0
realAWSCloudwatch/ec2_cpu_utilization_fe7f93.csv,realAWSCloudwatch,C_iforest_contextual,0.00421,0.7631845835315152,0.0,0.0,0.0,0.0,1.1769883684375981,,-3.429999048168988,-2.0,2.0
realAWSCloudwatch/ec2_cpu_utilization_fe7f93.csv,realAWSCloudwatch,C_iforest_contextual,0.005029,0.7594973802831453,0.0,0.0,0.0,0.0,1.4486010688462747,,-3.7599990481689876,-2.0,2.0
realAWSCloudwatch/ec2_cpu_utilization_fe7f93.csv,realAWSCloudwatch,C_iforest_contextual,0.006006,0.756271101119725,0.0,0.0,0.0,0.0,1.7202137692549513,,-4.089983992386305,-2.0,2.0
realAWSCloudwatch/ec2_cpu_utilization_fe7f93.csv,realAWSCloudwatch,C_iforest_contextual,0.007173,0.753189560791695,0.0,0.0,0.0,0.0,1.9918264696636276,,-4.419983992386306,-2.0,2.0
realAWSCloudwatch/ec2_cpu_utilization_fe7f93.csv,realAWSCloudwatch,C_iforest_contextual,0.008566,0.7457087639111265,0.0,0.0,0.0,0.0,2.4445143036780888,,-4.96998226321268,-2.0,2.0
realAWSCloudwatch/ec2_cpu_utilization_fe7f93.csv,realAWSCloudwatch,C_iforest_contextual,0.010231,0.7358962084159021,0.8132530120481928,0.5,0.6192660550458716,0.5,2.8066645708896574,310.0,-3.5236221919124873,-2.0,2.0
realAWSCloudwatch/ec2_cpu_utilization_fe7f93.csv,realAWSCloudwatch,C_iforest_contextual,0.012218,0.7267755142442751,0.7894736842105263,0.5,0.6122448979591837,0.5,3.168814838101226,310.0,-3.9636221919124863,-2.0,2.0
realAWSCloudwatch/ec2_cpu_utilization_fe7f93.csv,realAWSCloudwatch,C_iforest_contextual,0.014592,0.7178410476912219,0.7670454545454546,0.5,0.6053811659192825,0.5,3.5309651053127946,255.0,-4.362868859426058,-2.0,2.0
realAWSCloudwatch/ec2_cpu_utilization_fe7f93.csv,realAWSCloudwatch,C_iforest_contextual,0.017428,0.7120593624753695,0.7336956521739131,0.5,0.5947136563876652,0.5,3.8931153725243632,255.0,-4.802868273429134,-2.0,2.0
realAWSCloudwatch/ec2_cpu_utilization_fe7f93.csv,realAWSCloudwatch,C_iforest_contextual,0.020814,0.7025738635656638,0.703125,0.5,0.5844155844155844,0.5,4.255265639735932,255.0,-5.242858982788144,-2.0,2.0
realAWSCloudwatch/ec2_cpu_utilization_fe7f93.csv,realAWSCloudwatch,C_iforest_contextual,0.024858,0.6853386125263444,0.6585365853658537,0.5,0.5684210526315789,0.5,4.7079534737503925,255.0,-5.792845194497975,-2.0,2.0
realAWSCloudwatch/ec2_cpu_utilization_fe7f93.csv,realAWSCloudwatch,C_iforest_contextual,0.029688,0.674375373248409,0.6192660550458715,0.5,0.5532786885245902,0.5,4.798491040553285,255.0,-5.902845194497975,-2.0,2.0
realAWSCloudwatch/ec2_cpu_utilization_fe7f93.csv,realAWSCloudwatch,C_iforest_contextual,0.035456,0.6648908510786448,0.5818965517241379,0.5,0.5378486055776892,0.5,4.798491040553285,255.0,-5.902858162927504,-2.0,2.0
realAWSCloudwatch/ec2_cpu_utilization_fe7f93.csv,realAWSCloudwatch,C_iforest_contextual,0.042345,0.6581624525121816,0.54,0.5,0.5192307692307693,0.5,4.8890286073561775,255.0,-6.012858162927504,-2.0,2.0
realAWSCloudwatch/ec2_cpu_utilization_fe7f93.csv,realAWSCloudwatch,C_iforest_contextual,0.050573,0.6502086715393216,0.4909090909090909,0.5,0.4954128440366972,0.5,4.8890286073561775,255.0,-6.012858162927504,-2.0,2.0
realAWSCloudwatch/ec2_cpu_utilization_fe7f93.csv,realAWSCloudwatch,C_iforest_contextual,0.060399,0.6406858646884267,0.4440789473684211,0.5,0.47038327526132406,0.5,4.8890286073561775,255.0,-6.0128589827881465,-2.0,2.0
realAWSCloudwatch/ec2_cpu_utilization_fe7f93.csv,realAWSCloudwatch,C_iforest_contextual,0.072135,0.6293849390360693,0.39589442815249265,0.5,0.44189852700490995,0.5,5.160641307764854,255.0,-6.342858915489655,-2.0,2.0
realAWSCloudwatch/ec2_cpu_utilization_fe7f93.csv,realAWSCloudwatch,C_iforest_contextual,0.086151,0.6085232006317407,0.3515625,0.5,0.41284403669724773,0.5,6.337629676202452,255.0,-7.772854904640042,-2.0,2.0
realAWSCloudwatch/ec2_cpu_utilization_fe7f93.csv,realAWSCloudwatch,C_iforest_contextual,0.10289,0.5846969174949851,0.313953488372093,0.5,0.38571428571428573,0.5,7.695693178245834,255.0,-9.416146515102978,-2.0,2.0
realAWSCloudwatch/ec2_cpu_utilization_fe7f93.csv,realAWSCloudwatch,C_iforest_contextual,0.122881,0.5721316137577293,0.27494908350305497,0.5,0.35479632063074895,0.5,8.963219113486325,255.0,-10.94711170716348,-2.0,2.0
realAWSCloudwatch/ec2_cpu_utilization_fe7f93.csv,realAWSCloudwatch,C_iforest_contextual,0.146757,0.5609442706265306,0.23978685612788633,0.5,0.32412965186074433,0.5,8.872681546683433,45.0,-10.76953718937737,-2.0,2.0
realAWSCloudwatch/ec2_cpu_utilization_fe7f93.csv,realAWSCloudwatch,C_iforest_contextual,0.175272,0.5497534899970767,0.34394904458598724,1.0,0.5118483412322274,1.0,9.59698208110657,72.5,-9.633593493003474,-2.0,2.0
realAWSCloudwatch/ec2_cpu_utilization_fe7f93.csv,realAWSCloudwatch,C_iforest_contextual,0.209328,0.5394029517500105,0.3023516237402016,1.0,0.4643164230438521,1.0,10.230745048726815,72.5,-10.29580038421824,-2.0,2.0
realAWSCloudwatch/ec2_cpu_utilization_fe7f93.csv,realAWSCloudwatch,C_iforest_contextual,0.25,0.5283168369970996,0.2644466209598433,1.0,0.418280402788536,1.0,11.317195850361522,72.5,-11.592221366622116,-2.0,2.0
realAWSCloudwatch/ec2_disk_write_bytes_1ef3de.csv,realAWSCloudwatch,A_rolling_zscore,0.0005,50.0,0.0,0.0,0.0,0.0,0.0,,-1.0,-1.0,1.0
realAWSCloudwatch/ec2_disk_write_bytes_1ef3de.csv,realAWSCloudwatch,A_rolling_zscore,0.000597,50.0,0.0,0.0,0.0,0.0,0.0,,-1.0,-1.0,1.0
realAWSCloudwatch/ec2_disk_write_bytes_1ef3de.csv,realAWSCloudwatch,A_rolling_zscore,0.000713,50.0,0.0,0.0,0.0,0.0,0.0,,-1.0,-1.0,1.0
realAWSCloudwatch/ec2_disk_write_bytes_1ef3de.csv,realAWSCloudwatch,A_rolling_zscore,0.000852,50.0,0.0,0.0,0.0,0.0,0.0,,-1.0,-1.0,1.0
realAWSCloudwatch/ec2_disk_write_bytes_1ef3de.csv,realAWSCloudwatch,A_rolling_zscore,0.001017,50.0,0.0,0.0,0.0,0.0,0.0,,-1.0,-1.0,1.0
realAWSCloudwatch/ec2_disk_write_bytes_1ef3de.csv,realAWSCloudwatch,A_rolling_zscore,0.001215,50.0,0.0,0.0,0.0,0.0,0.0,,-1.0,-1.0,1.0
realAWSCloudwatch/ec2_disk_write_bytes_1ef3de.csv,realAWSCloudwatch,A_rolling_zscore,0.001451,50.0,0.0,0.0,0.0,0.0,0.0,,-1.0,-1.0,1.0
realAWSCloudwatch/ec2_disk_write_bytes_1ef3de.csv,realAWSCloudwatch,A_rolling_zscore,0.001733,50.0,0.0,0.0,0.0,0.0,0.0,,-1.0,-1.0,1.0
realAWSCloudwatch/ec2_disk_write_bytes_1ef3de.csv,realAWSCloudwatch,A_rolling_zscore,0.00207,50.0,0.0,0.0,0.0,0.0,0.0,,-1.0,-1.0,1.0
realAWSCloudwatch/ec2_disk_write_bytes_1ef3de.csv,realAWSCloudwatch,A_rolling_zscore,0.002472,50.0,0.0,0.0,0.0,0.0,0.08186469584991472,,-1.11,-1.0,1.0
realAWSCloudwatch/ec2_disk_write_bytes_1ef3de.csv,realAWSCloudwatch,A_rolling_zscore,0.002952,50.0,0.0,0.0,0.0,0.0,0.08186469584991472,,-1.11,-1.0,1.0
realAWSCloudwatch/ec2_disk_write_bytes_1ef3de.csv,realAWSCloudwatch,A_rolling_zscore,0.003525,50.0,0.0,0.0,0.0,0.0,0.08186469584991472,,-1.11,-1.0,1.0
realAWSCloudwatch/ec2_disk_write_bytes_1ef3de.csv,realAWSCloudwatch,A_rolling_zscore,0.00421,50.0,0.0,0.0,0.0,0.0,0.08186469584991472,,-1.11,-1.0,1.0
realAWSCloudwatch/ec2_disk_write_bytes_1ef3de.csv,realAWSCloudwatch,A_rolling_zscore,0.005029,50.0,0.0,0.0,0.0,0.0,0.16372939169982945,,-1.2199983438422728,-1.0,1.0
realAWSCloudwatch/ec2_disk_write_bytes_1ef3de.csv,realAWSCloudwatch,A_rolling_zscore,0.006006,50.0,0.0,0.0,0.0,0.0,0.16372939169982945,,-1.2199983438422728,-1.0,1.0
realAWSCloudwatch/ec2_disk_write_bytes_1ef3de.csv,realAWSCloudwatch,A_rolling_zscore,0.007173,50.0,0.0,0.0,0.0,0.0,0.16372939169982945,,-1.2199983438422728,-1.0,1.0
realAWSCloudwatch/ec2_disk_write_bytes_1ef3de.csv,realAWSCloudwatch,A_rolling_zscore,0.008566,49.98939147028367,0.0,0.0,0.0,0.0,0.24559408754974416,,-1.3299979379810605,-1.0,1.0
realAWSCloudwatch/ec2_disk_write_bytes_1ef3de.csv,realAWSCloudwatch,A_rolling_zscore,0.010231,49.89044770941696,0.0,0.0,0.0,0.0,0.3274587833996589,,-1.4399977661284278,-1.0,1.0
realAWSCloudwatch/ec2_disk_write_bytes_1ef3de.csv,realAWSCloudwatch,A_rolling_zscore,0.012218,49.45783182380673,0.0,0.0,0.0,0.0,0.3274587833996589,,-1.4399977661284278,-1.0,1.0
realAWSCloudwatch/ec2_disk_write_bytes_1ef3de.csv,realAWSCloudwatch,A_rolling_zscore,0.014592,41.14200097087984,0.0,0.0,0.0,0.0,0.3274587833996589,,-1.4399977661284278,-1.0,1.0
realAWSCloudwatch/ec2_disk_write_bytes_1ef3de.csv,realAWSCloudwatch,A_rolling_zscore,0.017428,38.832410971446144,0.0,0.0,0.0,0.0,0.4911881750994883,,-1.6599976933614122,-1.0,1.0
realAWSCloudwatch/ec2_disk_write_bytes_1ef3de.csv,realAWSCloudwatch,A_rolling_zscore,0.020814,37.38036159800689,0.0,0.0,0.0,0.0,0.573052870949403,,-1.758421523624915,-1.0,1.0
realAWSCloudwatch/ec2_disk_write_bytes_1ef3de.csv,realAWSCloudwatch,A_rolling_zscore,0.024858,34.70682465627804,0.0,0.0,0.0,0.0,0.7367822626492325,,-1.97616836026213,-1.0,1.0
realAWSCloudwatch/ec2_disk_write_bytes_1ef3de.csv,realAWSCloudwatch,A_rolling_zscore,0.029688,34.50317956351904,0.0,0.0,0.0,0.0,0.9005116543490619,,-2.1955287682446647,-1.0,1.0
realAWSCloudwatch/ec2_disk_write_bytes_1ef3de.csv,realAWSCloudwatch,A_rolling_zscore,0.035456,32.40827900812277,0.0,0.0,0.0,0.0,1.0642410460488914,,-2.37844270234326,-1.0,1.0
realAWSCloudwatch/ec2_disk_write_bytes_1ef3de.csv,realAWSCloudwatch,A_rolling_zscore,0.042345,29.18103095966753,0.0,0.0,0.0,0.0,1.3098351335986356,,-2.615391468497605,-1.0,1.0
realAWSCloudwatch/ec2_disk_write_bytes_1ef3de.csv,realAWSCloudwatch,A_rolling_zscore,0.050573,28.773190646208306,0.7738095238095238,1.0,0.8724832214765101,1.0,1.473564525298465,455.0,-0.8448057974166353,-1.0,1.0
realAWSCloudwatch/ec2_disk_write_bytes_1ef3de.csv,realAWSCloudwatch,A_rolling_zscore,0.060399,25.633252867095432,0.7471264367816092,1.0,0.8552631578947367,1.0,1.719158612848209,455.0,-1.1705692021321559,-1.0,1.0
realAWSCloudwatch/ec2_disk_write_bytes_1ef3de.csv,realAWSCloudwatch,A_rolling_zscore,0.072135,17.426649983668394,0.7065217391304348,1.0,0.8280254777070064,1.0,2.1284820920977827,455.0,-1.592510369781808,-1.0,1.0
realAWSCloudwatch/ec2_disk_write_bytes_1ef3de.csv,realAWSCloudwatch,A_rolling_zscore,0.086151,9.427629507302397,0.6632653061224489,1.0,0.7975460122699386,1.0,2.537805571347356,455.0,-2.142510369781808,-1.0,1.0
realAWSCloudwatch/ec2_disk_write_bytes_1ef3de.csv,realAWSCloudwatch,A_rolling_zscore,0.10289,8.71665020829279,0.6435643564356436,1.0,0.7831325301204819,1.0,2.619670267197271,295.0,-2.2464218620084035,-1.0,1.0
realAWSCloudwatch/ec2_disk_write_bytes_1ef3de.csv,realAWSCloudwatch,A_rolling_zscore,0.122881,7.121485205546484,0.5963302752293578,1.0,0.7471264367816092,1.0,2.619670267197271,290.0,-2.2451046644388795,-1.0,1.0
realAWSCloudwatch/ec2_disk_write_bytes_1ef3de.csv,realAWSCloudwatch,A_rolling_zscore,0.146757,3.983385208974617,0.5652173913043478,1.0,0.7222222222222222,1.0,2.94712905059693,290.0,-2.6850601297105197,-1.0,1.0
realAWSCloudwatch/ec2_disk_write_bytes_1ef3de.csv,realAWSCloudwatch,A_rolling_zscore,0.175272,3.2460966796138666,0.52,1.0,0.6842105263157895,1.0,3.765776009096077,290.0,-3.7778117723241804,-1.0,1.0
realAWSCloudwatch/ec2_disk_write_bytes_1ef3de.csv,realAWSCloudwatch,A_rolling_zscore,0.209328,2.26577340522428,0.48507462686567165,1.0,0.6532663316582915,1.0,4.502558271745309,0.0,-4.746308922540988,-1.0,1.0
realAWSCloudwatch/ec2_disk_write_bytes_1ef3de.csv,realAWSCloudwatch,A_rolling_zscore,0.25,0.7378130906432759,0.4452054794520548,1.0,0.6161137440758294,1.0,4.748152359295053,0.0,-5.071253518998525,-1.0,1.0
realAWSCloudwatch/ec2_disk_write_bytes_1ef3de.csv,realAWSCloudwatch,B_iforest_raw,0.0005,0.7861539439877319,0.0,0.0,0.0,0.0,0.0,,-1.0,-1.0,1.0
realAWSCloudwatch/ec2_disk_write_bytes_1ef3de.csv,realAWSCloudwatch,B_iforest_raw,0.000597,0.7861539439877319,0.0,0.0,0.0,0.0,0.0,,-1.0,-1.0,1.0
realAWSCloudwatch/ec2_disk_write_bytes_1ef3de.csv,realAWSCloudwatch,B_iforest_raw,0.000713,0.7861539439877319,0.0,0.0,0.0,0.0,0.0,,-1.0,-1.0,1.0
realAWSCloudwatch/ec2_disk_write_bytes_1ef3de.csv,realAWSCloudwatch,B_iforest_raw,0.000852,0.7861539439877319,0.0,0.0,0.0,0.0,0.0,,-1.0,-1.0,1.0
realAWSCloudwatch/ec2_disk_write_bytes_1ef3de.csv,realAWSCloudwatch,B_iforest_raw,0.001017,0.7861539439877319,0.0,0.0,0.0,0.0,0.0,,-1.0,-1.0,1.0
realAWSCloudwatch/ec2_disk_write_bytes_1ef3de.csv,realAWSCloudwatch,B_iforest_raw,0.001215,0.7861539439877319,0.0,0.0,0.0,0.0,0.0,,-1.0,-1.0,1.0
realAWSCloudwatch/ec2_disk_write_bytes_1ef3de.csv,realAWSCloudwatch,B_iforest_raw,0.001451,0.7861539439877319,0.0,0.0,0.0,0.0,0.0,,-1.0,-1.0,1.0
realAWSCloudwatch/ec2_disk_write_bytes_1ef3de.csv,realAWSCloudwatch,B_iforest_raw,0.001733,0.7861539439877319,0.0,0.0,0.0,0.0,0.0,,-1.0,-1.0,1.0
realAWSCloudwatch/ec2_disk_write_bytes_1ef3de.csv,realAWSCloudwatch,B_iforest_raw,0.00207,0.7861539439877319,0.0,0.0,0.0,0.0,0.0,,-1.0,-1.0,1.0
realAWSCloudwatch/ec2_disk_write_bytes_1ef3de.csv,realAWSCloudwatch,B_iforest_raw,0.002472,0.7861539439877319,0.0,0.0,0.0,0.0,0.08186469584991472,,-1.11,-1.0,1.0
realAWSCloudwatch/ec2_disk_write_bytes_1ef3de.csv,realAWSCloudwatch,B_iforest_raw,0.002952,0.7861539439877319,0.0,0.0,0.0,0.0,0.08186469584991472,,-1.11,-1.0,1.0
realAWSCloudwatch/ec2_disk_write_bytes_1ef3de.csv,realAWSCloudwatch,B_iforest_raw,0.003525,0.7861539439877319,0.0,0.0,0.0,0.0,0.08186469584991472,,-1.11,-1.0,1.0
realAWSCloudwatch/ec2_disk_write_bytes_1ef3de.csv,realAWSCloudwatch,B_iforest_raw,0.00421,0.7861539439877319,0.0,0.0,0.0,0.0,0.08186469584991472,,-1.11,-1.0,1.0
realAWSCloudwatch/ec2_disk_write_bytes_1ef3de.csv,realAWSCloudwatch,B_iforest_raw,0.005029,0.7861539439877319,0.0,0.0,0.0,0.0,0.16372939169982945,,-1.2200000000000002,-1.0,1.0
realAWSCloudwatch/ec2_disk_write_bytes_1ef3de.csv,realAWSCloudwatch,B_iforest_raw,0.006006,0.7861539439877319,0.0,0.0,0.0,0.0,0.16372939169982945,,-1.2200000000000002,-1.0,1.0
realAWSCloudwatch/ec2_disk_write_bytes_1ef3de.csv,realAWSCloudwatch,B_iforest_raw,0.007173,0.7861539439877319,0.0,0.0,0.0,0.0,0.16372939169982945,,-1.2200000000000002,-1.0,1.0
realAWSCloudwatch/ec2_disk_write_bytes_1ef3de.csv,realAWSCloudwatch,B_iforest_raw,0.008566,0.7861539439877319,0.0,0.0,0.0,0.0,0.24559408754974416,,-1.3300000000000003,-1.0,1.0
realAWSCloudwatch/ec2_disk_write_bytes_1ef3de.csv,realAWSCloudwatch,B_iforest_raw,0.010231,0.7861539439877319,0.9558823529411765,1.0,0.9774436090225563,1.0,0.24559408754974416,570.0,0.634290098526171,-1.0,1.0
realAWSCloudwatch/ec2_disk_write_bytes_1ef3de.csv,realAWSCloudwatch,B_iforest_raw,0.012218,0.7861539439877319,0.9558823529411765,1.0,0.9774436090225563,1.0,0.24559408754974416,570.0,0.634290098526171,-1.0,1.0
realAWSCloudwatch/ec2_disk_write_bytes_1ef3de.csv,realAWSCloudwatch,B_iforest_raw,0.014592,0.7861539439877319,0.9558823529411765,1.0,0.9774436090225563,1.0,0.24559408754974416,570.0,0.634290098526171,-1.0,1.0
realAWSCloudwatch/ec2_disk_write_bytes_1ef3de.csv,realAWSCloudwatch,B_iforest_raw,0.017428,0.7861539439877319,0.9558823529411765,1.0,0.9774436090225563,1.0,0.24559408754974416,570.0,0.634290098526171,-1.0,1.0
realAWSCloudwatch/ec2_disk_write_bytes_1ef3de.csv,realAWSCloudwatch,B_iforest_raw,0.020814,0.7861539439877319,0.9558823529411765,1.0,0.9774436090225563,1.0,0.24559408754974416,570.0,0.634290098526171,-1.0,1.0
realAWSCloudwatch/ec2_disk_write_bytes_1ef3de.csv,realAWSCloudwatch,B_iforest_raw,0.024858,0.7861539439877319,0.9558823529411765,1.0,0.9774436090225563,1.0,0.24559408754974416,570.0,0.634290098526171,-1.0,1.0
realAWSCloudwatch/ec2_disk_write_bytes_1ef3de.csv,realAWSCloudwatch,B_iforest_raw,0.029688,0.7861539439877319,0.9285714285714286,1.0,0.962962962962963,1.0,0.4093234792495736,570.0,0.5763322380834901,-1.0,1.0
realAWSCloudwatch/ec2_disk_write_bytes_1ef3de.csv,realAWSCloudwatch,B_iforest_raw,0.035456,0.7861539439877319,0.9027777777777778,1.0,0.9489051094890512,1.0,0.573052870949403,570.0,0.4440894181682222,-1.0,1.0
realAWSCloudwatch/ec2_disk_write_bytes_1ef3de.csv,realAWSCloudwatch,B_iforest_raw,0.042345,0.7861539439877319,0.8666666666666667,1.0,0.9285714285714286,1.0,0.8186469584991471,570.0,0.15178127531744345,-1.0,1.0
realAWSCloudwatch/ec2_disk_write_bytes_1ef3de.csv,realAWSCloudwatch,B_iforest_raw,0.050573,0.7861539439877319,0.8333333333333334,1.0,0.9090909090909091,1.0,0.9823763501989766,570.0,-0.05997291577024687,-1.0,1.0
realAWSCloudwatch/ec2_disk_write_bytes_1ef3de.csv,realAWSCloudwatch,B_iforest_raw,0.060399,0.7861539439877319,0.7926829268292683,1.0,0.8843537414965986,1.0,1.3098351335986356,570.0,-0.4952766611001154,-1.0,1.0
realAWSCloudwatch/ec2_disk_write_bytes_1ef3de.csv,realAWSCloudwatch,B_iforest_raw,0.072135,0.7861539439877319,0.7471264367816092,1.0,0.8552631578947367,1.0,1.719158612848209,570.0,-1.0443456245285483,-1.0,1.0
realAWSCloudwatch/ec2_disk_write_bytes_1ef3de.csv,realAWSCloudwatch,B_iforest_raw,0.086151,0.7861539439877319,0.6989247311827957,1.0,0.8227848101265823,1.0,2.2103467879476972,570.0,-1.7042304123813117,-1.0,1.0
realAWSCloudwatch/ec2_disk_write_bytes_1ef3de.csv,realAWSCloudwatch,B_iforest_raw,0.10289,0.7299767364451092,0.6565656565656566,1.0,0.7926829268292683,1.0,2.7015349630471857,570.0,-2.3642252610931522,-1.0,1.0
realAWSCloudwatch/ec2_disk_write_bytes_1ef3de.csv,realAWSCloudwatch,B_iforest_raw,0.122881,0.6996804006573074,0.6132075471698113,1.0,0.7602339181286549,1.0,3.0289937464468446,570.0,-2.804224986473556,-1.0,1.0
realAWSCloudwatch/ec2_disk_write_bytes_1ef3de.csv,realAWSCloudwatch,B_iforest_raw,0.146757,0.6050527843837048,0.5803571428571429,1.0,0.7344632768361583,1.0,3.2745878339965886,570.0,-3.134224977734879,-1.0,1.0
realAWSCloudwatch/ec2_disk_write_bytes_1ef3de.csv,realAWSCloudwatch,B_iforest_raw,0.175272,0.5811575843693073,0.5416666666666666,1.0,0.7027027027027027,1.0,3.6839113132461625,455.0,-3.657822609593522,-1.0,1.0
realAWSCloudwatch/ec2_disk_write_bytes_1ef3de.csv,realAWSCloudwatch,B_iforest_raw,0.209328,0.5808461245414012,0.48507462686567165,1.0,0.6532663316582915,1.0,3.9295054007959065,455.0,-3.987822609593522,-1.0,1.0
realAWSCloudwatch/ec2_disk_write_bytes_1ef3de.csv,realAWSCloudwatch,B_iforest_raw,0.25,0.5798339714320155,0.4452054794520548,1.0,0.6161137440758294,1.0,4.4206935758953945,0.0,-4.635324845222643,-1.0,1.0
realAWSCloudwatch/ec2_disk_write_bytes_1ef3de.csv,realAWSCloudwatch,C_iforest_contextual,0.0005,0.7134218779190717,0.0,0.0,0.0,0.0,0.0,,-1.0,-1.0,1.0
realAWSCloudwatch/ec2_disk_write_bytes_1ef3de.csv,realAWSCloudwatch,C_iforest_contextual,0.000597,0.7133626865523073,0.0,0.0,0.0,0.0,0.0,,-1.0,-1.0,1.0
realAWSCloudwatch/ec2_disk_write_bytes_1ef3de.csv,realAWSCloudwatch,C_iforest_contextual,0.000713,0.7132919010003003,0.0,0.0,0.0,0.0,0.0,,-1.0,-1.0,1.0
realAWSCloudwatch/ec2_disk_write_bytes_1ef3de.csv,realAWSCloudwatch,C_iforest_contextual,0.000852,0.7132070803819471,0.0,0.0,0.0,0.0,0.0,,-1.0,-1.0,1.0
realAWSCloudwatch/ec2_disk_write_bytes_1ef3de.csv,realAWSCloudwatch,C_iforest_contextual,0.001017,0.71310639403642,0.0,0.0,0.0,0.0,0.0,,-1.0,-1.0,1.0
realAWSCloudwatch/ec2_disk_write_bytes_1ef3de.csv,realAWSCloudwatch,C_iforest_contextual,0.001215,0.7129855704217875,0.0,0.0,0.0,0.0,0.0,,-1.0,-1.0,1.0
realAWSCloudwatch/ec2_disk_write_bytes_1ef3de.csv,realAWSCloudwatch,C_iforest_contextual,0.001451,0.7128415584366699,0.0,0.0,0.0,0.0,0.0,,-1.0,-1.0,1.0
realAWSCloudwatch/ec2_disk_write_bytes_1ef3de.csv,realAWSCloudwatch,C_iforest_contextual,0.001733,0.7126694763188598,0.0,0.0,0.0,0.0,0.0,,-1.0,-1.0,1.0
realAWSCloudwatch/ec2_disk_write_bytes_1ef3de.csv,realAWSCloudwatch,C_iforest_contextual,0.00207,0.712463832085874,0.0,0.0,0.0,0.0,0.0,,-1.0,-1.0,1.0
realAWSCloudwatch/ec2_disk_write_bytes_1ef3de.csv,realAWSCloudwatch,C_iforest_contextual,0.002472,0.712226770720658,0.0,0.0,0.0,0.0,0.08186469584991472,,-1.1099995941387877,-1.0,1.0
realAWSCloudwatch/ec2_disk_write_bytes_1ef3de.csv,realAWSCloudwatch,C_iforest_contextual,0.002952,0.7121978181663375,0.0,0.0,0.0,0.0,0.08186469584991472,,-1.1099995941387877,-1.0,1.0
realAWSCloudwatch/ec2_disk_write_bytes_1ef3de.csv,realAWSCloudwatch,C_iforest_contextual,0.003525,0.7121632560546176,0.0,0.0,0.0,0.0,0.08186469584991472,,-1.1099995941387877,-1.0,1.0
realAWSCloudwatch/ec2_disk_write_bytes_1ef3de.csv,realAWSCloudwatch,C_iforest_contextual,0.00421,0.7121219383468894,0.0,0.0,0.0,0.0,0.08186469584991472,,-1.1099995941387877,-1.0,1.0
realAWSCloudwatch/ec2_disk_write_bytes_1ef3de.csv,realAWSCloudwatch,C_iforest_contextual,0.005029,0.7115794191731502,0.0,0.0,0.0,0.0,0.16372939169982945,,-1.2198458854921608,-1.0,1.0
realAWSCloudwatch/ec2_disk_write_bytes_1ef3de.csv,realAWSCloudwatch,C_iforest_contextual,0.006006,0.7073309431729754,0.0,0.0,0.0,0.0,0.16372939169982945,,-1.2198458854921608,-1.0,1.0
realAWSCloudwatch/ec2_disk_write_bytes_1ef3de.csv,realAWSCloudwatch,C_iforest_contextual,0.007173,0.7022562538257867,0.0,0.0,0.0,0.0,0.16372939169982945,,-1.2198458854921608,-1.0,1.0
realAWSCloudwatch/ec2_disk_write_bytes_1ef3de.csv,realAWSCloudwatch,C_iforest_contextual,0.008566,0.6995739769576172,0.0,0.0,0.0,0.0,0.24559408754974416,,-1.3297418575165663,-1.0,1.0
realAWSCloudwatch/ec2_disk_write_bytes_1ef3de.csv,realAWSCloudwatch,C_iforest_contextual,0.010231,0.6970511031114114,0.0,0.0,0.0,0.0,0.3274587833996589,,-1.4377342172909466,-1.0,1.0
realAWSCloudwatch/ec2_disk_write_bytes_1ef3de.csv,realAWSCloudwatch,C_iforest_contextual,0.012218,0.6940952235509266,0.0,0.0,0.0,0.0,0.3274587833996589,,-1.4377342172909466,-1.0,1.0
realAWSCloudwatch/ec2_disk_write_bytes_1ef3de.csv,realAWSCloudwatch,C_iforest_contextual,0.014592,0.6882838399021401,0.0,0.0,0.0,0.0,0.4093234792495736,,-1.5361580475544496,-1.0,1.0
realAWSCloudwatch/ec2_disk_write_bytes_1ef3de.csv,realAWSCloudwatch,C_iforest_contextual,0.017428,0.6862666444858775,0.0,0.0,0.0,0.0,0.573052870949403,,-1.7559125244172842,-1.0,1.0
realAWSCloudwatch/ec2_disk_write_bytes_1ef3de.csv,realAWSCloudwatch,C_iforest_contextual,0.020814,0.6856754177316238,0.9027777777777778,1.0,0.9489051094890512,1.0,0.573052870949403,785.0,0.0319128874706789,-1.0,1.0
realAWSCloudwatch/ec2_disk_write_bytes_1ef3de.csv,realAWSCloudwatch,C_iforest_contextual,0.024858,0.6843847422146265,0.8783783783783784,1.0,0.935251798561151,1.0,0.7367822626492325,785.0,-0.15100104662791655,-1.0,1.0
realAWSCloudwatch/ec2_disk_write_bytes_1ef3de.csv,realAWSCloudwatch,C_iforest_contextual,0.029688,0.6776988325166275,0.8552631578947368,1.0,0.9219858156028369,1.0,0.9005116543490619,785.0,-0.30137436268784773,-1.0,1.0
realAWSCloudwatch/ec2_disk_write_bytes_1ef3de.csv,realAWSCloudwatch,C_iforest_contextual,0.035456,0.6764744335790615,0.8333333333333334,1.0,0.9090909090909091,1.0,1.0642410460488914,785.0,-0.5210101647442654,-1.0,1.0
realAWSCloudwatch/ec2_disk_write_bytes_1ef3de.csv,realAWSCloudwatch,C_iforest_contextual,0.042345,0.6742846037603641,0.8024691358024691,1.0,0.8904109589041096,1.0,1.3098351335986356,785.0,-0.8440846472250989,-1.0,1.0
realAWSCloudwatch/ec2_disk_write_bytes_1ef3de.csv,realAWSCloudwatch,C_iforest_contextual,0.050573,0.671594290255373,0.7738095238095238,1.0,0.8724832214765101,1.0,1.5554292211483796,785.0,-1.154820327910429,-1.0,1.0
realAWSCloudwatch/ec2_disk_write_bytes_1ef3de.csv,realAWSCloudwatch,C_iforest_contextual,0.060399,0.6672083467748232,0.7386363636363636,1.0,0.8496732026143791,1.0,1.8828880045480385,785.0,-1.5889717796270324,-1.0,1.0
realAWSCloudwatch/ec2_disk_write_bytes_1ef3de.csv,realAWSCloudwatch,C_iforest_contextual,0.072135,0.661634175607914,0.6989247311827957,1.0,0.8227848101265823,1.0,2.292211483797612,785.0,-2.1388779769940283,-1.0,1.0
realAWSCloudwatch/ec2_disk_write_bytes_1ef3de.csv,realAWSCloudwatch,C_iforest_contextual,0.086151,0.654252756761387,0.6565656565656566,1.0,0.7926829268292683,1.0,2.537805571347356,785.0,-2.413081875032904,-1.0,1.0
realAWSCloudwatch/ec2_disk_write_bytes_1ef3de.csv,realAWSCloudwatch,C_iforest_contextual,0.10289,0.6457087166615229,0.6372549019607843,1.0,0.778443113772455,1.0,2.7833996588971006,785.0,-2.7398910875008,-1.0,1.0
realAWSCloudwatch/ec2_disk_write_bytes_1ef3de.csv,realAWSCloudwatch,C_iforest_contextual,0.122881,0.6323393992363162,0.6018518518518519,1.0,0.7514450867052023,1.0,3.110858442296759,455.0,-2.8811661686559336,-1.0,1.0
realAWSCloudwatch/ec2_disk_write_bytes_1ef3de.csv,realAWSCloudwatch,C_iforest_contextual,0.146757,0.6088373016678591,0.5603448275862069,1.0,0.718232044198895,1.0,3.6020466173962475,455.0,-3.5409001544153127,-1.0,1.0
realAWSCloudwatch/ec2_disk_write_bytes_1ef3de.csv,realAWSCloudwatch,C_iforest_contextual,0.175272,0.5976736973355595,0.5078125,1.0,0.6735751295336787,1.0,3.9295054007959065,455.0,-3.9808861974006544,-1.0,1.0
realAWSCloudwatch/ec2_disk_write_bytes_1ef3de.csv,realAWSCloudwatch,C_iforest_contextual,0.209328,0.5788430329949475,0.4642857142857143,1.0,0.6341463414634146,1.0,4.4206935758953945,0.0,-4.631318159834996,-1.0,1.0
realAWSCloudwatch/ec2_disk_write_bytes_1ef3de.csv,realAWSCloudwatch,C_iforest_contextual,0.25,0.570165820307748,0.4166666666666667,1.0,0.5882352941176471,1.0,4.748152359295053,0.0,-5.071318159834996,-1.0,1.0
realAWSCloudwatch/ec2_disk_write_bytes_c0d644.csv,realAWSCloudwatch,A_rolling_zscore,0.0005,50.0,0.0,0.0,0.0,0.0,0.0,,-2.0,-2.0,2.0
realAWSCloudwatch/ec2_disk_write_bytes_c0d644.csv,realAWSCloudwatch,A_rolling_zscore,0.000597,50.0,0.0,0.0,0.0,0.0,0.0,,-2.0,-2.0,2.0
realAWSCloudwatch/ec2_disk_write_bytes_c0d644.csv,realAWSCloudwatch,A_rolling_zscore,0.000713,50.0,0.0,0.0,0.0,0.0,0.0,,-2.0,-2.0,2.0
realAWSCloudwatch/ec2_disk_write_bytes_c0d644.csv,realAWSCloudwatch,A_rolling_zscore,0.000852,50.0,0.0,0.0,0.0,0.0,0.0,,-2.0,-2.0,2.0
realAWSCloudwatch/ec2_disk_write_bytes_c0d644.csv,realAWSCloudwatch,A_rolling_zscore,0.001017,50.0,0.0,0.0,0.0,0.0,0.0,,-2.0,-2.0,2.0
realAWSCloudwatch/ec2_disk_write_bytes_c0d644.csv,realAWSCloudwatch,A_rolling_zscore,0.001215,50.0,0.0,0.0,0.0,0.0,0.0,,-2.0,-2.0,2.0
realAWSCloudwatch/ec2_disk_write_bytes_c0d644.csv,realAWSCloudwatch,A_rolling_zscore,0.001451,50.0,0.0,0.0,0.0,0.0,0.0,,-2.0,-2.0,2.0
realAWSCloudwatch/ec2_disk_write_bytes_c0d644.csv,realAWSCloudwatch,A_rolling_zscore,0.001733,50.0,0.0,0.0,0.0,0.0,0.0943643512450852,,-2.11,-2.0,2.0
realAWSCloudwatch/ec2_disk_write_bytes_c0d644.csv,realAWSCloudwatch,A_rolling_zscore,0.00207,50.0,0.0,0.0,0.0,0.0,0.0943643512450852,,-2.11,-2.0,2.0
realAWSCloudwatch/ec2_disk_write_bytes_c0d644.csv,realAWSCloudwatch,A_rolling_zscore,0.002472,50.0,0.0,0.0,0.0,0.0,0.0943643512450852,,-2.11,-2.0,2.0
realAWSCloudwatch/ec2_disk_write_bytes_c0d644.csv,realAWSCloudwatch,A_rolling_zscore,0.002952,50.0,0.0,0.0,0.0,0.0,0.0943643512450852,,-2.11,-2.0,2.0
realAWSCloudwatch/ec2_disk_write_bytes_c0d644.csv,realAWSCloudwatch,A_rolling_zscore,0.003525,50.0,0.0,0.0,0.0,0.0,0.1887287024901704,,-2.1456821940218562,-2.0,2.0
realAWSCloudwatch/ec2_disk_write_bytes_c0d644.csv,realAWSCloudwatch,A_rolling_zscore,0.00421,50.0,0.0,0.0,0.0,0.0,0.1887287024901704,,-2.1456821940218562,-2.0,2.0
realAWSCloudwatch/ec2_disk_write_bytes_c0d644.csv,realAWSCloudwatch,A_rolling_zscore,0.005029,50.0,0.0,0.0,0.0,0.0,0.2830930537352556,,-2.2276280487505553,-2.0,2.0
realAWSCloudwatch/ec2_disk_write_bytes_c0d644.csv,realAWSCloudwatch,A_rolling_zscore,0.006006,50.0,0.0,0.0,0.0,0.0,0.2830930537352556,,-2.2276280487505553,-2.0,2.0
realAWSCloudwatch/ec2_disk_write_bytes_c0d644.csv,realAWSCloudwatch,A_rolling_zscore,0.007173,50.0,0.9615384615384616,0.5859375,0.7281553398058251,0.5,0.2830930537352556,100.0,-0.23294544264135303,-2.0,2.0
realAWSCloudwatch/ec2_disk_write_bytes_c0d644.csv,realAWSCloudwatch,A_rolling_zscore,0.008566,50.0,0.9615384615384616,0.5859375,0.7281553398058251,0.5,0.2830930537352556,100.0,-0.23294544264135303,-2.0,2.0
realAWSCloudwatch/ec2_disk_write_bytes_c0d644.csv,realAWSCloudwatch,A_rolling_zscore,0.010231,50.0,0.9615384615384616,0.5859375,0.7281553398058251,0.5,0.2830930537352556,100.0,-0.23294544264135303,-2.0,2.0
realAWSCloudwatch/ec2_disk_write_bytes_c0d644.csv,realAWSCloudwatch,A_rolling_zscore,0.012218,50.0,0.9615384615384616,0.5859375,0.7281553398058251,0.5,0.2830930537352556,100.0,-0.23294544264135303,-2.0,2.0
realAWSCloudwatch/ec2_disk_write_bytes_c0d644.csv,realAWSCloudwatch,A_rolling_zscore,0.014592,50.0,0.9493670886075949,0.5859375,0.7246376811594203,0.5,0.3774574049803408,100.0,-0.28998352276284756,-2.0,2.0
realAWSCloudwatch/ec2_disk_write_bytes_c0d644.csv,realAWSCloudwatch,A_rolling_zscore,0.017428,50.0,0.9259259259259259,0.5859375,0.7177033492822966,0.5,0.5661861074705112,100.0,-0.4993342280543291,-2.0,2.0
realAWSCloudwatch/ec2_disk_write_bytes_c0d644.csv,realAWSCloudwatch,A_rolling_zscore,0.020814,50.0,0.9036144578313253,0.5859375,0.7109004739336492,0.5,0.7549148099606816,100.0,-0.7191030441234028,-2.0,2.0
realAWSCloudwatch/ec2_disk_write_bytes_c0d644.csv,realAWSCloudwatch,A_rolling_zscore,0.024858,50.0,0.8823529411764706,0.5859375,0.704225352112676,0.5,0.943643512450852,100.0,-0.9390845203378617,-2.0,2.0
realAWSCloudwatch/ec2_disk_write_bytes_c0d644.csv,realAWSCloudwatch,A_rolling_zscore,0.029688,42.355668987589674,0.8522727272727273,0.5859375,0.6944444444444444,0.5,1.2267365661861076,100.0,-1.2690844379168476,-2.0,2.0
realAWSCloudwatch/ec2_disk_write_bytes_c0d644.csv,realAWSCloudwatch,A_rolling_zscore,0.035456,35.16616773502494,0.8152173913043478,0.5859375,0.6818181818181819,0.5,1.6041939711664484,100.0,-1.7090805595302172,-2.0,2.0
realAWSCloudwatch/ec2_disk_write_bytes_c0d644.csv,realAWSCloudwatch,A_rolling_zscore,0.042345,26.636472310464708,0.78125,0.5859375,0.6696428571428571,0.5,1.981651376146789,100.0,-2.149080559530217,-2.0,2.0
realAWSCloudwatch/ec2_disk_write_bytes_c0d644.csv,realAWSCloudwatch,A_rolling_zscore,0.050573,20.51924080746422,0.8366013071895425,1.0,0.9110320284697508,1.0,2.264744429882045,105.0,-0.4709579428873667,-2.0,2.0
realAWSCloudwatch/ec2_disk_write_bytes_c0d644.csv,realAWSCloudwatch,A_rolling_zscore,0.060399,17.904639413308256,0.8152866242038217,1.0,0.8982456140350877,1.0,2.6422018348623855,105.0,-0.9074059311216356,-2.0,2.0
realAWSCloudwatch/ec2_disk_write_bytes_c0d644.csv,realAWSCloudwatch,A_rolling_zscore,0.072135,16.434748117631067,0.7804878048780488,1.0,0.8767123287671234,1.0,3.0196592398427264,105.0,-1.3474038197893268,-2.0,2.0
realAWSCloudwatch/ec2_disk_write_bytes_c0d644.csv,realAWSCloudwatch,A_rolling_zscore,0.086151,12.240827259327554,0.7529411764705882,1.0,0.8590604026845637,1.0,3.302752293577982,50.0,-1.6578348285139572,-2.0,2.0
realAWSCloudwatch/ec2_disk_write_bytes_c0d644.csv,realAWSCloudwatch,A_rolling_zscore,0.10289,9.485584304136125,0.7111111111111111,1.0,0.8311688311688311,1.0,3.868938401048493,50.0,-2.1670398521156464,-2.0,2.0
realAWSCloudwatch/ec2_disk_write_bytes_c0d644.csv,realAWSCloudwatch,A_rolling_zscore,0.122881,6.708152929220214,0.6808510638297872,1.0,0.810126582278481,1.0,4.057667103538663,50.0,-2.387039852115646,-2.0,2.0
realAWSCloudwatch/ec2_disk_write_bytes_c0d644.csv,realAWSCloudwatch,A_rolling_zscore,0.146757,4.536947292872145,0.64,1.0,0.7804878048780487,1.0,4.435124508519004,50.0,-2.779711517937837,-2.0,2.0
realAWSCloudwatch/ec2_disk_write_bytes_c0d644.csv,realAWSCloudwatch,A_rolling_zscore,0.175272,3.404580949305384,0.6037735849056604,1.0,0.7529411764705882,1.0,4.623853211009175,50.0,-2.9205331108933086,-2.0,2.0
realAWSCloudwatch/ec2_disk_write_bytes_c0d644.csv,realAWSCloudwatch,A_rolling_zscore,0.209328,2.488198865900045,0.5638766519823789,1.0,0.7211267605633804,1.0,5.190039318479686,50.0,-3.570159833427559,-2.0,2.0
realAWSCloudwatch/ec2_disk_write_bytes_c0d644.csv,realAWSCloudwatch,A_rolling_zscore,0.25,1.6934329030470372,0.5203252032520326,1.0,0.6844919786096256,1.0,5.6618610747051115,0.0,-4.301335145085949,-2.0,2.0
realAWSCloudwatch/ec2_disk_write_bytes_c0d644.csv,realAWSCloudwatch,B_iforest_raw,0.0005,0.666997208034341,0.0,0.0,0.0,0.0,0.0,,-2.0,-2.0,2.0
realAWSCloudwatch/ec2_disk_write_bytes_c0d644.csv,realAWSCloudwatch,B_iforest_raw,0.000597,0.6669687443715787,0.0,0.0,0.0,0.0,0.0,,-2.0,-2.0,2.0
realAWSCloudwatch/ec2_disk_write_bytes_c0d644.csv,realAWSCloudwatch,B_iforest_raw,0.000713,0.6669347053521928,0.0,0.0,0.0,0.0,0.0,,-2.0,-2.0,2.0
realAWSCloudwatch/ec2_disk_write_bytes_c0d644.csv,realAWSCloudwatch,B_iforest_raw,0.000852,0.6668939172168941,0.0,0.0,0.0,0.0,0.0,,-2.0,-2.0,2.0
realAWSCloudwatch/ec2_disk_write_bytes_c0d644.csv,realAWSCloudwatch,B_iforest_raw,0.001017,0.6668454996462158,0.0,0.0,0.0,0.0,0.0,,-2.0,-2.0,2.0
realAWSCloudwatch/ec2_disk_write_bytes_c0d644.csv,realAWSCloudwatch,B_iforest_raw,0.001215,0.6667873985614019,0.0,0.0,0.0,0.0,0.0,,-2.0,-2.0,2.0
realAWSCloudwatch/ec2_disk_write_bytes_c0d644.csv,realAWSCloudwatch,B_iforest_raw,0.001451,0.6667181467633408,0.0,0.0,0.0,0.0,0.0,,-2.0,-2.0,2.0
realAWSCloudwatch/ec2_disk_write_bytes_c0d644.csv,realAWSCloudwatch,B_iforest_raw,0.001733,0.6666422903516482,0.0,0.0,0.0,0.0,0.0943643512450852,,-2.11,-2.0,2.0
realAWSCloudwatch/ec2_disk_write_bytes_c0d644.csv,realAWSCloudwatch,B_iforest_raw,0.00207,0.6665757252635897,0.0,0.0,0.0,0.0,0.0943643512450852,,-2.11,-2.0,2.0
realAWSCloudwatch/ec2_disk_write_bytes_c0d644.csv,realAWSCloudwatch,B_iforest_raw,0.002472,0.6664963212119591,0.0,0.0,0.0,0.0,0.0943643512450852,,-2.11,-2.0,2.0
realAWSCloudwatch/ec2_disk_write_bytes_c0d644.csv,realAWSCloudwatch,B_iforest_raw,0.002952,0.6664015104040419,0.0,0.0,0.0,0.0,0.0943643512450852,,-2.11,-2.0,2.0
realAWSCloudwatch/ec2_disk_write_bytes_c0d644.csv,realAWSCloudwatch,B_iforest_raw,0.003525,0.6662952235589849,0.9814814814814815,0.4140625,0.5824175824175825,0.5,0.0943643512450852,330.0,-0.2570462740325382,-2.0,2.0
realAWSCloudwatch/ec2_disk_write_bytes_c0d644.csv,realAWSCloudwatch,B_iforest_raw,0.00421,0.666183211876943,0.9814814814814815,0.4140625,0.5824175824175825,0.5,0.0943643512450852,330.0,-0.2570462740325382,-2.0,2.0
realAWSCloudwatch/ec2_disk_write_bytes_c0d644.csv,realAWSCloudwatch,B_iforest_raw,0.005029,0.6660404965129034,0.9636363636363636,0.4140625,0.5792349726775956,0.5,0.1887287024901704,330.0,-0.3638930613752973,-2.0,2.0
realAWSCloudwatch/ec2_disk_write_bytes_c0d644.csv,realAWSCloudwatch,B_iforest_raw,0.006006,0.665692412956926,0.9636363636363636,0.4140625,0.5792349726775956,0.5,0.1887287024901704,330.0,-0.3638930613752973,-2.0,2.0
realAWSCloudwatch/ec2_disk_write_bytes_c0d644.csv,realAWSCloudwatch,B_iforest_raw,0.007173,0.6649297578066524,0.9846153846153847,1.0,0.9922480620155039,1.0,0.1887287024901704,282.5,1.5702800558533452,-2.0,2.0
realAWSCloudwatch/ec2_disk_write_bytes_c0d644.csv,realAWSCloudwatch,B_iforest_raw,0.008566,0.6637827859391483,0.9770992366412213,1.0,0.9884169884169884,1.0,0.2830930537352556,282.5,1.460280055853345,-2.0,2.0
realAWSCloudwatch/ec2_disk_write_bytes_c0d644.csv,realAWSCloudwatch,B_iforest_raw,0.010231,0.6636967218773556,0.9770992366412213,1.0,0.9884169884169884,1.0,0.2830930537352556,172.5,1.599236491624813,-2.0,2.0
realAWSCloudwatch/ec2_disk_write_bytes_c0d644.csv,realAWSCloudwatch,B_iforest_raw,0.012218,0.6602040741597566,0.9770992366412213,1.0,0.9884169884169884,1.0,0.2830930537352556,172.5,1.599236491624813,-2.0,2.0
realAWSCloudwatch/ec2_disk_write_bytes_c0d644.csv,realAWSCloudwatch,B_iforest_raw,0.014592,0.6544813272828588,0.9696969696969697,1.0,0.9846153846153847,1.0,0.3774574049803408,172.5,1.4892364916248129,-2.0,2.0
realAWSCloudwatch/ec2_disk_write_bytes_c0d644.csv,realAWSCloudwatch,B_iforest_raw,0.017428,0.6461473423456063,0.9552238805970149,1.0,0.9770992366412213,1.0,0.5661861074705112,172.5,1.2692364916248127,-2.0,2.0
realAWSCloudwatch/ec2_disk_write_bytes_c0d644.csv,realAWSCloudwatch,B_iforest_raw,0.020814,0.6460444818782967,0.9481481481481482,1.0,0.973384030418251,1.0,0.6605504587155964,172.5,1.1592364916248126,-2.0,2.0
realAWSCloudwatch/ec2_disk_write_bytes_c0d644.csv,realAWSCloudwatch,B_iforest_raw,0.024858,0.6460444818782967,0.9481481481481482,1.0,0.973384030418251,1.0,0.6605504587155964,172.5,1.1592364916248126,-2.0,2.0
realAWSCloudwatch/ec2_disk_write_bytes_c0d644.csv,realAWSCloudwatch,B_iforest_raw,0.029688,0.6460444818782967,0.9343065693430657,1.0,0.9660377358490566,1.0,0.8492791612057667,172.5,0.9768651324261831,-2.0,2.0
realAWSCloudwatch/ec2_disk_write_bytes_c0d644.csv,realAWSCloudwatch,B_iforest_raw,0.035456,0.6460444818782967,0.9142857142857143,1.0,0.955223880597015,1.0,1.0380078636959371,172.5,0.7655502887128547,-2.0,2.0
realAWSCloudwatch/ec2_disk_write_bytes_c0d644.csv,realAWSCloudwatch,B_iforest_raw,0.042345,0.6460444818782967,0.9142857142857143,1.0,0.955223880597015,1.0,1.0380078636959371,172.5,0.7655502887128547,-2.0,2.0
realAWSCloudwatch/ec2_disk_write_bytes_c0d644.csv,realAWSCloudwatch,B_iforest_raw,0.050573,0.6460444818782967,0.8827586206896552,1.0,0.9377289377289377,1.0,1.5098296199213632,172.5,0.37454715040395115,-2.0,2.0
realAWSCloudwatch/ec2_disk_write_bytes_c0d644.csv,realAWSCloudwatch,B_iforest_raw,0.060399,0.6460444818782967,0.847682119205298,1.0,0.9175627240143369,1.0,1.6985583224115335,172.5,0.1548814381771177,-2.0,2.0
realAWSCloudwatch/ec2_disk_write_bytes_c0d644.csv,realAWSCloudwatch,B_iforest_raw,0.072135,0.6460444818782967,0.810126582278481,1.0,0.8951048951048951,1.0,1.887287024901704,172.5,-0.06505169447506745,-2.0,2.0
realAWSCloudwatch/ec2_disk_write_bytes_c0d644.csv,realAWSCloudwatch,B_iforest_raw,0.086151,0.6460444818782967,0.7710843373493976,1.0,0.870748299319728,1.0,2.5478374836173003,172.5,-0.8350347624184913,-2.0,2.0
realAWSCloudwatch/ec2_disk_write_bytes_c0d644.csv,realAWSCloudwatch,B_iforest_raw,0.10289,0.634957419950763,0.7398843930635838,1.0,0.8504983388704318,1.0,3.0196592398427264,117.5,-1.3484644728157824,-2.0,2.0
realAWSCloudwatch/ec2_disk_write_bytes_c0d644.csv,realAWSCloudwatch,B_iforest_raw,0.122881,0.6158825321959529,0.7032967032967034,1.0,0.8258064516129032,1.0,3.302752293577982,117.5,-1.6720559143302829,-2.0,2.0
realAWSCloudwatch/ec2_disk_write_bytes_c0d644.csv,realAWSCloudwatch,B_iforest_raw,0.146757,0.6098849926054373,0.6701570680628273,1.0,0.8025078369905957,1.0,3.5858453473132377,117.5,-2.0009502104929653,-2.0,2.0
realAWSCloudwatch/ec2_disk_write_bytes_c0d644.csv,realAWSCloudwatch,B_iforest_raw,0.175272,0.599776403645535,0.624390243902439,1.0,0.7687687687687688,1.0,3.680209698558323,115.0,-2.103528393483274,-2.0,2.0
realAWSCloudwatch/ec2_disk_write_bytes_c0d644.csv,realAWSCloudwatch,B_iforest_raw,0.209328,0.5850253946871289,0.5714285714285714,1.0,0.7272727272727273,1.0,3.963302752293578,115.0,-2.428929710591562,-2.0,2.0
realAWSCloudwatch/ec2_disk_write_bytes_c0d644.csv,realAWSCloudwatch,B_iforest_raw,0.25,0.5691717453349475,0.5378151260504201,1.0,0.6994535519125683,1.0,3.963302752293578,60.0,-2.371159875109852,-2.0,2.0
realAWSCloudwatch/ec2_disk_write_bytes_c0d644.csv,realAWSCloudwatch,C_iforest_contextual,0.0005,0.6799619523082974,0.0,0.0,0.0,0.0,0.0,,-2.0,-2.0,2.0
realAWSCloudwatch/ec2_disk_write_bytes_c0d644.csv,realAWSCloudwatch,C_iforest_contextual,0.000597,0.6795790720150424,0.0,0.0,0.0,0.0,0.0,,-2.0,-2.0,2.0
realAWSCloudwatch/ec2_disk_write_bytes_c0d644.csv,realAWSCloudwatch,C_iforest_contextual,0.000713,0.6791211945509437,0.0,0.0,0.0,0.0,0.0,,-2.0,-2.0,2.0
realAWSCloudwatch/ec2_disk_write_bytes_c0d644.csv,realAWSCloudwatch,C_iforest_contextual,0.000852,0.6785725310379292,0.0,0.0,0.0,0.0,0.0,,-2.0,-2.0,2.0
realAWSCloudwatch/ec2_disk_write_bytes_c0d644.csv,realAWSCloudwatch,C_iforest_contextual,0.001017,0.6779212398174435,0.0,0.0,0.0,0.0,0.0,,-2.0,-2.0,2.0
realAWSCloudwatch/ec2_disk_write_bytes_c0d644.csv,realAWSCloudwatch,C_iforest_contextual,0.001215,0.6771396903528621,0.0,0.0,0.0,0.0,0.0,,-2.0,-2.0,2.0
realAWSCloudwatch/ec2_disk_write_bytes_c0d644.csv,realAWSCloudwatch,C_iforest_contextual,0.001451,0.676208146546592,0.0,0.0,0.0,0.0,0.0,,-2.0,-2.0,2.0
realAWSCloudwatch/ec2_disk_write_bytes_c0d644.csv,realAWSCloudwatch,C_iforest_contextual,0.001733,0.6753272108039307,0.0,0.0,0.0,0.0,0.0943643512450852,,-2.11,-2.0,2.0
realAWSCloudwatch/ec2_disk_write_bytes_c0d644.csv,realAWSCloudwatch,C_iforest_contextual,0.00207,0.6750856891329492,0.0,0.0,0.0,0.0,0.0943643512450852,,-2.11,-2.0,2.0
realAWSCloudwatch/ec2_disk_write_bytes_c0d644.csv,realAWSCloudwatch,C_iforest_contextual,0.002472,0.6747975831634103,0.0,0.0,0.0,0.0,0.0943643512450852,,-2.11,-2.0,2.0
realAWSCloudwatch/ec2_disk_write_bytes_c0d644.csv,realAWSCloudwatch,C_iforest_contextual,0.002952,0.6744535760356029,0.0,0.0,0.0,0.0,0.0943643512450852,,-2.11,-2.0,2.0
realAWSCloudwatch/ec2_disk_write_bytes_c0d644.csv,realAWSCloudwatch,C_iforest_contextual,0.003525,0.674088737184498,0.0,0.0,0.0,0.0,0.1887287024901704,,-2.2199999999999998,-2.0,2.0
realAWSCloudwatch/ec2_disk_write_bytes_c0d644.csv,realAWSCloudwatch,C_iforest_contextual,0.00421,0.673752621097614,0.0,0.0,0.0,0.0,0.1887287024901704,,-2.2199999999999998,-2.0,2.0
realAWSCloudwatch/ec2_disk_write_bytes_c0d644.csv,realAWSCloudwatch,C_iforest_contextual,0.005029,0.6732899503387817,0.9636363636363636,0.4140625,0.5792349726775956,0.5,0.1887287024901704,490.0,-0.9405627328292144,-2.0,2.0
realAWSCloudwatch/ec2_disk_write_bytes_c0d644.csv,realAWSCloudwatch,C_iforest_contextual,0.006006,0.6715081366284876,0.9636363636363636,0.4140625,0.5792349726775956,0.5,0.1887287024901704,490.0,-0.9405627328292144,-2.0,2.0
realAWSCloudwatch/ec2_disk_write_bytes_c0d644.csv,realAWSCloudwatch,C_iforest_contextual,0.007173,0.6701685647368453,0.9464285714285714,0.4140625,0.5760869565217391,0.5,0.2830930537352556,490.0,-1.0476948249248932,-2.0,2.0
realAWSCloudwatch/ec2_disk_write_bytes_c0d644.csv,realAWSCloudwatch,C_iforest_contextual,0.008566,0.6694361050833616,0.9464285714285714,0.4140625,0.5760869565217391,0.5,0.2830930537352556,435.0,-0.8077361800021554,-2.0,2.0
realAWSCloudwatch/ec2_disk_write_bytes_c0d644.csv,realAWSCloudwatch,C_iforest_contextual,0.010231,0.6672727429473353,0.9464285714285714,0.4140625,0.5760869565217391,0.5,0.2830930537352556,385.0,-0.6271865329523139,-2.0,2.0
realAWSCloudwatch/ec2_disk_write_bytes_c0d644.csv,realAWSCloudwatch,C_iforest_contextual,0.012218,0.6659067098705247,0.9770992366412213,1.0,0.9884169884169884,1.0,0.2830930537352556,360.0,1.1717093243294818,-2.0,2.0
realAWSCloudwatch/ec2_disk_write_bytes_c0d644.csv,realAWSCloudwatch,C_iforest_contextual,0.014592,0.6649460182878214,0.9696969696969697,1.0,0.9846153846153847,1.0,0.3774574049803408,360.0,1.0619180402732364,-2.0,2.0
realAWSCloudwatch/ec2_disk_write_bytes_c0d644.csv,realAWSCloudwatch,C_iforest_contextual,0.017428,0.6635286156307951,0.9624060150375939,1.0,0.9808429118773946,1.0,0.471821756225426,335.0,1.0904090248162888,-2.0,2.0
realAWSCloudwatch/ec2_disk_write_bytes_c0d644.csv,realAWSCloudwatch,C_iforest_contextual,0.020814,0.6621590468221761,0.9481481481481482,1.0,0.973384030418251,1.0,0.6605504587155964,335.0,0.8704090248162888,-2.0,2.0
realAWSCloudwatch/ec2_disk_write_bytes_c0d644.csv,realAWSCloudwatch,C_iforest_contextual,0.024858,0.6586217736928304,0.9343065693430657,1.0,0.9660377358490566,1.0,0.8492791612057667,335.0,0.6577559186280426,-2.0,2.0
realAWSCloudwatch/ec2_disk_write_bytes_c0d644.csv,realAWSCloudwatch,C_iforest_contextual,0.029688,0.6526798783301464,0.9142857142857143,1.0,0.955223880597015,1.0,1.0380078636959371,335.0,0.43776735119453836,-2.0,2.0
realAWSCloudwatch/ec2_disk_write_bytes_c0d644.csv,realAWSCloudwatch,C_iforest_contextual,0.035456,0.6493710011275063,0.8951048951048951,1.0,0.944649446494465,1.0,1.3211009174311927,265.0,0.1884782159978401,-2.0,2.0
realAWSCloudwatch/ec2_disk_write_bytes_c0d644.csv,realAWSCloudwatch,C_iforest_contextual,0.042345,0.6445967640697855,0.8767123287671232,1.0,0.9343065693430657,1.0,1.6041939711664484,245.0,-0.05979485752169403,-2.0,2.0
realAWSCloudwatch/ec2_disk_write_bytes_c0d644.csv,realAWSCloudwatch,C_iforest_contextual,0.050573,0.6384537506630114,0.8533333333333334,1.0,0.9208633093525179,1.0,1.981651376146789,147.5,-0.4022855957681435,-2.0,2.0
realAWSCloudwatch/ec2_disk_write_bytes_c0d644.csv,realAWSCloudwatch,C_iforest_contextual,0.060399,0.6359883819994119,0.8311688311688312,1.0,0.9078014184397163,1.0,2.1703800786369594,147.5,-0.46261269084953205,-2.0,2.0
realAWSCloudwatch/ec2_disk_write_bytes_c0d644.csv,realAWSCloudwatch,C_iforest_contextual,0.072135,0.6265939158937928,0.8,1.0,0.888888888888889,1.0,2.5478374836173003,147.5,-0.8969892722881706,-2.0,2.0
realAWSCloudwatch/ec2_disk_write_bytes_c0d644.csv,realAWSCloudwatch,C_iforest_contextual,0.086151,0.6188945763181084,0.7757575757575758,1.0,0.8737201365187712,1.0,2.8309305373525557,50.0,-1.0867171491695866,-2.0,2.0
realAWSCloudwatch/ec2_disk_write_bytes_c0d644.csv,realAWSCloudwatch,C_iforest_contextual,0.10289,0.6088680944191118,0.7398843930635838,1.0,0.8504983388704318,1.0,3.2083879423328967,50.0,-1.4995415263311007,-2.0,2.0
realAWSCloudwatch/ec2_disk_write_bytes_c0d644.csv,realAWSCloudwatch,C_iforest_contextual,0.122881,0.602812131884378,0.6956521739130435,1.0,0.8205128205128205,1.0,3.680209698558323,50.0,-2.001774702586378,-2.0,2.0
realAWSCloudwatch/ec2_disk_write_bytes_c0d644.csv,realAWSCloudwatch,C_iforest_contextual,0.146757,0.5955659849683396,0.6564102564102564,1.0,0.7925696594427245,1.0,4.340760157273919,50.0,-2.7595823464511757,-2.0,2.0
realAWSCloudwatch/ec2_disk_write_bytes_c0d644.csv,realAWSCloudwatch,C_iforest_contextual,0.175272,0.5809066010073693,0.6213592233009708,1.0,0.7664670658682634,1.0,4.52948885976409,50.0,-2.9547929168072375,-2.0,2.0
realAWSCloudwatch/ec2_disk_write_bytes_c0d644.csv,realAWSCloudwatch,C_iforest_contextual,0.209328,0.5675981292176477,0.5714285714285714,1.0,0.7272727272727273,1.0,4.90694626474443,50.0,-3.2382826968347733,-2.0,2.0
realAWSCloudwatch/ec2_disk_write_bytes_c0d644.csv,realAWSCloudwatch,C_iforest_contextual,0.25,0.5551511517156127,0.5267489711934157,1.0,0.6900269541778976,1.0,5.190039318479686,50.0,-3.642481283094942,-2.0,2.0
realAWSCloudwatch/ec2_network_in_257a54.csv,realAWSCloudwatch,A_rolling_zscore,0.0005,50.0,1.0,1.0,1.0,1.0,0.0,1230.0,0.7606143061275237,-1.0,1.0
realAWSCloudwatch/ec2_network_in_257a54.csv,realAWSCloudwatch,A_rolling_zscore,0.000597,50.0,1.0,1.0,1.0,1.0,0.0,1230.0,0.7606143061275237,-1.0,1.0
realAWSCloudwatch/ec2_network_in_257a54.csv,realAWSCloudwatch,A_rolling_zscore,0.000713,50.0,0.9975247524752475,1.0,0.9987608426270136,1.0,0.09050911376492772,1230.0,0.6674959466483792,-1.0,1.0
realAWSCloudwatch/ec2_network_in_257a54.csv,realAWSCloudwatch,A_rolling_zscore,0.000852,50.0,0.9975247524752475,1.0,0.9987608426270136,1.0,0.09050911376492772,1230.0,0.6674959466483792,-1.0,1.0
realAWSCloudwatch/ec2_network_in_257a54.csv,realAWSCloudwatch,A_rolling_zscore,0.001017,46.583964518374934,0.9950617283950617,1.0,0.9975247524752474,1.0,0.18101822752985544,1230.0,0.5577251635549146,-1.0,1.0
realAWSCloudwatch/ec2_network_in_257a54.csv,realAWSCloudwatch,A_rolling_zscore,0.001215,37.431435961039675,0.9950617283950617,1.0,0.9975247524752474,1.0,0.18101822752985544,1230.0,0.5577251635549146,-1.0,1.0
realAWSCloudwatch/ec2_network_in_257a54.csv,realAWSCloudwatch,A_rolling_zscore,0.001451,29.96916342515409,0.9926108374384236,1.0,0.996291718170581,1.0,0.2715273412947832,1230.0,0.44772516355491465,-1.0,1.0
realAWSCloudwatch/ec2_network_in_257a54.csv,realAWSCloudwatch,A_rolling_zscore,0.001733,23.529931200263757,0.9926108374384236,1.0,0.996291718170581,1.0,0.2715273412947832,1015.0,0.544237738877779,-1.0,1.0
realAWSCloudwatch/ec2_network_in_257a54.csv,realAWSCloudwatch,A_rolling_zscore,0.00207,17.105473416149334,0.9901719901719902,1.0,0.9950617283950617,1.0,0.3620364550597109,1015.0,0.43423773887777906,-1.0,1.0
realAWSCloudwatch/ec2_network_in_257a54.csv,realAWSCloudwatch,A_rolling_zscore,0.002472,14.001071179328898,0.9901719901719902,1.0,0.9950617283950617,1.0,0.3620364550597109,1015.0,0.43423773887777906,-1.0,1.0
realAWSCloudwatch/ec2_network_in_257a54.csv,realAWSCloudwatch,A_rolling_zscore,0.002952,11.992087363526867,0.9877450980392157,1.0,0.9938347718865598,1.0,0.4525455688246386,1015.0,0.32647730267645303,-1.0,1.0
realAWSCloudwatch/ec2_network_in_257a54.csv,realAWSCloudwatch,A_rolling_zscore,0.003525,11.151040321904624,0.9853300733496333,1.0,0.9926108374384237,1.0,0.5430546825895664,1005.0,0.26877984960949497,-1.0,1.0
realAWSCloudwatch/ec2_network_in_257a54.csv,realAWSCloudwatch,A_rolling_zscore,0.00421,8.92744133875025,0.9805352798053528,1.0,0.9901719901719902,1.0,0.633563796354494,1005.0,0.158864094699097,-1.0,1.0
realAWSCloudwatch/ec2_network_in_257a54.csv,realAWSCloudwatch,A_rolling_zscore,0.005029,7.101950333032342,0.9757869249394673,1.0,0.9877450980392156,1.0,0.8145820238843495,1005.0,0.013866153487894078,-1.0,1.0
realAWSCloudwatch/ec2_network_in_257a54.csv,realAWSCloudwatch,A_rolling_zscore,0.006006,6.091864658630744,0.9710843373493976,1.0,0.9853300733496333,1.0,0.9956002514142049,1005.0,-0.1430652185645126,-1.0,1.0
realAWSCloudwatch/ec2_network_in_257a54.csv,realAWSCloudwatch,A_rolling_zscore,0.007173,5.009461845778636,0.9664268585131894,1.0,0.9829268292682927,1.0,1.1766184789440604,1005.0,-0.3529722513970333,-1.0,1.0
realAWSCloudwatch/ec2_network_in_257a54.csv,realAWSCloudwatch,A_rolling_zscore,0.008566,4.714479075686549,0.9549763033175356,1.0,0.9769696969696969,1.0,1.629164047768699,1005.0,-0.890449707611568,-1.0,1.0
realAWSCloudwatch/ec2_network_in_257a54.csv,realAWSCloudwatch,A_rolling_zscore,0.010231,4.323323027124034,0.9437939110070258,1.0,0.9710843373493977,1.0,1.9912005028284099,1005.0,-1.3283246587329922,-1.0,1.0
realAWSCloudwatch/ec2_network_in_257a54.csv,realAWSCloudwatch,A_rolling_zscore,0.012218,3.983256966716676,0.9328703703703703,1.0,0.9652694610778444,1.0,2.3532369578881207,1005.0,-1.7299321887849295,-1.0,1.0
realAWSCloudwatch/ec2_network_in_257a54.csv,realAWSCloudwatch,A_rolling_zscore,0.014592,3.8321221654599635,0.9159090909090909,1.0,0.956109134045077,1.0,2.9868007542426147,1005.0,-2.4331654104907634,-1.0,1.0
realAWSCloudwatch/ec2_network_in_257a54.csv,realAWSCloudwatch,A_rolling_zscore,0.017428,3.6322557711949224,0.8975501113585747,1.0,0.9460093896713615,1.0,3.8013827781269645,1005.0,-3.3977711182168924,-1.0,1.0
realAWSCloudwatch/ec2_network_in_257a54.csv,realAWSCloudwatch,A_rolling_zscore,0.020814,3.477626898051887,0.8760869565217392,1.0,0.9339513325608344,1.0,4.615964802011314,1005.0,-4.332320629575506,-1.0,1.0
realAWSCloudwatch/ec2_network_in_257a54.csv,realAWSCloudwatch,A_rolling_zscore,0.024858,3.067651540410981,0.8520084566596194,1.0,0.9200913242009132,1.0,5.521055939660591,1005.0,-5.418778922424199,-1.0,1.0
realAWSCloudwatch/ec2_network_in_257a54.csv,realAWSCloudwatch,A_rolling_zscore,0.029688,2.885125222421842,0.8292181069958847,1.0,0.906636670416198,1.0,6.335637963544941,1005.0,-6.317630852430018,-1.0,1.0
realAWSCloudwatch/ec2_network_in_257a54.csv,realAWSCloudwatch,A_rolling_zscore,0.035456,2.683765146608779,0.8076152304609219,1.0,0.893569844789357,1.0,7.421747328724074,1005.0,-7.53214794441938,-1.0,1.0
realAWSCloudwatch/ec2_network_in_257a54.csv,realAWSCloudwatch,A_rolling_zscore,0.042345,2.487425016855431,0.7764932562620424,1.0,0.8741865509761388,1.0,8.869893148962916,1005.0,-9.289712483064223,-1.0,1.0
realAWSCloudwatch/ec2_network_in_257a54.csv,realAWSCloudwatch,A_rolling_zscore,0.050573,2.295305707744684,0.7421731123388582,1.0,0.8520084566596194,1.0,10.31803896920176,1005.0,-11.118887725769321,-1.0,1.0
realAWSCloudwatch/ec2_network_in_257a54.csv,realAWSCloudwatch,A_rolling_zscore,0.060399,2.248875928756769,0.7107583774250441,1.0,0.8309278350515464,1.0,12.037712130735388,10.0,-12.964058263922647,-1.0,1.0
realAWSCloudwatch/ec2_network_in_257a54.csv,realAWSCloudwatch,A_rolling_zscore,0.072135,2.2350022357755868,0.6795952782462057,1.0,0.8092369477911647,1.0,13.48585795097423,10.0,-14.72405826392265,-1.0,1.0
realAWSCloudwatch/ec2_network_in_257a54.csv,realAWSCloudwatch,A_rolling_zscore,0.086151,2.2203440313857477,0.6437699680511182,1.0,0.783284742468416,1.0,14.934003771213074,0.0,-16.48371922169884,-1.0,1.0
realAWSCloudwatch/ec2_network_in_257a54.csv,realAWSCloudwatch,A_rolling_zscore,0.10289,2.0989827852699667,0.6023916292974589,1.0,0.7518656716417911,1.0,16.382149591451917,0.0,-18.24139222794976,-1.0,1.0
realAWSCloudwatch/ec2_network_in_257a54.csv,realAWSCloudwatch,A_rolling_zscore,0.122881,1.8517230703651446,0.5535714285714286,1.0,0.7126436781609196,1.0,19.278441231929605,0.0,-21.529318663268143,-1.0,1.0
realAWSCloudwatch/ec2_network_in_257a54.csv,realAWSCloudwatch,A_rolling_zscore,0.146757,1.6506852167936863,0.5081967213114754,1.0,0.673913043478261,1.0,21.179132620993087,0.0,-23.830520786881465,-1.0,1.0
realAWSCloudwatch/ec2_network_in_257a54.csv,realAWSCloudwatch,A_rolling_zscore,0.175272,1.4697808405589943,0.4600456621004566,1.0,0.6301798279906176,1.0,23.894406033940918,0.0,-27.22484564554235,-1.0,1.0
realAWSCloudwatch/ec2_network_in_257a54.csv,realAWSCloudwatch,A_rolling_zscore,0.209328,1.2778394914861724,0.4124872057318321,1.0,0.5840579710144927,1.0,24.346951602765557,0.0,-27.63474665380764,-1.0,1.0
realAWSCloudwatch/ec2_network_in_257a54.csv,realAWSCloudwatch,A_rolling_zscore,0.25,1.1109150812882427,0.36837294332723947,1.0,0.5384101536406146,1.0,24.799497171590197,0.0,-28.272163772756322,-1.0,1.0
realAWSCloudwatch/ec2_network_in_257a54.csv,realAWSCloudwatch,B_iforest_raw,0.0005,0.8237880695775885,1.0,1.0,1.0,1.0,0.0,1005.0,0.8606718242697022,-1.0,1.0
realAWSCloudwatch/ec2_network_in_257a54.csv,realAWSCloudwatch,B_iforest_raw,0.000597,0.8237880695775885,1.0,1.0,1.0,1.0,0.0,1005.0,0.8606718242697022,-1.0,1.0
realAWSCloudwatch/ec2_network_in_257a54.csv,realAWSCloudwatch,B_iforest_raw,0.000713,0.8237880695775885,1.0,1.0,1.0,1.0,0.0,1005.0,0.8606718242697022,-1.0,1.0
realAWSCloudwatch/ec2_network_in_257a54.csv,realAWSCloudwatch,B_iforest_raw,0.000852,0.8237880695775885,1.0,1.0,1.0,1.0,0.0,1005.0,0.8606718242697022,-1.0,1.0
realAWSCloudwatch/ec2_network_in_257a54.csv,realAWSCloudwatch,B_iforest_raw,0.001017,0.8237880695775885,1.0,1.0,1.0,1.0,0.0,1005.0,0.8606718242697022,-1.0,1.0
realAWSCloudwatch/ec2_network_in_257a54.csv,realAWSCloudwatch,B_iforest_raw,0.001215,0.8237880695775885,1.0,1.0,1.0,1.0,0.0,1005.0,0.8606718242697022,-1.0,1.0
realAWSCloudwatch/ec2_network_in_257a54.csv,realAWSCloudwatch,B_iforest_raw,0.001451,0.8237880695775885,1.0,1.0,1.0,1.0,0.0,1005.0,0.8606718242697022,-1.0,1.0
realAWSCloudwatch/ec2_network_in_257a54.csv,realAWSCloudwatch,B_iforest_raw,0.001733,0.8096658029592805,1.0,1.0,1.0,1.0,0.0,1005.0,0.8606718242697022,-1.0,1.0
realAWSCloudwatch/ec2_network_in_257a54.csv,realAWSCloudwatch,B_iforest_raw,0.00207,0.7962417259661575,1.0,1.0,1.0,1.0,0.0,1005.0,0.8606718242697022,-1.0,1.0
realAWSCloudwatch/ec2_network_in_257a54.csv,realAWSCloudwatch,B_iforest_raw,0.002472,0.7918369390326799,0.9975247524752475,1.0,0.9987608426270136,1.0,0.09050911376492772,1005.0,0.7506718242697022,-1.0,1.0
realAWSCloudwatch/ec2_network_in_257a54.csv,realAWSCloudwatch,B_iforest_raw,0.002952,0.7887719379132253,0.9950617283950617,1.0,0.9975247524752474,1.0,0.18101822752985544,1005.0,0.6406718242697023,-1.0,1.0
realAWSCloudwatch/ec2_network_in_257a54.csv,realAWSCloudwatch,B_iforest_raw,0.003525,0.7841162019060465,0.9901719901719902,1.0,0.9950617283950617,1.0,0.3620364550597109,1005.0,0.4714839964000809,-1.0,1.0
realAWSCloudwatch/ec2_network_in_257a54.csv,realAWSCloudwatch,B_iforest_raw,0.00421,0.7769333478752307,0.9877450980392157,1.0,0.9938347718865598,1.0,0.4525455688246386,1005.0,0.408379628761408,-1.0,1.0
realAWSCloudwatch/ec2_network_in_257a54.csv,realAWSCloudwatch,B_iforest_raw,0.005029,0.7680403382535879,0.9805352798053528,1.0,0.9901719901719902,1.0,0.7240729101194218,1005.0,0.15095096437025585,-1.0,1.0
realAWSCloudwatch/ec2_network_in_257a54.csv,realAWSCloudwatch,B_iforest_raw,0.006006,0.7537414180297838,0.9734299516908212,1.0,0.9865361077111383,1.0,0.9050911376492772,1005.0,-0.05084996765111041,-1.0,1.0
realAWSCloudwatch/ec2_network_in_257a54.csv,realAWSCloudwatch,B_iforest_raw,0.007173,0.74535202041399,0.9664268585131894,1.0,0.9829268292682927,1.0,1.1766184789440604,1005.0,-0.3791504071855018,-1.0,1.0
realAWSCloudwatch/ec2_network_in_257a54.csv,realAWSCloudwatch,B_iforest_raw,0.008566,0.7361021068580849,0.9549763033175356,1.0,0.9769696969696969,1.0,1.4481458202388435,1005.0,-0.7048547092514315,-1.0,1.0
realAWSCloudwatch/ec2_network_in_257a54.csv,realAWSCloudwatch,B_iforest_raw,0.010231,0.7192036611683208,0.9437939110070258,1.0,0.9710843373493977,1.0,1.7196731615336267,1005.0,-1.0068294680463368,-1.0,1.0
realAWSCloudwatch/ec2_network_in_257a54.csv,realAWSCloudwatch,B_iforest_raw,0.012218,0.7062907052950119,0.930715935334873,1.0,0.9641148325358853,1.0,2.1722187303582654,1005.0,-1.509516381268423,-1.0,1.0
realAWSCloudwatch/ec2_network_in_257a54.csv,realAWSCloudwatch,B_iforest_raw,0.014592,0.6949883885595272,0.9138321995464853,1.0,0.9549763033175356,1.0,2.8057825267127594,1005.0,-2.244726034913448,-1.0,1.0
realAWSCloudwatch/ec2_network_in_257a54.csv,realAWSCloudwatch,B_iforest_raw,0.017428,0.6917457748507665,0.9035874439461884,1.0,0.9493521790341579,1.0,3.1678189817724705,1005.0,-2.6837754296707126,-1.0,1.0
realAWSCloudwatch/ec2_network_in_257a54.csv,realAWSCloudwatch,B_iforest_raw,0.020814,0.6628715895395336,0.893569844789357,1.0,0.9437939110070257,1.0,3.3488372093023258,1005.0,-2.90261737509183,-1.0,1.0
realAWSCloudwatch/ec2_network_in_257a54.csv,realAWSCloudwatch,B_iforest_raw,0.024858,0.6579464127891224,0.8760869565217392,1.0,0.9339513325608344,1.0,3.6203645505971087,1005.0,-3.072965935404358,-1.0,1.0
realAWSCloudwatch/ec2_network_in_257a54.csv,realAWSCloudwatch,B_iforest_raw,0.029688,0.6514846816170212,0.8685344827586207,1.0,0.9296424452133795,1.0,3.8013827781269645,675.0,-3.2094916465927557,-1.0,1.0
realAWSCloudwatch/ec2_network_in_257a54.csv,realAWSCloudwatch,B_iforest_raw,0.035456,0.6514846816170212,0.8685344827586207,1.0,0.9296424452133795,1.0,3.8013827781269645,675.0,-3.2094916465927557,-1.0,1.0
realAWSCloudwatch/ec2_network_in_257a54.csv,realAWSCloudwatch,B_iforest_raw,0.042345,0.6514846816170212,0.8538135593220338,1.0,0.9211428571428572,1.0,4.253928346951603,675.0,-3.306996446334149,-1.0,1.0
realAWSCloudwatch/ec2_network_in_257a54.csv,realAWSCloudwatch,B_iforest_raw,0.050573,0.6514846816170212,0.8092369477911646,1.0,0.8945615982241953,1.0,4.615964802011314,675.0,-3.6098276228109096,-1.0,1.0
realAWSCloudwatch/ec2_network_in_257a54.csv,realAWSCloudwatch,B_iforest_raw,0.060399,0.6514846816170212,0.7603773584905661,1.0,0.8638799571275455,1.0,5.4305468258956635,675.0,-4.516791550894799,-1.0,1.0
realAWSCloudwatch/ec2_network_in_257a54.csv,realAWSCloudwatch,B_iforest_raw,0.072135,0.6514846816170212,0.7107583774250441,1.0,0.8309278350515464,1.0,5.521055939660591,675.0,-4.624264803390274,-1.0,1.0
realAWSCloudwatch/ec2_network_in_257a54.csv,realAWSCloudwatch,B_iforest_raw,0.086151,0.6514846816170212,0.6584967320261438,1.0,0.794088669950739,1.0,6.0641106222501575,675.0,-5.2825248324523795,-1.0,1.0
realAWSCloudwatch/ec2_network_in_257a54.csv,realAWSCloudwatch,B_iforest_raw,0.10289,0.6514846816170212,0.606015037593985,1.0,0.754681647940075,1.0,6.788183532369579,675.0,-6.162121714741605,-1.0,1.0
realAWSCloudwatch/ec2_network_in_257a54.csv,realAWSCloudwatch,B_iforest_raw,0.122881,0.6514846816170212,0.5528120713305898,1.0,0.7120141342756184,1.0,7.3312382149591455,675.0,-6.822055504323318,-1.0,1.0
realAWSCloudwatch/ec2_network_in_257a54.csv,realAWSCloudwatch,B_iforest_raw,0.146757,0.6514846816170212,0.5012437810945274,1.0,0.667771333885667,1.0,7.874292897548711,675.0,-7.482045207184355,-1.0,1.0
realAWSCloudwatch/ec2_network_in_257a54.csv,realAWSCloudwatch,B_iforest_raw,0.175272,0.6514846816170212,0.45027932960893857,1.0,0.6209553158705702,1.0,10.499057196731616,675.0,-10.672040629710473,-1.0,1.0
realAWSCloudwatch/ec2_network_in_257a54.csv,realAWSCloudwatch,B_iforest_raw,0.209328,0.6456083665370069,0.4046184738955823,1.0,0.5761258041458185,1.0,13.576367064739157,675.0,-14.446397053536675,-1.0,1.0
realAWSCloudwatch/ec2_network_in_257a54.csv,realAWSCloudwatch,B_iforest_raw,0.25,0.634547988872047,0.3630630630630631,1.0,0.5327164573694646,1.0,13.12382149591452,80.0,-13.98060076960374,-1.0,1.0
realAWSCloudwatch/ec2_network_in_257a54.csv,realAWSCloudwatch,C_iforest_contextual,0.0005,0.7480147007192537,1.0,1.0,1.0,1.0,0.0,1030.0,0.8516681246152519,-1.0,1.0
realAWSCloudwatch/ec2_network_in_257a54.csv,realAWSCloudwatch,C_iforest_contextual,0.000597,0.7452008479879499,1.0,1.0,1.0,1.0,0.0,1030.0,0.8516681246152519,-1.0,1.0
realAWSCloudwatch/ec2_network_in_257a54.csv,realAWSCloudwatch,C_iforest_contextual,0.000713,0.7436946312406175,1.0,1.0,1.0,1.0,0.0,1015.0,0.8571268814503882,-1.0,1.0
realAWSCloudwatch/ec2_network_in_257a54.csv,realAWSCloudwatch,C_iforest_contextual,0.000852,0.7427285435267535,1.0,1.0,1.0,1.0,0.0,1015.0,0.8571268814503882,-1.0,1.0
realAWSCloudwatch/ec2_network_in_257a54.csv,realAWSCloudwatch,C_iforest_contextual,0.001017,0.7387195912915464,1.0,1.0,1.0,1.0,0.0,1010.0,0.8589086704377245,-1.0,1.0
realAWSCloudwatch/ec2_network_in_257a54.csv,realAWSCloudwatch,C_iforest_contextual,0.001215,0.7296749054092547,1.0,1.0,1.0,1.0,0.0,1010.0,0.8589086704377245,-1.0,1.0
realAWSCloudwatch/ec2_network_in_257a54.csv,realAWSCloudwatch,C_iforest_contextual,0.001451,0.7240499533809903,1.0,1.0,1.0,1.0,0.0,1010.0,0.8589086704377245,-1.0,1.0
realAWSCloudwatch/ec2_network_in_257a54.csv,realAWSCloudwatch,C_iforest_contextual,0.001733,0.7170427615300565,1.0,1.0,1.0,1.0,0.0,1010.0,0.8589086704377245,-1.0,1.0
realAWSCloudwatch/ec2_network_in_257a54.csv,realAWSCloudwatch,C_iforest_contextual,0.00207,0.6921513649653297,1.0,1.0,1.0,1.0,0.0,1005.0,0.8606718242697022,-1.0,1.0
realAWSCloudwatch/ec2_network_in_257a54.csv,realAWSCloudwatch,C_iforest_contextual,0.002472,0.6761515580459179,1.0,1.0,1.0,1.0,0.0,1005.0,0.8606718242697022,-1.0,1.0
realAWSCloudwatch/ec2_network_in_257a54.csv,realAWSCloudwatch,C_iforest_contextual,0.002952,0.6725682901259025,0.9975247524752475,1.0,0.9987608426270136,1.0,0.09050911376492772,250.0,0.8797996361601492,-1.0,1.0
realAWSCloudwatch/ec2_network_in_257a54.csv,realAWSCloudwatch,C_iforest_contextual,0.003525,0.669488241710371,0.9926108374384236,1.0,0.996291718170581,1.0,0.2715273412947832,250.0,0.7089348323201504,-1.0,1.0
realAWSCloudwatch/ec2_network_in_257a54.csv,realAWSCloudwatch,C_iforest_contextual,0.00421,0.6692976184990055,0.9877450980392157,1.0,0.9938347718865598,1.0,0.4525455688246386,250.0,0.5745109185433147,-1.0,1.0
realAWSCloudwatch/ec2_network_in_257a54.csv,realAWSCloudwatch,C_iforest_contextual,0.005029,0.6682861943194219,0.9805352798053528,1.0,0.9901719901719902,1.0,0.7240729101194218,250.0,0.24598126210238785,-1.0,1.0
realAWSCloudwatch/ec2_network_in_257a54.csv,realAWSCloudwatch,C_iforest_contextual,0.006006,0.6668829056378403,0.9734299516908212,1.0,0.9865361077111383,1.0,0.9956002514142049,250.0,-0.02448470455847443,-1.0,1.0
realAWSCloudwatch/ec2_network_in_257a54.csv,realAWSCloudwatch,C_iforest_contextual,0.007173,0.6640778088706615,0.9664268585131894,1.0,0.9829268292682927,1.0,1.267127592708988,250.0,-0.3361354065236632,-1.0,1.0
realAWSCloudwatch/ec2_network_in_257a54.csv,realAWSCloudwatch,C_iforest_contextual,0.008566,0.6616797197027188,0.9549763033175356,1.0,0.9769696969696969,1.0,1.629164047768699,250.0,-0.7708841405381927,-1.0,1.0
realAWSCloudwatch/ec2_network_in_257a54.csv,realAWSCloudwatch,C_iforest_contextual,0.010231,0.654163090079183,0.9460093896713615,1.0,0.9722557297949337,1.0,1.9006913890634822,240.0,-1.0985257677800544,-1.0,1.0
realAWSCloudwatch/ec2_network_in_257a54.csv,realAWSCloudwatch,C_iforest_contextual,0.012218,0.650388656788185,0.9350348027842227,1.0,0.9664268585131894,1.0,2.262727844123193,240.0,-1.499363691972167,-1.0,1.0
realAWSCloudwatch/ec2_network_in_257a54.csv,realAWSCloudwatch,C_iforest_contextual,0.014592,0.6448108891905401,0.9179954441913439,1.0,0.9572446555819477,1.0,2.7152734129478318,240.0,-2.0810564158733333,-1.0,1.0
realAWSCloudwatch/ec2_network_in_257a54.csv,realAWSCloudwatch,C_iforest_contextual,0.017428,0.6311250066359655,0.9056179775280899,1.0,0.9504716981132075,1.0,3.1678189817724705,240.0,-2.5857978102515053,-1.0,1.0
realAWSCloudwatch/ec2_network_in_257a54.csv,realAWSCloudwatch,C_iforest_contextual,0.020814,0.6190149005330895,0.8876651982378855,1.0,0.9404900816802801,1.0,3.6203645505971087,240.0,-3.1062240293701597,-1.0,1.0
realAWSCloudwatch/ec2_network_in_257a54.csv,realAWSCloudwatch,C_iforest_contextual,0.024858,0.6091782201662405,0.8685344827586207,1.0,0.9296424452133795,1.0,4.434946574481458,240.0,-3.9711568652085742,-1.0,1.0
realAWSCloudwatch/ec2_network_in_257a54.csv,realAWSCloudwatch,C_iforest_contextual,0.029688,0.6048152261522859,0.8413361169102297,1.0,0.9138321995464853,1.0,4.978001257071025,240.0,-4.6796822165965075,-1.0,1.0
realAWSCloudwatch/ec2_network_in_257a54.csv,realAWSCloudwatch,C_iforest_contextual,0.035456,0.6015854205646716,0.8141414141414142,1.0,0.8975501113585745,1.0,6.154619736015085,240.0,-6.156162388129466,-1.0,1.0
realAWSCloudwatch/ec2_network_in_257a54.csv,realAWSCloudwatch,C_iforest_contextual,0.042345,0.5984735330070347,0.7825242718446602,1.0,0.8779956427015251,1.0,7.3312382149591455,220.0,-7.559414250645303,-1.0,1.0
realAWSCloudwatch/ec2_network_in_257a54.csv,realAWSCloudwatch,C_iforest_contextual,0.050573,0.595335357046686,0.7462962962962963,1.0,0.8547189819724283,1.0,8.598365807668134,220.0,-9.09375912458292,-1.0,1.0
realAWSCloudwatch/ec2_network_in_257a54.csv,realAWSCloudwatch,C_iforest_contextual,0.060399,0.5929305894459831,0.7095070422535211,1.0,0.8300720906282184,1.0,10.31803896920176,220.0,-11.174858929892073,-1.0,1.0
realAWSCloudwatch/ec2_network_in_257a54.csv,realAWSCloudwatch,C_iforest_contextual,0.072135,0.5912478528336731,0.6683250414593698,1.0,0.8011928429423459,1.0,11.585166561910748,220.0,-12.653696349929296,-1.0,1.0
realAWSCloudwatch/ec2_network_in_257a54.csv,realAWSCloudwatch,C_iforest_contextual,0.086151,0.5889506699000544,0.6287051482059283,1.0,0.7720306513409962,1.0,13.12382149591452,220.0,-14.512606172037096,-1.0,1.0
realAWSCloudwatch/ec2_network_in_257a54.csv,realAWSCloudwatch,C_iforest_contextual,0.10289,0.5869692952319941,0.5823699421965318,1.0,0.7360730593607306,1.0,14.481458202388435,220.0,-16.161980097800637,-1.0,1.0
realAWSCloudwatch/ec2_network_in_257a54.csv,realAWSCloudwatch,C_iforest_contextual,0.122881,0.5851411100846569,0.5366178428761651,1.0,0.6984402079722704,1.0,16.020113136392208,220.0,-18.019507721149978,-1.0,1.0
realAWSCloudwatch/ec2_network_in_257a54.csv,realAWSCloudwatch,C_iforest_contextual,0.146757,0.5823797080123825,0.49146341463414633,1.0,0.6590351594439902,1.0,16.653676932746702,10.0,-18.69560852263735,-1.0,1.0
realAWSCloudwatch/ec2_network_in_257a54.csv,realAWSCloudwatch,C_iforest_contextual,0.175272,0.5791784743646775,0.4453038674033149,1.0,0.6162079510703363,1.0,16.472658705216844,10.0,-18.362577549230153,-1.0,1.0
realAWSCloudwatch/ec2_network_in_257a54.csv,realAWSCloudwatch,C_iforest_contextual,0.209328,0.575933346104591,0.39861523244312563,1.0,0.57001414427157,1.0,16.563167818981775,10.0,-18.462422966143187,-1.0,1.0
realAWSCloudwatch/ec2_network_in_257a54.csv,realAWSCloudwatch,C_iforest_contextual,0.25,0.5726598251864315,0.3541300527240773,1.0,0.5230369889682024,1.0,16.110622250157135,10.0,-17.737874510064103,-1.0,1.0
realAWSCloudwatch/ec2_network_in_5abac7.csv,realAWSCloudwatch,A_rolling_zscore,0.0005,50.0,0.0,0.0,0.0,0.0,0.07627118644067797,,-2.11,-2.0,2.0
realAWSCloudwatch/ec2_network_in_5abac7.csv,realAWSCloudwatch,A_rolling_zscore,0.000597,50.0,0.0,0.0,0.0,0.0,0.07627118644067797,,-2.11,-2.0,2.0
realAWSCloudwatch/ec2_network_in_5abac7.csv,realAWSCloudwatch,A_rolling_zscore,0.000713,50.0,0.0,0.0,0.0,0.0,0.07627118644067797,,-2.11,-2.0,2.0
realAWSCloudwatch/ec2_network_in_5abac7.csv,realAWSCloudwatch,A_rolling_zscore,0.000852,50.0,0.0,0.0,0.0,0.0,0.15254237288135594,,-2.2199999999999998,-2.0,2.0
realAWSCloudwatch/ec2_network_in_5abac7.csv,realAWSCloudwatch,A_rolling_zscore,0.001017,50.0,0.0,0.0,0.0,0.0,0.15254237288135594,,-2.2199999999999998,-2.0,2.0
realAWSCloudwatch/ec2_network_in_5abac7.csv,realAWSCloudwatch,A_rolling_zscore,0.001215,50.0,0.0,0.0,0.0,0.0,0.15254237288135594,,-2.2199999999999998,-2.0,2.0
realAWSCloudwatch/ec2_network_in_5abac7.csv,realAWSCloudwatch,A_rolling_zscore,0.001451,50.0,0.0,0.0,0.0,0.0,0.2288135593220339,,-2.3299999999999996,-2.0,2.0
realAWSCloudwatch/ec2_network_in_5abac7.csv,realAWSCloudwatch,A_rolling_zscore,0.001733,50.0,0.0,0.0,0.0,0.0,0.2288135593220339,,-2.3299999999999996,-2.0,2.0
realAWSCloudwatch/ec2_network_in_5abac7.csv,realAWSCloudwatch,A_rolling_zscore,0.00207,50.0,0.0,0.0,0.0,0.0,0.3050847457627119,,-2.4399999999999995,-2.0,2.0
realAWSCloudwatch/ec2_network_in_5abac7.csv,realAWSCloudwatch,A_rolling_zscore,0.002472,50.0,0.0,0.0,0.0,0.0,0.38135593220338987,,-2.5499999999999994,-2.0,2.0
realAWSCloudwatch/ec2_network_in_5abac7.csv,realAWSCloudwatch,A_rolling_zscore,0.002952,50.0,0.0,0.0,0.0,0.0,0.5338983050847458,,-2.769999999999999,-2.0,2.0
realAWSCloudwatch/ec2_network_in_5abac7.csv,realAWSCloudwatch,A_rolling_zscore,0.003525,50.0,0.0,0.0,0.0,0.0,0.6864406779661018,,-2.989999999999999,-2.0,2.0
realAWSCloudwatch/ec2_network_in_5abac7.csv,realAWSCloudwatch,A_rolling_zscore,0.00421,50.0,0.0,0.0,0.0,0.0,0.7627118644067797,,-3.0999999999999988,-2.0,2.0
realAWSCloudwatch/ec2_network_in_5abac7.csv,realAWSCloudwatch,A_rolling_zscore,0.005029,50.0,0.0,0.0,0.0,0.0,0.8389830508474576,,-3.2099999999999986,-2.0,2.0
realAWSCloudwatch/ec2_network_in_5abac7.csv,realAWSCloudwatch,A_rolling_zscore,0.006006,50.0,0.9186046511627907,0.5,0.6475409836065574,0.5,0.9915254237288136,225.0,-1.4511238236873785,-2.0,2.0
realAWSCloudwatch/ec2_network_in_5abac7.csv,realAWSCloudwatch,A_rolling_zscore,0.007173,50.0,0.9186046511627907,0.5,0.6475409836065574,0.5,0.9915254237288136,225.0,-1.4511238236873785,-2.0,2.0
realAWSCloudwatch/ec2_network_in_5abac7.csv,realAWSCloudwatch,A_rolling_zscore,0.008566,50.0,0.9080459770114943,0.5,0.6448979591836734,0.5,1.1440677966101696,225.0,-1.5946758441570288,-2.0,2.0
realAWSCloudwatch/ec2_network_in_5abac7.csv,realAWSCloudwatch,A_rolling_zscore,0.010231,50.0,0.9442231075697212,1.0,0.9713114754098361,1.0,1.2966101694915255,290.0,0.14368169270574202,-2.0,2.0
realAWSCloudwatch/ec2_network_in_5abac7.csv,realAWSCloudwatch,A_rolling_zscore,0.012218,50.0,0.9404761904761905,1.0,0.9693251533742331,1.0,1.3728813559322035,290.0,0.05555992137906855,-2.0,2.0
realAWSCloudwatch/ec2_network_in_5abac7.csv,realAWSCloudwatch,A_rolling_zscore,0.014592,50.0,0.92578125,1.0,0.9614604462474645,1.0,1.7542372881355932,290.0,-0.47098021996986983,-2.0,2.0
realAWSCloudwatch/ec2_network_in_5abac7.csv,realAWSCloudwatch,A_rolling_zscore,0.017428,50.0,0.9063097514340345,1.0,0.9508525576730191,1.0,2.211864406779661,290.0,-1.1304045916765648,-2.0,2.0
realAWSCloudwatch/ec2_network_in_5abac7.csv,realAWSCloudwatch,A_rolling_zscore,0.020814,27.784868870074725,0.8843283582089553,1.0,0.9386138613861386,1.0,3.050847457627119,290.0,-2.3404045916765646,-2.0,2.0
realAWSCloudwatch/ec2_network_in_5abac7.csv,realAWSCloudwatch,A_rolling_zscore,0.024858,4.534298984001569,0.8618181818181818,1.0,0.92578125,1.0,3.7372881355932206,290.0,-3.2837151228001393,-2.0,2.0
realAWSCloudwatch/ec2_network_in_5abac7.csv,realAWSCloudwatch,A_rolling_zscore,0.029688,3.428238664363294,0.8374558303886925,1.0,0.9115384615384615,1.0,4.728813559322034,265.0,-4.707208432751138,-2.0,2.0
realAWSCloudwatch/ec2_network_in_5abac7.csv,realAWSCloudwatch,A_rolling_zscore,0.035456,3.285948823297761,0.8144329896907216,1.0,0.8977272727272727,1.0,5.872881355932203,212.5,-6.3345006286164,-2.0,2.0
realAWSCloudwatch/ec2_network_in_5abac7.csv,realAWSCloudwatch,A_rolling_zscore,0.042345,2.9035355131565597,0.7821782178217822,1.0,0.8777777777777778,1.0,7.627118644067797,212.5,-8.761372556300396,-2.0,2.0
realAWSCloudwatch/ec2_network_in_5abac7.csv,realAWSCloudwatch,A_rolling_zscore,0.050573,2.4798504978918223,0.7476340694006309,1.0,0.8555956678700362,1.0,9.686440677966102,212.5,-11.63001270861632,-2.0,2.0
realAWSCloudwatch/ec2_network_in_5abac7.csv,realAWSCloudwatch,A_rolling_zscore,0.060399,2.2555348669337283,0.7085201793721974,1.0,0.8293963254593176,1.0,12.05084745762712,152.5,-14.876429369160203,-2.0,2.0
realAWSCloudwatch/ec2_network_in_5abac7.csv,realAWSCloudwatch,A_rolling_zscore,0.072135,2.1211788154555355,0.6723404255319149,1.0,0.8040712468193385,1.0,14.415254237288137,55.0,-17.982680547896177,-2.0,2.0
realAWSCloudwatch/ec2_network_in_5abac7.csv,realAWSCloudwatch,A_rolling_zscore,0.086151,1.9401616213247543,0.6303191489361702,1.0,0.7732463295269169,1.0,16.85593220338983,55.0,-21.329147785527617,-2.0,2.0
realAWSCloudwatch/ec2_network_in_5abac7.csv,realAWSCloudwatch,A_rolling_zscore,0.10289,1.790256916119067,0.5859085290482077,1.0,0.7388932190179267,1.0,19.220338983050848,20.0,-24.61424799093062,-2.0,2.0
realAWSCloudwatch/ec2_network_in_5abac7.csv,realAWSCloudwatch,A_rolling_zscore,0.122881,1.5599228883992526,0.540478905359179,1.0,0.7017024426350851,1.0,21.661016949152543,20.0,-27.806291947285736,-2.0,2.0
realAWSCloudwatch/ec2_network_in_5abac7.csv,realAWSCloudwatch,A_rolling_zscore,0.146757,1.3853815697126306,0.49323621227887615,1.0,0.6606271777003484,1.0,22.5,20.0,-28.961409990701522,-2.0,2.0
realAWSCloudwatch/ec2_network_in_5abac7.csv,realAWSCloudwatch,A_rolling_zscore,0.175272,1.2974195442954868,0.4463276836158192,1.0,0.6171875,1.0,23.033898305084747,20.0,-29.76994829985613,-2.0,2.0
realAWSCloudwatch/ec2_network_in_5abac7.csv,realAWSCloudwatch,A_rolling_zscore,0.209328,1.2468166137838361,0.4030612244897959,1.0,0.5745454545454546,1.0,23.720338983050848,20.0,-30.7474724123863,-2.0,2.0
realAWSCloudwatch/ec2_network_in_5abac7.csv,realAWSCloudwatch,A_rolling_zscore,0.25,1.1789577722091187,0.361005331302361,1.0,0.5304980414101846,1.0,23.796610169491526,20.0,-30.79595150859353,-2.0,2.0
realAWSCloudwatch/ec2_network_in_5abac7.csv,realAWSCloudwatch,B_iforest_raw,0.0005,0.824640976839311,0.0,0.0,0.0,0.0,0.07627118644067797,,-2.11,-2.0,2.0
realAWSCloudwatch/ec2_network_in_5abac7.csv,realAWSCloudwatch,B_iforest_raw,0.000597,0.823174672766592,0.0,0.0,0.0,0.0,0.15254237288135594,,-2.2199999999999998,-2.0,2.0
realAWSCloudwatch/ec2_network_in_5abac7.csv,realAWSCloudwatch,B_iforest_raw,0.000713,0.8211101188515796,0.0,0.0,0.0,0.0,0.15254237288135594,,-2.2199999999999998,-2.0,2.0
realAWSCloudwatch/ec2_network_in_5abac7.csv,realAWSCloudwatch,B_iforest_raw,0.000852,0.8187564471111508,0.0,0.0,0.0,0.0,0.2288135593220339,,-2.3299999999999996,-2.0,2.0
realAWSCloudwatch/ec2_network_in_5abac7.csv,realAWSCloudwatch,B_iforest_raw,0.001017,0.8161792734315745,0.0,0.0,0.0,0.0,0.2288135593220339,,-2.3299999999999996,-2.0,2.0
realAWSCloudwatch/ec2_network_in_5abac7.csv,realAWSCloudwatch,B_iforest_raw,0.001215,0.8093297992784878,0.0,0.0,0.0,0.0,0.3050847457627119,,-2.4399999999999995,-2.0,2.0
realAWSCloudwatch/ec2_network_in_5abac7.csv,realAWSCloudwatch,B_iforest_raw,0.001451,0.804781709114719,0.0,0.0,0.0,0.0,0.38135593220338987,,-2.5499999999999994,-2.0,2.0
realAWSCloudwatch/ec2_network_in_5abac7.csv,realAWSCloudwatch,B_iforest_raw,0.001733,0.804781709114719,0.0,0.0,0.0,0.0,0.4576271186440678,,-2.6599999999999993,-2.0,2.0
realAWSCloudwatch/ec2_network_in_5abac7.csv,realAWSCloudwatch,B_iforest_raw,0.00207,0.804781709114719,0.0,0.0,0.0,0.0,0.5338983050847458,,-2.769999999999999,-2.0,2.0
realAWSCloudwatch/ec2_network_in_5abac7.csv,realAWSCloudwatch,B_iforest_raw,0.002472,0.804781709114719,0.0,0.0,0.0,0.0,0.6864406779661018,,-2.989999999999999,-2.0,2.0
realAWSCloudwatch/ec2_network_in_5abac7.csv,realAWSCloudwatch,B_iforest_raw,0.002952,0.804781709114719,0.0,0.0,0.0,0.0,0.8389830508474576,,-3.2099999999999986,-2.0,2.0
realAWSCloudwatch/ec2_network_in_5abac7.csv,realAWSCloudwatch,B_iforest_raw,0.003525,0.804781709114719,0.0,0.0,0.0,0.0,0.9915254237288136,,-3.4299999999999984,-2.0,2.0
realAWSCloudwatch/ec2_network_in_5abac7.csv,realAWSCloudwatch,B_iforest_raw,0.00421,0.804781709114719,0.0,0.0,0.0,0.0,1.1440677966101696,,-3.649999999999998,-2.0,2.0
realAWSCloudwatch/ec2_network_in_5abac7.csv,realAWSCloudwatch,B_iforest_raw,0.005029,0.804781709114719,0.0,0.0,0.0,0.0,1.3728813559322035,,-3.9799999999999978,-2.0,2.0
realAWSCloudwatch/ec2_network_in_5abac7.csv,realAWSCloudwatch,B_iforest_raw,0.006006,0.804781709114719,0.9221789883268483,0.5,0.6484268125854993,0.5,1.5254237288135595,230.0,-2.2218505558048713,-2.0,2.0
realAWSCloudwatch/ec2_network_in_5abac7.csv,realAWSCloudwatch,B_iforest_raw,0.007173,0.804781709114719,0.9221789883268483,0.5,0.6484268125854993,0.5,1.5254237288135595,230.0,-2.2218505558048713,-2.0,2.0
realAWSCloudwatch/ec2_network_in_5abac7.csv,realAWSCloudwatch,B_iforest_raw,0.008566,0.804781709114719,0.9221789883268483,0.5,0.6484268125854993,0.5,1.5254237288135595,230.0,-2.2218505558048713,-2.0,2.0
realAWSCloudwatch/ec2_network_in_5abac7.csv,realAWSCloudwatch,B_iforest_raw,0.010231,0.804781709114719,0.9556451612903226,1.0,0.9773195876288661,1.0,1.6779661016949152,295.0,-0.4848039456160839,-2.0,2.0
realAWSCloudwatch/ec2_network_in_5abac7.csv,realAWSCloudwatch,B_iforest_raw,0.012218,0.804781709114719,0.9461077844311377,1.0,0.9723076923076923,1.0,2.059322033898305,295.0,-0.9933546746293319,-2.0,2.0
realAWSCloudwatch/ec2_network_in_5abac7.csv,realAWSCloudwatch,B_iforest_raw,0.014592,0.804781709114719,0.931237721021611,1.0,0.9643947100712106,1.0,2.669491525423729,295.0,-1.8719513772186211,-2.0,2.0
realAWSCloudwatch/ec2_network_in_5abac7.csv,realAWSCloudwatch,B_iforest_raw,0.017428,0.7950382701506901,0.915057915057915,1.0,0.9556451612903225,1.0,3.3559322033898304,295.0,-2.861932235191162,-2.0,2.0
realAWSCloudwatch/ec2_network_in_5abac7.csv,realAWSCloudwatch,B_iforest_raw,0.020814,0.7587771030789037,0.8977272727272727,1.0,0.9461077844311377,1.0,3.7372881355932206,295.0,-3.4057180231735202,-2.0,2.0
realAWSCloudwatch/ec2_network_in_5abac7.csv,realAWSCloudwatch,B_iforest_raw,0.024858,0.7465225429677164,0.8745387453874539,1.0,0.9330708661417324,1.0,3.8135593220338984,295.0,-3.51571802317352,-2.0,2.0
realAWSCloudwatch/ec2_network_in_5abac7.csv,realAWSCloudwatch,B_iforest_raw,0.029688,0.7385173607575599,0.8525179856115108,1.0,0.9203883495145632,1.0,4.194915254237288,295.0,-4.0657180231735195,-2.0,2.0
realAWSCloudwatch/ec2_network_in_5abac7.csv,realAWSCloudwatch,B_iforest_raw,0.035456,0.7372692397827736,0.8257839721254355,1.0,0.9045801526717556,1.0,4.728813559322034,295.0,-4.765745311380186,-2.0,2.0
realAWSCloudwatch/ec2_network_in_5abac7.csv,realAWSCloudwatch,B_iforest_raw,0.042345,0.7337857115235603,0.8061224489795918,1.0,0.8926553672316384,1.0,4.957627118644068,295.0,-5.095745311380187,-2.0,2.0
realAWSCloudwatch/ec2_network_in_5abac7.csv,realAWSCloudwatch,B_iforest_raw,0.050573,0.7322978139592543,0.7745098039215687,1.0,0.8729281767955802,1.0,4.957627118644068,295.0,-5.095745311380187,-2.0,2.0
realAWSCloudwatch/ec2_network_in_5abac7.csv,realAWSCloudwatch,B_iforest_raw,0.060399,0.7200310566100233,0.7371695178849145,1.0,0.8487018800358103,1.0,4.88135593220339,295.0,-4.985745311380187,-2.0,2.0
realAWSCloudwatch/ec2_network_in_5abac7.csv,realAWSCloudwatch,B_iforest_raw,0.072135,0.689207301268517,0.6980854197349042,1.0,0.8222029488291414,1.0,5.033898305084746,295.0,-5.205745311380187,-2.0,2.0
realAWSCloudwatch/ec2_network_in_5abac7.csv,realAWSCloudwatch,B_iforest_raw,0.086151,0.6299991862345262,0.6601671309192201,1.0,0.7953020134228188,1.0,5.415254237288136,292.5,-5.749878659082908,-2.0,2.0
realAWSCloudwatch/ec2_network_in_5abac7.csv,realAWSCloudwatch,B_iforest_raw,0.10289,0.5983470508111417,0.6179921773142112,1.0,0.7639000805801772,1.0,5.415254237288136,292.5,-5.749076637178956,-2.0,2.0
realAWSCloudwatch/ec2_network_in_5abac7.csv,realAWSCloudwatch,B_iforest_raw,0.122881,0.47313703819675396,0.572463768115942,1.0,0.7281105990783411,1.0,6.177966101694915,265.0,-6.795227007953556,-2.0,2.0
realAWSCloudwatch/ec2_network_in_5abac7.csv,realAWSCloudwatch,B_iforest_raw,0.146757,0.4088290446374601,0.5185995623632386,1.0,0.6829971181556196,1.0,10.754237288135593,212.5,-13.207356305348167,-2.0,2.0
realAWSCloudwatch/ec2_network_in_5abac7.csv,realAWSCloudwatch,B_iforest_raw,0.175272,0.4088290446374601,0.4749498997995992,1.0,0.6440217391304348,1.0,15.559322033898306,37.5,-19.58395308358798,-2.0,2.0
realAWSCloudwatch/ec2_network_in_5abac7.csv,realAWSCloudwatch,B_iforest_raw,0.209328,0.3771982115781591,0.42397137745974955,1.0,0.5954773869346733,1.0,19.677966101694917,37.5,-25.507395342438677,-2.0,2.0
realAWSCloudwatch/ec2_network_in_5abac7.csv,realAWSCloudwatch,B_iforest_raw,0.25,0.36380619284945354,0.37381703470031546,1.0,0.5442020665901264,1.0,22.194915254237287,37.5,-29.051487275575383,-2.0,2.0
realAWSCloudwatch/ec2_network_in_5abac7.csv,realAWSCloudwatch,C_iforest_contextual,0.0005,0.774097444325391,0.0,0.0,0.0,0.0,0.07627118644067797,,-2.11,-2.0,2.0
realAWSCloudwatch/ec2_network_in_5abac7.csv,realAWSCloudwatch,C_iforest_contextual,0.000597,0.7738059945952648,0.9957983193277311,0.5,0.6657303370786517,0.5,0.07627118644067797,790.0,-0.41848175268036425,-2.0,2.0
realAWSCloudwatch/ec2_network_in_5abac7.csv,realAWSCloudwatch,C_iforest_contextual,0.000713,0.7736486160655972,0.9957983193277311,0.5,0.6657303370786517,0.5,0.07627118644067797,790.0,-0.41848175268036425,-2.0,2.0
realAWSCloudwatch/ec2_network_in_5abac7.csv,realAWSCloudwatch,C_iforest_contextual,0.000852,0.7732122081428567,0.9916317991631799,0.5,0.6647966339410939,0.5,0.15254237288135594,790.0,-0.5284817526803642,-2.0,2.0
realAWSCloudwatch/ec2_network_in_5abac7.csv,realAWSCloudwatch,C_iforest_contextual,0.001017,0.7722473982829985,0.9916317991631799,0.5,0.6647966339410939,0.5,0.15254237288135594,790.0,-0.5284817526803642,-2.0,2.0
realAWSCloudwatch/ec2_network_in_5abac7.csv,realAWSCloudwatch,C_iforest_contextual,0.001215,0.7710721616205989,0.9957983193277311,1.0,0.9978947368421053,1.0,0.15254237288135594,690.0,1.332803170644641,-2.0,2.0
realAWSCloudwatch/ec2_network_in_5abac7.csv,realAWSCloudwatch,C_iforest_contextual,0.001451,0.769714397008118,0.9957983193277311,1.0,0.9978947368421053,1.0,0.15254237288135594,475.0,1.5943273991455937,-2.0,2.0
realAWSCloudwatch/ec2_network_in_5abac7.csv,realAWSCloudwatch,C_iforest_contextual,0.001733,0.7677249824769675,0.9937106918238994,1.0,0.9968454258675079,1.0,0.2288135593220339,475.0,1.4846295798754259,-2.0,2.0
realAWSCloudwatch/ec2_network_in_5abac7.csv,realAWSCloudwatch,C_iforest_contextual,0.00207,0.7665435100799666,0.9916317991631799,1.0,0.995798319327731,1.0,0.3050847457627119,475.0,1.37494482128117,-2.0,2.0
realAWSCloudwatch/ec2_network_in_5abac7.csv,realAWSCloudwatch,C_iforest_contextual,0.002472,0.7662620694606992,0.9875,1.0,0.9937106918238994,1.0,0.4576271186440678,475.0,1.1549448212811697,-2.0,2.0
realAWSCloudwatch/ec2_network_in_5abac7.csv,realAWSCloudwatch,C_iforest_contextual,0.002952,0.7659156906412407,0.983402489626556,1.0,0.9916317991631798,1.0,0.6101694915254238,475.0,0.9349811856857585,-2.0,2.0
realAWSCloudwatch/ec2_network_in_5abac7.csv,realAWSCloudwatch,C_iforest_contextual,0.003525,0.7646056601640593,0.9793388429752066,1.0,0.9895615866388309,1.0,0.7627118644067797,475.0,0.7151532208090062,-2.0,2.0
realAWSCloudwatch/ec2_network_in_5abac7.csv,realAWSCloudwatch,C_iforest_contextual,0.00421,0.7639459070478765,0.9753086419753086,1.0,0.9875,1.0,0.9152542372881356,475.0,0.495153220809006,-2.0,2.0
realAWSCloudwatch/ec2_network_in_5abac7.csv,realAWSCloudwatch,C_iforest_contextual,0.005029,0.7627554594219895,0.9713114754098361,1.0,0.9854469854469855,1.0,1.0677966101694916,475.0,0.275153220809006,-2.0,2.0
realAWSCloudwatch/ec2_network_in_5abac7.csv,realAWSCloudwatch,C_iforest_contextual,0.006006,0.7618731075946878,0.9634146341463414,1.0,0.9813664596273292,1.0,1.3728813559322035,475.0,-0.1407831360512908,-2.0,2.0
realAWSCloudwatch/ec2_network_in_5abac7.csv,realAWSCloudwatch,C_iforest_contextual,0.007173,0.7585049926375623,0.9537223340040242,1.0,0.976313079299691,1.0,1.7542372881355932,475.0,-0.688442034120367,-2.0,2.0
realAWSCloudwatch/ec2_network_in_5abac7.csv,realAWSCloudwatch,C_iforest_contextual,0.008566,0.757463300877887,0.948,1.0,0.973305954825462,1.0,1.9830508474576272,475.0,-1.0149565375978384,-2.0,2.0
realAWSCloudwatch/ec2_network_in_5abac7.csv,realAWSCloudwatch,C_iforest_contextual,0.010231,0.7547096093541003,0.9404761904761905,1.0,0.9693251533742331,1.0,2.288135593220339,407.5,-1.379330295500527,-2.0,2.0
realAWSCloudwatch/ec2_network_in_5abac7.csv,realAWSCloudwatch,C_iforest_contextual,0.012218,0.7524761753249871,0.9330708661417323,1.0,0.965376782077393,1.0,2.593220338983051,295.0,-1.7656700870311672,-2.0,2.0
realAWSCloudwatch/ec2_network_in_5abac7.csv,realAWSCloudwatch,C_iforest_contextual,0.014592,0.7478908494080623,0.9221789883268483,1.0,0.9595141700404859,1.0,3.050847457627119,295.0,-2.4256441763606444,-2.0,2.0
realAWSCloudwatch/ec2_network_in_5abac7.csv,realAWSCloudwatch,C_iforest_contextual,0.017428,0.7375830158966669,0.9097888675623801,1.0,0.9527638190954775,1.0,3.5847457627118646,295.0,-3.191932235191162,-2.0,2.0
realAWSCloudwatch/ec2_network_in_5abac7.csv,realAWSCloudwatch,C_iforest_contextual,0.020814,0.7020199074297615,0.8943396226415095,1.0,0.9442231075697212,1.0,4.194915254237288,295.0,-4.001959523397827,-2.0,2.0
realAWSCloudwatch/ec2_network_in_5abac7.csv,realAWSCloudwatch,C_iforest_contextual,0.024858,0.675482609840213,0.8745387453874539,1.0,0.9330708661417324,1.0,4.728813559322034,295.0,-4.77195952339783,-2.0,2.0
realAWSCloudwatch/ec2_network_in_5abac7.csv,realAWSCloudwatch,C_iforest_contextual,0.029688,0.6612035461759054,0.8494623655913979,1.0,0.9186046511627907,1.0,4.88135593220339,295.0,-4.985745311380187,-2.0,2.0
realAWSCloudwatch/ec2_network_in_5abac7.csv,realAWSCloudwatch,C_iforest_contextual,0.035456,0.6508266246815074,0.8272251308900523,1.0,0.9054441260744985,1.0,4.88135593220339,292.5,-4.984443535274052,-2.0,2.0
realAWSCloudwatch/ec2_network_in_5abac7.csv,realAWSCloudwatch,C_iforest_contextual,0.042345,0.6410140032532768,0.7953020134228188,1.0,0.8859813084112149,1.0,4.957627118644068,292.5,-5.093716663703738,-2.0,2.0
realAWSCloudwatch/ec2_network_in_5abac7.csv,realAWSCloudwatch,C_iforest_contextual,0.050573,0.6295986452025135,0.7596153846153846,1.0,0.8633879781420765,1.0,4.957627118644068,292.5,-5.093052491647882,-2.0,2.0
realAWSCloudwatch/ec2_network_in_5abac7.csv,realAWSCloudwatch,C_iforest_contextual,0.060399,0.6172508685537091,0.7314814814814815,1.0,0.8449197860962567,1.0,5.033898305084746,290.0,-5.202893526423258,-2.0,2.0
realAWSCloudwatch/ec2_network_in_5abac7.csv,realAWSCloudwatch,C_iforest_contextual,0.072135,0.5977607939737711,0.691970802919708,1.0,0.817946505608283,1.0,4.957627118644068,290.0,-5.08865986968089,-2.0,2.0
realAWSCloudwatch/ec2_network_in_5abac7.csv,realAWSCloudwatch,C_iforest_contextual,0.086151,0.5829077254447321,0.6537931034482759,1.0,0.7906588824020017,1.0,5.186440677966102,290.0,-5.418398546761271,-2.0,2.0
realAWSCloudwatch/ec2_network_in_5abac7.csv,realAWSCloudwatch,C_iforest_contextual,0.10289,0.5720447070637084,0.6084724005134788,1.0,0.7565841979249801,1.0,5.186440677966102,290.0,-5.418659018097303,-2.0,2.0
realAWSCloudwatch/ec2_network_in_5abac7.csv,realAWSCloudwatch,C_iforest_contextual,0.122881,0.5580923933561841,0.564958283671037,1.0,0.722010662604722,1.0,4.88135593220339,290.0,-4.978661394380943,-2.0,2.0
realAWSCloudwatch/ec2_network_in_5abac7.csv,realAWSCloudwatch,C_iforest_contextual,0.146757,0.5484976017876927,0.5226019845644984,1.0,0.6864590876176684,1.0,4.805084745762712,290.0,-4.802507782781003,-2.0,2.0
realAWSCloudwatch/ec2_network_in_5abac7.csv,realAWSCloudwatch,C_iforest_contextual,0.175272,0.537880408743814,0.4749498997995992,1.0,0.6440217391304348,1.0,4.652542372881356,290.0,-4.600538001814939,-2.0,2.0
realAWSCloudwatch/ec2_network_in_5abac7.csv,realAWSCloudwatch,C_iforest_contextual,0.209328,0.5251272047229585,0.42702702702702705,1.0,0.5984848484848485,1.0,6.254237288135593,140.0,-6.869488663593862,-2.0,2.0
realAWSCloudwatch/ec2_network_in_5abac7.csv,realAWSCloudwatch,C_iforest_contextual,0.25,0.5143531115861618,0.38041733547351525,1.0,0.5511627906976745,1.0,8.542372881355933,122.5,-10.161344505840722,-2.0,2.0
realAWSCloudwatch/elb_request_count_8c0756.csv,realAWSCloudwatch,A_rolling_zscore,0.0005,11.918294402472485,0.0,0.0,0.0,0.0,0.09033877038895859,,-2.11,-2.0,2.0
realAWSCloudwatch/elb_request_count_8c0756.csv,realAWSCloudwatch,A_rolling_zscore,0.000597,11.74344417657405,0.0,0.0,0.0,0.0,0.09033877038895859,,-2.11,-2.0,2.0
realAWSCloudwatch/elb_request_count_8c0756.csv,realAWSCloudwatch,A_rolling_zscore,0.000713,11.212978965165407,0.0,0.0,0.0,0.0,0.18067754077791717,,-2.2199999999999998,-2.0,2.0
realAWSCloudwatch/elb_request_count_8c0756.csv,realAWSCloudwatch,A_rolling_zscore,0.000852,10.432320537296018,0.0,0.0,0.0,0.0,0.18067754077791717,,-2.2199999999999998,-2.0,2.0
realAWSCloudwatch/elb_request_count_8c0756.csv,realAWSCloudwatch,A_rolling_zscore,0.001017,9.765588960620304,0.9901477832512315,0.8553191489361702,0.9178082191780822,0.5,0.18067754077791717,500.0,-0.3584491979244022,-2.0,2.0
realAWSCloudwatch/elb_request_count_8c0756.csv,realAWSCloudwatch,A_rolling_zscore,0.001215,9.350049845891904,0.9901477832512315,0.8553191489361702,0.9178082191780822,0.5,0.18067754077791717,500.0,-0.3584491979244022,-2.0,2.0
realAWSCloudwatch/elb_request_count_8c0756.csv,realAWSCloudwatch,A_rolling_zscore,0.001451,8.585614405626613,0.9852941176470589,0.8553191489361702,0.9157175398633257,0.5,0.2710163111668758,500.0,-0.4684491979244022,-2.0,2.0
realAWSCloudwatch/elb_request_count_8c0756.csv,realAWSCloudwatch,A_rolling_zscore,0.001733,7.813810431115897,0.9804878048780488,0.8553191489361702,0.9136363636363637,0.5,0.36135508155583435,500.0,-0.569832738909114,-2.0,2.0
realAWSCloudwatch/elb_request_count_8c0756.csv,realAWSCloudwatch,A_rolling_zscore,0.00207,7.105277479170117,0.9757281553398058,0.8553191489361702,0.9115646258503401,0.5,0.45169385194479295,500.0,-0.679832738909114,-2.0,2.0
realAWSCloudwatch/elb_request_count_8c0756.csv,realAWSCloudwatch,A_rolling_zscore,0.002472,6.574174958433499,0.9710144927536232,0.8553191489361702,0.9095022624434389,0.5,0.5420326223337516,500.0,-0.789832738909114,-2.0,2.0
realAWSCloudwatch/elb_request_count_8c0756.csv,realAWSCloudwatch,A_rolling_zscore,0.002952,6.289809875833528,0.9617224880382775,0.8553191489361702,0.9054054054054055,0.5,0.7227101631116687,500.0,-1.009832738909114,-2.0,2.0
realAWSCloudwatch/elb_request_count_8c0756.csv,realAWSCloudwatch,A_rolling_zscore,0.003525,6.1148276373203565,0.95260663507109,0.8553191489361702,0.9013452914798207,0.5,0.9033877038895859,500.0,-1.2298327389091142,-2.0,2.0
realAWSCloudwatch/elb_request_count_8c0756.csv,realAWSCloudwatch,A_rolling_zscore,0.00421,5.933510094338163,0.9436619718309859,0.8553191489361702,0.8973214285714285,0.5,1.0840652446675032,500.0,-1.4493925259355918,-2.0,2.0
realAWSCloudwatch/elb_request_count_8c0756.csv,realAWSCloudwatch,A_rolling_zscore,0.005029,5.739677841312954,0.9305555555555556,0.8553191489361702,0.8913525498891354,0.5,1.355081555834379,500.0,-1.7787914945677294,-2.0,2.0
realAWSCloudwatch/elb_request_count_8c0756.csv,realAWSCloudwatch,A_rolling_zscore,0.006006,5.589658949445265,0.9178082191780822,0.8553191489361702,0.8854625550660793,0.5,1.535759096612296,500.0,-1.9381757617512378,-2.0,2.0
realAWSCloudwatch/elb_request_count_8c0756.csv,realAWSCloudwatch,A_rolling_zscore,0.007173,5.410028478448279,0.9054054054054054,0.8553191489361702,0.8796498905908097,0.5,1.8067754077791718,500.0,-2.2681757617512384,-2.0,2.0
realAWSCloudwatch/elb_request_count_8c0756.csv,realAWSCloudwatch,A_rolling_zscore,0.008566,5.289977624499475,0.8854625550660793,0.8553191489361702,0.8701298701298702,0.5,2.1681304893350064,500.0,-2.704843046001907,-2.0,2.0
realAWSCloudwatch/elb_request_count_8c0756.csv,realAWSCloudwatch,A_rolling_zscore,0.010231,4.9717818097989275,0.8901515151515151,1.0,0.9418837675350701,1.0,2.439146800501882,230.0,-1.31955758513992,-2.0,2.0
realAWSCloudwatch/elb_request_count_8c0756.csv,realAWSCloudwatch,A_rolling_zscore,0.012218,4.644751740869259,0.8703703703703703,1.0,0.9306930693069307,1.0,2.9811794228356336,230.0,-1.9795575851399203,-2.0,2.0
realAWSCloudwatch/elb_request_count_8c0756.csv,realAWSCloudwatch,A_rolling_zscore,0.014592,4.354817811526091,0.8453237410071942,1.0,0.9161793372319688,1.0,3.7038895859473024,230.0,-2.85955758513992,-2.0,2.0
realAWSCloudwatch/elb_request_count_8c0756.csv,realAWSCloudwatch,A_rolling_zscore,0.017428,4.072065877585,0.8216783216783217,1.0,0.9021113243761996,1.0,4.336260978670013,92.5,-3.4675692591321274,-2.0,2.0
realAWSCloudwatch/elb_request_count_8c0756.csv,realAWSCloudwatch,A_rolling_zscore,0.020814,3.8054478012379707,0.7912457912457912,1.0,0.8834586466165414,1.0,5.239648682559598,92.5,-4.567569259132126,-2.0,2.0
realAWSCloudwatch/elb_request_count_8c0756.csv,realAWSCloudwatch,A_rolling_zscore,0.024858,3.449484872273435,0.7605177993527508,1.0,0.863970588235294,1.0,6.233375156838143,92.5,-5.664940794985059,-2.0,2.0
realAWSCloudwatch/elb_request_count_8c0756.csv,realAWSCloudwatch,A_rolling_zscore,0.029688,3.2825700573699086,0.7298136645962733,1.0,0.8438061041292639,1.0,7.407779171894605,50.0,-6.753692774527986,-2.0,2.0
realAWSCloudwatch/elb_request_count_8c0756.csv,realAWSCloudwatch,A_rolling_zscore,0.035456,3.088635220839374,0.6932153392330384,1.0,0.8188153310104529,1.0,8.582183186951067,50.0,-8.182774770892037,-2.0,2.0
realAWSCloudwatch/elb_request_count_8c0756.csv,realAWSCloudwatch,A_rolling_zscore,0.042345,2.8581871301442225,0.6545961002785515,1.0,0.7912457912457913,1.0,10.208281053952321,50.0,-10.160933731234097,-2.0,2.0
realAWSCloudwatch/elb_request_count_8c0756.csv,realAWSCloudwatch,A_rolling_zscore,0.050573,2.675846030343505,0.6151832460732984,1.0,0.7617504051863857,1.0,11.924717691342535,42.5,-12.245382780564608,-2.0,2.0
realAWSCloudwatch/elb_request_count_8c0756.csv,realAWSCloudwatch,A_rolling_zscore,0.060399,2.4481218262943996,0.5690072639225182,1.0,0.7253086419753088,1.0,13.912170639899623,42.5,-14.58333367636665,-2.0,2.0
realAWSCloudwatch/elb_request_count_8c0756.csv,realAWSCloudwatch,A_rolling_zscore,0.072135,2.2257043791635125,0.5245535714285714,1.0,0.6881405563689604,1.0,16.170639899623588,42.5,-17.325920083198625,-2.0,2.0
realAWSCloudwatch/elb_request_count_8c0756.csv,realAWSCloudwatch,A_rolling_zscore,0.086151,2.02907672790893,0.47959183673469385,1.0,0.6482758620689655,1.0,18.60978670012547,17.5,-20.158440261707014,-2.0,2.0
realAWSCloudwatch/elb_request_count_8c0756.csv,realAWSCloudwatch,A_rolling_zscore,0.10289,1.8224619133242923,0.43843283582089554,1.0,0.6095979247730221,1.0,20.958594730238392,17.5,-22.92638984466018,-2.0,2.0
realAWSCloudwatch/elb_request_count_8c0756.csv,realAWSCloudwatch,A_rolling_zscore,0.122881,1.631864167525533,0.3969594594594595,1.0,0.5683192261185006,1.0,22.855708908406523,17.5,-25.187424554170413,-2.0,2.0
realAWSCloudwatch/elb_request_count_8c0756.csv,realAWSCloudwatch,A_rolling_zscore,0.146757,1.4747627608779914,0.3560606060606061,1.0,0.5251396648044694,1.0,24.662484316185697,17.5,-27.350987383424673,-2.0,2.0
realAWSCloudwatch/elb_request_count_8c0756.csv,realAWSCloudwatch,A_rolling_zscore,0.175272,1.3552996467043337,0.3141711229946524,1.0,0.4781281790437436,1.0,26.107904642409032,17.5,-29.100063792891994,-2.0,2.0
realAWSCloudwatch/elb_request_count_8c0756.csv,realAWSCloudwatch,A_rolling_zscore,0.209328,1.2585051473452598,0.278436018957346,1.0,0.4355885078776645,1.0,27.101631116687578,17.5,-30.48879688043373,-2.0,2.0
realAWSCloudwatch/elb_request_count_8c0756.csv,realAWSCloudwatch,A_rolling_zscore,0.25,1.1624882784698767,0.2442827442827443,1.0,0.3926482873851295,1.0,26.92095357590966,17.5,-30.25788750341257,-2.0,2.0
realAWSCloudwatch/elb_request_count_8c0756.csv,realAWSCloudwatch,B_iforest_raw,0.0005,0.7946484720920598,1.0,0.8553191489361702,0.9220183486238532,0.5,0.0,500.0,-0.13844919792440225,-2.0,2.0
realAWSCloudwatch/elb_request_count_8c0756.csv,realAWSCloudwatch,B_iforest_raw,0.000597,0.7867849837710801,1.0,0.8553191489361702,0.9220183486238532,0.5,0.0,500.0,-0.13844919792440225,-2.0,2.0
realAWSCloudwatch/elb_request_count_8c0756.csv,realAWSCloudwatch,B_iforest_raw,0.000713,0.7812468613171757,0.995049504950495,0.8553191489361702,0.9199084668192219,0.5,0.09033877038895859,500.0,-0.24844919792440223,-2.0,2.0
realAWSCloudwatch/elb_request_count_8c0756.csv,realAWSCloudwatch,B_iforest_raw,0.000852,0.7763550119005909,0.995049504950495,0.8553191489361702,0.9199084668192219,0.5,0.09033877038895859,500.0,-0.24844919792440223,-2.0,2.0
realAWSCloudwatch/elb_request_count_8c0756.csv,realAWSCloudwatch,B_iforest_raw,0.001017,0.7696050733408064,0.995049504950495,0.8553191489361702,0.9199084668192219,0.5,0.09033877038895859,500.0,-0.24844919792440223,-2.0,2.0
realAWSCloudwatch/elb_request_count_8c0756.csv,realAWSCloudwatch,B_iforest_raw,0.001215,0.7601100833987611,0.995049504950495,0.8553191489361702,0.9199084668192219,0.5,0.09033877038895859,500.0,-0.24844919792440223,-2.0,2.0
realAWSCloudwatch/elb_request_count_8c0756.csv,realAWSCloudwatch,B_iforest_raw,0.001451,0.7510228748906113,0.9901477832512315,0.8553191489361702,0.9178082191780822,0.5,0.18067754077791717,500.0,-0.3584491979244022,-2.0,2.0
realAWSCloudwatch/elb_request_count_8c0756.csv,realAWSCloudwatch,B_iforest_raw,0.001733,0.7420063684208482,0.9852941176470589,0.8553191489361702,0.9157175398633257,0.5,0.2710163111668758,500.0,-0.4684491979244022,-2.0,2.0
realAWSCloudwatch/elb_request_count_8c0756.csv,realAWSCloudwatch,B_iforest_raw,0.00207,0.737620132645983,0.9804878048780488,0.8553191489361702,0.9136363636363637,0.5,0.36135508155583435,500.0,-0.5784491979244022,-2.0,2.0
realAWSCloudwatch/elb_request_count_8c0756.csv,realAWSCloudwatch,B_iforest_raw,0.002472,0.7350399280359863,0.9757281553398058,0.8553191489361702,0.9115646258503401,0.5,0.45169385194479295,500.0,-0.6884491979244022,-2.0,2.0
realAWSCloudwatch/elb_request_count_8c0756.csv,realAWSCloudwatch,B_iforest_raw,0.002952,0.727908274157897,0.9710144927536232,0.8553191489361702,0.9095022624434389,0.5,0.5420326223337516,340.0,-0.7093379536350806,-2.0,2.0
realAWSCloudwatch/elb_request_count_8c0756.csv,realAWSCloudwatch,B_iforest_raw,0.003525,0.7145242001574033,0.9663461538461539,0.8553191489361702,0.90744920993228,0.5,0.6323713927227101,340.0,-0.8193379536350806,-2.0,2.0
realAWSCloudwatch/elb_request_count_8c0756.csv,realAWSCloudwatch,B_iforest_raw,0.00421,0.6839939363912013,0.9571428571428572,0.8553191489361702,0.9033707865168539,0.5,0.8130489335006273,340.0,-1.0360066311920029,-2.0,2.0
realAWSCloudwatch/elb_request_count_8c0756.csv,realAWSCloudwatch,B_iforest_raw,0.005029,0.6830988976942262,0.9436619718309859,0.8553191489361702,0.8973214285714285,0.5,0.9937264742785445,340.0,-1.256006631192003,-2.0,2.0
realAWSCloudwatch/elb_request_count_8c0756.csv,realAWSCloudwatch,B_iforest_raw,0.006006,0.6820793941432549,0.9348837209302325,0.8553191489361702,0.8933333333333333,0.5,1.1744040150564616,340.0,-1.4760066311920033,-2.0,2.0
realAWSCloudwatch/elb_request_count_8c0756.csv,realAWSCloudwatch,B_iforest_raw,0.007173,0.6803337781646238,0.9220183486238532,0.8553191489361702,0.8874172185430463,0.5,1.4454203262233374,340.0,-1.8037255729266062,-2.0,2.0
realAWSCloudwatch/elb_request_count_8c0756.csv,realAWSCloudwatch,B_iforest_raw,0.008566,0.6786356929598546,0.9013452914798207,0.8553191489361702,0.8777292576419213,0.5,1.8067754077791718,340.0,-2.243124541558744,-2.0,2.0
realAWSCloudwatch/elb_request_count_8c0756.csv,realAWSCloudwatch,B_iforest_raw,0.010231,0.6772174495149276,0.8854625550660793,0.8553191489361702,0.8701298701298702,0.5,2.0777917189460475,340.0,-2.573124541558744,-2.0,2.0
realAWSCloudwatch/elb_request_count_8c0756.csv,realAWSCloudwatch,B_iforest_raw,0.012218,0.6759460956829016,0.8663793103448276,0.8553191489361702,0.860813704496788,0.5,2.5294855708908406,340.0,-3.1231245415587434,-2.0,2.0
realAWSCloudwatch/elb_request_count_8c0756.csv,realAWSCloudwatch,B_iforest_raw,0.014592,0.6748037224027646,0.8445378151260504,0.8553191489361702,0.8498942917547567,0.5,3.071518193224592,340.0,-3.7831245415587427,-2.0,2.0
realAWSCloudwatch/elb_request_count_8c0756.csv,realAWSCloudwatch,B_iforest_raw,0.017428,0.6731785406652983,0.8204081632653061,0.8553191489361702,0.8375,0.5,3.7038895859473024,340.0,-4.553124541558742,-2.0,2.0
realAWSCloudwatch/elb_request_count_8c0756.csv,realAWSCloudwatch,B_iforest_raw,0.020814,0.6621323284454679,0.78515625,0.8553191489361702,0.8187372708757638,0.5,4.607277289836889,340.0,-5.6368172472168,-2.0,2.0
realAWSCloudwatch/elb_request_count_8c0756.csv,realAWSCloudwatch,B_iforest_raw,0.024858,0.6522089816433532,0.7472118959107806,0.8553191489361702,0.7976190476190476,0.5,5.510664993726474,340.0,-6.729756277348354,-2.0,2.0
realAWSCloudwatch/elb_request_count_8c0756.csv,realAWSCloudwatch,B_iforest_raw,0.029688,0.6328152643778936,0.746031746031746,1.0,0.8545454545454546,1.0,5.962358845671267,202.5,-5.354562214385286,-2.0,2.0
realAWSCloudwatch/elb_request_count_8c0756.csv,realAWSCloudwatch,B_iforest_raw,0.035456,0.6118955502064539,0.7078313253012049,1.0,0.8289241622574957,1.0,7.498117942283563,162.5,-7.095122752937437,-2.0,2.0
realAWSCloudwatch/elb_request_count_8c0756.csv,realAWSCloudwatch,B_iforest_raw,0.042345,0.6070217879837869,0.6714285714285714,1.0,0.8034188034188035,1.0,8.762860727728983,162.5,-8.634592174293852,-2.0,2.0
realAWSCloudwatch/elb_request_count_8c0756.csv,realAWSCloudwatch,B_iforest_raw,0.050573,0.601591228164492,0.6283422459893048,1.0,0.7717569786535303,1.0,10.569636135508155,162.5,-10.756919460201917,-2.0,2.0
realAWSCloudwatch/elb_request_count_8c0756.csv,realAWSCloudwatch,B_iforest_raw,0.060399,0.587032530466928,0.5845771144278606,1.0,0.7378335949764521,1.0,12.015056461731493,75.0,-12.428243334016736,-2.0,2.0
realAWSCloudwatch/elb_request_count_8c0756.csv,realAWSCloudwatch,B_iforest_raw,0.072135,0.567894424883575,0.5377574370709383,1.0,0.699404761904762,1.0,13.731493099121707,75.0,-14.507704429070476,-2.0,2.0
realAWSCloudwatch/elb_request_count_8c0756.csv,realAWSCloudwatch,B_iforest_raw,0.086151,0.5613534623891296,0.49266247379454925,1.0,0.6601123595505618,1.0,15.44792973651192,75.0,-16.484195192854617,-2.0,2.0
realAWSCloudwatch/elb_request_count_8c0756.csv,realAWSCloudwatch,B_iforest_raw,0.10289,0.5553206537369846,0.44761904761904764,1.0,0.618421052631579,1.0,17.25470514429109,50.0,-18.54321612840266,-2.0,2.0
realAWSCloudwatch/elb_request_count_8c0756.csv,realAWSCloudwatch,B_iforest_raw,0.122881,0.5447818510502732,0.4023972602739726,1.0,0.5738705738705738,1.0,19.24215809284818,50.0,-20.965291071949377,-2.0,2.0
realAWSCloudwatch/elb_request_count_8c0756.csv,realAWSCloudwatch,B_iforest_raw,0.146757,0.5233357481992348,0.35932721712538224,1.0,0.5286839145106861,1.0,21.319949811794228,50.0,-23.433305022979454,-2.0,2.0
realAWSCloudwatch/elb_request_count_8c0756.csv,realAWSCloudwatch,B_iforest_raw,0.175272,0.5024733751433793,0.31842818428184283,1.0,0.4830421377183967,1.0,23.307402760351316,50.0,-25.762645702831882,-2.0,2.0
realAWSCloudwatch/elb_request_count_8c0756.csv,realAWSCloudwatch,B_iforest_raw,0.209328,0.48383874990773923,0.2794292508917955,1.0,0.4368029739776952,1.0,24.933500627352572,50.0,-27.724074911687808,-2.0,2.0
realAWSCloudwatch/elb_request_count_8c0756.csv,realAWSCloudwatch,B_iforest_raw,0.25,0.47955663705571244,0.2442827442827443,1.0,0.3926482873851295,1.0,25.927227101631118,50.0,-28.963546117947566,-2.0,2.0
realAWSCloudwatch/elb_request_count_8c0756.csv,realAWSCloudwatch,C_iforest_contextual,0.0005,0.7123585491946439,0.0,0.0,0.0,0.0,0.09033877038895859,,-2.11,-2.0,2.0
realAWSCloudwatch/elb_request_count_8c0756.csv,realAWSCloudwatch,C_iforest_contextual,0.000597,0.7121485330628029,0.0,0.0,0.0,0.0,0.09033877038895859,,-2.11,-2.0,2.0
realAWSCloudwatch/elb_request_count_8c0756.csv,realAWSCloudwatch,C_iforest_contextual,0.000713,0.7119497196339459,0.995049504950495,0.8553191489361702,0.9199084668192219,0.5,0.09033877038895859,500.0,-0.24844919792440223,-2.0,2.0
realAWSCloudwatch/elb_request_count_8c0756.csv,realAWSCloudwatch,C_iforest_contextual,0.000852,0.7117351044087435,0.995049504950495,0.8553191489361702,0.9199084668192219,0.5,0.09033877038895859,500.0,-0.24844919792440223,-2.0,2.0
realAWSCloudwatch/elb_request_count_8c0756.csv,realAWSCloudwatch,C_iforest_contextual,0.001017,0.7105808460578763,0.9901477832512315,0.8553191489361702,0.9178082191780822,0.5,0.18067754077791717,500.0,-0.3584491979244022,-2.0,2.0
realAWSCloudwatch/elb_request_count_8c0756.csv,realAWSCloudwatch,C_iforest_contextual,0.001215,0.7078651213295256,0.9901477832512315,0.8553191489361702,0.9178082191780822,0.5,0.18067754077791717,500.0,-0.3584491979244022,-2.0,2.0
realAWSCloudwatch/elb_request_count_8c0756.csv,realAWSCloudwatch,C_iforest_contextual,0.001451,0.7022972585374093,0.9852941176470589,0.8553191489361702,0.9157175398633257,0.5,0.2710163111668758,500.0,-0.4684491979244022,-2.0,2.0
realAWSCloudwatch/elb_request_count_8c0756.csv,realAWSCloudwatch,C_iforest_contextual,0.001733,0.6972319345967914,0.9852941176470589,0.8553191489361702,0.9157175398633257,0.5,0.2710163111668758,340.0,-0.3879544126503688,-2.0,2.0
realAWSCloudwatch/elb_request_count_8c0756.csv,realAWSCloudwatch,C_iforest_contextual,0.00207,0.6875902559479636,0.9804878048780488,0.8553191489361702,0.9136363636363637,0.5,0.36135508155583435,340.0,-0.48933795363508065,-2.0,2.0
realAWSCloudwatch/elb_request_count_8c0756.csv,realAWSCloudwatch,C_iforest_contextual,0.002472,0.6786961355527664,0.9757281553398058,0.8553191489361702,0.9115646258503401,0.5,0.45169385194479295,340.0,-0.5988977406615579,-2.0,2.0
realAWSCloudwatch/elb_request_count_8c0756.csv,realAWSCloudwatch,C_iforest_contextual,0.002952,0.6752332507026247,0.9710144927536232,0.8553191489361702,0.9095022624434389,0.5,0.5420326223337516,340.0,-0.7088977406615579,-2.0,2.0
realAWSCloudwatch/elb_request_count_8c0756.csv,realAWSCloudwatch,C_iforest_contextual,0.003525,0.6696593676830159,0.9617224880382775,0.8553191489361702,0.9054054054054055,0.5,0.7227101631116687,340.0,-0.9288963473553044,-2.0,2.0
realAWSCloudwatch/elb_request_count_8c0756.csv,realAWSCloudwatch,C_iforest_contextual,0.00421,0.6661236676590887,0.9571428571428572,0.8553191489361702,0.9033707865168539,0.5,0.8130489335006273,340.0,-1.0388963473553043,-2.0,2.0
realAWSCloudwatch/elb_request_count_8c0756.csv,realAWSCloudwatch,C_iforest_contextual,0.005029,0.6611255766605957,0.9436619718309859,0.8553191489361702,0.8973214285714285,0.5,1.0840652446675032,340.0,-1.3688963473553046,-2.0,2.0
realAWSCloudwatch/elb_request_count_8c0756.csv,realAWSCloudwatch,C_iforest_contextual,0.006006,0.6541749829662825,0.9348837209302325,0.8553191489361702,0.8933333333333333,0.5,1.2647427854454203,340.0,-1.5888963473553048,-2.0,2.0
realAWSCloudwatch/elb_request_count_8c0756.csv,realAWSCloudwatch,C_iforest_contextual,0.007173,0.6473292643388464,0.9220183486238532,0.8553191489361702,0.8874172185430463,0.5,1.535759096612296,340.0,-1.9173773123514901,-2.0,2.0
realAWSCloudwatch/elb_request_count_8c0756.csv,realAWSCloudwatch,C_iforest_contextual,0.008566,0.6415942339441133,0.9013452914798207,0.8553191489361702,0.8777292576419213,0.5,1.987452948557089,340.0,-2.443069107630609,-2.0,2.0
realAWSCloudwatch/elb_request_count_8c0756.csv,realAWSCloudwatch,C_iforest_contextual,0.010231,0.6336315067312135,0.8854625550660793,0.8553191489361702,0.8701298701298702,0.5,2.3488080301129233,260.0,-2.819187918583035,-2.0,2.0
realAWSCloudwatch/elb_request_count_8c0756.csv,realAWSCloudwatch,C_iforest_contextual,0.012218,0.6274609323235182,0.8626609442060086,0.8553191489361702,0.858974358974359,0.5,2.8908406524466748,260.0,-3.479187918583034,-2.0,2.0
realAWSCloudwatch/elb_request_count_8c0756.csv,realAWSCloudwatch,C_iforest_contextual,0.014592,0.6138608650633279,0.8340248962655602,0.8553191489361702,0.8445378151260503,0.5,3.523212045169385,260.0,-4.249187918583034,-2.0,2.0
realAWSCloudwatch/elb_request_count_8c0756.csv,realAWSCloudwatch,C_iforest_contextual,0.017428,0.6067146890340053,0.804,0.8553191489361702,0.8288659793814432,0.5,4.245922208281054,260.0,-5.127347073291158,-2.0,2.0
realAWSCloudwatch/elb_request_count_8c0756.csv,realAWSCloudwatch,C_iforest_contextual,0.020814,0.6015621375197875,0.7701149425287356,0.8553191489361702,0.8104838709677419,0.5,5.239648682559598,260.0,-6.321039778949215,-2.0,2.0
realAWSCloudwatch/elb_request_count_8c0756.csv,realAWSCloudwatch,C_iforest_contextual,0.024858,0.5952155841377554,0.7416974169741697,0.8553191489361702,0.7944664031620554,0.5,6.143036386449184,260.0,-7.421021470544881,-2.0,2.0
realAWSCloudwatch/elb_request_count_8c0756.csv,realAWSCloudwatch,C_iforest_contextual,0.029688,0.587644894436259,0.7102473498233216,0.8553191489361702,0.7760617760617761,0.5,6.956085319949811,260.0,-8.410490891901294,-2.0,2.0
realAWSCloudwatch/elb_request_count_8c0756.csv,realAWSCloudwatch,C_iforest_contextual,0.035456,0.580497939474529,0.6677740863787376,0.8553191489361702,0.7500000000000001,0.5,8.31116687578419,260.0,-9.958026755863669,-2.0,2.0
realAWSCloudwatch/elb_request_count_8c0756.csv,realAWSCloudwatch,C_iforest_contextual,0.042345,0.5722983099124381,0.6601123595505618,1.0,0.7952622673434856,1.0,9.756587202007529,190.0,-10.008890318592854,-2.0,2.0
realAWSCloudwatch/elb_request_count_8c0756.csv,realAWSCloudwatch,C_iforest_contextual,0.050573,0.5656821342511218,0.623342175066313,1.0,0.7679738562091503,1.0,11.563362609786699,50.0,-11.833156779533368,-2.0,2.0
realAWSCloudwatch/elb_request_count_8c0756.csv,realAWSCloudwatch,C_iforest_contextual,0.060399,0.5553338251169951,0.5788177339901478,1.0,0.733229329173167,1.0,13.370138017565871,50.0,-13.964951165381432,-2.0,2.0
realAWSCloudwatch/elb_request_count_8c0756.csv,realAWSCloudwatch,C_iforest_contextual,0.072135,0.5423025238235759,0.5377574370709383,1.0,0.699404761904762,1.0,15.176913425345044,50.0,-16.06794241746068,-2.0,2.0
realAWSCloudwatch/elb_request_count_8c0756.csv,realAWSCloudwatch,C_iforest_contextual,0.086151,0.5312949317714563,0.49369747899159666,1.0,0.6610407876230662,1.0,17.43538268506901,50.0,-18.787385825480076,-2.0,2.0
realAWSCloudwatch/elb_request_count_8c0756.csv,realAWSCloudwatch,C_iforest_contextual,0.10289,0.5214807031971798,0.4510556621880998,1.0,0.6216931216931217,1.0,19.33249686323714,42.5,-21.040922275163133,-2.0,2.0
realAWSCloudwatch/elb_request_count_8c0756.csv,realAWSCloudwatch,C_iforest_contextual,0.122881,0.5109455082209791,0.4072790294627383,1.0,0.5788177339901478,1.0,21.500627352572145,42.5,-23.665453937755675,-2.0,2.0
realAWSCloudwatch/elb_request_count_8c0756.csv,realAWSCloudwatch,C_iforest_contextual,0.146757,0.5033218641079746,0.36321483771251933,1.0,0.5328798185941044,1.0,23.488080301129234,42.5,-25.987598489043258,-2.0,2.0
realAWSCloudwatch/elb_request_count_8c0756.csv,realAWSCloudwatch,C_iforest_contextual,0.175272,0.49490708960982743,0.32103825136612024,1.0,0.4860392967942089,1.0,24.030112923462987,42.5,-26.564242499305895,-2.0,2.0
realAWSCloudwatch/elb_request_count_8c0756.csv,realAWSCloudwatch,C_iforest_contextual,0.209328,0.48620381801984247,0.28381642512077293,1.0,0.44214487300094074,1.0,26.017565872020075,17.5,-28.98293358497908,-2.0,2.0
realAWSCloudwatch/elb_request_count_8c0756.csv,realAWSCloudwatch,C_iforest_contextual,0.25,0.4790691984105175,0.2481520591341077,1.0,0.3976311336717428,1.0,26.740276035131743,17.5,-29.93269797930329,-2.0,2.0
realAWSCloudwatch/grok_asg_anomaly.csv,realAWSCloudwatch,A_rolling_zscore,0.0005,50.0,0.0,0.0,0.0,0.0,0.07688200747463961,,-3.11,-3.0,3.0
realAWSCloudwatch/grok_asg_anomaly.csv,realAWSCloudwatch,A_rolling_zscore,0.000597,50.0,0.0,0.0,0.0,0.0,0.07688200747463961,,-3.11,-3.0,3.0
realAWSCloudwatch/grok_asg_anomaly.csv,realAWSCloudwatch,A_rolling_zscore,0.000713,50.0,0.0,0.0,0.0,0.0,0.15376401494927922,,-3.2199999999999998,-3.0,3.0
realAWSCloudwatch/grok_asg_anomaly.csv,realAWSCloudwatch,A_rolling_zscore,0.000852,50.0,0.0,0.0,0.0,0.0,0.15376401494927922,,-3.2199999999999998,-3.0,3.0
realAWSCloudwatch/grok_asg_anomaly.csv,realAWSCloudwatch,A_rolling_zscore,0.001017,50.0,0.0,0.0,0.0,0.0,0.23064602242391885,,-3.3299999999999996,-3.0,3.0
realAWSCloudwatch/grok_asg_anomaly.csv,realAWSCloudwatch,A_rolling_zscore,0.001215,50.0,0.0,0.0,0.0,0.0,0.30752802989855843,,-3.4399999999999995,-3.0,3.0
realAWSCloudwatch/grok_asg_anomaly.csv,realAWSCloudwatch,A_rolling_zscore,0.001451,50.0,0.0,0.0,0.0,0.0,0.30752802989855843,,-3.4399999999999995,-3.0,3.0
realAWSCloudwatch/grok_asg_anomaly.csv,realAWSCloudwatch,A_rolling_zscore,0.001733,50.0,0.0,0.0,0.0,0.0,0.38441003737319807,,-3.5499999999999994,-3.0,3.0
realAWSCloudwatch/grok_asg_anomaly.csv,realAWSCloudwatch,A_rolling_zscore,0.00207,50.0,0.0,0.0,0.0,0.0,0.4612920448478377,,-3.6599999999999993,-3.0,3.0
realAWSCloudwatch/grok_asg_anomaly.csv,realAWSCloudwatch,A_rolling_zscore,0.002472,50.0,0.0,0.0,0.0,0.0,0.6150560597971169,,-3.879999999999999,-3.0,3.0
realAWSCloudwatch/grok_asg_anomaly.csv,realAWSCloudwatch,A_rolling_zscore,0.002952,50.0,0.937007874015748,0.2773892773892774,0.42805755395683454,0.3333333333333333,0.6150560597971169,120.0,-1.9031952606640898,-3.0,3.0
realAWSCloudwatch/grok_asg_anomaly.csv,realAWSCloudwatch,A_rolling_zscore,0.003525,50.0,0.9296875,0.2773892773892774,0.4272890484739677,0.3333333333333333,0.6919380672717566,120.0,-1.96500333211905,-3.0,3.0
realAWSCloudwatch/grok_asg_anomaly.csv,realAWSCloudwatch,A_rolling_zscore,0.00421,43.80114599678633,0.9153846153846154,0.2773892773892774,0.4257602862254025,0.3333333333333333,0.8457020822210357,120.0,-2.1771902674740757,-3.0,3.0
realAWSCloudwatch/grok_asg_anomaly.csv,realAWSCloudwatch,A_rolling_zscore,0.005029,40.77549031142729,0.8947368421052632,0.2773892773892774,0.4234875444839858,0.3333333333333333,1.0763481046449546,120.0,-2.50657552282651,-3.0,3.0
realAWSCloudwatch/grok_asg_anomaly.csv,realAWSCloudwatch,A_rolling_zscore,0.006006,35.61344691779278,0.875,0.2773892773892774,0.4212389380530973,0.3333333333333333,1.3069941270688734,120.0,-2.836336093085376,-3.0,3.0
realAWSCloudwatch/grok_asg_anomaly.csv,realAWSCloudwatch,A_rolling_zscore,0.007173,29.236422105720145,0.85,0.2773892773892774,0.4182776801405976,0.3333333333333333,1.614522156967432,120.0,-3.2746594843916736,-3.0,3.0
realAWSCloudwatch/grok_asg_anomaly.csv,realAWSCloudwatch,A_rolling_zscore,0.008566,25.954606377869737,0.9194630872483222,0.6386946386946387,0.7537826685006879,0.6666666666666666,1.8451681793913508,192.5,-1.6526564485313664,-3.0,3.0
realAWSCloudwatch/grok_asg_anomaly.csv,realAWSCloudwatch,A_rolling_zscore,0.010231,19.155846856404846,0.9072847682119205,0.6386946386946387,0.7496580027359782,0.6666666666666666,2.152696209289909,97.5,-2.006012549374949,-3.0,3.0
realAWSCloudwatch/grok_asg_anomaly.csv,realAWSCloudwatch,A_rolling_zscore,0.012218,13.178828593849202,0.8954248366013072,0.6386946386946387,0.7455782312925171,0.6666666666666666,2.4602242391884674,97.5,-2.3780313684774006,-3.0,3.0
realAWSCloudwatch/grok_asg_anomaly.csv,realAWSCloudwatch,A_rolling_zscore,0.014592,9.924966573820887,0.8726114649681529,0.6386946386946387,0.7375504710632571,0.6666666666666666,2.921516284036305,97.5,-2.9953888736002807,-3.0,3.0
realAWSCloudwatch/grok_asg_anomaly.csv,realAWSCloudwatch,A_rolling_zscore,0.017428,6.992375832385793,0.848297213622291,0.6386946386946387,0.7287234042553192,0.6666666666666666,3.382808328884143,97.5,-3.6551158056755537,-3.0,3.0
realAWSCloudwatch/grok_asg_anomaly.csv,realAWSCloudwatch,A_rolling_zscore,0.020814,4.932828011838977,0.8809034907597536,1.0,0.9366812227074235,1.0,3.99786438868126,193.33333333333334,-2.6730456670195015,-3.0,3.0
realAWSCloudwatch/grok_asg_anomaly.csv,realAWSCloudwatch,A_rolling_zscore,0.024858,4.3203941436202,0.858,1.0,0.9235737351991388,1.0,4.843566470902296,193.33333333333334,-3.8830456670195024,-3.0,3.0
realAWSCloudwatch/grok_asg_anomaly.csv,realAWSCloudwatch,A_rolling_zscore,0.029688,3.7604665736493184,0.8330097087378641,1.0,0.9088983050847458,1.0,5.84303256807261,193.33333333333334,-5.29908851166646,-3.0,3.0
realAWSCloudwatch/grok_asg_anomaly.csv,realAWSCloudwatch,A_rolling_zscore,0.035456,3.4756004683604416,0.8033707865168539,1.0,0.8909657320872273,1.0,6.765616657768286,193.33333333333334,-6.619088511666461,-3.0,3.0
realAWSCloudwatch/grok_asg_anomaly.csv,realAWSCloudwatch,A_rolling_zscore,0.042345,3.260052719797784,0.7743682310469314,1.0,0.8728382502543236,1.0,7.765082754938601,166.66666666666666,-8.031262970982157,-3.0,3.0
realAWSCloudwatch/grok_asg_anomaly.csv,realAWSCloudwatch,A_rolling_zscore,0.050573,3.038113533297473,0.7409326424870466,1.0,0.8511904761904762,1.0,9.072076882007474,166.66666666666666,-9.846709155928833,-3.0,3.0
realAWSCloudwatch/grok_asg_anomaly.csv,realAWSCloudwatch,A_rolling_zscore,0.060399,2.775379909209934,0.7055921052631579,1.0,0.8273866923818707,1.0,10.609717031500267,111.66666666666667,-11.865440053434929,-3.0,3.0
realAWSCloudwatch/grok_asg_anomaly.csv,realAWSCloudwatch,A_rolling_zscore,0.072135,2.4453259078398335,0.6671850699844479,1.0,0.8003731343283582,1.0,11.91671115856914,98.33333333333333,-13.550081398888292,-3.0,3.0
realAWSCloudwatch/grok_asg_anomaly.csv,realAWSCloudwatch,A_rolling_zscore,0.086151,2.2922777238908933,0.6281112737920937,1.0,0.7715827338129497,1.0,13.223705285638014,96.66666666666667,-15.372383292160508,-3.0,3.0
realAWSCloudwatch/grok_asg_anomaly.csv,realAWSCloudwatch,A_rolling_zscore,0.10289,2.193118396545837,0.5900962861072903,1.0,0.7422145328719724,1.0,14.607581420181527,33.333333333333336,-17.158126477312297,-3.0,3.0
realAWSCloudwatch/grok_asg_anomaly.csv,realAWSCloudwatch,A_rolling_zscore,0.122881,1.9919656174108435,0.5464968152866242,1.0,0.7067545304777594,1.0,16.298985584623598,28.333333333333332,-19.47546240740638,-3.0,3.0
realAWSCloudwatch/grok_asg_anomaly.csv,realAWSCloudwatch,A_rolling_zscore,0.146757,1.7891645601872657,0.49941792782305006,1.0,0.6661490683229813,1.0,17.605979711692473,28.333333333333332,-21.25698266872921,-3.0,3.0
realAWSCloudwatch/grok_asg_anomaly.csv,realAWSCloudwatch,A_rolling_zscore,0.175272,1.6138146220041427,0.4578441835645678,1.0,0.6281112737920937,1.0,19.297383876134543,20.0,-23.553295836690122,-3.0,3.0
realAWSCloudwatch/grok_asg_anomaly.csv,realAWSCloudwatch,A_rolling_zscore,0.209328,1.4577361172420928,0.41935483870967744,1.0,0.5909090909090909,1.0,20.527495995728778,20.0,-25.267230107021838,-3.0,3.0
realAWSCloudwatch/grok_asg_anomaly.csv,realAWSCloudwatch,A_rolling_zscore,0.25,1.3090725222660224,0.37964601769911505,1.0,0.5503527902501604,1.0,20.758142018152697,15.0,-25.46021572079953,-3.0,3.0
realAWSCloudwatch/grok_asg_anomaly.csv,realAWSCloudwatch,B_iforest_raw,0.0005,0.8086022793195793,0.0,0.0,0.0,0.0,0.07688200747463961,,-3.11,-3.0,3.0
realAWSCloudwatch/grok_asg_anomaly.csv,realAWSCloudwatch,B_iforest_raw,0.000597,0.8086022793195793,0.0,0.0,0.0,0.0,0.07688200747463961,,-3.11,-3.0,3.0
realAWSCloudwatch/grok_asg_anomaly.csv,realAWSCloudwatch,B_iforest_raw,0.000713,0.8086022793195793,0.0,0.0,0.0,0.0,0.15376401494927922,,-3.2199999999999998,-3.0,3.0
realAWSCloudwatch/grok_asg_anomaly.csv,realAWSCloudwatch,B_iforest_raw,0.000852,0.8086022793195793,0.0,0.0,0.0,0.0,0.15376401494927922,,-3.2199999999999998,-3.0,3.0
realAWSCloudwatch/grok_asg_anomaly.csv,realAWSCloudwatch,B_iforest_raw,0.001017,0.8086022793195793,0.0,0.0,0.0,0.0,0.23064602242391885,,-3.3299999999999996,-3.0,3.0
realAWSCloudwatch/grok_asg_anomaly.csv,realAWSCloudwatch,B_iforest_raw,0.001215,0.8086022793195793,0.9810126582278481,0.3613053613053613,0.5281090289608177,0.3333333333333333,0.23064602242391885,385.0,-1.4679309642934781,-3.0,3.0
realAWSCloudwatch/grok_asg_anomaly.csv,realAWSCloudwatch,B_iforest_raw,0.001451,0.8086022793195793,0.9810126582278481,0.3613053613053613,0.5281090289608177,0.3333333333333333,0.23064602242391885,385.0,-1.4679309642934781,-3.0,3.0
realAWSCloudwatch/grok_asg_anomaly.csv,realAWSCloudwatch,B_iforest_raw,0.001733,0.8086022793195793,0.9748427672955975,0.3613053613053613,0.5272108843537414,0.3333333333333333,0.30752802989855843,385.0,-1.5640092352782602,-3.0,3.0
realAWSCloudwatch/grok_asg_anomaly.csv,realAWSCloudwatch,B_iforest_raw,0.00207,0.8086022793195793,0.96875,0.3613053613053613,0.5263157894736842,0.3333333333333333,0.38441003737319807,385.0,-1.6739738089404375,-3.0,3.0
realAWSCloudwatch/grok_asg_anomaly.csv,realAWSCloudwatch,B_iforest_raw,0.002472,0.8086022793195793,0.9567901234567902,0.3613053613053613,0.5245346869712353,0.3333333333333333,0.4612920448478377,385.0,-1.7839738089404376,-3.0,3.0
realAWSCloudwatch/grok_asg_anomaly.csv,realAWSCloudwatch,B_iforest_raw,0.002952,0.8086022793195793,0.950920245398773,0.3613053613053613,0.5236486486486486,0.3333333333333333,0.5381740523224773,385.0,-1.8939738089404377,-3.0,3.0
realAWSCloudwatch/grok_asg_anomaly.csv,realAWSCloudwatch,B_iforest_raw,0.003525,0.8086022793195793,0.9393939393939394,0.3613053613053613,0.5218855218855218,0.3333333333333333,0.6919380672717566,385.0,-2.1139738089404374,-3.0,3.0
realAWSCloudwatch/grok_asg_anomaly.csv,realAWSCloudwatch,B_iforest_raw,0.00421,0.8086022793195793,0.9281437125748503,0.3613053613053613,0.5201342281879194,0.3333333333333333,0.7688200747463961,385.0,-2.2239738089404373,-3.0,3.0
realAWSCloudwatch/grok_asg_anomaly.csv,realAWSCloudwatch,B_iforest_raw,0.005029,0.8086022793195793,0.9117647058823529,0.3613053613053613,0.5175292153589315,0.3333333333333333,0.999466097170315,385.0,-2.553973808940437,-3.0,3.0
realAWSCloudwatch/grok_asg_anomaly.csv,realAWSCloudwatch,B_iforest_raw,0.006006,0.8086022793195793,0.8959537572254336,0.3613053613053613,0.5149501661129569,0.3333333333333333,1.2301121195942337,385.0,-2.8839738089404365,-3.0,3.0
realAWSCloudwatch/grok_asg_anomaly.csv,realAWSCloudwatch,B_iforest_raw,0.007173,0.8086022793195793,0.8757062146892656,0.3613053613053613,0.5115511551155114,0.3333333333333333,1.5376401494927923,385.0,-3.323973808940436,-3.0,3.0
realAWSCloudwatch/grok_asg_anomaly.csv,realAWSCloudwatch,B_iforest_raw,0.008566,0.8086022793195793,0.8516483516483516,0.3613053613053613,0.5073649754500819,0.3333333333333333,1.8451681793913508,385.0,-3.7639738089404355,-3.0,3.0
realAWSCloudwatch/grok_asg_anomaly.csv,realAWSCloudwatch,B_iforest_raw,0.010231,0.8020637875231109,0.9072847682119205,0.6386946386946387,0.7496580027359782,0.6666666666666666,1.8451681793913508,252.5,-1.787169069604527,-3.0,3.0
realAWSCloudwatch/grok_asg_anomaly.csv,realAWSCloudwatch,B_iforest_raw,0.012218,0.785582505542572,0.8867313915857605,0.6386946386946387,0.7425474254742548,0.6666666666666666,2.229578216764549,252.5,-2.337169069604527,-3.0,3.0
realAWSCloudwatch/grok_asg_anomaly.csv,realAWSCloudwatch,B_iforest_raw,0.014592,0.7711492504300498,0.8670886075949367,0.6386946386946387,0.7355704697986577,0.6666666666666666,2.613988254137747,202.5,-2.7671177402916407,-3.0,3.0
realAWSCloudwatch/grok_asg_anomaly.csv,realAWSCloudwatch,B_iforest_raw,0.017428,0.7611831627958915,0.845679012345679,0.6386946386946387,0.7277556440903055,0.6666666666666666,2.921516284036305,200.0,-3.2064631385120967,-3.0,3.0
realAWSCloudwatch/grok_asg_anomaly.csv,realAWSCloudwatch,B_iforest_raw,0.020814,0.7537300534021149,0.817910447761194,0.6386946386946387,0.7172774869109947,0.6666666666666666,3.152162306460224,200.0,-3.5364631385120964,-3.0,3.0
realAWSCloudwatch/grok_asg_anomaly.csv,realAWSCloudwatch,B_iforest_raw,0.024858,0.751623740775185,0.7896253602305475,0.6386946386946387,0.7061855670103093,0.6666666666666666,3.6903363587827016,200.0,-4.304557781553798,-3.0,3.0
realAWSCloudwatch/grok_asg_anomaly.csv,realAWSCloudwatch,B_iforest_raw,0.029688,0.7457907314711827,0.7548209366391184,0.6386946386946387,0.6919191919191919,0.6666666666666666,4.228510411105179,200.0,-5.036846934165937,-3.0,3.0
realAWSCloudwatch/grok_asg_anomaly.csv,realAWSCloudwatch,B_iforest_raw,0.035456,0.7418715146344526,0.8018691588785046,1.0,0.8900414937759337,1.0,4.920448478376935,171.66666666666666,-3.9337494876781958,-3.0,3.0
realAWSCloudwatch/grok_asg_anomaly.csv,realAWSCloudwatch,B_iforest_raw,0.042345,0.7310602042428691,0.778584392014519,1.0,0.8755102040816326,1.0,5.535504538174052,91.66666666666667,-4.681591456155184,-3.0,3.0
realAWSCloudwatch/grok_asg_anomaly.csv,realAWSCloudwatch,B_iforest_raw,0.050573,0.7305657462038183,0.7460869565217392,1.0,0.8545816733067729,1.0,6.688734650293647,91.66666666666667,-6.28131104967413,-3.0,3.0
realAWSCloudwatch/grok_asg_anomaly.csv,realAWSCloudwatch,B_iforest_raw,0.060399,0.7303186426098316,0.7102649006622517,1.0,0.8305905130687319,1.0,8.149492792311799,90.0,-8.441873979870422,-3.0,3.0
realAWSCloudwatch/grok_asg_anomaly.csv,realAWSCloudwatch,B_iforest_raw,0.072135,0.7293310637444079,0.6692667706708268,1.0,0.8018691588785047,1.0,9.91777896422851,90.0,-10.965402353401425,-3.0,3.0
realAWSCloudwatch/grok_asg_anomaly.csv,realAWSCloudwatch,B_iforest_raw,0.086151,0.7290843777644069,0.6308823529411764,1.0,0.7736699729486023,1.0,11.532301121195943,71.66666666666667,-13.11887383894524,-3.0,3.0
realAWSCloudwatch/grok_asg_anomaly.csv,realAWSCloudwatch,B_iforest_raw,0.10289,0.7192850578980833,0.5933609958506224,1.0,0.7447916666666666,1.0,13.300587293112653,46.666666666666664,-15.428576422633862,-3.0,3.0
realAWSCloudwatch/grok_asg_anomaly.csv,realAWSCloudwatch,B_iforest_raw,0.122881,0.7185554405573242,0.5471938775510204,1.0,0.7073371805441057,1.0,13.454351308061932,46.666666666666664,-15.64857642263386,-3.0,3.0
realAWSCloudwatch/grok_asg_anomaly.csv,realAWSCloudwatch,B_iforest_raw,0.146757,0.7185554405573242,0.5095011876484561,1.0,0.6750590086546027,1.0,15.376401494927922,45.0,-17.7827715879492,-3.0,3.0
realAWSCloudwatch/grok_asg_anomaly.csv,realAWSCloudwatch,B_iforest_raw,0.175272,0.7185554405573242,0.4583333333333333,1.0,0.6285714285714286,1.0,15.607047517351841,45.0,-18.112771497810865,-3.0,3.0
realAWSCloudwatch/grok_asg_anomaly.csv,realAWSCloudwatch,B_iforest_raw,0.209328,0.7115405175005436,0.4173151750972763,1.0,0.5888812628689087,1.0,15.453283502402563,45.0,-17.773835026348177,-3.0,3.0
realAWSCloudwatch/grok_asg_anomaly.csv,realAWSCloudwatch,B_iforest_raw,0.25,0.7115405175005436,0.3753280839895013,1.0,0.5458015267175572,1.0,15.683929524826482,45.0,-18.088292280217853,-3.0,3.0
realAWSCloudwatch/grok_asg_anomaly.csv,realAWSCloudwatch,C_iforest_contextual,0.0005,0.7832873436820149,1.0,0.2773892773892774,0.43430656934306566,0.3333333333333333,0.0,120.0,-1.023195260664089,-3.0,3.0
realAWSCloudwatch/grok_asg_anomaly.csv,realAWSCloudwatch,C_iforest_contextual,0.000597,0.782528319231475,1.0,0.2773892773892774,0.43430656934306566,0.3333333333333333,0.0,120.0,-1.023195260664089,-3.0,3.0
realAWSCloudwatch/grok_asg_anomaly.csv,realAWSCloudwatch,C_iforest_contextual,0.000713,0.781988724892062,0.9916666666666667,0.2773892773892774,0.4335154826958105,0.3333333333333333,0.07688200747463961,120.0,-1.1331952606640892,-3.0,3.0
realAWSCloudwatch/grok_asg_anomaly.csv,realAWSCloudwatch,C_iforest_contextual,0.000852,0.7813778773822332,0.9916666666666667,0.2773892773892774,0.4335154826958105,0.3333333333333333,0.07688200747463961,120.0,-1.1331952606640892,-3.0,3.0
realAWSCloudwatch/grok_asg_anomaly.csv,realAWSCloudwatch,C_iforest_contextual,0.001017,0.7797519477485586,0.9834710743801653,0.2773892773892774,0.4327272727272727,0.3333333333333333,0.15376401494927922,120.0,-1.2431952606640893,-3.0,3.0
realAWSCloudwatch/grok_asg_anomaly.csv,realAWSCloudwatch,C_iforest_contextual,0.001215,0.7771804474025661,0.9754098360655737,0.2773892773892774,0.4319419237749546,0.3333333333333333,0.23064602242391885,120.0,-1.3531952606640893,-3.0,3.0
realAWSCloudwatch/grok_asg_anomaly.csv,realAWSCloudwatch,C_iforest_contextual,0.001451,0.7704688410392347,0.9754098360655737,0.2773892773892774,0.4319419237749546,0.3333333333333333,0.23064602242391885,120.0,-1.3531952606640893,-3.0,3.0
realAWSCloudwatch/grok_asg_anomaly.csv,realAWSCloudwatch,C_iforest_contextual,0.001733,0.7665144169922508,0.967479674796748,0.2773892773892774,0.43115942028985504,0.3333333333333333,0.30752802989855843,120.0,-1.4631952606640894,-3.0,3.0
realAWSCloudwatch/grok_asg_anomaly.csv,realAWSCloudwatch,C_iforest_contextual,0.00207,0.7592606271120339,0.967479674796748,0.2773892773892774,0.43115942028985504,0.3333333333333333,0.30752802989855843,120.0,-1.4631952606640894,-3.0,3.0
realAWSCloudwatch/grok_asg_anomaly.csv,realAWSCloudwatch,C_iforest_contextual,0.002472,0.7565102264830791,0.982078853046595,0.6386946386946387,0.7740112994350282,0.6666666666666666,0.38441003737319807,252.5,0.28887377504243306,-3.0,3.0
realAWSCloudwatch/grok_asg_anomaly.csv,realAWSCloudwatch,C_iforest_contextual,0.002952,0.7556845667869798,0.9785714285714285,0.6386946386946387,0.7729196050775741,0.6666666666666666,0.4612920448478377,252.5,0.17890920138025568,-3.0,3.0
realAWSCloudwatch/grok_asg_anomaly.csv,realAWSCloudwatch,C_iforest_contextual,0.003525,0.7549501753124318,0.9716312056737588,0.6386946386946387,0.7707454289732771,0.6666666666666666,0.6150560597971169,252.5,-0.04109079861974432,-3.0,3.0
realAWSCloudwatch/grok_asg_anomaly.csv,realAWSCloudwatch,C_iforest_contextual,0.00421,0.7536336328535412,0.9647887323943662,0.6386946386946387,0.7685834502103787,0.6666666666666666,0.7688200747463961,252.5,-0.2610907986197443,-3.0,3.0
realAWSCloudwatch/grok_asg_anomaly.csv,realAWSCloudwatch,C_iforest_contextual,0.005029,0.7513254150756596,0.9547038327526133,0.6386946386946387,0.7653631284916201,0.6666666666666666,0.999466097170315,252.5,-0.5910907986197443,-3.0,3.0
realAWSCloudwatch/grok_asg_anomaly.csv,realAWSCloudwatch,C_iforest_contextual,0.006006,0.7471387371628787,0.9448275862068966,0.6386946386946387,0.7621696801112656,0.6666666666666666,1.2301121195942337,252.5,-0.9210907986197443,-3.0,3.0
realAWSCloudwatch/grok_asg_anomaly.csv,realAWSCloudwatch,C_iforest_contextual,0.007173,0.7463883677809344,0.9319727891156463,0.6386946386946387,0.7579529737206085,0.6666666666666666,1.5376401494927923,252.5,-1.3610907986197447,-3.0,3.0
realAWSCloudwatch/grok_asg_anomaly.csv,realAWSCloudwatch,C_iforest_contextual,0.008566,0.7446385651200836,0.9470198675496688,1.0,0.9727891156462585,1.0,1.8451681793913508,208.33333333333334,0.1833339424553126,-3.0,3.0
realAWSCloudwatch/grok_asg_anomaly.csv,realAWSCloudwatch,C_iforest_contextual,0.010231,0.7395393803779582,0.9366812227074236,1.0,0.9673055242390078,1.0,2.229578216764549,208.33333333333334,-0.359538845010975,-3.0,3.0
realAWSCloudwatch/grok_asg_anomaly.csv,realAWSCloudwatch,C_iforest_contextual,0.012218,0.7373834928176016,0.9245689655172413,1.0,0.9608062709966405,1.0,2.6908702616123863,208.33333333333334,-0.9062649369057889,-3.0,3.0
realAWSCloudwatch/grok_asg_anomaly.csv,realAWSCloudwatch,C_iforest_contextual,0.014592,0.7321715696081851,0.9088983050847458,1.0,0.9522752497225306,1.0,3.229044313934864,208.33333333333334,-1.6760999764991626,-3.0,3.0
realAWSCloudwatch/grok_asg_anomaly.csv,realAWSCloudwatch,C_iforest_contextual,0.017428,0.7278501211818574,0.8918918918918919,1.0,0.9428571428571428,1.0,3.8441003737319805,208.33333333333334,-2.554591767432876,-3.0,3.0
realAWSCloudwatch/grok_asg_anomaly.csv,realAWSCloudwatch,C_iforest_contextual,0.020814,0.7235270797214473,0.8719512195121951,1.0,0.9315960912052117,1.0,4.305392418579818,208.33333333333334,-3.1736961534476706,-3.0,3.0
realAWSCloudwatch/grok_asg_anomaly.csv,realAWSCloudwatch,C_iforest_contextual,0.024858,0.7165713857666048,0.8495049504950495,1.0,0.9186295503211992,1.0,4.843566470902296,173.33333333333334,-3.911090705682835,-3.0,3.0
realAWSCloudwatch/grok_asg_anomaly.csv,realAWSCloudwatch,C_iforest_contextual,0.029688,0.711956769610779,0.8265895953757225,1.0,0.9050632911392404,1.0,5.304858515750134,171.66666666666666,-4.5666186395692305,-3.0,3.0
realAWSCloudwatch/grok_asg_anomaly.csv,realAWSCloudwatch,C_iforest_contextual,0.035456,0.7073099240299605,0.807909604519774,1.0,0.89375,1.0,5.766150560597971,171.66666666666666,-5.22661863956923,-3.0,3.0
realAWSCloudwatch/grok_asg_anomaly.csv,realAWSCloudwatch,C_iforest_contextual,0.042345,0.7045427125731125,0.7842778793418648,1.0,0.8790983606557378,1.0,6.458088627869728,170.0,-6.158552000296913,-3.0,3.0
realAWSCloudwatch/grok_asg_anomaly.csv,realAWSCloudwatch,C_iforest_contextual,0.050573,0.7008720532408659,0.7606382978723404,1.0,0.8640483383685801,1.0,7.303790710090763,170.0,-7.26882954425143,-3.0,3.0
realAWSCloudwatch/grok_asg_anomaly.csv,realAWSCloudwatch,C_iforest_contextual,0.060399,0.6980517179021754,0.7308347529812607,1.0,0.844488188976378,1.0,8.303256807261079,170.0,-8.502288567167097,-3.0,3.0
realAWSCloudwatch/grok_asg_anomaly.csv,realAWSCloudwatch,C_iforest_contextual,0.072135,0.6949487995957888,0.7021276595744681,1.0,0.825,1.0,9.225840896956754,170.0,-9.844143294442638,-3.0,3.0
realAWSCloudwatch/grok_asg_anomaly.csv,realAWSCloudwatch,C_iforest_contextual,0.086151,0.6906973726711739,0.6661490683229814,1.0,0.7996272134203168,1.0,10.686599038974906,111.66666666666667,-11.521978952978095,-3.0,3.0
realAWSCloudwatch/grok_asg_anomaly.csv,realAWSCloudwatch,C_iforest_contextual,0.10289,0.6866537869936814,0.6327433628318584,1.0,0.7750677506775068,1.0,11.68606513614522,40.0,-12.83355658669388,-3.0,3.0
realAWSCloudwatch/grok_asg_anomaly.csv,realAWSCloudwatch,C_iforest_contextual,0.122881,0.6806337915995532,0.5844686648501363,1.0,0.7377472055030094,1.0,13.531233315536571,40.0,-15.258699623516744,-3.0,3.0
realAWSCloudwatch/grok_asg_anomaly.csv,realAWSCloudwatch,C_iforest_contextual,0.146757,0.6732895274169456,0.5329192546583851,1.0,0.6952998379254457,1.0,15.453283502402563,30.0,-18.03938852982443,-3.0,3.0
realAWSCloudwatch/grok_asg_anomaly.csv,realAWSCloudwatch,C_iforest_contextual,0.175272,0.6639055366973854,0.48040313549832026,1.0,0.649016641452345,1.0,17.836625734116392,30.0,-21.261038849276115,-3.0,3.0
realAWSCloudwatch/grok_asg_anomaly.csv,realAWSCloudwatch,C_iforest_contextual,0.209328,0.6531921218602439,0.4294294294294294,1.0,0.6008403361344538,1.0,19.45114789108382,30.0,-23.599387507060957,-3.0,3.0
realAWSCloudwatch/grok_asg_anomaly.csv,realAWSCloudwatch,C_iforest_contextual,0.25,0.6422905684619593,0.3850987432675045,1.0,0.5560596241088788,1.0,19.45114789108382,30.0,-23.722614084866464,-3.0,3.0
realAWSCloudwatch/iio_us-east-1_i-a2eb1cd9_NetworkIn.csv,realAWSCloudwatch,A_rolling_zscore,0.0005,9.445999074198367,0.0,0.0,0.0,,0.0,,0.0,-0.0,0.0
realAWSCloudwatch/iio_us-east-1_i-a2eb1cd9_NetworkIn.csv,realAWSCloudwatch,A_rolling_zscore,0.000597,9.254105295387447,0.0,0.0,0.0,,0.0,,0.0,-0.0,0.0
realAWSCloudwatch/iio_us-east-1_i-a2eb1cd9_NetworkIn.csv,realAWSCloudwatch,A_rolling_zscore,0.000713,9.024624075366086,0.0,0.0,0.0,,0.0,,0.0,-0.0,0.0
realAWSCloudwatch/iio_us-east-1_i-a2eb1cd9_NetworkIn.csv,realAWSCloudwatch,A_rolling_zscore,0.000852,8.749642268616574,0.0,0.0,0.0,,0.0,,0.0,-0.0,0.0
realAWSCloudwatch/iio_us-east-1_i-a2eb1cd9_NetworkIn.csv,realAWSCloudwatch,A_rolling_zscore,0.001017,8.423225015999867,0.0,0.0,0.0,,0.0,,0.0,-0.0,0.0
realAWSCloudwatch/iio_us-east-1_i-a2eb1cd9_NetworkIn.csv,realAWSCloudwatch,A_rolling_zscore,0.001215,8.031524312860316,0.0,0.0,0.0,,0.0,,0.0,-0.0,0.0
realAWSCloudwatch/iio_us-east-1_i-a2eb1cd9_NetworkIn.csv,realAWSCloudwatch,A_rolling_zscore,0.001451,7.963594818853484,0.0,0.0,0.0,,0.35555555555555557,,-0.11,-0.0,0.0
realAWSCloudwatch/iio_us-east-1_i-a2eb1cd9_NetworkIn.csv,realAWSCloudwatch,A_rolling_zscore,0.001733,7.9255244954799196,0.0,0.0,0.0,,0.35555555555555557,,-0.11,-0.0,0.0
realAWSCloudwatch/iio_us-east-1_i-a2eb1cd9_NetworkIn.csv,realAWSCloudwatch,A_rolling_zscore,0.00207,7.880029109037051,0.0,0.0,0.0,,0.35555555555555557,,-0.11,-0.0,0.0
realAWSCloudwatch/iio_us-east-1_i-a2eb1cd9_NetworkIn.csv,realAWSCloudwatch,A_rolling_zscore,0.002472,7.824869442675228,0.0,0.0,0.0,,0.7111111111111111,,-0.22,-0.0,0.0
realAWSCloudwatch/iio_us-east-1_i-a2eb1cd9_NetworkIn.csv,realAWSCloudwatch,A_rolling_zscore,0.002952,7.6110503350535295,0.0,0.0,0.0,,0.7111111111111111,,-0.22,-0.0,0.0
realAWSCloudwatch/iio_us-east-1_i-a2eb1cd9_NetworkIn.csv,realAWSCloudwatch,A_rolling_zscore,0.003525,7.355803775330118,0.0,0.0,0.0,,0.7111111111111111,,-0.22,-0.0,0.0
realAWSCloudwatch/iio_us-east-1_i-a2eb1cd9_NetworkIn.csv,realAWSCloudwatch,A_rolling_zscore,0.00421,7.08528627441328,0.0,0.0,0.0,,1.0666666666666667,,-0.33,-0.0,0.0
realAWSCloudwatch/iio_us-east-1_i-a2eb1cd9_NetworkIn.csv,realAWSCloudwatch,A_rolling_zscore,0.005029,6.798051737237256,0.0,0.0,0.0,,1.4222222222222223,,-0.44,-0.0,0.0
realAWSCloudwatch/iio_us-east-1_i-a2eb1cd9_NetworkIn.csv,realAWSCloudwatch,A_rolling_zscore,0.006006,6.662155181992475,0.0,0.0,0.0,,1.4222222222222223,,-0.44,-0.0,0.0
realAWSCloudwatch/iio_us-east-1_i-a2eb1cd9_NetworkIn.csv,realAWSCloudwatch,A_rolling_zscore,0.007173,6.501485717669469,0.0,0.0,0.0,,1.7777777777777777,,-0.55,-0.0,0.0
realAWSCloudwatch/iio_us-east-1_i-a2eb1cd9_NetworkIn.csv,realAWSCloudwatch,A_rolling_zscore,0.008566,5.177190773685919,0.0,0.0,0.0,,1.7777777777777777,,-0.55,-0.0,0.0
realAWSCloudwatch/iio_us-east-1_i-a2eb1cd9_NetworkIn.csv,realAWSCloudwatch,A_rolling_zscore,0.010231,4.920617215260357,0.0,0.0,0.0,,2.1333333333333333,,-0.66,-0.0,0.0
realAWSCloudwatch/iio_us-east-1_i-a2eb1cd9_NetworkIn.csv,realAWSCloudwatch,A_rolling_zscore,0.012218,4.615899405162317,0.0,0.0,0.0,,2.488888888888889,,-0.77,-0.0,0.0
realAWSCloudwatch/iio_us-east-1_i-a2eb1cd9_NetworkIn.csv,realAWSCloudwatch,A_rolling_zscore,0.014592,4.367785774206034,0.0,0.0,0.0,,3.2,,-0.99,-0.0,0.0
realAWSCloudwatch/iio_us-east-1_i-a2eb1cd9_NetworkIn.csv,realAWSCloudwatch,A_rolling_zscore,0.017428,4.218734816111395,0.0,0.0,0.0,,3.911111111111111,,-1.2100000000000002,-0.0,0.0
realAWSCloudwatch/iio_us-east-1_i-a2eb1cd9_NetworkIn.csv,realAWSCloudwatch,A_rolling_zscore,0.020814,4.002512406709673,0.0,0.0,0.0,,4.622222222222222,,-1.4300000000000004,-0.0,0.0
realAWSCloudwatch/iio_us-east-1_i-a2eb1cd9_NetworkIn.csv,realAWSCloudwatch,A_rolling_zscore,0.024858,3.750271279864029,0.0,0.0,0.0,,4.977777777777778,,-1.5400000000000005,-0.0,0.0
realAWSCloudwatch/iio_us-east-1_i-a2eb1cd9_NetworkIn.csv,realAWSCloudwatch,A_rolling_zscore,0.029688,3.516154852885206,0.0,0.0,0.0,,6.044444444444444,,-1.8700000000000008,-0.0,0.0
realAWSCloudwatch/iio_us-east-1_i-a2eb1cd9_NetworkIn.csv,realAWSCloudwatch,A_rolling_zscore,0.035456,3.3850765612299942,0.0,0.0,0.0,,7.111111111111111,,-2.2000000000000006,-0.0,0.0
realAWSCloudwatch/iio_us-east-1_i-a2eb1cd9_NetworkIn.csv,realAWSCloudwatch,A_rolling_zscore,0.042345,3.248068050916179,0.0,0.0,0.0,,8.533333333333333,,-2.64,-0.0,0.0
realAWSCloudwatch/iio_us-east-1_i-a2eb1cd9_NetworkIn.csv,realAWSCloudwatch,A_rolling_zscore,0.050573,3.064437019052109,0.0,0.0,0.0,,10.666666666666666,,-3.2999999999999994,-0.0,0.0
realAWSCloudwatch/iio_us-east-1_i-a2eb1cd9_NetworkIn.csv,realAWSCloudwatch,A_rolling_zscore,0.060399,2.888166658698969,0.0,0.0,0.0,,12.444444444444445,,-3.8499999999999988,-0.0,0.0
realAWSCloudwatch/iio_us-east-1_i-a2eb1cd9_NetworkIn.csv,realAWSCloudwatch,A_rolling_zscore,0.072135,2.634927025577003,0.0,0.0,0.0,,14.577777777777778,,-4.51,-0.0,0.0
realAWSCloudwatch/iio_us-east-1_i-a2eb1cd9_NetworkIn.csv,realAWSCloudwatch,A_rolling_zscore,0.086151,2.487220348433646,0.0,0.0,0.0,,16.0,,-4.950000000000001,-0.0,0.0
realAWSCloudwatch/iio_us-east-1_i-a2eb1cd9_NetworkIn.csv,realAWSCloudwatch,A_rolling_zscore,0.10289,2.4046387287718636,0.0,0.0,0.0,,18.133333333333333,,-5.610000000000003,-0.0,0.0
realAWSCloudwatch/iio_us-east-1_i-a2eb1cd9_NetworkIn.csv,realAWSCloudwatch,A_rolling_zscore,0.122881,2.226823662003406,0.0,0.0,0.0,,18.488888888888887,,-5.720000000000003,-0.0,0.0
realAWSCloudwatch/iio_us-east-1_i-a2eb1cd9_NetworkIn.csv,realAWSCloudwatch,A_rolling_zscore,0.146757,2.0351882587895416,0.0,0.0,0.0,,19.91111111111111,,-6.160000000000005,-0.0,0.0
realAWSCloudwatch/iio_us-east-1_i-a2eb1cd9_NetworkIn.csv,realAWSCloudwatch,A_rolling_zscore,0.175272,1.856087841929145,0.0,0.0,0.0,,21.68888888888889,,-6.710000000000006,-0.0,0.0
realAWSCloudwatch/iio_us-east-1_i-a2eb1cd9_NetworkIn.csv,realAWSCloudwatch,A_rolling_zscore,0.209328,1.7160564905155553,0.0,0.0,0.0,,23.822222222222223,,-7.370000000000008,-0.0,0.0
realAWSCloudwatch/iio_us-east-1_i-a2eb1cd9_NetworkIn.csv,realAWSCloudwatch,A_rolling_zscore,0.25,1.5853153777386129,0.0,0.0,0.0,,25.244444444444444,,-7.810000000000009,-0.0,0.0
realAWSCloudwatch/iio_us-east-1_i-a2eb1cd9_NetworkIn.csv,realAWSCloudwatch,B_iforest_raw,0.0005,0.8071012430340979,0.0,0.0,0.0,,0.0,,0.0,-0.0,0.0
realAWSCloudwatch/iio_us-east-1_i-a2eb1cd9_NetworkIn.csv,realAWSCloudwatch,B_iforest_raw,0.000597,0.8059432660982618,0.0,0.0,0.0,,0.0,,0.0,-0.0,0.0
realAWSCloudwatch/iio_us-east-1_i-a2eb1cd9_NetworkIn.csv,realAWSCloudwatch,B_iforest_raw,0.000713,0.8045584689378801,0.0,0.0,0.0,,0.0,,0.0,-0.0,0.0
realAWSCloudwatch/iio_us-east-1_i-a2eb1cd9_NetworkIn.csv,realAWSCloudwatch,B_iforest_raw,0.000852,0.8028990999267345,0.0,0.0,0.0,,0.0,,0.0,-0.0,0.0
realAWSCloudwatch/iio_us-east-1_i-a2eb1cd9_NetworkIn.csv,realAWSCloudwatch,B_iforest_raw,0.001017,0.8009293453451564,0.0,0.0,0.0,,0.0,,0.0,-0.0,0.0
realAWSCloudwatch/iio_us-east-1_i-a2eb1cd9_NetworkIn.csv,realAWSCloudwatch,B_iforest_raw,0.001215,0.7985656398472656,0.0,0.0,0.0,,0.0,,0.0,-0.0,0.0
realAWSCloudwatch/iio_us-east-1_i-a2eb1cd9_NetworkIn.csv,realAWSCloudwatch,B_iforest_raw,0.001451,0.7918720658636419,0.0,0.0,0.0,,0.35555555555555557,,-0.11,-0.0,0.0
realAWSCloudwatch/iio_us-east-1_i-a2eb1cd9_NetworkIn.csv,realAWSCloudwatch,B_iforest_raw,0.001733,0.7834550485319959,0.0,0.0,0.0,,0.35555555555555557,,-0.11,-0.0,0.0
realAWSCloudwatch/iio_us-east-1_i-a2eb1cd9_NetworkIn.csv,realAWSCloudwatch,B_iforest_raw,0.00207,0.7733964143448888,0.0,0.0,0.0,,0.35555555555555557,,-0.11,-0.0,0.0
realAWSCloudwatch/iio_us-east-1_i-a2eb1cd9_NetworkIn.csv,realAWSCloudwatch,B_iforest_raw,0.002472,0.7614804858502549,0.0,0.0,0.0,,0.7111111111111111,,-0.22,-0.0,0.0
realAWSCloudwatch/iio_us-east-1_i-a2eb1cd9_NetworkIn.csv,realAWSCloudwatch,B_iforest_raw,0.002952,0.7610295075499662,0.0,0.0,0.0,,0.7111111111111111,,-0.22,-0.0,0.0
realAWSCloudwatch/iio_us-east-1_i-a2eb1cd9_NetworkIn.csv,realAWSCloudwatch,B_iforest_raw,0.003525,0.7604911522039965,0.0,0.0,0.0,,0.7111111111111111,,-0.22,-0.0,0.0
realAWSCloudwatch/iio_us-east-1_i-a2eb1cd9_NetworkIn.csv,realAWSCloudwatch,B_iforest_raw,0.00421,0.7592556103223183,0.0,0.0,0.0,,1.0666666666666667,,-0.33,-0.0,0.0
realAWSCloudwatch/iio_us-east-1_i-a2eb1cd9_NetworkIn.csv,realAWSCloudwatch,B_iforest_raw,0.005029,0.7574235706086285,0.0,0.0,0.0,,1.0666666666666667,,-0.33,-0.0,0.0
realAWSCloudwatch/iio_us-east-1_i-a2eb1cd9_NetworkIn.csv,realAWSCloudwatch,B_iforest_raw,0.006006,0.7542327799768903,0.0,0.0,0.0,,1.0666666666666667,,-0.33,-0.0,0.0
realAWSCloudwatch/iio_us-east-1_i-a2eb1cd9_NetworkIn.csv,realAWSCloudwatch,B_iforest_raw,0.007173,0.7525255325119055,0.0,0.0,0.0,,1.4222222222222223,,-0.44,-0.0,0.0
realAWSCloudwatch/iio_us-east-1_i-a2eb1cd9_NetworkIn.csv,realAWSCloudwatch,B_iforest_raw,0.008566,0.75144644491747,0.0,0.0,0.0,,1.7777777777777777,,-0.55,-0.0,0.0
realAWSCloudwatch/iio_us-east-1_i-a2eb1cd9_NetworkIn.csv,realAWSCloudwatch,B_iforest_raw,0.010231,0.7476801152353423,0.0,0.0,0.0,,1.4222222222222223,,-0.44,-0.0,0.0
realAWSCloudwatch/iio_us-east-1_i-a2eb1cd9_NetworkIn.csv,realAWSCloudwatch,B_iforest_raw,0.012218,0.7469141343122644,0.0,0.0,0.0,,1.7777777777777777,,-0.55,-0.0,0.0
realAWSCloudwatch/iio_us-east-1_i-a2eb1cd9_NetworkIn.csv,realAWSCloudwatch,B_iforest_raw,0.014592,0.7447301380327326,0.0,0.0,0.0,,2.1333333333333333,,-0.66,-0.0,0.0
realAWSCloudwatch/iio_us-east-1_i-a2eb1cd9_NetworkIn.csv,realAWSCloudwatch,B_iforest_raw,0.017428,0.7338537146611862,0.0,0.0,0.0,,2.488888888888889,,-0.77,-0.0,0.0
realAWSCloudwatch/iio_us-east-1_i-a2eb1cd9_NetworkIn.csv,realAWSCloudwatch,B_iforest_raw,0.020814,0.7280369330244817,0.0,0.0,0.0,,2.1333333333333333,,-0.66,-0.0,0.0
realAWSCloudwatch/iio_us-east-1_i-a2eb1cd9_NetworkIn.csv,realAWSCloudwatch,B_iforest_raw,0.024858,0.722714888234332,0.0,0.0,0.0,,2.488888888888889,,-0.77,-0.0,0.0
realAWSCloudwatch/iio_us-east-1_i-a2eb1cd9_NetworkIn.csv,realAWSCloudwatch,B_iforest_raw,0.029688,0.7203513916173078,0.0,0.0,0.0,,2.488888888888889,,-0.77,-0.0,0.0
realAWSCloudwatch/iio_us-east-1_i-a2eb1cd9_NetworkIn.csv,realAWSCloudwatch,B_iforest_raw,0.035456,0.7136646457404273,0.0,0.0,0.0,,2.1333333333333333,,-0.66,-0.0,0.0
realAWSCloudwatch/iio_us-east-1_i-a2eb1cd9_NetworkIn.csv,realAWSCloudwatch,B_iforest_raw,0.042345,0.7094002960650908,0.0,0.0,0.0,,2.488888888888889,,-0.77,-0.0,0.0
realAWSCloudwatch/iio_us-east-1_i-a2eb1cd9_NetworkIn.csv,realAWSCloudwatch,B_iforest_raw,0.050573,0.7078332135776236,0.0,0.0,0.0,,3.2,,-0.99,-0.0,0.0
realAWSCloudwatch/iio_us-east-1_i-a2eb1cd9_NetworkIn.csv,realAWSCloudwatch,B_iforest_raw,0.060399,0.7024586036949205,0.0,0.0,0.0,,2.8444444444444446,,-0.88,-0.0,0.0
realAWSCloudwatch/iio_us-east-1_i-a2eb1cd9_NetworkIn.csv,realAWSCloudwatch,B_iforest_raw,0.072135,0.698987010886359,0.0,0.0,0.0,,3.2,,-0.99,-0.0,0.0
realAWSCloudwatch/iio_us-east-1_i-a2eb1cd9_NetworkIn.csv,realAWSCloudwatch,B_iforest_raw,0.086151,0.6904805971850633,0.0,0.0,0.0,,3.5555555555555554,,-1.1,-0.0,0.0
realAWSCloudwatch/iio_us-east-1_i-a2eb1cd9_NetworkIn.csv,realAWSCloudwatch,B_iforest_raw,0.10289,0.6577319051173425,0.0,0.0,0.0,,2.8444444444444446,,-0.88,-0.0,0.0
realAWSCloudwatch/iio_us-east-1_i-a2eb1cd9_NetworkIn.csv,realAWSCloudwatch,B_iforest_raw,0.122881,0.6403037177907468,0.0,0.0,0.0,,4.622222222222222,,-1.4300000000000004,-0.0,0.0
realAWSCloudwatch/iio_us-east-1_i-a2eb1cd9_NetworkIn.csv,realAWSCloudwatch,B_iforest_raw,0.146757,0.6403037177907468,0.0,0.0,0.0,,4.622222222222222,,-1.4300000000000004,-0.0,0.0
realAWSCloudwatch/iio_us-east-1_i-a2eb1cd9_NetworkIn.csv,realAWSCloudwatch,B_iforest_raw,0.175272,0.6244671930208585,0.0,0.0,0.0,,6.7555555555555555,,-2.0900000000000007,-0.0,0.0
realAWSCloudwatch/iio_us-east-1_i-a2eb1cd9_NetworkIn.csv,realAWSCloudwatch,B_iforest_raw,0.209328,0.5719737198309081,0.0,0.0,0.0,,8.177777777777777,,-2.5300000000000002,-0.0,0.0
realAWSCloudwatch/iio_us-east-1_i-a2eb1cd9_NetworkIn.csv,realAWSCloudwatch,B_iforest_raw,0.25,0.5537012226422013,0.0,0.0,0.0,,10.666666666666666,,-3.2999999999999994,-0.0,0.0
realAWSCloudwatch/iio_us-east-1_i-a2eb1cd9_NetworkIn.csv,realAWSCloudwatch,C_iforest_contextual,0.0005,0.7176696030952067,0.0,0.0,0.0,,0.0,,0.0,-0.0,0.0
realAWSCloudwatch/iio_us-east-1_i-a2eb1cd9_NetworkIn.csv,realAWSCloudwatch,C_iforest_contextual,0.000597,0.7171643786157569,0.0,0.0,0.0,,0.0,,0.0,-0.0,0.0
realAWSCloudwatch/iio_us-east-1_i-a2eb1cd9_NetworkIn.csv,realAWSCloudwatch,C_iforest_contextual,0.000713,0.7165601926403322,0.0,0.0,0.0,,0.0,,0.0,-0.0,0.0
realAWSCloudwatch/iio_us-east-1_i-a2eb1cd9_NetworkIn.csv,realAWSCloudwatch,C_iforest_contextual,0.000852,0.7158362111697808,0.0,0.0,0.0,,0.0,,0.0,-0.0,0.0
realAWSCloudwatch/iio_us-east-1_i-a2eb1cd9_NetworkIn.csv,realAWSCloudwatch,C_iforest_contextual,0.001017,0.7149768087047368,0.0,0.0,0.0,,0.0,,0.0,-0.0,0.0
realAWSCloudwatch/iio_us-east-1_i-a2eb1cd9_NetworkIn.csv,realAWSCloudwatch,C_iforest_contextual,0.001215,0.7139455257466853,0.0,0.0,0.0,,0.0,,0.0,-0.0,0.0
realAWSCloudwatch/iio_us-east-1_i-a2eb1cd9_NetworkIn.csv,realAWSCloudwatch,C_iforest_contextual,0.001451,0.7135797545219807,0.0,0.0,0.0,,0.35555555555555557,,-0.11,-0.0,0.0
realAWSCloudwatch/iio_us-east-1_i-a2eb1cd9_NetworkIn.csv,realAWSCloudwatch,C_iforest_contextual,0.001733,0.7132359690468566,0.0,0.0,0.0,,0.35555555555555557,,-0.11,-0.0,0.0
realAWSCloudwatch/iio_us-east-1_i-a2eb1cd9_NetworkIn.csv,realAWSCloudwatch,C_iforest_contextual,0.00207,0.7128251332131091,0.0,0.0,0.0,,0.35555555555555557,,-0.11,-0.0,0.0
realAWSCloudwatch/iio_us-east-1_i-a2eb1cd9_NetworkIn.csv,realAWSCloudwatch,C_iforest_contextual,0.002472,0.7122481990943046,0.0,0.0,0.0,,0.7111111111111111,,-0.22,-0.0,0.0
realAWSCloudwatch/iio_us-east-1_i-a2eb1cd9_NetworkIn.csv,realAWSCloudwatch,C_iforest_contextual,0.002952,0.697107005177023,0.0,0.0,0.0,,0.7111111111111111,,-0.22,-0.0,0.0
realAWSCloudwatch/iio_us-east-1_i-a2eb1cd9_NetworkIn.csv,realAWSCloudwatch,C_iforest_contextual,0.003525,0.6790322049382674,0.0,0.0,0.0,,0.7111111111111111,,-0.22,-0.0,0.0
realAWSCloudwatch/iio_us-east-1_i-a2eb1cd9_NetworkIn.csv,realAWSCloudwatch,C_iforest_contextual,0.00421,0.6730762158556399,0.0,0.0,0.0,,1.0666666666666667,,-0.33,-0.0,0.0
realAWSCloudwatch/iio_us-east-1_i-a2eb1cd9_NetworkIn.csv,realAWSCloudwatch,C_iforest_contextual,0.005029,0.6726065624765363,0.0,0.0,0.0,,1.4222222222222223,,-0.44,-0.0,0.0
realAWSCloudwatch/iio_us-east-1_i-a2eb1cd9_NetworkIn.csv,realAWSCloudwatch,C_iforest_contextual,0.006006,0.6724892705555493,0.0,0.0,0.0,,1.4222222222222223,,-0.44,-0.0,0.0
realAWSCloudwatch/iio_us-east-1_i-a2eb1cd9_NetworkIn.csv,realAWSCloudwatch,C_iforest_contextual,0.007173,0.6654772599193227,0.0,0.0,0.0,,1.4222222222222223,,-0.44,-0.0,0.0
realAWSCloudwatch/iio_us-east-1_i-a2eb1cd9_NetworkIn.csv,realAWSCloudwatch,C_iforest_contextual,0.008566,0.6605565095044116,0.0,0.0,0.0,,1.7777777777777777,,-0.55,-0.0,0.0
realAWSCloudwatch/iio_us-east-1_i-a2eb1cd9_NetworkIn.csv,realAWSCloudwatch,C_iforest_contextual,0.010231,0.6580461343600509,0.0,0.0,0.0,,2.488888888888889,,-0.77,-0.0,0.0
realAWSCloudwatch/iio_us-east-1_i-a2eb1cd9_NetworkIn.csv,realAWSCloudwatch,C_iforest_contextual,0.012218,0.6507495205418783,0.0,0.0,0.0,,2.8444444444444446,,-0.88,-0.0,0.0
realAWSCloudwatch/iio_us-east-1_i-a2eb1cd9_NetworkIn.csv,realAWSCloudwatch,C_iforest_contextual,0.014592,0.6497070519390412,0.0,0.0,0.0,,2.8444444444444446,,-0.88,-0.0,0.0
realAWSCloudwatch/iio_us-east-1_i-a2eb1cd9_NetworkIn.csv,realAWSCloudwatch,C_iforest_contextual,0.017428,0.6464738522616721,0.0,0.0,0.0,,3.2,,-0.99,-0.0,0.0
realAWSCloudwatch/iio_us-east-1_i-a2eb1cd9_NetworkIn.csv,realAWSCloudwatch,C_iforest_contextual,0.020814,0.6417987972805309,0.0,0.0,0.0,,3.5555555555555554,,-1.1,-0.0,0.0
realAWSCloudwatch/iio_us-east-1_i-a2eb1cd9_NetworkIn.csv,realAWSCloudwatch,C_iforest_contextual,0.024858,0.6323720048939306,0.0,0.0,0.0,,4.266666666666667,,-1.3200000000000003,-0.0,0.0
realAWSCloudwatch/iio_us-east-1_i-a2eb1cd9_NetworkIn.csv,realAWSCloudwatch,C_iforest_contextual,0.029688,0.6242410989649401,0.0,0.0,0.0,,4.622222222222222,,-1.4300000000000004,-0.0,0.0
realAWSCloudwatch/iio_us-east-1_i-a2eb1cd9_NetworkIn.csv,realAWSCloudwatch,C_iforest_contextual,0.035456,0.6168561914574464,0.0,0.0,0.0,,5.688888888888889,,-1.7600000000000007,-0.0,0.0
realAWSCloudwatch/iio_us-east-1_i-a2eb1cd9_NetworkIn.csv,realAWSCloudwatch,C_iforest_contextual,0.042345,0.6149483318528258,0.0,0.0,0.0,,6.7555555555555555,,-2.0900000000000007,-0.0,0.0
realAWSCloudwatch/iio_us-east-1_i-a2eb1cd9_NetworkIn.csv,realAWSCloudwatch,C_iforest_contextual,0.050573,0.608467373582668,0.0,0.0,0.0,,7.111111111111111,,-2.2000000000000006,-0.0,0.0
realAWSCloudwatch/iio_us-east-1_i-a2eb1cd9_NetworkIn.csv,realAWSCloudwatch,C_iforest_contextual,0.060399,0.6045661902993036,0.0,0.0,0.0,,8.533333333333333,,-2.64,-0.0,0.0
realAWSCloudwatch/iio_us-east-1_i-a2eb1cd9_NetworkIn.csv,realAWSCloudwatch,C_iforest_contextual,0.072135,0.6002833452361394,0.0,0.0,0.0,,10.311111111111112,,-3.1899999999999995,-0.0,0.0
realAWSCloudwatch/iio_us-east-1_i-a2eb1cd9_NetworkIn.csv,realAWSCloudwatch,C_iforest_contextual,0.086151,0.5965950845709809,0.0,0.0,0.0,,11.377777777777778,,-3.519999999999999,-0.0,0.0
realAWSCloudwatch/iio_us-east-1_i-a2eb1cd9_NetworkIn.csv,realAWSCloudwatch,C_iforest_contextual,0.10289,0.5928281812439067,0.0,0.0,0.0,,11.377777777777778,,-3.519999999999999,-0.0,0.0
realAWSCloudwatch/iio_us-east-1_i-a2eb1cd9_NetworkIn.csv,realAWSCloudwatch,C_iforest_contextual,0.122881,0.5880347803011083,0.0,0.0,0.0,,12.444444444444445,,-3.8499999999999988,-0.0,0.0
realAWSCloudwatch/iio_us-east-1_i-a2eb1cd9_NetworkIn.csv,realAWSCloudwatch,C_iforest_contextual,0.146757,0.5848062502337263,0.0,0.0,0.0,,14.222222222222221,,-4.3999999999999995,-0.0,0.0
realAWSCloudwatch/iio_us-east-1_i-a2eb1cd9_NetworkIn.csv,realAWSCloudwatch,C_iforest_contextual,0.175272,0.5811048105881326,0.0,0.0,0.0,,15.644444444444444,,-4.840000000000001,-0.0,0.0
realAWSCloudwatch/iio_us-east-1_i-a2eb1cd9_NetworkIn.csv,realAWSCloudwatch,C_iforest_contextual,0.209328,0.5762425538860003,0.0,0.0,0.0,,16.355555555555554,,-5.060000000000001,-0.0,0.0
realAWSCloudwatch/iio_us-east-1_i-a2eb1cd9_NetworkIn.csv,realAWSCloudwatch,C_iforest_contextual,0.25,0.5733640703102212,0.0,0.0,0.0,,16.711111111111112,,-5.170000000000002,-0.0,0.0
realAWSCloudwatch/rds_cpu_utilization_cc0c53.csv,realAWSCloudwatch,A_rolling_zscore,0.0005,10.240184177424638,1.0,0.5,0.6666666666666666,0.5,0.0,505.0,-0.13844919792440225,-2.0,2.0
realAWSCloudwatch/rds_cpu_utilization_cc0c53.csv,realAWSCloudwatch,A_rolling_zscore,0.000597,10.187094374637578,1.0,0.5,0.6666666666666666,0.5,0.0,505.0,-0.13844919792440225,-2.0,2.0
realAWSCloudwatch/rds_cpu_utilization_cc0c53.csv,realAWSCloudwatch,A_rolling_zscore,0.000713,10.098181693237745,0.995049504950495,0.5,0.6655629139072847,0.5,0.09050911376492772,505.0,-0.24844919792440223,-2.0,2.0
realAWSCloudwatch/rds_cpu_utilization_cc0c53.csv,realAWSCloudwatch,A_rolling_zscore,0.000852,9.98016739179587,0.995049504950495,0.5,0.6655629139072847,0.5,0.09050911376492772,505.0,-0.24844919792440223,-2.0,2.0
realAWSCloudwatch/rds_cpu_utilization_cc0c53.csv,realAWSCloudwatch,A_rolling_zscore,0.001017,9.80204667773149,0.9901477832512315,0.5,0.6644628099173554,0.5,0.18101822752985544,505.0,-0.3584491979244022,-2.0,2.0
realAWSCloudwatch/rds_cpu_utilization_cc0c53.csv,realAWSCloudwatch,A_rolling_zscore,0.001215,9.532042002150602,0.9901477832512315,0.5,0.6644628099173554,0.5,0.18101822752985544,505.0,-0.3584491979244022,-2.0,2.0
realAWSCloudwatch/rds_cpu_utilization_cc0c53.csv,realAWSCloudwatch,A_rolling_zscore,0.001451,9.335696048831354,0.9852941176470589,0.5,0.6633663366336634,0.5,0.2715273412947832,505.0,-0.4684491979244022,-2.0,2.0
realAWSCloudwatch/rds_cpu_utilization_cc0c53.csv,realAWSCloudwatch,A_rolling_zscore,0.001733,9.116128358955622,0.9804878048780488,0.5,0.6622734761120264,0.5,0.3620364550597109,505.0,-0.5784491979244022,-2.0,2.0
realAWSCloudwatch/rds_cpu_utilization_cc0c53.csv,realAWSCloudwatch,A_rolling_zscore,0.00207,8.648424687765818,0.9757281553398058,0.5,0.6611842105263158,0.5,0.4525455688246386,505.0,-0.6884491979244022,-2.0,2.0
realAWSCloudwatch/rds_cpu_utilization_cc0c53.csv,realAWSCloudwatch,A_rolling_zscore,0.002472,7.183797912109314,0.9710144927536232,0.5,0.6600985221674878,0.5,0.5430546825895664,505.0,-0.7984491979244022,-2.0,2.0
realAWSCloudwatch/rds_cpu_utilization_cc0c53.csv,realAWSCloudwatch,A_rolling_zscore,0.002952,6.880472033448495,0.9617224880382775,0.5,0.6579378068739771,0.5,0.7240729101194218,505.0,-1.0184491979244021,-2.0,2.0
realAWSCloudwatch/rds_cpu_utilization_cc0c53.csv,realAWSCloudwatch,A_rolling_zscore,0.003525,6.699015914573662,0.95260663507109,0.5,0.6557911908646004,0.5,0.9050911376492772,505.0,-1.2384491979244023,-2.0,2.0
realAWSCloudwatch/rds_cpu_utilization_cc0c53.csv,realAWSCloudwatch,A_rolling_zscore,0.00421,6.643579545738379,0.9436619718309859,0.5,0.6536585365853658,0.5,1.0861093651791327,505.0,-1.4584491979244025,-2.0,2.0
realAWSCloudwatch/rds_cpu_utilization_cc0c53.csv,realAWSCloudwatch,A_rolling_zscore,0.005029,5.963393464107334,0.9305555555555556,0.5,0.6504854368932039,0.5,1.3576367064739159,505.0,-1.7884491979244028,-2.0,2.0
realAWSCloudwatch/rds_cpu_utilization_cc0c53.csv,realAWSCloudwatch,A_rolling_zscore,0.006006,5.6870105618462645,0.9178082191780822,0.5,0.6473429951690821,0.5,1.629164047768699,505.0,-2.1184491979244027,-2.0,2.0
realAWSCloudwatch/rds_cpu_utilization_cc0c53.csv,realAWSCloudwatch,A_rolling_zscore,0.007173,5.56533423235127,0.9054054054054054,0.5,0.6442307692307693,0.5,1.9006913890634822,505.0,-2.4484491979244023,-2.0,2.0
realAWSCloudwatch/rds_cpu_utilization_cc0c53.csv,realAWSCloudwatch,A_rolling_zscore,0.008566,5.311997565525306,0.9414519906323185,1.0,0.9698431845597104,1.0,2.262727844123193,502.5,-1.026898395848805,-2.0,2.0
realAWSCloudwatch/rds_cpu_utilization_cc0c53.csv,realAWSCloudwatch,A_rolling_zscore,0.010231,4.87321196583562,0.9305555555555556,1.0,0.9640287769784173,1.0,2.7152734129478318,502.5,-1.5768983958488054,-2.0,2.0
realAWSCloudwatch/rds_cpu_utilization_cc0c53.csv,realAWSCloudwatch,A_rolling_zscore,0.012218,4.487482691410517,0.9178082191780822,1.0,0.9571428571428571,1.0,3.0773098680075424,502.5,-2.016666210480214,-2.0,2.0
realAWSCloudwatch/rds_cpu_utilization_cc0c53.csv,realAWSCloudwatch,A_rolling_zscore,0.014592,4.207053479342951,0.903370786516854,1.0,0.9492325855962219,1.0,3.710873664362037,502.5,-2.696819964776674,-2.0,2.0
realAWSCloudwatch/rds_cpu_utilization_cc0c53.csv,realAWSCloudwatch,A_rolling_zscore,0.017428,3.8930183927400983,0.8874172185430463,1.0,0.9403508771929824,1.0,4.434946574481458,290.0,-3.432907501060736,-2.0,2.0
realAWSCloudwatch/rds_cpu_utilization_cc0c53.csv,realAWSCloudwatch,A_rolling_zscore,0.020814,3.677203805787052,0.8701298701298701,1.0,0.9305555555555556,1.0,5.249528598365808,290.0,-4.347449802848905,-2.0,2.0
realAWSCloudwatch/rds_cpu_utilization_cc0c53.csv,realAWSCloudwatch,A_rolling_zscore,0.024858,3.5277241512235586,0.8481012658227848,1.0,0.9178082191780821,1.0,6.335637963544941,290.0,-5.665476023775678,-2.0,2.0
realAWSCloudwatch/rds_cpu_utilization_cc0c53.csv,realAWSCloudwatch,A_rolling_zscore,0.029688,3.2640304611311532,0.8237704918032787,1.0,0.9033707865168539,1.0,7.512256442489001,290.0,-7.084893813475878,-2.0,2.0
realAWSCloudwatch/rds_cpu_utilization_cc0c53.csv,realAWSCloudwatch,A_rolling_zscore,0.035456,3.1227805287380415,0.7992047713717694,1.0,0.8883977900552487,1.0,8.779384035197989,290.0,-8.623141108370369,-2.0,2.0
realAWSCloudwatch/rds_cpu_utilization_cc0c53.csv,realAWSCloudwatch,A_rolling_zscore,0.042345,2.8851322284895877,0.7701149425287356,1.0,0.8701298701298702,1.0,10.227529855436833,287.5,-10.349070633438071,-2.0,2.0
realAWSCloudwatch/rds_cpu_utilization_cc0c53.csv,realAWSCloudwatch,A_rolling_zscore,0.050573,2.642203064140615,0.7362637362637363,1.0,0.8481012658227849,1.0,11.675675675675675,272.5,-12.106302989347569,-2.0,2.0
realAWSCloudwatch/rds_cpu_utilization_cc0c53.csv,realAWSCloudwatch,A_rolling_zscore,0.060399,2.4492991381235645,0.6991304347826087,1.0,0.8229273285568065,1.0,13.757385292269014,107.5,-14.456983424776944,-2.0,2.0
realAWSCloudwatch/rds_cpu_utilization_cc0c53.csv,realAWSCloudwatch,A_rolling_zscore,0.072135,2.2448466956154056,0.6622734761120264,1.0,0.796828543111992,1.0,15.658076681332496,62.5,-16.463613360704656,-2.0,2.0
realAWSCloudwatch/rds_cpu_utilization_cc0c53.csv,realAWSCloudwatch,A_rolling_zscore,0.086151,2.0646148644410687,0.6222910216718266,1.0,0.7671755725190839,1.0,17.830295411690763,62.5,-18.983186523382827,-2.0,2.0
realAWSCloudwatch/rds_cpu_utilization_cc0c53.csv,realAWSCloudwatch,A_rolling_zscore,0.10289,1.8870592725735034,0.5809248554913294,1.0,0.7349177330895795,1.0,20.18353236957888,27.5,-21.68504686906386,-2.0,2.0
realAWSCloudwatch/rds_cpu_utilization_cc0c53.csv,realAWSCloudwatch,A_rolling_zscore,0.122881,1.7232129569298875,0.5381526104417671,1.0,0.6997389033942559,1.0,22.084223758642363,27.5,-23.670805493621287,-2.0,2.0
realAWSCloudwatch/rds_cpu_utilization_cc0c53.csv,realAWSCloudwatch,A_rolling_zscore,0.146757,1.5609147129780427,0.4987593052109181,1.0,0.6655629139072848,1.0,23.35135135135135,27.5,-25.184826559443074,-2.0,2.0
realAWSCloudwatch/rds_cpu_utilization_cc0c53.csv,realAWSCloudwatch,A_rolling_zscore,0.175272,1.4018461535722462,0.45681818181818185,1.0,0.6271450858034322,1.0,24.890006285355124,12.5,-27.038550797231874,-2.0,2.0
realAWSCloudwatch/rds_cpu_utilization_cc0c53.csv,realAWSCloudwatch,A_rolling_zscore,0.209328,1.2399438859310117,0.41358024691358025,1.0,0.5851528384279476,1.0,25.704588309239472,12.5,-28.071546014826684,-2.0,2.0
realAWSCloudwatch/rds_cpu_utilization_cc0c53.csv,realAWSCloudwatch,A_rolling_zscore,0.25,1.119995905667833,0.36982520699172033,1.0,0.5399597044996642,1.0,25.614079195474545,12.5,-28.05054600022265,-2.0,2.0
realAWSCloudwatch/rds_cpu_utilization_cc0c53.csv,realAWSCloudwatch,B_iforest_raw,0.0005,0.7701945499109112,0.0,0.0,0.0,0.0,0.09050911376492772,,-2.11,-2.0,2.0
realAWSCloudwatch/rds_cpu_utilization_cc0c53.csv,realAWSCloudwatch,B_iforest_raw,0.000597,0.7701945499109112,0.0,0.0,0.0,0.0,0.09050911376492772,,-2.11,-2.0,2.0
realAWSCloudwatch/rds_cpu_utilization_cc0c53.csv,realAWSCloudwatch,B_iforest_raw,0.000713,0.7698456369631805,0.0,0.0,0.0,0.0,0.18101822752985544,,-2.2199999999999998,-2.0,2.0
realAWSCloudwatch/rds_cpu_utilization_cc0c53.csv,realAWSCloudwatch,B_iforest_raw,0.000852,0.7692700977972102,0.0,0.0,0.0,0.0,0.18101822752985544,,-2.2199999999999998,-2.0,2.0
realAWSCloudwatch/rds_cpu_utilization_cc0c53.csv,realAWSCloudwatch,B_iforest_raw,0.001017,0.7687095479114927,0.0,0.0,0.0,0.0,0.2715273412947832,,-2.3299999999999996,-2.0,2.0
realAWSCloudwatch/rds_cpu_utilization_cc0c53.csv,realAWSCloudwatch,B_iforest_raw,0.001215,0.768218313462705,0.0,0.0,0.0,0.0,0.2715273412947832,,-2.3299999999999996,-2.0,2.0
realAWSCloudwatch/rds_cpu_utilization_cc0c53.csv,realAWSCloudwatch,B_iforest_raw,0.001451,0.7677931236008606,0.0,0.0,0.0,0.0,0.3620364550597109,,-2.4399999999999995,-2.0,2.0
realAWSCloudwatch/rds_cpu_utilization_cc0c53.csv,realAWSCloudwatch,B_iforest_raw,0.001733,0.767194259350389,0.0,0.0,0.0,0.0,0.4525455688246386,,-2.5499999999999994,-2.0,2.0
realAWSCloudwatch/rds_cpu_utilization_cc0c53.csv,realAWSCloudwatch,B_iforest_raw,0.00207,0.7639200082249507,0.0,0.0,0.0,0.0,0.5430546825895664,,-2.6599999999999993,-2.0,2.0
realAWSCloudwatch/rds_cpu_utilization_cc0c53.csv,realAWSCloudwatch,B_iforest_raw,0.002472,0.7618636329766193,0.0,0.0,0.0,0.0,0.633563796354494,,-2.769999999999999,-2.0,2.0
realAWSCloudwatch/rds_cpu_utilization_cc0c53.csv,realAWSCloudwatch,B_iforest_raw,0.002952,0.7618636329766193,0.0,0.0,0.0,0.0,0.8145820238843495,,-2.989999999999999,-2.0,2.0
realAWSCloudwatch/rds_cpu_utilization_cc0c53.csv,realAWSCloudwatch,B_iforest_raw,0.003525,0.7618636329766193,0.95260663507109,0.5,0.6557911908646004,0.5,0.9050911376492772,505.0,-1.2384491979244023,-2.0,2.0
realAWSCloudwatch/rds_cpu_utilization_cc0c53.csv,realAWSCloudwatch,B_iforest_raw,0.00421,0.7618636329766193,0.95260663507109,0.5,0.6557911908646004,0.5,0.9050911376492772,505.0,-1.2384491979244023,-2.0,2.0
realAWSCloudwatch/rds_cpu_utilization_cc0c53.csv,realAWSCloudwatch,B_iforest_raw,0.005029,0.7618636329766193,0.95260663507109,0.5,0.6557911908646004,0.5,0.9050911376492772,505.0,-1.2384491979244023,-2.0,2.0
realAWSCloudwatch/rds_cpu_utilization_cc0c53.csv,realAWSCloudwatch,B_iforest_raw,0.006006,0.7618636329766193,0.95260663507109,0.5,0.6557911908646004,0.5,0.9050911376492772,505.0,-1.2384491979244023,-2.0,2.0
realAWSCloudwatch/rds_cpu_utilization_cc0c53.csv,realAWSCloudwatch,B_iforest_raw,0.007173,0.7618636329766193,0.95260663507109,0.5,0.6557911908646004,0.5,0.9050911376492772,505.0,-1.2384491979244023,-2.0,2.0
realAWSCloudwatch/rds_cpu_utilization_cc0c53.csv,realAWSCloudwatch,B_iforest_raw,0.008566,0.7618636329766193,0.95260663507109,0.5,0.6557911908646004,0.5,0.9050911376492772,505.0,-1.2384491979244023,-2.0,2.0
realAWSCloudwatch/rds_cpu_utilization_cc0c53.csv,realAWSCloudwatch,B_iforest_raw,0.010231,0.7618636329766193,0.95260663507109,0.5,0.6557911908646004,0.5,0.9050911376492772,505.0,-1.2384491979244023,-2.0,2.0
realAWSCloudwatch/rds_cpu_utilization_cc0c53.csv,realAWSCloudwatch,B_iforest_raw,0.012218,0.7618636329766193,0.95260663507109,0.5,0.6557911908646004,0.5,0.9050911376492772,505.0,-1.2384491979244023,-2.0,2.0
realAWSCloudwatch/rds_cpu_utilization_cc0c53.csv,realAWSCloudwatch,B_iforest_raw,0.014592,0.7618636329766193,0.95260663507109,0.5,0.6557911908646004,0.5,0.9050911376492772,505.0,-1.2384491979244023,-2.0,2.0
realAWSCloudwatch/rds_cpu_utilization_cc0c53.csv,realAWSCloudwatch,B_iforest_raw,0.017428,0.7618636329766193,0.95260663507109,0.5,0.6557911908646004,0.5,0.9050911376492772,505.0,-1.2384491979244023,-2.0,2.0
realAWSCloudwatch/rds_cpu_utilization_cc0c53.csv,realAWSCloudwatch,B_iforest_raw,0.020814,0.7618636329766193,0.95260663507109,0.5,0.6557911908646004,0.5,0.9050911376492772,505.0,-1.2384491979244023,-2.0,2.0
realAWSCloudwatch/rds_cpu_utilization_cc0c53.csv,realAWSCloudwatch,B_iforest_raw,0.024858,0.7618636329766193,0.95260663507109,0.5,0.6557911908646004,0.5,0.9050911376492772,505.0,-1.2384491979244023,-2.0,2.0
realAWSCloudwatch/rds_cpu_utilization_cc0c53.csv,realAWSCloudwatch,B_iforest_raw,0.029688,0.7618636329766193,0.95260663507109,0.5,0.6557911908646004,0.5,0.9050911376492772,505.0,-1.2384491979244023,-2.0,2.0
realAWSCloudwatch/rds_cpu_utilization_cc0c53.csv,realAWSCloudwatch,B_iforest_raw,0.035456,0.7618636329766193,0.9481132075471698,0.5,0.6547231270358306,0.5,0.9050911376492772,505.0,-1.2384491979244023,-2.0,2.0
realAWSCloudwatch/rds_cpu_utilization_cc0c53.csv,realAWSCloudwatch,B_iforest_raw,0.042345,0.7618636329766193,0.8589743589743589,0.5,0.6320754716981132,0.5,0.9050911376492772,505.0,-1.2384491979244023,-2.0,2.0
realAWSCloudwatch/rds_cpu_utilization_cc0c53.csv,realAWSCloudwatch,B_iforest_raw,0.050573,0.7618636329766193,0.7730769230769231,0.5,0.6072507552870091,0.5,0.9050911376492772,505.0,-1.2384491979244023,-2.0,2.0
realAWSCloudwatch/rds_cpu_utilization_cc0c53.csv,realAWSCloudwatch,B_iforest_raw,0.060399,0.7618636329766193,0.6883561643835616,0.5,0.579250720461095,0.5,0.9050911376492772,505.0,-1.2384491979244023,-2.0,2.0
realAWSCloudwatch/rds_cpu_utilization_cc0c53.csv,realAWSCloudwatch,B_iforest_raw,0.072135,0.7618636329766193,0.6109422492401215,0.5,0.5499316005471956,0.5,0.9050911376492772,505.0,-1.2384491979244023,-2.0,2.0
realAWSCloudwatch/rds_cpu_utilization_cc0c53.csv,realAWSCloudwatch,B_iforest_raw,0.086151,0.7618636329766193,0.5374331550802139,0.5,0.518041237113402,0.5,0.9050911376492772,505.0,-1.2384491979244023,-2.0,2.0
realAWSCloudwatch/rds_cpu_utilization_cc0c53.csv,realAWSCloudwatch,B_iforest_raw,0.10289,0.7618636329766193,0.4707259953161593,0.5,0.4849215922798552,0.5,0.9050911376492772,505.0,-1.2384491979244023,-2.0,2.0
realAWSCloudwatch/rds_cpu_utilization_cc0c53.csv,realAWSCloudwatch,B_iforest_raw,0.122881,0.7618636329766193,0.4093686354378819,0.5,0.4501679731243001,0.5,0.9050911376492772,505.0,-1.2384491979244023,-2.0,2.0
realAWSCloudwatch/rds_cpu_utilization_cc0c53.csv,realAWSCloudwatch,B_iforest_raw,0.146757,0.7618636329766193,0.5661971830985916,1.0,0.7230215827338129,1.0,0.9050911376492772,252.5,-1.2384491979244023,-2.0,2.0
realAWSCloudwatch/rds_cpu_utilization_cc0c53.csv,realAWSCloudwatch,B_iforest_raw,0.175272,0.7618636329766193,0.5661971830985916,1.0,0.7230215827338129,1.0,0.9050911376492772,252.5,-1.2384491979244023,-2.0,2.0
realAWSCloudwatch/rds_cpu_utilization_cc0c53.csv,realAWSCloudwatch,B_iforest_raw,0.209328,0.7618636329766193,0.5248041775456919,1.0,0.6883561643835615,1.0,0.9050911376492772,252.5,-1.2384491979244023,-2.0,2.0
realAWSCloudwatch/rds_cpu_utilization_cc0c53.csv,realAWSCloudwatch,B_iforest_raw,0.25,0.7618636329766193,0.4491620111731844,1.0,0.6198920585967618,1.0,0.9050911376492772,252.5,-1.2384491979244023,-2.0,2.0
realAWSCloudwatch/rds_cpu_utilization_cc0c53.csv,realAWSCloudwatch,C_iforest_contextual,0.0005,0.7206396719382455,1.0,0.5,0.6666666666666666,0.5,0.0,505.0,-0.13844919792440225,-2.0,2.0
realAWSCloudwatch/rds_cpu_utilization_cc0c53.csv,realAWSCloudwatch,C_iforest_contextual,0.000597,0.7189555824249257,1.0,0.5,0.6666666666666666,0.5,0.0,505.0,-0.13844919792440225,-2.0,2.0
realAWSCloudwatch/rds_cpu_utilization_cc0c53.csv,realAWSCloudwatch,C_iforest_contextual,0.000713,0.718222819977807,0.995049504950495,0.5,0.6655629139072847,0.5,0.09050911376492772,505.0,-0.2478914848941433,-2.0,2.0
realAWSCloudwatch/rds_cpu_utilization_cc0c53.csv,realAWSCloudwatch,C_iforest_contextual,0.000852,0.7179229035658019,0.995049504950495,0.5,0.6655629139072847,0.5,0.09050911376492772,505.0,-0.2478914848941433,-2.0,2.0
realAWSCloudwatch/rds_cpu_utilization_cc0c53.csv,realAWSCloudwatch,C_iforest_contextual,0.001017,0.7163897076551137,0.9901477832512315,0.5,0.6644628099173554,0.5,0.18101822752985544,505.0,-0.3578914848941433,-2.0,2.0
realAWSCloudwatch/rds_cpu_utilization_cc0c53.csv,realAWSCloudwatch,C_iforest_contextual,0.001215,0.7128084892094917,0.9901477832512315,0.5,0.6644628099173554,0.5,0.18101822752985544,505.0,-0.3578914848941433,-2.0,2.0
realAWSCloudwatch/rds_cpu_utilization_cc0c53.csv,realAWSCloudwatch,C_iforest_contextual,0.001451,0.7113248839471743,0.995049504950495,1.0,0.9975186104218362,1.0,0.18101822752985544,502.5,1.5036593171814543,-2.0,2.0
realAWSCloudwatch/rds_cpu_utilization_cc0c53.csv,realAWSCloudwatch,C_iforest_contextual,0.001733,0.7106243981525139,0.995049504950495,1.0,0.9975186104218362,1.0,0.18101822752985544,337.5,1.6243458987806023,-2.0,2.0
realAWSCloudwatch/rds_cpu_utilization_cc0c53.csv,realAWSCloudwatch,C_iforest_contextual,0.00207,0.7096320638516521,0.9925925925925926,1.0,0.996282527881041,1.0,0.2715273412947832,337.5,1.5143458987806022,-2.0,2.0
realAWSCloudwatch/rds_cpu_utilization_cc0c53.csv,realAWSCloudwatch,C_iforest_contextual,0.002472,0.7087532531048815,0.9901477832512315,1.0,0.995049504950495,1.0,0.3620364550597109,337.5,1.4046302157313855,-2.0,2.0
realAWSCloudwatch/rds_cpu_utilization_cc0c53.csv,realAWSCloudwatch,C_iforest_contextual,0.002952,0.7079419856013899,0.9877149877149877,1.0,0.9938195302843016,1.0,0.4525455688246386,337.5,1.2962563548271275,-2.0,2.0
realAWSCloudwatch/rds_cpu_utilization_cc0c53.csv,realAWSCloudwatch,C_iforest_contextual,0.003525,0.705447663977966,0.9852941176470589,1.0,0.9925925925925926,1.0,0.5430546825895664,337.5,1.186447019413565,-2.0,2.0
realAWSCloudwatch/rds_cpu_utilization_cc0c53.csv,realAWSCloudwatch,C_iforest_contextual,0.00421,0.7042840094470111,0.9828850855745721,1.0,0.9913686806411837,1.0,0.633563796354494,337.5,1.076447019413565,-2.0,2.0
realAWSCloudwatch/rds_cpu_utilization_cc0c53.csv,realAWSCloudwatch,C_iforest_contextual,0.005029,0.703081069847761,0.9804878048780488,1.0,0.9901477832512315,1.0,0.7240729101194218,337.5,0.9728957101788633,-2.0,2.0
realAWSCloudwatch/rds_cpu_utilization_cc0c53.csv,realAWSCloudwatch,C_iforest_contextual,0.006006,0.7022371689721074,0.9733656174334141,1.0,0.9865030674846627,1.0,0.9050911376492772,337.5,0.7529242285418065,-2.0,2.0
realAWSCloudwatch/rds_cpu_utilization_cc0c53.csv,realAWSCloudwatch,C_iforest_contextual,0.007173,0.7014944393690694,0.9686746987951808,1.0,0.9840881272949816,1.0,1.0861093651791327,337.5,0.6013685640835513,-2.0,2.0
realAWSCloudwatch/rds_cpu_utilization_cc0c53.csv,realAWSCloudwatch,C_iforest_contextual,0.008566,0.6992090492150196,0.9594272076372315,1.0,0.979293544457978,1.0,1.3576367064739159,337.5,0.393160044069571,-2.0,2.0
realAWSCloudwatch/rds_cpu_utilization_cc0c53.csv,realAWSCloudwatch,C_iforest_contextual,0.010231,0.6959260123547563,0.9571428571428572,1.0,0.9781021897810218,1.0,1.4481458202388435,337.5,0.283320121067698,-2.0,2.0
realAWSCloudwatch/rds_cpu_utilization_cc0c53.csv,realAWSCloudwatch,C_iforest_contextual,0.012218,0.6945048406384151,0.950354609929078,1.0,0.9745454545454546,1.0,1.7196731615336267,337.5,-0.02779281386257222,-2.0,2.0
realAWSCloudwatch/rds_cpu_utilization_cc0c53.csv,realAWSCloudwatch,C_iforest_contextual,0.014592,0.6919201895519373,0.9436619718309859,1.0,0.9710144927536231,1.0,1.9006913890634822,335.0,-0.15927817515779202,-2.0,2.0
realAWSCloudwatch/rds_cpu_utilization_cc0c53.csv,realAWSCloudwatch,C_iforest_contextual,0.017428,0.6876568509659154,0.9262672811059908,1.0,0.9617224880382775,1.0,2.4437460716530484,335.0,-0.8168064601231585,-2.0,2.0
realAWSCloudwatch/rds_cpu_utilization_cc0c53.csv,realAWSCloudwatch,C_iforest_contextual,0.020814,0.6841013828035565,0.90744920993228,1.0,0.9514792899408284,1.0,2.9868007542426147,312.5,-1.3469485769846075,-2.0,2.0
realAWSCloudwatch/rds_cpu_utilization_cc0c53.csv,realAWSCloudwatch,C_iforest_contextual,0.024858,0.6798383631512347,0.8933333333333333,1.0,0.9436619718309859,1.0,3.6203645505971087,297.5,-1.9961140533252293,-2.0,2.0
realAWSCloudwatch/rds_cpu_utilization_cc0c53.csv,realAWSCloudwatch,C_iforest_contextual,0.029688,0.6752601019741675,0.8739130434782608,1.0,0.9327146171693734,1.0,4.253928346951603,295.0,-2.7270381450996872,-2.0,2.0
realAWSCloudwatch/rds_cpu_utilization_cc0c53.csv,realAWSCloudwatch,C_iforest_contextual,0.035456,0.6721933181518671,0.8516949152542372,1.0,0.9199084668192219,1.0,4.706473915776241,290.0,-3.1465549845350993,-2.0,2.0
realAWSCloudwatch/rds_cpu_utilization_cc0c53.csv,realAWSCloudwatch,C_iforest_contextual,0.042345,0.6690121237639821,0.8237704918032787,1.0,0.9033707865168539,1.0,5.611565053425519,77.5,-4.01940635927193,-2.0,2.0
realAWSCloudwatch/rds_cpu_utilization_cc0c53.csv,realAWSCloudwatch,C_iforest_contextual,0.050573,0.6647442660982847,0.788235294117647,1.0,0.8815789473684211,1.0,6.516656191074796,77.5,-5.027806367695618,-2.0,2.0
realAWSCloudwatch/rds_cpu_utilization_cc0c53.csv,realAWSCloudwatch,C_iforest_contextual,0.060399,0.6610585905252977,0.7514018691588785,1.0,0.8580576307363927,1.0,7.240729101194217,77.5,-5.767491080925819,-2.0,2.0
realAWSCloudwatch/rds_cpu_utilization_cc0c53.csv,realAWSCloudwatch,C_iforest_contextual,0.072135,0.6569721686112282,0.7204301075268817,1.0,0.8375,1.0,7.512256442489001,77.5,-6.082332601209509,-2.0,2.0
realAWSCloudwatch/rds_cpu_utilization_cc0c53.csv,realAWSCloudwatch,C_iforest_contextual,0.086151,0.65248884272586,0.6779089376053963,1.0,0.808040201005025,1.0,7.602765556253929,77.5,-6.127217252365979,-2.0,2.0
realAWSCloudwatch/rds_cpu_utilization_cc0c53.csv,realAWSCloudwatch,C_iforest_contextual,0.10289,0.6480766380579474,0.6350710900473934,1.0,0.7768115942028985,1.0,7.421747328724074,45.0,-5.929255677461422,-2.0,2.0
realAWSCloudwatch/rds_cpu_utilization_cc0c53.csv,realAWSCloudwatch,C_iforest_contextual,0.122881,0.6421720694399122,0.5964391691394659,1.0,0.7472118959107807,1.0,7.3312382149591455,45.0,-5.780829306918299,-2.0,2.0
realAWSCloudwatch/rds_cpu_utilization_cc0c53.csv,realAWSCloudwatch,C_iforest_contextual,0.146757,0.6361938080648628,0.5521978021978022,1.0,0.7115044247787611,1.0,7.240729101194217,45.0,-5.770321722919247,-2.0,2.0
realAWSCloudwatch/rds_cpu_utilization_cc0c53.csv,realAWSCloudwatch,C_iforest_contextual,0.175272,0.6289585358507316,0.5101522842639594,1.0,0.6756302521008404,1.0,7.059710873664362,45.0,-5.904663607183896,-2.0,2.0
realAWSCloudwatch/rds_cpu_utilization_cc0c53.csv,realAWSCloudwatch,C_iforest_contextual,0.209328,0.6200744252177147,0.46420323325635104,1.0,0.6340694006309149,1.0,6.878692646134507,45.0,-5.9289118669858345,-2.0,2.0
realAWSCloudwatch/rds_cpu_utilization_cc0c53.csv,realAWSCloudwatch,C_iforest_contextual,0.25,0.6088134177637771,0.41875,1.0,0.5903083700440529,1.0,6.878692646134507,25.0,-6.288102607850238,-2.0,2.0
realAWSCloudwatch/rds_cpu_utilization_e47b3b.csv,realAWSCloudwatch,A_rolling_zscore,0.0005,9.556236412912765,1.0,0.4949748743718593,0.6621848739495798,0.5,0.0,480.0,-0.1314295033819578,-2.0,2.0
realAWSCloudwatch/rds_cpu_utilization_e47b3b.csv,realAWSCloudwatch,A_rolling_zscore,0.000597,8.90857502922638,1.0,0.4949748743718593,0.6621848739495798,0.5,0.0,480.0,-0.1314295033819578,-2.0,2.0
realAWSCloudwatch/rds_cpu_utilization_e47b3b.csv,realAWSCloudwatch,A_rolling_zscore,0.000713,8.650941062658625,1.0,1.0,1.0,1.0,0.0,490.0,1.73012129869364,-2.0,2.0
realAWSCloudwatch/rds_cpu_utilization_e47b3b.csv,realAWSCloudwatch,A_rolling_zscore,0.000852,8.575468012192085,1.0,1.0,1.0,1.0,0.0,490.0,1.73012129869364,-2.0,2.0
realAWSCloudwatch/rds_cpu_utilization_e47b3b.csv,realAWSCloudwatch,A_rolling_zscore,0.001017,8.252720619818326,0.9974937343358395,1.0,0.9987452948557088,1.0,0.09053756680289217,490.0,1.6201221397380674,-2.0,2.0
realAWSCloudwatch/rds_cpu_utilization_e47b3b.csv,realAWSCloudwatch,A_rolling_zscore,0.001215,7.520518254552215,0.9974937343358395,1.0,0.9987452948557088,1.0,0.09053756680289217,490.0,1.6201221397380674,-2.0,2.0
realAWSCloudwatch/rds_cpu_utilization_e47b3b.csv,realAWSCloudwatch,A_rolling_zscore,0.001451,7.2862922783676405,0.995,1.0,0.9974937343358395,1.0,0.18107513360578434,490.0,1.5101221397380673,-2.0,2.0
realAWSCloudwatch/rds_cpu_utilization_e47b3b.csv,realAWSCloudwatch,A_rolling_zscore,0.001733,7.059920090769667,0.9925187032418953,1.0,0.9962453066332916,1.0,0.2716127004086765,490.0,1.4014192812126687,-2.0,2.0
realAWSCloudwatch/rds_cpu_utilization_e47b3b.csv,realAWSCloudwatch,A_rolling_zscore,0.00207,6.511330222966443,0.9900497512437811,1.0,0.995,1.0,0.3621502672115687,490.0,1.2953762474043289,-2.0,2.0
realAWSCloudwatch/rds_cpu_utilization_e47b3b.csv,realAWSCloudwatch,A_rolling_zscore,0.002472,6.186756817604749,0.9875930521091811,1.0,0.9937578027465668,1.0,0.45268783401446083,490.0,1.185532374892131,-2.0,2.0
realAWSCloudwatch/rds_cpu_utilization_e47b3b.csv,realAWSCloudwatch,A_rolling_zscore,0.002952,5.147461718197351,0.9827160493827161,1.0,0.9912826899128269,1.0,0.6337629676202452,490.0,0.9655323748921308,-2.0,2.0
realAWSCloudwatch/rds_cpu_utilization_e47b3b.csv,realAWSCloudwatch,A_rolling_zscore,0.003525,4.4186108119439975,0.9802955665024631,1.0,0.9900497512437811,1.0,0.7243005344231374,385.0,0.9513416449534114,-2.0,2.0
realAWSCloudwatch/rds_cpu_utilization_e47b3b.csv,realAWSCloudwatch,A_rolling_zscore,0.00421,4.205803371446096,0.9754901960784313,1.0,0.987593052109181,1.0,0.8148381012260295,385.0,0.8414696182174741,-2.0,2.0
realAWSCloudwatch/rds_cpu_utilization_e47b3b.csv,realAWSCloudwatch,A_rolling_zscore,0.005029,3.8732904616320525,0.9683698296836983,1.0,0.9839307787391842,1.0,1.086450801634706,385.0,0.511473039237308,-2.0,2.0
realAWSCloudwatch/rds_cpu_utilization_e47b3b.csv,realAWSCloudwatch,A_rolling_zscore,0.006006,3.8206220649574556,0.9636803874092009,1.0,0.9815043156596794,1.0,1.2675259352404904,385.0,0.29213709082874384,-2.0,2.0
realAWSCloudwatch/rds_cpu_utilization_e47b3b.csv,realAWSCloudwatch,A_rolling_zscore,0.007173,3.7194967384655984,0.9567307692307693,1.0,0.977886977886978,1.0,1.539138635649167,385.0,-0.03643626524135238,-2.0,2.0
realAWSCloudwatch/rds_cpu_utilization_e47b3b.csv,realAWSCloudwatch,A_rolling_zscore,0.008566,3.571638220890929,0.9476190476190476,1.0,0.9731051344743276,1.0,1.9012889028607356,170.0,-0.2861060080975985,-2.0,2.0
realAWSCloudwatch/rds_cpu_utilization_e47b3b.csv,realAWSCloudwatch,A_rolling_zscore,0.010231,3.372908130416089,0.9364705882352942,1.0,0.9671931956257594,1.0,2.263439170072304,170.0,-0.7261050863100346,-2.0,2.0
realAWSCloudwatch/rds_cpu_utilization_e47b3b.csv,realAWSCloudwatch,A_rolling_zscore,0.012218,3.1866055302628835,0.9255813953488372,1.0,0.961352657004831,1.0,2.716127004086765,170.0,-1.2699376998377738,-2.0,2.0
realAWSCloudwatch/rds_cpu_utilization_e47b3b.csv,realAWSCloudwatch,A_rolling_zscore,0.014592,3.0783378080777974,0.9107551487414187,1.0,0.9532934131736527,1.0,3.34988997170701,170.0,-2.0384628552713395,-2.0,2.0
realAWSCloudwatch/rds_cpu_utilization_e47b3b.csv,realAWSCloudwatch,A_rolling_zscore,0.017428,2.9051493070702405,0.8943820224719101,1.0,0.9442467378410438,1.0,4.074190506130147,170.0,-2.792052550432055,-2.0,2.0
realAWSCloudwatch/rds_cpu_utilization_e47b3b.csv,realAWSCloudwatch,A_rolling_zscore,0.020814,2.7920594656999964,0.8766519823788547,1.0,0.9342723004694836,1.0,4.798491040553285,170.0,-3.671941378273943,-2.0,2.0
realAWSCloudwatch/rds_cpu_utilization_e47b3b.csv,realAWSCloudwatch,A_rolling_zscore,0.024858,2.6784127894641916,0.8559139784946237,1.0,0.9223638470451913,1.0,5.613329141779315,170.0,-4.638491581342463,-2.0,2.0
realAWSCloudwatch/rds_cpu_utilization_e47b3b.csv,realAWSCloudwatch,A_rolling_zscore,0.029688,2.5632290905091892,0.8308977035490606,1.0,0.9076396807297605,1.0,6.69977994341402,170.0,-5.883287154187792,-2.0,2.0
realAWSCloudwatch/rds_cpu_utilization_e47b3b.csv,realAWSCloudwatch,A_rolling_zscore,0.035456,2.4650914992004225,0.805668016194332,1.0,0.8923766816143499,1.0,8.057843445457403,170.0,-7.4110674632828415,-2.0,2.0
realAWSCloudwatch/rds_cpu_utilization_e47b3b.csv,realAWSCloudwatch,A_rolling_zscore,0.042345,2.3546466570599516,0.77734375,1.0,0.8747252747252747,1.0,9.59698208110657,170.0,-9.178082980952153,-2.0,2.0
realAWSCloudwatch/rds_cpu_utilization_e47b3b.csv,realAWSCloudwatch,A_rolling_zscore,0.050573,2.2396571534581953,0.7425373134328358,1.0,0.8522483940042827,1.0,11.407733417164414,170.0,-11.359174235380328,-2.0,2.0
realAWSCloudwatch/rds_cpu_utilization_e47b3b.csv,realAWSCloudwatch,A_rolling_zscore,0.060399,2.162043450557531,0.7069271758436945,1.0,0.8283038501560873,1.0,12.856334486010688,115.0,-13.083381447743923,-2.0,2.0
realAWSCloudwatch/rds_cpu_utilization_e47b3b.csv,realAWSCloudwatch,A_rolling_zscore,0.072135,2.064734033430975,0.6677852348993288,1.0,0.8008048289738431,1.0,15.119773656082993,115.0,-15.603074516780985,-2.0,2.0
realAWSCloudwatch/rds_cpu_utilization_e47b3b.csv,realAWSCloudwatch,A_rolling_zscore,0.086151,1.9676016879682727,0.6287519747235387,1.0,0.7720659553831233,1.0,17.11160012574662,85.0,-17.98343787425912,-2.0,2.0
realAWSCloudwatch/rds_cpu_utilization_e47b3b.csv,realAWSCloudwatch,A_rolling_zscore,0.10289,1.8267709362881417,0.5852941176470589,1.0,0.738404452690167,1.0,19.375039295818926,85.0,-20.702570250682054,-2.0,2.0
realAWSCloudwatch/rds_cpu_utilization_e47b3b.csv,realAWSCloudwatch,A_rolling_zscore,0.122881,1.7357140262407298,0.5400271370420624,1.0,0.7013215859030837,1.0,21.819553599497013,85.0,-23.408011001618316,-2.0,2.0
realAWSCloudwatch/rds_cpu_utilization_e47b3b.csv,realAWSCloudwatch,A_rolling_zscore,0.146757,1.610599174668962,0.49502487562189057,1.0,0.6622296173044926,1.0,23.992455202766426,30.0,-25.93374661730491,-2.0,2.0
realAWSCloudwatch/rds_cpu_utilization_e47b3b.csv,realAWSCloudwatch,A_rolling_zscore,0.175272,1.5015232481756067,0.45227272727272727,1.0,0.622848200312989,1.0,25.712668972021376,30.0,-28.20952075194442,-2.0,2.0
realAWSCloudwatch/rds_cpu_utilization_e47b3b.csv,realAWSCloudwatch,A_rolling_zscore,0.209328,1.4086773772994998,0.4065372829417773,1.0,0.5780682643427741,1.0,26.980194907261865,7.5,-29.80207465946544,-2.0,2.0
realAWSCloudwatch/rds_cpu_utilization_e47b3b.csv,realAWSCloudwatch,A_rolling_zscore,0.25,1.304067041877318,0.3654729109274564,1.0,0.535305985205111,1.0,27.161270040867652,7.5,-29.87524958527908,-2.0,2.0
realAWSCloudwatch/rds_cpu_utilization_e47b3b.csv,realAWSCloudwatch,B_iforest_raw,0.0005,0.827678170683911,1.0,0.4949748743718593,0.6621848739495798,0.5,0.0,480.0,-0.1314295033819578,-2.0,2.0
realAWSCloudwatch/rds_cpu_utilization_e47b3b.csv,realAWSCloudwatch,B_iforest_raw,0.000597,0.827678170683911,1.0,0.4949748743718593,0.6621848739495798,0.5,0.0,480.0,-0.1314295033819578,-2.0,2.0
realAWSCloudwatch/rds_cpu_utilization_e47b3b.csv,realAWSCloudwatch,B_iforest_raw,0.000713,0.827678170683911,1.0,0.4949748743718593,0.6621848739495798,0.5,0.0,480.0,-0.1314295033819578,-2.0,2.0
realAWSCloudwatch/rds_cpu_utilization_e47b3b.csv,realAWSCloudwatch,B_iforest_raw,0.000852,0.827678170683911,1.0,0.4949748743718593,0.6621848739495798,0.5,0.0,480.0,-0.1314295033819578,-2.0,2.0
realAWSCloudwatch/rds_cpu_utilization_e47b3b.csv,realAWSCloudwatch,B_iforest_raw,0.001017,0.827678170683911,1.0,0.4949748743718593,0.6621848739495798,0.5,0.0,480.0,-0.1314295033819578,-2.0,2.0
realAWSCloudwatch/rds_cpu_utilization_e47b3b.csv,realAWSCloudwatch,B_iforest_raw,0.001215,0.827678170683911,1.0,0.4949748743718593,0.6621848739495798,0.5,0.0,480.0,-0.1314295033819578,-2.0,2.0
realAWSCloudwatch/rds_cpu_utilization_e47b3b.csv,realAWSCloudwatch,B_iforest_raw,0.001451,0.827678170683911,1.0,0.4949748743718593,0.6621848739495798,0.5,0.0,480.0,-0.1314295033819578,-2.0,2.0
realAWSCloudwatch/rds_cpu_utilization_e47b3b.csv,realAWSCloudwatch,B_iforest_raw,0.001733,0.827678170683911,1.0,0.4949748743718593,0.6621848739495798,0.5,0.0,480.0,-0.1314295033819578,-2.0,2.0
realAWSCloudwatch/rds_cpu_utilization_e47b3b.csv,realAWSCloudwatch,B_iforest_raw,0.00207,0.827678170683911,1.0,0.4949748743718593,0.6621848739495798,0.5,0.0,480.0,-0.1314295033819578,-2.0,2.0
realAWSCloudwatch/rds_cpu_utilization_e47b3b.csv,realAWSCloudwatch,B_iforest_raw,0.002472,0.827678170683911,1.0,0.4949748743718593,0.6621848739495798,0.5,0.0,480.0,-0.1314295033819578,-2.0,2.0
realAWSCloudwatch/rds_cpu_utilization_e47b3b.csv,realAWSCloudwatch,B_iforest_raw,0.002952,0.827678170683911,1.0,0.4949748743718593,0.6621848739495798,0.5,0.0,480.0,-0.1314295033819578,-2.0,2.0
realAWSCloudwatch/rds_cpu_utilization_e47b3b.csv,realAWSCloudwatch,B_iforest_raw,0.003525,0.827678170683911,1.0,0.4949748743718593,0.6621848739495798,0.5,0.0,480.0,-0.1314295033819578,-2.0,2.0
realAWSCloudwatch/rds_cpu_utilization_e47b3b.csv,realAWSCloudwatch,B_iforest_raw,0.00421,0.827678170683911,1.0,0.4949748743718593,0.6621848739495798,0.5,0.0,480.0,-0.1314295033819578,-2.0,2.0
realAWSCloudwatch/rds_cpu_utilization_e47b3b.csv,realAWSCloudwatch,B_iforest_raw,0.005029,0.827678170683911,1.0,0.4949748743718593,0.6621848739495798,0.5,0.0,480.0,-0.1314295033819578,-2.0,2.0
realAWSCloudwatch/rds_cpu_utilization_e47b3b.csv,realAWSCloudwatch,B_iforest_raw,0.006006,0.827678170683911,1.0,0.4949748743718593,0.6621848739495798,0.5,0.0,480.0,-0.1314295033819578,-2.0,2.0
realAWSCloudwatch/rds_cpu_utilization_e47b3b.csv,realAWSCloudwatch,B_iforest_raw,0.007173,0.827678170683911,1.0,0.4949748743718593,0.6621848739495798,0.5,0.0,480.0,-0.1314295033819578,-2.0,2.0
realAWSCloudwatch/rds_cpu_utilization_e47b3b.csv,realAWSCloudwatch,B_iforest_raw,0.008566,0.827678170683911,1.0,0.4949748743718593,0.6621848739495798,0.5,0.0,480.0,-0.1314295033819578,-2.0,2.0
realAWSCloudwatch/rds_cpu_utilization_e47b3b.csv,realAWSCloudwatch,B_iforest_raw,0.010231,0.827678170683911,1.0,0.4949748743718593,0.6621848739495798,0.5,0.0,480.0,-0.1314295033819578,-2.0,2.0
realAWSCloudwatch/rds_cpu_utilization_e47b3b.csv,realAWSCloudwatch,B_iforest_raw,0.012218,0.827678170683911,1.0,0.4949748743718593,0.6621848739495798,0.5,0.0,480.0,-0.1314295033819578,-2.0,2.0
realAWSCloudwatch/rds_cpu_utilization_e47b3b.csv,realAWSCloudwatch,B_iforest_raw,0.014592,0.827678170683911,1.0,0.4949748743718593,0.6621848739495798,0.5,0.0,480.0,-0.1314295033819578,-2.0,2.0
realAWSCloudwatch/rds_cpu_utilization_e47b3b.csv,realAWSCloudwatch,B_iforest_raw,0.017428,0.827678170683911,1.0,0.4949748743718593,0.6621848739495798,0.5,0.0,480.0,-0.1314295033819578,-2.0,2.0
realAWSCloudwatch/rds_cpu_utilization_e47b3b.csv,realAWSCloudwatch,B_iforest_raw,0.020814,0.827678170683911,1.0,0.4949748743718593,0.6621848739495798,0.5,0.0,480.0,-0.1314295033819578,-2.0,2.0
realAWSCloudwatch/rds_cpu_utilization_e47b3b.csv,realAWSCloudwatch,B_iforest_raw,0.024858,0.827678170683911,1.0,0.4949748743718593,0.6621848739495798,0.5,0.0,480.0,-0.1314295033819578,-2.0,2.0
realAWSCloudwatch/rds_cpu_utilization_e47b3b.csv,realAWSCloudwatch,B_iforest_raw,0.029688,0.827678170683911,0.9949494949494949,0.4949748743718593,0.6610738255033557,0.5,0.0,480.0,-0.1314295033819578,-2.0,2.0
realAWSCloudwatch/rds_cpu_utilization_e47b3b.csv,realAWSCloudwatch,B_iforest_raw,0.035456,0.827678170683911,0.9120370370370371,0.4949748743718593,0.6416938110749186,0.5,0.0,480.0,-0.1314295033819578,-2.0,2.0
realAWSCloudwatch/rds_cpu_utilization_e47b3b.csv,realAWSCloudwatch,B_iforest_raw,0.042345,0.827678170683911,0.8277310924369747,0.4949748743718593,0.6194968553459119,0.5,0.0,480.0,-0.1314295033819578,-2.0,2.0
realAWSCloudwatch/rds_cpu_utilization_e47b3b.csv,realAWSCloudwatch,B_iforest_raw,0.050573,0.827678170683911,0.7462121212121212,0.4949748743718593,0.5951661631419939,0.5,0.0,480.0,-0.1314295033819578,-2.0,2.0
realAWSCloudwatch/rds_cpu_utilization_e47b3b.csv,realAWSCloudwatch,B_iforest_raw,0.060399,0.827678170683911,0.6655405405405406,0.4949748743718593,0.5677233429394813,0.5,0.0,480.0,-0.1314295033819578,-2.0,2.0
realAWSCloudwatch/rds_cpu_utilization_e47b3b.csv,realAWSCloudwatch,B_iforest_raw,0.072135,0.827678170683911,0.5915915915915916,0.4949748743718593,0.5389876880984952,0.5,0.0,480.0,-0.1314295033819578,-2.0,2.0
realAWSCloudwatch/rds_cpu_utilization_e47b3b.csv,realAWSCloudwatch,B_iforest_raw,0.086151,0.827678170683911,0.5211640211640212,0.4949748743718593,0.5077319587628866,0.5,0.0,480.0,-0.1314295033819578,-2.0,2.0
realAWSCloudwatch/rds_cpu_utilization_e47b3b.csv,realAWSCloudwatch,B_iforest_raw,0.10289,0.827678170683911,0.45707656612529,0.4949748743718593,0.4752714113389626,0.5,0.0,480.0,-0.1314295033819578,-2.0,2.0
realAWSCloudwatch/rds_cpu_utilization_e47b3b.csv,realAWSCloudwatch,B_iforest_raw,0.122881,0.827678170683911,0.397979797979798,0.4949748743718593,0.4412094064949608,0.5,0.0,480.0,-0.1314295033819578,-2.0,2.0
realAWSCloudwatch/rds_cpu_utilization_e47b3b.csv,realAWSCloudwatch,B_iforest_raw,0.146757,0.827678170683911,0.3456140350877193,0.4949748743718593,0.40702479338842973,0.5,0.0,480.0,-0.1314295033819578,-2.0,2.0
realAWSCloudwatch/rds_cpu_utilization_e47b3b.csv,realAWSCloudwatch,B_iforest_raw,0.175272,0.827678170683911,0.2980332829046899,0.4949748743718593,0.3720491029272899,0.5,0.0,480.0,-0.1314295033819578,-2.0,2.0
realAWSCloudwatch/rds_cpu_utilization_e47b3b.csv,realAWSCloudwatch,B_iforest_raw,0.209328,0.827678170683911,0.2558441558441558,0.4949748743718593,0.33732876712328763,0.5,0.0,480.0,-0.1314295033819578,-2.0,2.0
realAWSCloudwatch/rds_cpu_utilization_e47b3b.csv,realAWSCloudwatch,B_iforest_raw,0.25,0.827678170683911,0.21913236929922136,0.4949748743718593,0.30377794911333844,0.5,0.0,480.0,-0.1314295033819578,-2.0,2.0
realAWSCloudwatch/rds_cpu_utilization_e47b3b.csv,realAWSCloudwatch,C_iforest_contextual,0.0005,0.7469001921199523,0.0,0.0,0.0,0.0,0.09053756680289217,,-2.1098438725121977,-2.0,2.0
realAWSCloudwatch/rds_cpu_utilization_e47b3b.csv,realAWSCloudwatch,C_iforest_contextual,0.000597,0.7465123940243749,0.0,0.0,0.0,0.0,0.09053756680289217,,-2.1098438725121977,-2.0,2.0
realAWSCloudwatch/rds_cpu_utilization_e47b3b.csv,realAWSCloudwatch,C_iforest_contextual,0.000713,0.744835666403323,0.0,0.0,0.0,0.0,0.18107513360578434,,-2.2198438725121976,-2.0,2.0
realAWSCloudwatch/rds_cpu_utilization_e47b3b.csv,realAWSCloudwatch,C_iforest_contextual,0.000852,0.7422791380088317,0.0,0.0,0.0,0.0,0.18107513360578434,,-2.2198438725121976,-2.0,2.0
realAWSCloudwatch/rds_cpu_utilization_e47b3b.csv,realAWSCloudwatch,C_iforest_contextual,0.001017,0.738406623073973,0.9899497487437185,0.4949748743718593,0.6599664991624791,0.5,0.18107513360578434,480.0,-0.3512733758941557,-2.0,2.0
realAWSCloudwatch/rds_cpu_utilization_e47b3b.csv,realAWSCloudwatch,C_iforest_contextual,0.001215,0.732520280430381,0.9899497487437185,0.4949748743718593,0.6599664991624791,0.5,0.18107513360578434,480.0,-0.3512733758941557,-2.0,2.0
realAWSCloudwatch/rds_cpu_utilization_e47b3b.csv,realAWSCloudwatch,C_iforest_contextual,0.001451,0.7309945756343432,0.985,0.4949748743718593,0.6588628762541806,0.5,0.2716127004086765,480.0,-0.45997623441955426,-2.0,2.0
realAWSCloudwatch/rds_cpu_utilization_e47b3b.csv,realAWSCloudwatch,C_iforest_contextual,0.001733,0.7307231716721871,0.9800995024875622,0.4949748743718593,0.6577629382303839,0.5,0.3621502672115687,480.0,-0.5699753933751268,-2.0,2.0
realAWSCloudwatch/rds_cpu_utilization_e47b3b.csv,realAWSCloudwatch,C_iforest_contextual,0.00207,0.7302748874133993,0.9752475247524752,0.4949748743718593,0.6566666666666666,0.5,0.45268783401446083,480.0,-0.6799753933751268,-2.0,2.0
realAWSCloudwatch/rds_cpu_utilization_e47b3b.csv,realAWSCloudwatch,C_iforest_contextual,0.002472,0.7286527560220195,0.9704433497536946,0.4949748743718593,0.6555740432612313,0.5,0.543225400817353,480.0,-0.7899753933751268,-2.0,2.0
realAWSCloudwatch/rds_cpu_utilization_e47b3b.csv,realAWSCloudwatch,C_iforest_contextual,0.002952,0.7253231335774797,0.9827160493827161,1.0,0.9912826899128269,1.0,0.6337629676202452,490.0,0.9615754087004705,-2.0,2.0
realAWSCloudwatch/rds_cpu_utilization_e47b3b.csv,realAWSCloudwatch,C_iforest_contextual,0.003525,0.7179655856700494,0.9778869778869779,1.0,0.9888198757763975,1.0,0.8148381012260295,490.0,0.7455323748921309,-2.0,2.0
realAWSCloudwatch/rds_cpu_utilization_e47b3b.csv,realAWSCloudwatch,C_iforest_contextual,0.00421,0.7144301125105744,0.9754901960784313,1.0,0.987593052109181,1.0,0.9053756680289217,385.0,0.7320056965448475,-2.0,2.0
realAWSCloudwatch/rds_cpu_utilization_e47b3b.csv,realAWSCloudwatch,C_iforest_contextual,0.005029,0.7096247312948734,0.9707317073170731,1.0,0.9851485148514851,1.0,1.086450801634706,385.0,0.5120221627148999,-2.0,2.0
realAWSCloudwatch/rds_cpu_utilization_e47b3b.csv,realAWSCloudwatch,C_iforest_contextual,0.006006,0.7030977534373561,0.9636803874092009,1.0,0.9815043156596794,1.0,1.3580635020433824,385.0,0.1820233858010133,-2.0,2.0
realAWSCloudwatch/rds_cpu_utilization_e47b3b.csv,realAWSCloudwatch,C_iforest_contextual,0.007173,0.7008613492294643,0.9567307692307693,1.0,0.977886977886978,1.0,1.539138635649167,385.0,-0.03797661419898682,-2.0,2.0
realAWSCloudwatch/rds_cpu_utilization_e47b3b.csv,realAWSCloudwatch,C_iforest_contextual,0.008566,0.6977068784539939,0.9521531100478469,1.0,0.9754901960784313,1.0,1.7202137692549513,385.0,-0.2579765398226553,-2.0,2.0
realAWSCloudwatch/rds_cpu_utilization_e47b3b.csv,realAWSCloudwatch,C_iforest_contextual,0.010231,0.6948685808752647,0.9408983451536643,1.0,0.9695493300852619,1.0,2.172901603269412,385.0,-0.7706588319601295,-2.0,2.0
realAWSCloudwatch/rds_cpu_utilization_e47b3b.csv,realAWSCloudwatch,C_iforest_contextual,0.012218,0.6921245001213482,0.9299065420560748,1.0,0.963680387409201,1.0,2.625589437283873,385.0,-1.2234441817230939,-2.0,2.0
realAWSCloudwatch/rds_cpu_utilization_e47b3b.csv,realAWSCloudwatch,C_iforest_contextual,0.014592,0.690236928932363,0.9170506912442397,1.0,0.9567307692307692,1.0,2.9877397044954415,385.0,-1.5523015504693933,-2.0,2.0
realAWSCloudwatch/rds_cpu_utilization_e47b3b.csv,realAWSCloudwatch,C_iforest_contextual,0.017428,0.6865883241877885,0.9004524886877828,1.0,0.9476190476190477,1.0,3.5309651053127946,385.0,-2.109407742988285,-2.0,2.0
realAWSCloudwatch/rds_cpu_utilization_e47b3b.csv,realAWSCloudwatch,C_iforest_contextual,0.020814,0.6832999529517887,0.8805309734513275,1.0,0.9364705882352942,1.0,4.436340773341716,385.0,-3.205130845710994,-2.0,2.0
realAWSCloudwatch/rds_cpu_utilization_e47b3b.csv,realAWSCloudwatch,C_iforest_contextual,0.024858,0.6806917416245567,0.8614718614718615,1.0,0.9255813953488372,1.0,4.8890286073561775,385.0,-3.7451700310984397,-2.0,2.0
realAWSCloudwatch/rds_cpu_utilization_e47b3b.csv,realAWSCloudwatch,C_iforest_contextual,0.029688,0.6764121625643906,0.8378947368421052,1.0,0.9117983963344788,1.0,5.703866708582207,385.0,-4.626177547072051,-2.0,2.0
realAWSCloudwatch/rds_cpu_utilization_e47b3b.csv,realAWSCloudwatch,C_iforest_contextual,0.035456,0.6728436157381169,0.8139059304703476,1.0,0.8974069898534386,1.0,6.156554542596668,385.0,-5.187828890787689,-2.0,2.0
realAWSCloudwatch/rds_cpu_utilization_e47b3b.csv,realAWSCloudwatch,C_iforest_contextual,0.042345,0.6688574123360675,0.7834645669291339,1.0,0.8785871964679912,1.0,7.333542911034265,385.0,-6.49376446152581,-2.0,2.0
realAWSCloudwatch/rds_cpu_utilization_e47b3b.csv,realAWSCloudwatch,C_iforest_contextual,0.050573,0.6641982332173042,0.7537878787878788,1.0,0.8596112311015118,1.0,7.8767683118516185,385.0,-7.066567020734592,-2.0,2.0
realAWSCloudwatch/rds_cpu_utilization_e47b3b.csv,realAWSCloudwatch,C_iforest_contextual,0.060399,0.6602771752077501,0.7210144927536232,1.0,0.8378947368421054,1.0,8.691606413077649,385.0,-8.049977129830756,-2.0,2.0
realAWSCloudwatch/rds_cpu_utilization_e47b3b.csv,realAWSCloudwatch,C_iforest_contextual,0.072135,0.6565299410881643,0.687392055267703,1.0,0.8147389969293757,1.0,9.868594781515247,385.0,-9.569027963757785,-2.0,2.0
realAWSCloudwatch/rds_cpu_utilization_e47b3b.csv,realAWSCloudwatch,C_iforest_contextual,0.086151,0.6525747307246241,0.6440129449838188,1.0,0.7834645669291339,1.0,11.407733417164414,385.0,-11.35443882897073,-2.0,2.0
realAWSCloudwatch/rds_cpu_utilization_e47b3b.csv,realAWSCloudwatch,C_iforest_contextual,0.10289,0.6477080867761668,0.603030303030303,1.0,0.7523629489603024,1.0,12.856334486010688,170.0,-12.900046463746513,-2.0,2.0
realAWSCloudwatch/rds_cpu_utilization_e47b3b.csv,realAWSCloudwatch,C_iforest_contextual,0.122881,0.6428112016257193,0.5574229691876751,1.0,0.7158273381294964,1.0,14.21439798805407,170.0,-14.669669319314753,-2.0,2.0
realAWSCloudwatch/rds_cpu_utilization_e47b3b.csv,realAWSCloudwatch,C_iforest_contextual,0.146757,0.6370652880620551,0.5122265122265123,1.0,0.6774468085106383,1.0,15.934611757309021,125.0,-16.57621038191563,-2.0,2.0
realAWSCloudwatch/rds_cpu_utilization_e47b3b.csv,realAWSCloudwatch,C_iforest_contextual,0.175272,0.63063513194964,0.46604215456674475,1.0,0.6357827476038339,1.0,16.658912291732157,125.0,-17.486512851449035,-2.0,2.0
realAWSCloudwatch/rds_cpu_utilization_e47b3b.csv,realAWSCloudwatch,C_iforest_contextual,0.209328,0.6241644237816527,0.41983122362869196,1.0,0.5913818722139673,1.0,17.745363093366866,125.0,-19.107939523090547,-2.0,2.0
realAWSCloudwatch/rds_cpu_utilization_e47b3b.csv,realAWSCloudwatch,C_iforest_contextual,0.25,0.6159860862525058,0.3751178133836004,1.0,0.5455791638108294,1.0,18.922351461804464,92.5,-20.504984449079124,-2.0,2.0
realKnownCause/ambient_temperature_system_failure.csv,realKnownCause,A_rolling_zscore,0.0005,50.0,0.0,0.0,0.0,0.0,0.010168055359412512,,-2.3299999999999996,-2.0,2.0
realKnownCause/ambient_temperature_system_failure.csv,realKnownCause,A_rolling_zscore,0.000597,50.0,0.0,0.0,0.0,0.0,0.010168055359412512,,-2.3299999999999996,-2.0,2.0
realKnownCause/ambient_temperature_system_failure.csv,realKnownCause,A_rolling_zscore,0.000713,50.0,0.0,0.0,0.0,0.0,0.01355740714588335,,-2.4399999999999995,-2.0,2.0
realKnownCause/ambient_temperature_system_failure.csv,realKnownCause,A_rolling_zscore,0.000852,48.55779580022047,0.0,0.0,0.0,0.0,0.016946758932354186,,-2.5499999999999994,-2.0,2.0
realKnownCause/ambient_temperature_system_failure.csv,realKnownCause,A_rolling_zscore,0.001017,43.419566582736685,0.0,0.0,0.0,0.0,0.020336110718825025,,-2.652879787481251,-2.0,2.0
realKnownCause/ambient_temperature_system_failure.csv,realKnownCause,A_rolling_zscore,0.001215,40.52597326991677,0.0,0.0,0.0,0.0,0.02372546250529586,,-2.7625180577020316,-2.0,2.0
realKnownCause/ambient_temperature_system_failure.csv,realKnownCause,A_rolling_zscore,0.001451,36.47561463247314,0.0,0.0,0.0,0.0,0.030504166078237534,,-2.982515054401938,-2.0,2.0
realKnownCause/ambient_temperature_system_failure.csv,realKnownCause,A_rolling_zscore,0.001733,33.858255608708255,0.0,0.0,0.0,0.0,0.03728286965117921,,-3.1992166514237694,-2.0,2.0
realKnownCause/ambient_temperature_system_failure.csv,realKnownCause,A_rolling_zscore,0.00207,33.40377527138978,0.0,0.0,0.0,0.0,0.04406157322412088,,-3.419216651423769,-2.0,2.0
realKnownCause/ambient_temperature_system_failure.csv,realKnownCause,A_rolling_zscore,0.002472,32.414737359197325,0.0,0.0,0.0,0.0,0.0542296285835334,,-3.745185354113712,-2.0,2.0
realKnownCause/ambient_temperature_system_failure.csv,realKnownCause,A_rolling_zscore,0.002952,30.074497799747977,0.0,0.0,0.0,0.0,0.06439768394294591,,-4.075185354113711,-2.0,2.0
realKnownCause/ambient_temperature_system_failure.csv,realKnownCause,A_rolling_zscore,0.003525,26.08627415171269,0.0,0.0,0.0,0.0,0.07456573930235842,,-4.4051543587197255,-2.0,2.0
realKnownCause/ambient_temperature_system_failure.csv,realKnownCause,A_rolling_zscore,0.00421,24.543695896584666,0.0,0.0,0.0,0.0,0.09151249823471261,,-4.955151669594609,-2.0,2.0
realKnownCause/ambient_temperature_system_failure.csv,realKnownCause,A_rolling_zscore,0.005029,22.537316933708915,0.0,0.0,0.0,0.0,0.1084592571670668,,-5.471090644377745,-2.0,2.0
realKnownCause/ambient_temperature_system_failure.csv,realKnownCause,A_rolling_zscore,0.006006,20.714902677219275,0.0,0.0,0.0,0.0,0.12879536788589183,,-6.131090644377745,-2.0,2.0
realKnownCause/ambient_temperature_system_failure.csv,realKnownCause,A_rolling_zscore,0.007173,19.19296799999615,0.0,0.0,0.0,0.0,0.1559101821776585,,-6.998007596188945,-2.0,2.0
realKnownCause/ambient_temperature_system_failure.csv,realKnownCause,A_rolling_zscore,0.008566,17.86038465902989,0.8705035971223022,0.5,0.6351706036745407,0.5,0.18302499646942522,5160.0,-5.907258640732406,-2.0,2.0
realKnownCause/ambient_temperature_system_failure.csv,realKnownCause,A_rolling_zscore,0.010231,16.17123831553327,0.8481308411214953,0.5,0.6291161178509531,0.5,0.2169185143341336,5160.0,-6.973163133510869,-2.0,2.0
realKnownCause/ambient_temperature_system_failure.csv,realKnownCause,A_rolling_zscore,0.012218,15.034547638520852,0.9052369077306733,1.0,0.9502617801047121,1.0,0.2542013839853128,14370.0,-6.35051101160466,-2.0,2.0
realKnownCause/ambient_temperature_system_failure.csv,realKnownCause,A_rolling_zscore,0.014592,13.896061833933059,0.8929889298892989,1.0,0.9434697855750488,1.0,0.291484253636492,11790.0,-7.3488099789485055,-2.0,2.0
realKnownCause/ambient_temperature_system_failure.csv,realKnownCause,A_rolling_zscore,0.017428,12.394566135175149,0.8746987951807229,1.0,0.9331619537275064,1.0,0.34232453043355454,11790.0,-8.919597996866893,-2.0,2.0
realKnownCause/ambient_temperature_system_failure.csv,realKnownCause,A_rolling_zscore,0.020814,11.295794291843325,0.8551236749116607,1.0,0.9219047619047619,1.0,0.40333286259002965,3780.0,-10.813024344348259,-2.0,2.0
realKnownCause/ambient_temperature_system_failure.csv,realKnownCause,A_rolling_zscore,0.024858,10.13353238709163,0.8344827586206897,1.0,0.9097744360902255,1.0,0.4711198983194464,2520.0,-12.870868518497632,-2.0,2.0
realKnownCause/ambient_temperature_system_failure.csv,realKnownCause,A_rolling_zscore,0.029688,9.104785332376903,0.8111731843575419,1.0,0.8957433682911784,1.0,0.5524643411947465,2010.0,-15.421372848479567,-2.0,2.0
realKnownCause/ambient_temperature_system_failure.csv,realKnownCause,A_rolling_zscore,0.035456,8.202742311229168,0.7806451612903226,1.0,0.8768115942028984,1.0,0.6575342465753424,2010.0,-18.647843910010735,-2.0,2.0
realKnownCause/ambient_temperature_system_failure.csv,realKnownCause,A_rolling_zscore,0.042345,7.406287243121759,0.75,1.0,0.8571428571428571,1.0,0.7693828555288801,1590.0,-21.935238007693595,-2.0,2.0
realKnownCause/ambient_temperature_system_failure.csv,realKnownCause,A_rolling_zscore,0.050573,6.755422801767331,0.7166831194471865,1.0,0.8349626221966647,1.0,0.9049569269877136,1590.0,-26.130751519906173,-2.0,2.0
realKnownCause/ambient_temperature_system_failure.csv,realKnownCause,A_rolling_zscore,0.060399,6.110817876642943,0.6791393826005613,1.0,0.8089136490250697,1.0,1.0574777573789012,1590.0,-30.80694675200382,-2.0,2.0
realKnownCause/ambient_temperature_system_failure.csv,realKnownCause,A_rolling_zscore,0.072135,5.545488292275852,0.6351706036745407,1.0,0.7768860353130017,1.0,1.2811749752859765,1500.0,-37.92712316197678,-2.0,2.0
realKnownCause/ambient_temperature_system_failure.csv,realKnownCause,A_rolling_zscore,0.086151,5.064518779424164,0.5945945945945946,1.0,0.7457627118644068,1.0,1.4879254342606976,1140.0,-44.56822508050466,-2.0,2.0
realKnownCause/ambient_temperature_system_failure.csv,realKnownCause,A_rolling_zscore,0.10289,4.638340450434678,0.5508345978755691,1.0,0.7103718199608611,1.0,1.7048439485948312,810.0,-51.44967090053091,-2.0,2.0
realKnownCause/ambient_temperature_system_failure.csv,realKnownCause,A_rolling_zscore,0.122881,4.201037542214539,0.5055710306406686,1.0,0.6716003700277522,1.0,1.9488772772207315,810.0,-59.19874942352781,-2.0,2.0
realKnownCause/ambient_temperature_system_failure.csv,realKnownCause,A_rolling_zscore,0.146757,3.784298638813275,0.4624203821656051,1.0,0.6324041811846689,1.0,2.1420703290495693,810.0,-65.47446819219127,-2.0,2.0
realKnownCause/ambient_temperature_system_failure.csv,realKnownCause,A_rolling_zscore,0.175272,3.3536376289974195,0.41916859122401845,1.0,0.5907241659886087,1.0,2.2878124558678152,360.0,-69.67881313079405,-2.0,2.0
realKnownCause/ambient_temperature_system_failure.csv,realKnownCause,A_rolling_zscore,0.209328,2.966642854025944,0.3761658031088083,1.0,0.5466867469879518,1.0,2.4403332862590026,300.0,-74.51697949593066,-2.0,2.0
realKnownCause/ambient_temperature_system_failure.csv,realKnownCause,A_rolling_zscore,0.25,2.5935592543138224,0.33595557612216564,1.0,0.5029442327675787,1.0,2.457280045191357,300.0,-75.06165244456326,-2.0,2.0
realKnownCause/ambient_temperature_system_failure.csv,realKnownCause,B_iforest_raw,0.0005,0.7557996739011166,0.0,0.0,0.0,0.0,0.006778703572941675,,-2.2199999999999998,-2.0,2.0
realKnownCause/ambient_temperature_system_failure.csv,realKnownCause,B_iforest_raw,0.000597,0.7557996739011166,0.0,0.0,0.0,0.0,0.006778703572941675,,-2.2199999999999998,-2.0,2.0
realKnownCause/ambient_temperature_system_failure.csv,realKnownCause,B_iforest_raw,0.000713,0.7557996739011166,0.0,0.0,0.0,0.0,0.006778703572941675,,-2.2199999999999998,-2.0,2.0
realKnownCause/ambient_temperature_system_failure.csv,realKnownCause,B_iforest_raw,0.000852,0.7557996739011166,0.989100817438692,0.5,0.6642268984446478,0.5,0.006778703572941675,20460.0,-0.33577907833634446,-2.0,2.0
realKnownCause/ambient_temperature_system_failure.csv,realKnownCause,B_iforest_raw,0.001017,0.7557996739011166,0.989100817438692,0.5,0.6642268984446478,0.5,0.006778703572941675,20460.0,-0.33577907833634446,-2.0,2.0
realKnownCause/ambient_temperature_system_failure.csv,realKnownCause,B_iforest_raw,0.001215,0.7557996739011166,0.989100817438692,0.5,0.6642268984446478,0.5,0.006778703572941675,20460.0,-0.33577907833634446,-2.0,2.0
realKnownCause/ambient_temperature_system_failure.csv,realKnownCause,B_iforest_raw,0.001451,0.7557996739011166,0.989100817438692,0.5,0.6642268984446478,0.5,0.006778703572941675,20460.0,-0.33577907833634446,-2.0,2.0
realKnownCause/ambient_temperature_system_failure.csv,realKnownCause,B_iforest_raw,0.001733,0.7557996739011166,0.989100817438692,0.5,0.6642268984446478,0.5,0.006778703572941675,20460.0,-0.33577907833634446,-2.0,2.0
realKnownCause/ambient_temperature_system_failure.csv,realKnownCause,B_iforest_raw,0.00207,0.7557996739011166,0.989100817438692,0.5,0.6642268984446478,0.5,0.006778703572941675,20460.0,-0.33577907833634446,-2.0,2.0
realKnownCause/ambient_temperature_system_failure.csv,realKnownCause,B_iforest_raw,0.002472,0.7557996739011166,0.989100817438692,0.5,0.6642268984446478,0.5,0.006778703572941675,20460.0,-0.33577907833634446,-2.0,2.0
realKnownCause/ambient_temperature_system_failure.csv,realKnownCause,B_iforest_raw,0.002952,0.7557996739011166,0.989100817438692,0.5,0.6642268984446478,0.5,0.006778703572941675,20460.0,-0.33577907833634446,-2.0,2.0
realKnownCause/ambient_temperature_system_failure.csv,realKnownCause,B_iforest_raw,0.003525,0.7557996739011166,0.989100817438692,0.5,0.6642268984446478,0.5,0.006778703572941675,20460.0,-0.33577907833634446,-2.0,2.0
realKnownCause/ambient_temperature_system_failure.csv,realKnownCause,B_iforest_raw,0.00421,0.7557996739011166,0.989100817438692,0.5,0.6642268984446478,0.5,0.006778703572941675,20460.0,-0.33577907833634446,-2.0,2.0
realKnownCause/ambient_temperature_system_failure.csv,realKnownCause,B_iforest_raw,0.005029,0.7557996739011166,0.989100817438692,0.5,0.6642268984446478,0.5,0.006778703572941675,20460.0,-0.33577907833634446,-2.0,2.0
realKnownCause/ambient_temperature_system_failure.csv,realKnownCause,B_iforest_raw,0.006006,0.7557996739011166,0.989100817438692,0.5,0.6642268984446478,0.5,0.006778703572941675,20460.0,-0.33577907833634446,-2.0,2.0
realKnownCause/ambient_temperature_system_failure.csv,realKnownCause,B_iforest_raw,0.007173,0.7557996739011166,0.989100817438692,0.5,0.6642268984446478,0.5,0.006778703572941675,20460.0,-0.33577907833634446,-2.0,2.0
realKnownCause/ambient_temperature_system_failure.csv,realKnownCause,B_iforest_raw,0.008566,0.7557996739011166,0.9864130434782609,0.5,0.663619744058501,0.5,0.006778703572941675,20460.0,-0.33577907833634446,-2.0,2.0
realKnownCause/ambient_temperature_system_failure.csv,realKnownCause,B_iforest_raw,0.010231,0.7557996739011166,0.9577836411609498,0.5,0.6570135746606335,0.5,0.010168055359412512,20460.0,-0.443842295813064,-2.0,2.0
realKnownCause/ambient_temperature_system_failure.csv,realKnownCause,B_iforest_raw,0.012218,0.7557996739011166,0.9260204081632653,0.5,0.6493738819320215,0.5,0.020336110718825025,20460.0,-0.7735926127088236,-2.0,2.0
realKnownCause/ambient_temperature_system_failure.csv,realKnownCause,B_iforest_raw,0.014592,0.7557996739011166,0.8918918918918919,0.5,0.6407766990291263,0.5,0.020336110718825025,20460.0,-0.7735926127088236,-2.0,2.0
realKnownCause/ambient_temperature_system_failure.csv,realKnownCause,B_iforest_raw,0.017428,0.7539764906622668,0.852112676056338,0.5,0.6302083333333334,0.5,0.030504166078237534,20460.0,-1.1035970812865994,-2.0,2.0
realKnownCause/ambient_temperature_system_failure.csv,realKnownCause,B_iforest_raw,0.020814,0.7407273740415274,0.8194130925507901,0.5,0.621043627031651,0.5,0.030504166078237534,20400.0,-1.1015285080502888,-2.0,2.0
realKnownCause/ambient_temperature_system_failure.csv,realKnownCause,B_iforest_raw,0.024858,0.7264907496770707,0.7823275862068966,0.5,0.6100840336134454,0.5,0.03728286965117921,20160.0,-1.3150918395454767,-2.0,2.0
realKnownCause/ambient_temperature_system_failure.csv,realKnownCause,B_iforest_raw,0.029688,0.7264907496770707,0.7333333333333333,0.5,0.5945945945945945,0.5,0.04067222143765005,20160.0,-1.4250918395454768,-2.0,2.0
realKnownCause/ambient_temperature_system_failure.csv,realKnownCause,B_iforest_raw,0.035456,0.7264907496770707,0.6810506566604128,0.5,0.5766481334392376,0.5,0.07456573930235842,20160.0,-2.5250918395454773,-2.0,2.0
realKnownCause/ambient_temperature_system_failure.csv,realKnownCause,B_iforest_raw,0.042345,0.7264907496770707,0.6291161178509532,0.5,0.5571757482732157,0.5,0.11184860895353763,20160.0,-3.735091839545477,-2.0,2.0
realKnownCause/ambient_temperature_system_failure.csv,realKnownCause,B_iforest_raw,0.050573,0.7264907496770707,0.5752773375594294,0.5,0.5350036845983787,0.5,0.12201666431295013,20160.0,-4.0650918395454765,-2.0,2.0
realKnownCause/ambient_temperature_system_failure.csv,realKnownCause,B_iforest_raw,0.060399,0.7264907496770707,0.6987487969201155,1.0,0.8226628895184136,1.0,0.14913147860471684,10080.0,-3.056455009122765,-2.0,2.0
realKnownCause/ambient_temperature_system_failure.csv,realKnownCause,B_iforest_raw,0.072135,0.7264907496770707,0.6987487969201155,1.0,0.8226628895184136,1.0,0.14913147860471684,10080.0,-3.056455009122765,-2.0,2.0
realKnownCause/ambient_temperature_system_failure.csv,realKnownCause,B_iforest_raw,0.086151,0.7264907496770707,0.6987487969201155,1.0,0.8226628895184136,1.0,0.14913147860471684,10080.0,-3.056455009122765,-2.0,2.0
realKnownCause/ambient_temperature_system_failure.csv,realKnownCause,B_iforest_raw,0.10289,0.7264907496770707,0.6379613356766256,1.0,0.778969957081545,1.0,0.18302499646942522,10080.0,-3.7867894439923844,-2.0,2.0
realKnownCause/ambient_temperature_system_failure.csv,realKnownCause,B_iforest_raw,0.122881,0.7118292218682974,0.5850120870265915,1.0,0.7381799694966954,1.0,0.2169185143341336,1140.0,-4.791383459592374,-2.0,2.0
realKnownCause/ambient_temperature_system_failure.csv,realKnownCause,B_iforest_raw,0.146757,0.6876866094011543,0.5303140978816655,1.0,0.6930787589498807,1.0,0.291484253636492,1140.0,-7.102525775193084,-2.0,2.0
realKnownCause/ambient_temperature_system_failure.csv,realKnownCause,B_iforest_raw,0.175272,0.6572571683358058,0.47575360419397117,1.0,0.6447602131438721,1.0,0.3558819375794379,570.0,-9.050824062208987,-2.0,2.0
realKnownCause/ambient_temperature_system_failure.csv,realKnownCause,B_iforest_raw,0.209328,0.6207171312811243,0.42705882352941177,1.0,0.5985160758450124,1.0,0.41350091794944216,510.0,-10.85897132512541,-2.0,2.0
realKnownCause/ambient_temperature_system_failure.csv,realKnownCause,B_iforest_raw,0.25,0.5930345342295598,0.37655601659751037,1.0,0.5470987189148455,1.0,0.38977545544414627,510.0,-10.364129397057054,-2.0,2.0
realKnownCause/ambient_temperature_system_failure.csv,realKnownCause,C_iforest_contextual,0.0005,0.6520742287174595,0.9945205479452055,0.5,0.6654445462878094,0.5,0.006778703572941675,22920.0,-0.42342468647622566,-2.0,2.0
realKnownCause/ambient_temperature_system_failure.csv,realKnownCause,C_iforest_contextual,0.000597,0.6508032366753392,0.9945205479452055,0.5,0.6654445462878094,0.5,0.006778703572941675,22920.0,-0.42342468647622566,-2.0,2.0
realKnownCause/ambient_temperature_system_failure.csv,realKnownCause,C_iforest_contextual,0.000713,0.6493855787756357,0.9918032786885246,0.5,0.6648351648351648,0.5,0.010168055359412512,22920.0,-0.5333936910822401,-2.0,2.0
realKnownCause/ambient_temperature_system_failure.csv,realKnownCause,C_iforest_contextual,0.000852,0.6419164380178116,0.989100817438692,0.5,0.6642268984446478,0.5,0.01355740714588335,22920.0,-0.6433920327785988,-2.0,2.0
realKnownCause/ambient_temperature_system_failure.csv,realKnownCause,C_iforest_contextual,0.001017,0.6354873561413215,0.9864130434782609,0.5,0.663619744058501,0.5,0.01355740714588335,22920.0,-0.6433920327785988,-2.0,2.0
realKnownCause/ambient_temperature_system_failure.csv,realKnownCause,C_iforest_contextual,0.001215,0.6339608245379708,0.983739837398374,0.5,0.6630136986301369,0.5,0.016946758932354186,22920.0,-0.7533920327785987,-2.0,2.0
realKnownCause/ambient_temperature_system_failure.csv,realKnownCause,C_iforest_contextual,0.001451,0.632877879080925,0.9784366576819407,0.5,0.6618049225159526,0.5,0.020336110718825025,22920.0,-0.8633778800158486,-2.0,2.0
realKnownCause/ambient_temperature_system_failure.csv,realKnownCause,C_iforest_contextual,0.001733,0.6301380185614678,0.9731903485254692,0.5,0.6606005459508644,0.5,0.0271148142917667,22920.0,-1.0833778800158484,-2.0,2.0
realKnownCause/ambient_temperature_system_failure.csv,realKnownCause,C_iforest_contextual,0.00207,0.628676135491611,0.968,0.5,0.659400544959128,0.5,0.030504166078237534,22920.0,-1.1933657619436626,-2.0,2.0
realKnownCause/ambient_temperature_system_failure.csv,realKnownCause,C_iforest_contextual,0.002472,0.6269571370205872,0.9603174603174603,0.5,0.6576086956521738,0.5,0.030504166078237534,22920.0,-1.1933657382341956,-2.0,2.0
realKnownCause/ambient_temperature_system_failure.csv,realKnownCause,C_iforest_contextual,0.002952,0.6252903182138145,0.952755905511811,0.5,0.6558265582655826,0.5,0.03728286965117921,22920.0,-1.4133657382341955,-2.0,2.0
realKnownCause/ambient_temperature_system_failure.csv,realKnownCause,C_iforest_contextual,0.003525,0.6231071297229186,0.9453125,0.5,0.654054054054054,0.5,0.04067222143765005,22920.0,-1.4893510215738444,-2.0,2.0
realKnownCause/ambient_temperature_system_failure.csv,realKnownCause,C_iforest_contextual,0.00421,0.6208943100176304,0.966711051930759,1.0,0.9830737982396751,1.0,0.0542296285835334,16170.0,-0.027908081210432825,-2.0,2.0
realKnownCause/ambient_temperature_system_failure.csv,realKnownCause,C_iforest_contextual,0.005029,0.6173360675122899,0.9603174603174603,1.0,0.9797570850202428,1.0,0.07117638751588758,16170.0,-0.5607882136703531,-2.0,2.0
realKnownCause/ambient_temperature_system_failure.csv,realKnownCause,C_iforest_contextual,0.006006,0.6123758438625402,0.9540078843626807,1.0,0.976462676529926,1.0,0.0813444428753001,16170.0,-0.7898829442117293,-2.0,2.0
realKnownCause/ambient_temperature_system_failure.csv,realKnownCause,C_iforest_contextual,0.007173,0.6040728937667166,0.9453125,1.0,0.9718875502008032,1.0,0.09829120180765429,5940.0,-1.1465523799579627,-2.0,2.0
realKnownCause/ambient_temperature_system_failure.csv,realKnownCause,C_iforest_contextual,0.008566,0.6001129712325166,0.937984496124031,1.0,0.9680000000000001,1.0,0.11184860895353763,4800.0,-1.5387718456594959,-2.0,2.0
realKnownCause/ambient_temperature_system_failure.csv,realKnownCause,C_iforest_contextual,0.010231,0.5974658277261915,0.9260204081632653,1.0,0.9615894039735099,1.0,0.1355740714588335,4800.0,-2.292388130874148,-2.0,2.0
realKnownCause/ambient_temperature_system_failure.csv,realKnownCause,C_iforest_contextual,0.012218,0.5928050580466249,0.9132075471698113,1.0,0.9546351084812623,1.0,0.1626888857506002,4800.0,-3.1663449840604403,-2.0,2.0
realKnownCause/ambient_temperature_system_failure.csv,realKnownCause,C_iforest_contextual,0.014592,0.5898317238977112,0.8985148514851485,1.0,0.9465449804432855,1.0,0.19658240361530857,3810.0,-4.10111068898529,-2.0,2.0
realKnownCause/ambient_temperature_system_failure.csv,realKnownCause,C_iforest_contextual,0.017428,0.5866761384487984,0.8842874543239951,1.0,0.9385908209437621,1.0,0.2270865696935461,3810.0,-4.993906641840839,-2.0,2.0
realKnownCause/ambient_temperature_system_failure.csv,realKnownCause,C_iforest_contextual,0.020814,0.5821850328992504,0.8673835125448028,1.0,0.9289827255278311,1.0,0.2643694393447253,3810.0,-6.185391700375349,-2.0,2.0
realKnownCause/ambient_temperature_system_failure.csv,realKnownCause,C_iforest_contextual,0.024858,0.5783429868936288,0.8461538461538461,1.0,0.9166666666666666,1.0,0.3016523089959045,3810.0,-7.480165945046093,-2.0,2.0
realKnownCause/ambient_temperature_system_failure.csv,realKnownCause,C_iforest_contextual,0.029688,0.5737808641635986,0.8240635641316686,1.0,0.9035469819539514,1.0,0.3558819375794379,3270.0,-9.179278701543629,-2.0,2.0
realKnownCause/ambient_temperature_system_failure.csv,realKnownCause,C_iforest_contextual,0.035456,0.5687355152588416,0.7986798679867987,1.0,0.8880733944954128,1.0,0.4202796215223838,2010.0,-11.115480508103708,-2.0,2.0
realKnownCause/ambient_temperature_system_failure.csv,realKnownCause,C_iforest_contextual,0.042345,0.5642776300845315,0.7707006369426752,1.0,0.8705035971223022,1.0,0.5050134161841547,930.0,-13.80728808225426,-2.0,2.0
realKnownCause/ambient_temperature_system_failure.csv,realKnownCause,C_iforest_contextual,0.050573,0.5604593510253874,0.7340748230535895,1.0,0.8466472303206998,1.0,0.603304617991809,930.0,-16.777839712417606,-2.0,2.0
realKnownCause/ambient_temperature_system_failure.csv,realKnownCause,C_iforest_contextual,0.060399,0.5558860382189562,0.6987487969201155,1.0,0.8226628895184136,1.0,0.7185425787318175,930.0,-20.18631046745894,-2.0,2.0
realKnownCause/ambient_temperature_system_failure.csv,realKnownCause,C_iforest_contextual,0.072135,0.55032173328368,0.6606005459508644,1.0,0.7956164383561644,1.0,0.833780539471826,930.0,-23.774076873339265,-2.0,2.0
realKnownCause/ambient_temperature_system_failure.csv,realKnownCause,C_iforest_contextual,0.086151,0.545323957014584,0.621043627031651,1.0,0.7662269129287599,1.0,0.9388504448524219,360.0,-27.108479981731975,-2.0,2.0
realKnownCause/ambient_temperature_system_failure.csv,realKnownCause,C_iforest_contextual,0.10289,0.5405063815549813,0.5789473684210527,1.0,0.7333333333333334,1.0,1.0981499788165512,360.0,-32.081999653445685,-2.0,2.0
realKnownCause/ambient_temperature_system_failure.csv,realKnownCause,C_iforest_contextual,0.122881,0.5341950708040378,0.5357933579335793,1.0,0.6977414704469005,1.0,1.2574495127806806,360.0,-37.18619565170356,-2.0,2.0
realKnownCause/ambient_temperature_system_failure.csv,realKnownCause,C_iforest_contextual,0.146757,0.5281870261888115,0.48954821308159135,1.0,0.6573110004526935,1.0,1.4303064538906933,360.0,-42.47051321187466,-2.0,2.0
realKnownCause/ambient_temperature_system_failure.csv,realKnownCause,C_iforest_contextual,0.175272,0.5227530694108341,0.4416058394160584,1.0,0.6126582278481013,1.0,1.5760485807089393,180.0,-47.36095030408253,-2.0,2.0
realKnownCause/ambient_temperature_system_failure.csv,realKnownCause,C_iforest_contextual,0.209328,0.5173049492461694,0.3973727422003284,1.0,0.5687426556991775,1.0,1.6946758932354187,180.0,-51.25001335339638,-2.0,2.0
realKnownCause/ambient_temperature_system_failure.csv,realKnownCause,C_iforest_contextual,0.25,0.5122689668375662,0.3548387096774194,1.0,0.5238095238095238,1.0,1.7353481146730687,180.0,-52.643757973584506,-2.0,2.0
realKnownCause/cpu_utilization_asg_misconfiguration.csv,realKnownCause,A_rolling_zscore,0.0005,9.903375991512936,0.9953519256308101,1.0,0.9976705490848585,1.0,0.11851155134912704,1240.0,0.21280454921163716,-1.0,1.0
realKnownCause/cpu_utilization_asg_misconfiguration.csv,realKnownCause,A_rolling_zscore,0.000597,9.816765378400914,0.9940318302387268,1.0,0.9970069837046891,1.0,0.15237199459173476,1240.0,-0.007195450788362839,-1.0,1.0
realKnownCause/cpu_utilization_asg_misconfiguration.csv,realKnownCause,A_rolling_zscore,0.000713,9.478944042205697,0.9927152317880795,1.0,0.9963443004320373,1.0,0.18623243783434248,1240.0,-0.22719545078836284,-1.0,1.0
realKnownCause/cpu_utilization_asg_misconfiguration.csv,realKnownCause,A_rolling_zscore,0.000852,9.1383104796933,0.9914021164021164,1.0,0.9956824975091332,1.0,0.22009288107695021,1240.0,-0.4471954507883628,-1.0,1.0
realKnownCause/cpu_utilization_asg_misconfiguration.csv,realKnownCause,A_rolling_zscore,0.001017,8.626978102874304,0.9894389438943895,1.0,0.9946914399469143,1.0,0.2708835459408618,1240.0,-0.7771954507883628,-1.0,1.0
realKnownCause/cpu_utilization_asg_misconfiguration.csv,realKnownCause,A_rolling_zscore,0.001215,8.398828408029082,0.9874835309617919,1.0,0.9937023533311236,1.0,0.3216742108047734,1240.0,-1.1071954507883628,-1.0,1.0
realKnownCause/cpu_utilization_asg_misconfiguration.csv,realKnownCause,A_rolling_zscore,0.001451,7.784410593178532,0.9848883048620236,1.0,0.9923866269447202,1.0,0.38939509728998883,1240.0,-1.5471954507883632,-1.0,1.0
realKnownCause/cpu_utilization_asg_misconfiguration.csv,realKnownCause,A_rolling_zscore,0.001733,7.244635239667471,0.9816633922724296,1.0,0.9907468605419696,1.0,0.47404620539650816,1240.0,-2.0971954507883637,-1.0,1.0
realKnownCause/cpu_utilization_asg_misconfiguration.csv,realKnownCause,A_rolling_zscore,0.00207,6.733472839046178,0.9778212654924984,1.0,0.9887862796833774,1.0,0.5756275351243313,1240.0,-2.757195450788363,-1.0,1.0
realKnownCause/cpu_utilization_asg_misconfiguration.csv,realKnownCause,A_rolling_zscore,0.002472,6.581021250311402,0.9733766233766233,1.0,0.9865087199736756,1.0,0.6941390864734583,1240.0,-3.527195450788362,-1.0,1.0
realKnownCause/cpu_utilization_asg_misconfiguration.csv,realKnownCause,A_rolling_zscore,0.002952,6.4191501008783955,0.9683462532299741,1.0,0.9839186084673449,1.0,0.8295808594438893,1240.0,-4.407195450788363,-1.0,1.0
realKnownCause/cpu_utilization_asg_misconfiguration.csv,realKnownCause,A_rolling_zscore,0.003525,6.150755135522021,0.9627488760436738,1.0,0.981020942408377,1.0,0.981952854035624,1240.0,-5.397195450788366,-1.0,1.0
realKnownCause/cpu_utilization_asg_misconfiguration.csv,realKnownCause,A_rolling_zscore,0.00421,5.9103708111270254,0.9566049776643267,1.0,0.9778212654924983,1.0,1.1512550702486626,40.0,-6.480364388282679,-1.0,1.0
realKnownCause/cpu_utilization_asg_misconfiguration.csv,realKnownCause,A_rolling_zscore,0.005029,5.794391302289091,0.9487341772151898,1.0,0.9736927573887626,1.0,1.3713479513256128,40.0,-7.910364388282683,-1.0,1.0
realKnownCause/cpu_utilization_asg_misconfiguration.csv,realKnownCause,A_rolling_zscore,0.006006,5.606528878759464,0.9398119122257054,1.0,0.9689722042663219,1.0,1.6253012756451708,40.0,-9.560364388282675,-1.0,1.0
realKnownCause/cpu_utilization_asg_misconfiguration.csv,realKnownCause,A_rolling_zscore,0.007173,5.261156489801029,0.930477963997517,1.0,0.9639871382636656,1.0,1.8961848215860326,40.0,-11.320364388282666,-1.0,1.0
realKnownCause/cpu_utilization_asg_misconfiguration.csv,realKnownCause,A_rolling_zscore,0.008566,4.457789375477452,0.9201964395334561,1.0,0.9584398976982097,1.0,2.200928810769502,40.0,-13.300364388282656,-1.0,1.0
realKnownCause/cpu_utilization_asg_misconfiguration.csv,realKnownCause,A_rolling_zscore,0.010231,3.7908168755745386,0.9073849878934624,1.0,0.951443986036179,1.0,2.556463464816883,40.0,-15.610364388282644,-1.0,1.0
realKnownCause/cpu_utilization_asg_misconfiguration.csv,realKnownCause,A_rolling_zscore,0.012218,3.6566223411553773,0.8896142433234422,1.0,0.9415829145728644,1.0,3.1151607783199107,40.0,-19.240364388282625,-1.0,1.0
realKnownCause/cpu_utilization_asg_misconfiguration.csv,realKnownCause,A_rolling_zscore,0.014592,3.568731229462689,0.8689855072463768,1.0,0.9299007444168734,1.0,3.72464875668685,40.0,-23.200364388282605,-1.0,1.0
realKnownCause/cpu_utilization_asg_misconfiguration.csv,realKnownCause,A_rolling_zscore,0.017428,3.3688488319992818,0.8468926553672317,1.0,0.9171000305903947,1.0,4.435718064781612,40.0,-27.82036438828258,-1.0,1.0
realKnownCause/cpu_utilization_asg_misconfiguration.csv,realKnownCause,A_rolling_zscore,0.020814,3.248310118249583,0.8222709818979704,1.0,0.9024683925346176,1.0,5.3330198107107165,40.0,-33.650364388282554,-1.0,1.0
realKnownCause/cpu_utilization_asg_misconfiguration.csv,realKnownCause,A_rolling_zscore,0.024858,3.229234226447754,0.7927022739291381,1.0,0.8843657817109145,1.0,6.4673446593380755,40.0,-41.020364388282516,-1.0,1.0
realKnownCause/cpu_utilization_asg_misconfiguration.csv,realKnownCause,A_rolling_zscore,0.029688,3.185834416921883,0.7593718338399189,1.0,0.8632306363374603,1.0,7.8386926106636885,40.0,-49.93036438828247,-1.0,1.0
realKnownCause/cpu_utilization_asg_misconfiguration.csv,realKnownCause,A_rolling_zscore,0.035456,3.1206169614607466,0.7238049251569291,1.0,0.8397759103641457,1.0,9.413203221444947,40.0,-60.16036438828242,-1.0,1.0
realKnownCause/cpu_utilization_asg_misconfiguration.csv,realKnownCause,A_rolling_zscore,0.042345,3.0307229667296065,0.6863553113553114,1.0,0.8140103176758078,1.0,11.30938804303098,40.0,-72.48036438828235,-1.0,1.0
realKnownCause/cpu_utilization_asg_misconfiguration.csv,realKnownCause,A_rolling_zscore,0.050573,2.915743500269082,0.6455641688199828,1.0,0.784611358283172,1.0,13.611898183528305,40.0,-87.44036438828228,-1.0,1.0
realKnownCause/cpu_utilization_asg_misconfiguration.csv,realKnownCause,A_rolling_zscore,0.060399,2.766436310576606,0.6054119547657512,1.0,0.7542138364779875,1.0,16.151431426723885,40.0,-103.94036438828219,-1.0,1.0
realKnownCause/cpu_utilization_asg_misconfiguration.csv,realKnownCause,A_rolling_zscore,0.072135,2.337449372713593,0.5697453439756747,1.0,0.7259079903147699,1.0,18.487802010463817,40.0,-119.12036438828211,-1.0,1.0
realKnownCause/cpu_utilization_asg_misconfiguration.csv,realKnownCause,A_rolling_zscore,0.086151,1.7763026640523316,0.5392086330935252,1.0,0.7006309885487264,1.0,19.706777967197695,40.0,-127.04036438828207,-1.0,1.0
realKnownCause/cpu_utilization_asg_misconfiguration.csv,realKnownCause,A_rolling_zscore,0.10289,1.4204611948911856,0.501841312353532,1.0,0.6683013820775747,1.0,20.24854505907942,40.0,-130.56036438828238,-1.0,1.0
realKnownCause/cpu_utilization_asg_misconfiguration.csv,realKnownCause,A_rolling_zscore,0.122881,1.103883124823635,0.46194144838212636,1.0,0.6319561551433389,1.0,21.43366057257069,40.0,-138.26036438828334,-1.0,1.0
realKnownCause/cpu_utilization_asg_misconfiguration.csv,realKnownCause,A_rolling_zscore,0.146757,0.8680354627990352,0.4201233183856502,1.0,0.5916716005525953,1.0,21.65375345364764,40.0,-139.6903643882835,-1.0,1.0
realKnownCause/cpu_utilization_asg_misconfiguration.csv,realKnownCause,A_rolling_zscore,0.175272,0.7126337534678199,0.37796268280383255,1.0,0.5485818847209515,1.0,22.077008994180236,35.0,-142.4403183135091,-1.0,1.0
realKnownCause/cpu_utilization_asg_misconfiguration.csv,realKnownCause,A_rolling_zscore,0.209328,0.6331965503073735,0.33429973238180194,1.0,0.5010864114992478,1.0,22.449473869848923,5.0,-144.86004502570134,-1.0,1.0
realKnownCause/cpu_utilization_asg_misconfiguration.csv,realKnownCause,A_rolling_zscore,0.25,0.5824719154429556,0.2929450850107485,1.0,0.45314389359129387,1.0,21.890776556345894,5.0,-141.2300450257009,-1.0,1.0
realKnownCause/cpu_utilization_asg_misconfiguration.csv,realKnownCause,B_iforest_raw,0.0005,0.7840889720850053,0.0,0.0,0.0,0.0,0.1354417729704309,,-1.8800000000000008,-1.0,1.0
realKnownCause/cpu_utilization_asg_misconfiguration.csv,realKnownCause,B_iforest_raw,0.000597,0.7840889720850053,0.0,0.0,0.0,0.0,0.16930221621303862,,-2.100000000000001,-1.0,1.0
realKnownCause/cpu_utilization_asg_misconfiguration.csv,realKnownCause,B_iforest_raw,0.000713,0.7840889720850053,0.0,0.0,0.0,0.0,0.20316265945564635,,-2.3200000000000007,-1.0,1.0
realKnownCause/cpu_utilization_asg_misconfiguration.csv,realKnownCause,B_iforest_raw,0.000852,0.7840889720850053,0.0,0.0,0.0,0.0,0.23702310269825408,,-2.5400000000000005,-1.0,1.0
realKnownCause/cpu_utilization_asg_misconfiguration.csv,realKnownCause,B_iforest_raw,0.001017,0.7840889720850053,0.0,0.0,0.0,0.0,0.28781376756216565,,-2.87,-1.0,1.0
realKnownCause/cpu_utilization_asg_misconfiguration.csv,realKnownCause,B_iforest_raw,0.001215,0.7840889720850053,0.0,0.0,0.0,0.0,0.33860443242607724,,-3.1999999999999997,-1.0,1.0
realKnownCause/cpu_utilization_asg_misconfiguration.csv,realKnownCause,B_iforest_raw,0.001451,0.7840889720850053,0.0,0.0,0.0,0.0,0.4063253189112927,,-3.6399999999999992,-1.0,1.0
realKnownCause/cpu_utilization_asg_misconfiguration.csv,realKnownCause,B_iforest_raw,0.001733,0.7840889720850053,0.0,0.0,0.0,0.0,0.490976427017812,,-4.1899999999999995,-1.0,1.0
realKnownCause/cpu_utilization_asg_misconfiguration.csv,realKnownCause,B_iforest_raw,0.00207,0.7840889720850053,0.0,0.0,0.0,0.0,0.5925577567456352,,-4.850000000000001,-1.0,1.0
realKnownCause/cpu_utilization_asg_misconfiguration.csv,realKnownCause,B_iforest_raw,0.002472,0.7840889720850053,0.0,0.0,0.0,0.0,0.7110693080947622,,-5.620000000000004,-1.0,1.0
realKnownCause/cpu_utilization_asg_misconfiguration.csv,realKnownCause,B_iforest_raw,0.002952,0.7840889720850053,0.0,0.0,0.0,0.0,0.8465110810651931,,-6.500000000000006,-1.0,1.0
realKnownCause/cpu_utilization_asg_misconfiguration.csv,realKnownCause,B_iforest_raw,0.003525,0.7840889720850053,0.0,0.0,0.0,0.0,0.9988830756569279,,-7.490000000000009,-1.0,1.0
realKnownCause/cpu_utilization_asg_misconfiguration.csv,realKnownCause,B_iforest_raw,0.00421,0.7840889720850053,0.0,0.0,0.0,0.0,1.2020457351125742,,-8.810000000000006,-1.0,1.0
realKnownCause/cpu_utilization_asg_misconfiguration.csv,realKnownCause,B_iforest_raw,0.005029,0.7840889720850053,0.0,0.0,0.0,0.0,1.4390688378108283,,-10.349999999999998,-1.0,1.0
realKnownCause/cpu_utilization_asg_misconfiguration.csv,realKnownCause,B_iforest_raw,0.006006,0.7840889720850053,0.0,0.0,0.0,0.0,1.6760919405090824,,-11.88999999999999,-1.0,1.0
realKnownCause/cpu_utilization_asg_misconfiguration.csv,realKnownCause,B_iforest_raw,0.007173,0.7840889720850053,0.0,0.0,0.0,0.0,2.0146963729351595,,-14.089999999999979,-1.0,1.0
realKnownCause/cpu_utilization_asg_misconfiguration.csv,realKnownCause,B_iforest_raw,0.008566,0.7840889720850053,0.0,0.0,0.0,0.0,2.3702310269825406,,-16.399999999999967,-1.0,1.0
realKnownCause/cpu_utilization_asg_misconfiguration.csv,realKnownCause,B_iforest_raw,0.010231,0.7840889720850053,0.0,0.0,0.0,0.0,2.8612074540003527,,-19.58999999999995,-1.0,1.0
realKnownCause/cpu_utilization_asg_misconfiguration.csv,realKnownCause,B_iforest_raw,0.012218,0.7840889720850053,0.0,0.0,0.0,0.0,3.4199047675033802,,-23.21999999999993,-1.0,1.0
realKnownCause/cpu_utilization_asg_misconfiguration.csv,realKnownCause,B_iforest_raw,0.014592,0.7840889720850053,0.0,0.0,0.0,0.0,4.097113632355534,,-27.61999999999991,-1.0,1.0
realKnownCause/cpu_utilization_asg_misconfiguration.csv,realKnownCause,B_iforest_raw,0.017428,0.7840889720850053,0.0,0.0,0.0,0.0,4.90976427017812,,-32.899999999999885,-1.0,1.0
realKnownCause/cpu_utilization_asg_misconfiguration.csv,realKnownCause,B_iforest_raw,0.020814,0.7840889720850053,0.0,0.0,0.0,0.0,5.891717124213744,,-39.27999999999985,-1.0,1.0
realKnownCause/cpu_utilization_asg_misconfiguration.csv,realKnownCause,B_iforest_raw,0.024858,0.7840889720850053,0.7935415563790366,1.0,0.8848878394332941,1.0,6.501205102580683,40.0,-41.240364388282515,-1.0,1.0
realKnownCause/cpu_utilization_asg_misconfiguration.csv,realKnownCause,B_iforest_raw,0.029688,0.7582638985079427,0.7687179487179487,1.0,0.869237460133372,1.0,7.500088178237611,40.0,-47.73036438828248,-1.0,1.0
realKnownCause/cpu_utilization_asg_misconfiguration.csv,realKnownCause,B_iforest_raw,0.035456,0.7450417312607489,0.7454002983590253,1.0,0.8541310541310541,1.0,8.515901475515843,40.0,-54.33036438828245,-1.0,1.0
realKnownCause/cpu_utilization_asg_misconfiguration.csv,realKnownCause,B_iforest_raw,0.042345,0.7337036106187047,0.7070754716981132,1.0,0.8284056369162753,1.0,10.310504967374053,40.0,-65.99036438828239,-1.0,1.0
realKnownCause/cpu_utilization_asg_misconfiguration.csv,realKnownCause,B_iforest_raw,0.050573,0.7283448203399168,0.6721973094170404,1.0,0.8039688924644677,1.0,12.071248015989655,40.0,-77.43036438828233,-1.0,1.0
realKnownCause/cpu_utilization_asg_misconfiguration.csv,realKnownCause,B_iforest_raw,0.060399,0.7222625240616016,0.6306268405553218,1.0,0.7734778121775027,1.0,13.831991064605255,40.0,-88.87036438828227,-1.0,1.0
realKnownCause/cpu_utilization_asg_misconfiguration.csv,realKnownCause,B_iforest_raw,0.072135,0.7149184403210112,0.5924901185770751,1.0,0.7441052370315215,1.0,15.711245664569985,40.0,-101.0803643882822,-1.0,1.0
realKnownCause/cpu_utilization_asg_misconfiguration.csv,realKnownCause,B_iforest_raw,0.086151,0.6930051916057942,0.5658739146847868,1.0,0.7227579556412729,1.0,16.862500734818646,40.0,-108.56036438828217,-1.0,1.0
realKnownCause/cpu_utilization_asg_misconfiguration.csv,realKnownCause,B_iforest_raw,0.10289,0.6871689331104763,0.5241258741258741,1.0,0.687772424868089,1.0,17.43812826994298,40.0,-112.30036438828215,-1.0,1.0
realKnownCause/cpu_utilization_asg_misconfiguration.csv,realKnownCause,B_iforest_raw,0.122881,0.6719284583638955,0.4905104712041885,1.0,0.6581778265642152,1.0,18.572453118570337,40.0,-119.67036438828211,-1.0,1.0
realKnownCause/cpu_utilization_asg_misconfiguration.csv,realKnownCause,B_iforest_raw,0.146757,0.6641353777919512,0.4432288586635127,1.0,0.6142183978692891,1.0,20.807242372582447,40.0,-134.19036438828283,-1.0,1.0
realKnownCause/cpu_utilization_asg_misconfiguration.csv,realKnownCause,B_iforest_raw,0.175272,0.6616554747298772,0.4224915445321308,1.0,0.5940162472756092,1.0,21.890776556345894,40.0,-141.2303643882837,-1.0,1.0
realKnownCause/cpu_utilization_asg_misconfiguration.csv,realKnownCause,B_iforest_raw,0.209328,0.6390105438834087,0.3741887169246131,1.0,0.5445958219800181,1.0,23.566868496854976,40.0,-152.12036438828505,-1.0,1.0
realKnownCause/cpu_utilization_asg_misconfiguration.csv,realKnownCause,B_iforest_raw,0.25,0.6270402235604732,0.3236183074265976,1.0,0.4889903767737726,1.0,24.345658691434956,40.0,-157.18036438828568,-1.0,1.0
realKnownCause/cpu_utilization_asg_misconfiguration.csv,realKnownCause,C_iforest_contextual,0.0005,0.7465971160534358,0.9953519256308101,1.0,0.9976705490848585,1.0,0.11851155134912704,220.0,0.22787186919011104,-1.0,1.0
realKnownCause/cpu_utilization_asg_misconfiguration.csv,realKnownCause,C_iforest_contextual,0.000597,0.7462113528425491,0.9946914399469144,1.0,0.9973386560212908,1.0,0.1354417729704309,220.0,0.11787186919011104,-1.0,1.0
realKnownCause/cpu_utilization_asg_misconfiguration.csv,realKnownCause,C_iforest_contextual,0.000713,0.7454716226733127,0.9933730947647449,1.0,0.9966755319148936,1.0,0.16930221621303862,220.0,-0.10212813080988896,-1.0,1.0
realKnownCause/cpu_utilization_asg_misconfiguration.csv,realKnownCause,C_iforest_contextual,0.000852,0.7453917314977359,0.9920582395764395,1.0,0.9960132890365448,1.0,0.20316265945564635,220.0,-0.32212813080988895,-1.0,1.0
realKnownCause/cpu_utilization_asg_misconfiguration.csv,realKnownCause,C_iforest_contextual,0.001017,0.74501974428547,0.9900924702774109,1.0,0.9950215731828742,1.0,0.2539533243195579,220.0,-0.652128130809889,-1.0,1.0
realKnownCause/cpu_utilization_asg_misconfiguration.csv,realKnownCause,C_iforest_contextual,0.001215,0.7448292287043093,0.988134475939354,1.0,0.9940318302387268,1.0,0.3047439891834695,220.0,-0.9821281308098889,-1.0,1.0
realKnownCause/cpu_utilization_asg_misconfiguration.csv,realKnownCause,C_iforest_contextual,0.001451,0.7446174089086112,0.9855358316896778,1.0,0.9927152317880795,1.0,0.37246487566868497,220.0,-1.4221281308098892,-1.0,1.0
realKnownCause/cpu_utilization_asg_misconfiguration.csv,realKnownCause,C_iforest_contextual,0.001733,0.7443233392909417,0.9823066841415465,1.0,0.9910743801652894,1.0,0.4571159837752043,220.0,-1.9721281308098897,-1.0,1.0
realKnownCause/cpu_utilization_asg_misconfiguration.csv,realKnownCause,C_iforest_contextual,0.00207,0.7438199106312643,0.9784595300261096,1.0,0.9891125041240515,1.0,0.5586973135030274,220.0,-2.632128130809889,-1.0,1.0
realKnownCause/cpu_utilization_asg_misconfiguration.csv,realKnownCause,C_iforest_contextual,0.002472,0.743448954662113,0.9746423927178154,1.0,0.9871583799802437,1.0,0.6602786432308506,160.0,-3.2915168838570645,-1.0,1.0
realKnownCause/cpu_utilization_asg_misconfiguration.csv,realKnownCause,C_iforest_contextual,0.002952,0.7428426939485246,0.9702265372168285,1.0,0.9848883048620236,1.0,0.7787901945799777,40.0,-4.060364388282672,-1.0,1.0
realKnownCause/cpu_utilization_asg_misconfiguration.csv,realKnownCause,C_iforest_contextual,0.003525,0.7425628281559515,0.9646074646074646,1.0,0.9819849328529316,1.0,0.9311621891717125,40.0,-5.0503643882826745,-1.0,1.0
realKnownCause/cpu_utilization_asg_misconfiguration.csv,realKnownCause,C_iforest_contextual,0.00421,0.7417193650502985,0.9572158365261814,1.0,0.9781402936378467,1.0,1.1343248486273587,40.0,-6.370364388282678,-1.0,1.0
realKnownCause/cpu_utilization_asg_misconfiguration.csv,realKnownCause,C_iforest_contextual,0.005029,0.740843814552936,0.9493350221659278,1.0,0.9740090968161144,1.0,1.354417729704309,40.0,-7.8003643882826825,-1.0,1.0
realKnownCause/cpu_utilization_asg_misconfiguration.csv,realKnownCause,C_iforest_contextual,0.006006,0.7402607677108033,0.9392230576441103,1.0,0.9686591276252019,1.0,1.6422314972664747,40.0,-9.670364388282675,-1.0,1.0
realKnownCause/cpu_utilization_asg_misconfiguration.csv,realKnownCause,C_iforest_contextual,0.007173,0.7396259949283658,0.9275990099009901,1.0,0.9624398073836276,1.0,1.980835929692552,40.0,-11.870364388282663,-1.0,1.0
realKnownCause/cpu_utilization_asg_misconfiguration.csv,realKnownCause,C_iforest_contextual,0.008566,0.7388929755347564,0.9145820622330689,1.0,0.9553855959209687,1.0,2.3702310269825406,40.0,-14.40036438828265,-1.0,1.0
realKnownCause/cpu_utilization_asg_misconfiguration.csv,realKnownCause,C_iforest_contextual,0.010231,0.7381828080154579,0.8986810551558753,1.0,0.9466371960846226,1.0,2.8612074540003527,40.0,-17.590364388282634,-1.0,1.0
realKnownCause/cpu_utilization_asg_misconfiguration.csv,realKnownCause,C_iforest_contextual,0.012218,0.7373057695361769,0.8817647058823529,1.0,0.9371678649577992,1.0,3.4029745458820764,40.0,-21.110364388282616,-1.0,1.0
realKnownCause/cpu_utilization_asg_misconfiguration.csv,realKnownCause,C_iforest_contextual,0.014592,0.7353336384942413,0.8624856156501726,1.0,0.926166203274637,1.0,4.046322967491623,40.0,-25.290364388282594,-1.0,1.0
realKnownCause/cpu_utilization_asg_misconfiguration.csv,realKnownCause,C_iforest_contextual,0.017428,0.7329984042048258,0.8407178911946158,1.0,0.9134673979280926,1.0,4.808182940450297,40.0,-30.24036438828257,-1.0,1.0
realKnownCause/cpu_utilization_asg_misconfiguration.csv,realKnownCause,C_iforest_contextual,0.020814,0.73030642206776,0.8168937329700272,1.0,0.8992201559688062,1.0,5.688554464758098,40.0,-35.96036438828254,-1.0,1.0
realKnownCause/cpu_utilization_asg_misconfiguration.csv,realKnownCause,C_iforest_contextual,0.024858,0.7273182070594486,0.7897787144362487,1.0,0.8825434206652929,1.0,6.755158426900241,40.0,-42.89036438828251,-1.0,1.0
realKnownCause/cpu_utilization_asg_misconfiguration.csv,realKnownCause,C_iforest_contextual,0.029688,0.7223100006955633,0.7578361981799798,1.0,0.8622375611159045,1.0,8.092645934983246,40.0,-51.58036438828246,-1.0,1.0
realKnownCause/cpu_utilization_asg_misconfiguration.csv,realKnownCause,C_iforest_contextual,0.035456,0.7155681648465614,0.7227579556412729,1.0,0.8390708088441086,1.0,9.447063664687555,40.0,-60.380364388282416,-1.0,1.0
realKnownCause/cpu_utilization_asg_misconfiguration.csv,realKnownCause,C_iforest_contextual,0.042345,0.7095889944505039,0.6860411899313501,1.0,0.8137893593919653,1.0,10.429016518723179,40.0,-66.76036438828238,-1.0,1.0
realKnownCause/cpu_utilization_asg_misconfiguration.csv,realKnownCause,C_iforest_contextual,0.050573,0.7017604556386675,0.6508901432913591,1.0,0.7885323513940031,1.0,11.580271588971842,40.0,-74.24036438828234,-1.0,1.0
realKnownCause/cpu_utilization_asg_misconfiguration.csv,realKnownCause,C_iforest_contextual,0.060399,0.688482187997354,0.6153530377668309,1.0,0.7618805590851335,1.0,13.222503086238316,40.0,-84.91036438828229,-1.0,1.0
realKnownCause/cpu_utilization_asg_misconfiguration.csv,realKnownCause,C_iforest_contextual,0.072135,0.6768701990247706,0.576316801230296,1.0,0.7312195121951219,1.0,14.830874140262184,40.0,-95.36036438828224,-1.0,1.0
realKnownCause/cpu_utilization_asg_misconfiguration.csv,realKnownCause,C_iforest_contextual,0.086151,0.6649159598835468,0.5340220876380477,1.0,0.6962378077101719,1.0,16.439245194286052,40.0,-105.81036438828218,-1.0,1.0
realKnownCause/cpu_utilization_asg_misconfiguration.csv,realKnownCause,C_iforest_contextual,0.10289,0.6465276690070193,0.4957010582010582,1.0,0.6628344019456114,1.0,17.319616718593853,40.0,-111.53036438828215,-1.0,1.0
realKnownCause/cpu_utilization_asg_misconfiguration.csv,realKnownCause,C_iforest_contextual,0.122881,0.6298251993455246,0.4595340282035561,1.0,0.6296996429321571,1.0,17.84445358885427,40.0,-114.94036438828213,-1.0,1.0
realKnownCause/cpu_utilization_asg_misconfiguration.csv,realKnownCause,C_iforest_contextual,0.146757,0.6179381397265046,0.42154105736782904,1.0,0.5930761622156281,1.0,18.572453118570337,40.0,-119.67036438828211,-1.0,1.0
realKnownCause/cpu_utilization_asg_misconfiguration.csv,realKnownCause,C_iforest_contextual,0.175272,0.6073624246750416,0.38269083482256827,1.0,0.5535450516986706,1.0,19.63905708071248,40.0,-126.60036438828207,-1.0,1.0
realKnownCause/cpu_utilization_asg_misconfiguration.csv,realKnownCause,C_iforest_contextual,0.209328,0.5950226968435947,0.3418472063854048,1.0,0.509517335146159,1.0,20.536358826641585,40.0,-132.4303643882826,-1.0,1.0
realKnownCause/cpu_utilization_asg_misconfiguration.csv,realKnownCause,C_iforest_contextual,0.25,0.5800209683240113,0.3031957928802589,1.0,0.46531119043923636,1.0,21.07812591852331,40.0,-135.95036438828305,-1.0,1.0
realKnownCause/ec2_request_latency_system_failure.csv,realKnownCause,A_rolling_zscore,0.0005,8.73913974361784,1.0,0.21965317919075145,0.36018957345971564,0.3333333333333333,0.0,335.0,-1.7084006482318577,-3.0,3.0
realKnownCause/ec2_request_latency_system_failure.csv,realKnownCause,A_rolling_zscore,0.000597,8.4829572701946,1.0,0.21965317919075145,0.36018957345971564,0.3333333333333333,0.0,335.0,-1.7084006482318577,-3.0,3.0
realKnownCause/ec2_request_latency_system_failure.csv,realKnownCause,A_rolling_zscore,0.000713,8.117991439413931,1.0,0.6098265895953757,0.7576301615798924,0.6666666666666666,0.0,335.0,0.1540029959793517,-3.0,3.0
realKnownCause/ec2_request_latency_system_failure.csv,realKnownCause,A_rolling_zscore,0.000852,7.652126560883148,1.0,0.6098265895953757,0.7576301615798924,0.6666666666666666,0.0,335.0,0.1540029959793517,-3.0,3.0
realKnownCause/ec2_request_latency_system_failure.csv,realKnownCause,A_rolling_zscore,0.001017,7.222120313677581,1.0,1.0,1.0,1.0,0.0,335.0,2.016406640190561,-3.0,3.0
realKnownCause/ec2_request_latency_system_failure.csv,realKnownCause,A_rolling_zscore,0.001215,6.900444034539777,1.0,1.0,1.0,1.0,0.0,335.0,2.016406640190561,-3.0,3.0
realKnownCause/ec2_request_latency_system_failure.csv,realKnownCause,A_rolling_zscore,0.001451,6.640223511153944,1.0,1.0,1.0,1.0,0.0,328.3333333333333,2.0358690538429594,-3.0,3.0
realKnownCause/ec2_request_latency_system_failure.csv,realKnownCause,A_rolling_zscore,0.001733,6.345114147963225,1.0,1.0,1.0,1.0,0.0,328.3333333333333,2.0358690538429594,-3.0,3.0
realKnownCause/ec2_request_latency_system_failure.csv,realKnownCause,A_rolling_zscore,0.00207,6.017697407977236,0.9971181556195965,1.0,0.9985569985569985,1.0,0.09076583674755752,328.3333333333333,1.9283402916008574,-3.0,3.0
realKnownCause/ec2_request_latency_system_failure.csv,realKnownCause,A_rolling_zscore,0.002472,5.597391953474324,0.9942528735632183,1.0,0.9971181556195965,1.0,0.18153167349511504,328.3333333333333,1.8183445256324076,-3.0,3.0
realKnownCause/ec2_request_latency_system_failure.csv,realKnownCause,A_rolling_zscore,0.002952,4.8308665181338855,0.9914040114613181,1.0,0.99568345323741,1.0,0.27229751024267257,256.6666666666667,2.36616592276652,-3.0,3.0
realKnownCause/ec2_request_latency_system_failure.csv,realKnownCause,A_rolling_zscore,0.003525,4.613276787551603,0.9857549857549858,1.0,0.9928263988522239,1.0,0.4538291837377876,256.6666666666667,2.15752661340781,-3.0,3.0
realKnownCause/ec2_request_latency_system_failure.csv,realKnownCause,A_rolling_zscore,0.00421,4.373015897267014,0.9801699716713881,1.0,0.9899856938483548,1.0,0.6353608572329026,256.6666666666667,1.946703527285151,-3.0,3.0
realKnownCause/ec2_request_latency_system_failure.csv,realKnownCause,A_rolling_zscore,0.005029,4.102306639069825,0.9746478873239437,1.0,0.9871611982881597,1.0,0.8168925307280177,256.6666666666667,1.7267035272851508,-3.0,3.0
realKnownCause/ec2_request_latency_system_failure.csv,realKnownCause,A_rolling_zscore,0.006006,4.009583084711304,0.9637883008356546,1.0,0.9815602836879432,1.0,1.1799558777182477,256.6666666666667,1.3378950607462565,-3.0,3.0
realKnownCause/ec2_request_latency_system_failure.csv,realKnownCause,A_rolling_zscore,0.007173,3.714790819699442,0.9584487534626038,1.0,0.9787835926449787,1.0,1.3614875512133628,201.66666666666666,1.2220572678184316,-3.0,3.0
realKnownCause/ec2_request_latency_system_failure.csv,realKnownCause,A_rolling_zscore,0.008566,3.588084124364317,0.947945205479452,1.0,0.9732770745428974,1.0,1.7245508982035929,200.0,0.8010014674665752,-3.0,3.0
realKnownCause/ec2_request_latency_system_failure.csv,realKnownCause,A_rolling_zscore,0.010231,3.456916789550027,0.9351351351351351,1.0,0.9664804469273743,1.0,2.1783800819413806,200.0,0.25100146746657526,-3.0,3.0
realKnownCause/ec2_request_latency_system_failure.csv,realKnownCause,A_rolling_zscore,0.012218,3.37033717307661,0.9226666666666666,1.0,0.9597780859916781,1.0,2.5414434289316103,200.0,-0.1868191037689707,-3.0,3.0
realKnownCause/ec2_request_latency_system_failure.csv,realKnownCause,A_rolling_zscore,0.014592,3.2214231187371007,0.9033942558746736,1.0,0.9492455418381345,1.0,3.0860384494169555,200.0,-0.8148871069118372,-3.0,3.0
realKnownCause/ec2_request_latency_system_failure.csv,realKnownCause,A_rolling_zscore,0.017428,3.1080123309052885,0.8826530612244898,1.0,0.9376693766937669,1.0,3.7213993066498583,200.0,-1.5753763849407247,-3.0,3.0
realKnownCause/ec2_request_latency_system_failure.csv,realKnownCause,A_rolling_zscore,0.020814,2.9298437807942164,0.8628428927680798,1.0,0.9263721552878179,1.0,4.447526000630319,70.0,-2.211322016100199,-3.0,3.0
realKnownCause/ec2_request_latency_system_failure.csv,realKnownCause,A_rolling_zscore,0.024858,2.8175013789363192,0.837772397094431,1.0,0.9117259552042161,1.0,5.445950204853451,70.0,-3.4213216553300883,-3.0,3.0
realKnownCause/ec2_request_latency_system_failure.csv,realKnownCause,A_rolling_zscore,0.029688,2.72871967309944,0.8065268065268065,1.0,0.8929032258064517,1.0,6.444374409076584,70.0,-4.631307576881852,-3.0,3.0
realKnownCause/ec2_request_latency_system_failure.csv,realKnownCause,A_rolling_zscore,0.035456,2.624659933392782,0.7775280898876404,1.0,0.8748419721871049,1.0,7.442798613299717,70.0,-5.840036045596892,-3.0,3.0
realKnownCause/ec2_request_latency_system_failure.csv,realKnownCause,A_rolling_zscore,0.042345,2.5288108760074532,0.7424892703862661,1.0,0.8522167487684729,1.0,8.985817838008195,70.0,-7.624549410612531,-3.0,3.0
realKnownCause/ec2_request_latency_system_failure.csv,realKnownCause,A_rolling_zscore,0.050573,2.397875792248952,0.7046843177189409,1.0,0.8267622461170848,1.0,10.438071225969114,63.333333333333336,-9.380925688421712,-3.0,3.0
realKnownCause/ec2_request_latency_system_failure.csv,realKnownCause,A_rolling_zscore,0.060399,2.2606880365078257,0.6641074856046065,1.0,0.798154555940023,1.0,12.707217144658053,63.333333333333336,-12.1273275855922,-3.0,3.0
realKnownCause/ec2_request_latency_system_failure.csv,realKnownCause,A_rolling_zscore,0.072135,2.1495987607702047,0.6290909090909091,1.0,0.7723214285714286,1.0,14.341002206114089,63.333333333333336,-14.102958218921618,-3.0,3.0
realKnownCause/ec2_request_latency_system_failure.csv,realKnownCause,A_rolling_zscore,0.086151,2.042622380434073,0.5884353741496599,1.0,0.7408993576017131,1.0,16.42861645130791,41.666666666666664,-16.470614674456467,-3.0,3.0
realKnownCause/ec2_request_latency_system_failure.csv,realKnownCause,A_rolling_zscore,0.10289,1.891640165518815,0.5483359746434231,1.0,0.7082906857727738,1.0,18.425464859754175,41.666666666666664,-18.74635604840528,-3.0,3.0
realKnownCause/ec2_request_latency_system_failure.csv,realKnownCause,A_rolling_zscore,0.122881,1.7544198177802854,0.5014492753623189,1.0,0.6679536679536681,1.0,20.78537661519067,41.666666666666664,-21.594903071314196,-3.0,3.0
realKnownCause/ec2_request_latency_system_failure.csv,realKnownCause,A_rolling_zscore,0.146757,1.6341489072825826,0.4576719576719577,1.0,0.6279491833030854,1.0,22.782225023636936,38.333333333333336,-23.90598885513286,-3.0,3.0
realKnownCause/ec2_request_latency_system_failure.csv,realKnownCause,A_rolling_zscore,0.175272,1.510591271227897,0.4119047619047619,1.0,0.5834738617200674,1.0,25.23290261582099,38.333333333333336,-26.782481987767373,-3.0,3.0
realKnownCause/ec2_request_latency_system_failure.csv,realKnownCause,A_rolling_zscore,0.209328,1.3884617646264137,0.36847710330138445,1.0,0.5385214007782101,1.0,26.957453514024582,21.666666666666668,-28.690097100627657,-3.0,3.0
realKnownCause/ec2_request_latency_system_failure.csv,realKnownCause,A_rolling_zscore,0.25,1.2544696877457129,0.32827324478178366,1.0,0.4942857142857143,1.0,28.409706901985505,21.666666666666668,-30.43478181914129,-3.0,3.0
realKnownCause/ec2_request_latency_system_failure.csv,realKnownCause,B_iforest_raw,0.0005,0.7856820999757699,0.0,0.0,0.0,0.0,0.09076583674755752,,-3.11,-3.0,3.0
realKnownCause/ec2_request_latency_system_failure.csv,realKnownCause,B_iforest_raw,0.000597,0.7856820999757699,0.0,0.0,0.0,0.0,0.09076583674755752,,-3.11,-3.0,3.0
realKnownCause/ec2_request_latency_system_failure.csv,realKnownCause,B_iforest_raw,0.000713,0.7856820999757699,0.9926470588235294,0.3901734104046243,0.5601659751037343,0.3333333333333333,0.09076583674755752,340.0,-1.2528598512200586,-3.0,3.0
realKnownCause/ec2_request_latency_system_failure.csv,realKnownCause,B_iforest_raw,0.000852,0.7856820999757699,0.9926470588235294,0.3901734104046243,0.5601659751037343,0.3333333333333333,0.09076583674755752,340.0,-1.2528598512200586,-3.0,3.0
realKnownCause/ec2_request_latency_system_failure.csv,realKnownCause,B_iforest_raw,0.001017,0.7856820999757699,0.9854014598540146,0.3901734104046243,0.5590062111801243,0.3333333333333333,0.18153167349511504,340.0,-1.3536829373427182,-3.0,3.0
realKnownCause/ec2_request_latency_system_failure.csv,realKnownCause,B_iforest_raw,0.001215,0.7856820999757699,0.9854014598540146,0.3901734104046243,0.5590062111801243,0.3333333333333333,0.18153167349511504,340.0,-1.3536829373427182,-3.0,3.0
realKnownCause/ec2_request_latency_system_failure.csv,realKnownCause,B_iforest_raw,0.001451,0.7856820999757699,0.9782608695652174,0.3901734104046243,0.5578512396694215,0.3333333333333333,0.27229751024267257,340.0,-1.4636829373427183,-3.0,3.0
realKnownCause/ec2_request_latency_system_failure.csv,realKnownCause,B_iforest_raw,0.001733,0.7856820999757699,0.9712230215827338,0.3901734104046243,0.5567010309278351,0.3333333333333333,0.3630633469902301,340.0,-1.5736829373427184,-3.0,3.0
realKnownCause/ec2_request_latency_system_failure.csv,realKnownCause,B_iforest_raw,0.00207,0.7856820999757699,0.9854014598540146,0.7803468208092486,0.8709677419354838,0.6666666666666666,0.3630633469902301,327.5,0.3081831205208895,-3.0,3.0
realKnownCause/ec2_request_latency_system_failure.csv,realKnownCause,B_iforest_raw,0.002472,0.7856820999757699,0.9854014598540146,0.7803468208092486,0.8709677419354838,0.6666666666666666,0.3630633469902301,327.5,0.3081831205208895,-3.0,3.0
realKnownCause/ec2_request_latency_system_failure.csv,realKnownCause,B_iforest_raw,0.002952,0.7856820999757699,0.9854014598540146,0.7803468208092486,0.8709677419354838,0.6666666666666666,0.3630633469902301,327.5,0.3081831205208895,-3.0,3.0
realKnownCause/ec2_request_latency_system_failure.csv,realKnownCause,B_iforest_raw,0.003525,0.7856820999757699,0.9885714285714285,1.0,0.9942528735632185,1.0,0.3630633469902301,258.3333333333333,2.2576038694231446,-3.0,3.0
realKnownCause/ec2_request_latency_system_failure.csv,realKnownCause,B_iforest_raw,0.00421,0.7830122555398495,0.9885714285714285,1.0,0.9942528735632185,1.0,0.3630633469902301,258.3333333333333,2.2576038694231446,-3.0,3.0
realKnownCause/ec2_request_latency_system_failure.csv,realKnownCause,B_iforest_raw,0.005029,0.7764373405425298,0.9829545454545454,1.0,0.9914040114613181,1.0,0.5445950204853451,258.3333333333333,2.0887624439341286,-3.0,3.0
realKnownCause/ec2_request_latency_system_failure.csv,realKnownCause,B_iforest_raw,0.006006,0.7743358172303634,0.9719101123595506,1.0,0.9857549857549858,1.0,0.9076583674755752,258.3333333333333,1.6487624439341282,-3.0,3.0
realKnownCause/ec2_request_latency_system_failure.csv,realKnownCause,B_iforest_raw,0.007173,0.7655019554205436,0.9637883008356546,1.0,0.9815602836879432,1.0,1.0891900409706903,258.3333333333333,1.4287666779656782,-3.0,3.0
realKnownCause/ec2_request_latency_system_failure.csv,realKnownCause,B_iforest_raw,0.008566,0.7610145528108782,0.9505494505494505,1.0,0.9746478873239436,1.0,1.5430192247084777,258.3333333333333,0.878766677965678,-3.0,3.0
realKnownCause/ec2_request_latency_system_failure.csv,realKnownCause,B_iforest_raw,0.010231,0.7610145528108782,0.9427792915531336,1.0,0.9705469845722301,1.0,1.8153167349511503,201.66666666666666,0.6886478546148078,-3.0,3.0
realKnownCause/ec2_request_latency_system_failure.csv,realKnownCause,B_iforest_raw,0.012218,0.7610145528108782,0.9276139410187667,1.0,0.9624478442280946,1.0,2.1783800819413806,201.66666666666666,0.24982894225423724,-3.0,3.0
realKnownCause/ec2_request_latency_system_failure.csv,realKnownCause,B_iforest_raw,0.014592,0.755996943991345,0.9226666666666666,1.0,0.9597780859916781,1.0,2.269145918688938,201.66666666666666,0.13982894225423725,-3.0,3.0
realKnownCause/ec2_request_latency_system_failure.csv,realKnownCause,B_iforest_raw,0.017428,0.7443922908503706,0.9033942558746736,1.0,0.9492455418381345,1.0,2.9952726126693983,201.66666666666666,-0.7226506375501693,-3.0,3.0
realKnownCause/ec2_request_latency_system_failure.csv,realKnownCause,B_iforest_raw,0.020814,0.73425545570656,0.8826530612244898,1.0,0.9376693766937669,1.0,3.5398676331547434,201.66666666666666,-1.37142352854894,-3.0,3.0
realKnownCause/ec2_request_latency_system_failure.csv,realKnownCause,B_iforest_raw,0.024858,0.7264357733748665,0.8628428927680798,1.0,0.9263721552878179,1.0,4.265994327135203,176.66666666666666,-2.1951200305606022,-3.0,3.0
realKnownCause/ec2_request_latency_system_failure.csv,realKnownCause,B_iforest_raw,0.029688,0.7092278730569789,0.8317307692307693,1.0,0.9081364829396327,1.0,5.355184368105894,176.66666666666666,-3.515024760484477,-3.0,3.0
realKnownCause/ec2_request_latency_system_failure.csv,realKnownCause,B_iforest_raw,0.035456,0.69659639058621,0.7990762124711316,1.0,0.8883183568677792,1.0,6.625906082571699,176.66666666666666,-4.957992971636804,-3.0,3.0
realKnownCause/ec2_request_latency_system_failure.csv,realKnownCause,B_iforest_raw,0.042345,0.6802654684696885,0.762114537444934,1.0,0.8650000000000001,1.0,7.987393633785062,176.66666666666666,-6.604968133727866,-3.0,3.0
realKnownCause/ec2_request_latency_system_failure.csv,realKnownCause,B_iforest_raw,0.050573,0.664141981616952,0.7223382045929019,1.0,0.8387878787878787,1.0,9.89347620548377,125.0,-8.742487141920535,-3.0,3.0
realKnownCause/ec2_request_latency_system_failure.csv,realKnownCause,B_iforest_raw,0.060399,0.6389193762895002,0.6811023622047244,1.0,0.8103044496487118,1.0,12.253387960920266,115.0,-11.585981609731713,-3.0,3.0
realKnownCause/ec2_request_latency_system_failure.csv,realKnownCause,B_iforest_raw,0.072135,0.6117519141208181,0.6383763837638377,1.0,0.7792792792792793,1.0,14.61329971635676,98.33333333333333,-14.349169270998788,-3.0,3.0
realKnownCause/ec2_request_latency_system_failure.csv,realKnownCause,B_iforest_raw,0.086151,0.5983864712907939,0.5934819897084048,1.0,0.7448869752421959,1.0,16.156318941065237,98.33333333333333,-16.217467296570085,-3.0,3.0
realKnownCause/ec2_request_latency_system_failure.csv,realKnownCause,B_iforest_raw,0.10289,0.5867160672539716,0.5492063492063493,1.0,0.709016393442623,1.0,18.24393318625906,81.66666666666667,-18.578298278218927,-3.0,3.0
realKnownCause/ec2_request_latency_system_failure.csv,realKnownCause,B_iforest_raw,0.122881,0.568495203410615,0.5007235890014472,1.0,0.6673095467695275,1.0,19.968484084462656,81.66666666666667,-20.627214522163428,-3.0,3.0
realKnownCause/ec2_request_latency_system_failure.csv,realKnownCause,B_iforest_raw,0.146757,0.5592394475325899,0.45586297760210803,1.0,0.6262443438914027,1.0,21.148439962180902,58.333333333333336,-21.76322999836059,-3.0,3.0
realKnownCause/ec2_request_latency_system_failure.csv,realKnownCause,B_iforest_raw,0.175272,0.5423071585663487,0.408983451536643,1.0,0.5805369127516778,1.0,24.1437125748503,58.333333333333336,-25.35172688625634,-3.0,3.0
realKnownCause/ec2_request_latency_system_failure.csv,realKnownCause,B_iforest_raw,0.209328,0.510607659500173,0.36769394261424015,1.0,0.5376845376845377,1.0,26.04979514654901,58.333333333333336,-27.623874060228065,-3.0,3.0
realKnownCause/ec2_request_latency_system_failure.csv,realKnownCause,B_iforest_raw,0.25,0.4938326942429792,0.32796208530805687,1.0,0.4939329050678087,1.0,26.957453514024582,41.666666666666664,-28.7736936395832,-3.0,3.0
realKnownCause/ec2_request_latency_system_failure.csv,realKnownCause,C_iforest_contextual,0.0005,0.7104513430525453,1.0,0.3901734104046243,0.5613305613305613,0.3333333333333333,0.0,330.0,-1.1324961392040302,-3.0,3.0
realKnownCause/ec2_request_latency_system_failure.csv,realKnownCause,C_iforest_contextual,0.000597,0.7068807254052656,1.0,0.3901734104046243,0.5613305613305613,0.3333333333333333,0.0,330.0,-1.1324961392040302,-3.0,3.0
realKnownCause/ec2_request_latency_system_failure.csv,realKnownCause,C_iforest_contextual,0.000713,0.7051130424566192,1.0,0.3901734104046243,0.5613305613305613,0.3333333333333333,0.0,330.0,-1.1324961392040302,-3.0,3.0
realKnownCause/ec2_request_latency_system_failure.csv,realKnownCause,C_iforest_contextual,0.000852,0.7042133080468674,1.0,0.3901734104046243,0.5613305613305613,0.3333333333333333,0.0,330.0,-1.1324961392040302,-3.0,3.0
realKnownCause/ec2_request_latency_system_failure.csv,realKnownCause,C_iforest_contextual,0.001017,0.7033500656539564,1.0,0.3901734104046243,0.5613305613305613,0.3333333333333333,0.0,315.0,-1.1181339421363925,-3.0,3.0
realKnownCause/ec2_request_latency_system_failure.csv,realKnownCause,C_iforest_contextual,0.001215,0.7026377277581785,1.0,0.3901734104046243,0.5613305613305613,0.3333333333333333,0.0,315.0,-1.1181339421363925,-3.0,3.0
realKnownCause/ec2_request_latency_system_failure.csv,realKnownCause,C_iforest_contextual,0.001451,0.7020781754964641,0.9926470588235294,0.3901734104046243,0.5601659751037343,0.3333333333333333,0.09076583674755752,315.0,-1.2281339421363926,-3.0,3.0
realKnownCause/ec2_request_latency_system_failure.csv,realKnownCause,C_iforest_contextual,0.001733,0.7016877826662479,0.9854014598540146,0.3901734104046243,0.5590062111801243,0.3333333333333333,0.18153167349511504,315.0,-1.3381339421363927,-3.0,3.0
realKnownCause/ec2_request_latency_system_failure.csv,realKnownCause,C_iforest_contextual,0.00207,0.7011443721039458,0.9906103286384976,0.6098265895953757,0.7549194991055457,0.6666666666666666,0.18153167349511504,327.5,-0.07739695614973449,-3.0,3.0
realKnownCause/ec2_request_latency_system_failure.csv,realKnownCause,C_iforest_contextual,0.002472,0.6994608671481045,0.9906103286384976,0.6098265895953757,0.7549194991055457,0.6666666666666666,0.18153167349511504,217.5,0.611286806765862,-3.0,3.0
realKnownCause/ec2_request_latency_system_failure.csv,realKnownCause,C_iforest_contextual,0.002952,0.6975240612874605,0.9942528735632183,1.0,0.9971181556195965,1.0,0.18153167349511504,258.3333333333333,2.468426955545804,-3.0,3.0
realKnownCause/ec2_request_latency_system_failure.csv,realKnownCause,C_iforest_contextual,0.003525,0.6957431375455224,0.9885714285714285,1.0,0.9942528735632185,1.0,0.27229751024267257,258.3333333333333,2.358426955545804,-3.0,3.0
realKnownCause/ec2_request_latency_system_failure.csv,realKnownCause,C_iforest_contextual,0.00421,0.6913754878425376,0.9857549857549858,1.0,0.9928263988522239,1.0,0.3630633469902301,258.3333333333333,2.248426955545804,-3.0,3.0
realKnownCause/ec2_request_latency_system_failure.csv,realKnownCause,C_iforest_contextual,0.005029,0.6894757720644914,0.9801699716713881,1.0,0.9899856938483548,1.0,0.5445950204853451,258.3333333333333,2.058882429691491,-3.0,3.0
realKnownCause/ec2_request_latency_system_failure.csv,realKnownCause,C_iforest_contextual,0.006006,0.688052346102707,0.9746478873239437,1.0,0.9871611982881597,1.0,0.7261266939804601,258.3333333333333,1.8388824296914907,-3.0,3.0
realKnownCause/ec2_request_latency_system_failure.csv,realKnownCause,C_iforest_contextual,0.007173,0.6852069741619139,0.969187675070028,1.0,0.984352773826458,1.0,0.9076583674755752,258.3333333333333,1.6700410042024743,-3.0,3.0
realKnownCause/ec2_request_latency_system_failure.csv,realKnownCause,C_iforest_contextual,0.008566,0.683550556361043,0.9558011049723757,1.0,0.9774011299435028,1.0,1.2707217144658052,258.3333333333333,1.2388953331697237,-3.0,3.0
realKnownCause/ec2_request_latency_system_failure.csv,realKnownCause,C_iforest_contextual,0.010231,0.6814148457003392,0.9453551912568307,1.0,0.9719101123595506,1.0,1.4522533879609203,258.3333333333333,1.0192221521113645,-3.0,3.0
realKnownCause/ec2_request_latency_system_failure.csv,realKnownCause,C_iforest_contextual,0.012218,0.678238760719217,0.9376693766937669,1.0,0.9678321678321679,1.0,1.6337850614560354,201.66666666666666,0.9086478546148076,-3.0,3.0
realKnownCause/ec2_request_latency_system_failure.csv,realKnownCause,C_iforest_contextual,0.014592,0.6727660260946857,0.9251336898395722,1.0,0.961111111111111,1.0,1.9968484084462654,201.66666666666666,0.4700667007018899,-3.0,3.0
realKnownCause/ec2_request_latency_system_failure.csv,realKnownCause,C_iforest_contextual,0.017428,0.6693814556282925,0.9057591623036649,1.0,0.9505494505494505,1.0,2.632209265679168,201.66666666666666,-0.2712970617892825,-3.0,3.0
realKnownCause/ec2_request_latency_system_failure.csv,realKnownCause,C_iforest_contextual,0.020814,0.6597765257521897,0.8849104859335039,1.0,0.9389416553595659,1.0,3.176804286164513,178.33333333333334,-0.874295443057443,-3.0,3.0
realKnownCause/ec2_request_latency_system_failure.csv,realKnownCause,C_iforest_contextual,0.024858,0.6538478929879527,0.8606965174129353,1.0,0.9251336898395722,1.0,3.902930980144973,178.33333333333334,-1.7542940081823604,-3.0,3.0
realKnownCause/ec2_request_latency_system_failure.csv,realKnownCause,C_iforest_contextual,0.029688,0.6508327211351027,0.8337349397590361,1.0,0.9093298291721419,1.0,4.447526000630319,176.66666666666666,-2.403112122817573,-3.0,3.0
realKnownCause/ec2_request_latency_system_failure.csv,realKnownCause,C_iforest_contextual,0.035456,0.6435011247918605,0.8009259259259259,1.0,0.8894601542416452,1.0,5.7182477150961235,176.66666666666666,-3.834149771227338,-3.0,3.0
realKnownCause/ec2_request_latency_system_failure.csv,realKnownCause,C_iforest_contextual,0.042345,0.6361892379098032,0.7637969094922737,1.0,0.8660826032540676,1.0,6.716671919319256,176.66666666666666,-5.042005331886556,-3.0,3.0
realKnownCause/ec2_request_latency_system_failure.csv,realKnownCause,C_iforest_contextual,0.050573,0.6273493283417003,0.726890756302521,1.0,0.8418491484184915,1.0,8.168925307280176,115.0,-6.615859016320106,-3.0,3.0
realKnownCause/ec2_request_latency_system_failure.csv,realKnownCause,C_iforest_contextual,0.060399,0.6208993726523289,0.6865079365079365,1.0,0.8141176470588235,1.0,9.984242042231328,115.0,-8.809394779723418,-3.0,3.0
realKnownCause/ec2_request_latency_system_failure.csv,realKnownCause,C_iforest_contextual,0.072135,0.611413940515539,0.6431226765799256,1.0,0.7828054298642534,1.0,11.981090450677593,70.0,-11.065144099278369,-3.0,3.0
realKnownCause/ec2_request_latency_system_failure.csv,realKnownCause,C_iforest_contextual,0.086151,0.6041099567981907,0.5986159169550173,1.0,0.7489177489177489,1.0,13.8871730223763,70.0,-13.280636427633018,-3.0,3.0
realKnownCause/ec2_request_latency_system_failure.csv,realKnownCause,C_iforest_contextual,0.10289,0.5962128069499937,0.5536,1.0,0.7126673532440783,1.0,15.611723920579893,70.0,-15.275027396545887,-3.0,3.0
realKnownCause/ec2_request_latency_system_failure.csv,realKnownCause,C_iforest_contextual,0.122881,0.5868934905931223,0.5065885797950219,1.0,0.6724975704567541,1.0,17.880869839268833,70.0,-18.01588898239245,-3.0,3.0
realKnownCause/ec2_request_latency_system_failure.csv,realKnownCause,C_iforest_contextual,0.146757,0.5793860302216748,0.4613333333333333,1.0,0.6313868613138686,1.0,20.331547431452883,70.0,-20.92416987328613,-3.0,3.0
realKnownCause/ec2_request_latency_system_failure.csv,realKnownCause,C_iforest_contextual,0.175272,0.5732472600864873,0.41686746987951806,1.0,0.5884353741496599,1.0,20.78537661519067,53.333333333333336,-21.290580202549336,-3.0,3.0
realKnownCause/ec2_request_latency_system_failure.csv,realKnownCause,C_iforest_contextual,0.209328,0.5669516069778061,0.3732470334412082,1.0,0.5435978004713276,1.0,22.05609832965648,41.666666666666664,-22.808516078812634,-3.0,3.0
realKnownCause/ec2_request_latency_system_failure.csv,realKnownCause,C_iforest_contextual,0.25,0.5585357513207055,0.33046800382043934,1.0,0.49676956209619527,1.0,22.872990860384494,33.333333333333336,-23.760806004331197,-3.0,3.0
realKnownCause/machine_temperature_system_failure.csv,realKnownCause,A_rolling_zscore,0.0005,6.38352766898718,0.9964850615114236,0.75,0.8558490566037736,0.75,0.06653114026982074,1461.6666666666667,0.415201389649026,-4.0,4.0
realKnownCause/machine_temperature_system_failure.csv,realKnownCause,A_rolling_zscore,0.000597,5.968956651484032,0.9953188999414863,0.75,0.8554186572793562,0.75,0.09314359637774904,1461.6666666666667,0.19520138964902595,-4.0,4.0
realKnownCause/machine_temperature_system_failure.csv,realKnownCause,A_rolling_zscore,0.000713,5.8506975215231645,0.9947368421052631,0.75,0.8552036199095022,0.75,0.10644982443171319,1461.6666666666667,0.08520138964902597,-4.0,4.0
realKnownCause/machine_temperature_system_failure.csv,realKnownCause,A_rolling_zscore,0.000852,5.534746347006537,0.9929947460595446,0.75,0.854559155990957,0.75,0.13306228053964148,1461.6666666666667,-0.11797305526321204,-4.0,4.0
realKnownCause/machine_temperature_system_failure.csv,realKnownCause,A_rolling_zscore,0.001017,5.2851656979841914,0.9912587412587412,0.75,0.8539156626506024,0.75,0.1596747366475698,1461.6666666666667,-0.33797305526321203,-4.0,4.0
realKnownCause/machine_temperature_system_failure.csv,realKnownCause,A_rolling_zscore,0.001215,5.089453369051272,0.9895287958115183,0.75,0.8532731376975169,0.75,0.1995934208094622,1461.6666666666667,-0.667929394520363,-4.0,4.0
realKnownCause/machine_temperature_system_failure.csv,realKnownCause,A_rolling_zscore,0.001451,4.983440989659066,0.9872315728380732,0.75,0.8524179403658231,0.75,0.2528183330253188,1461.6666666666667,-1.107929394520363,-4.0,4.0
realKnownCause/machine_temperature_system_failure.csv,realKnownCause,A_rolling_zscore,0.001733,4.805257974605418,0.9838056680161943,0.75,0.8511383537653241,0.75,0.30604324524117543,1461.6666666666667,-1.5393654913200785,-4.0,4.0
realKnownCause/machine_temperature_system_failure.csv,realKnownCause,A_rolling_zscore,0.00207,4.6298024155556,0.9852302345786272,1.0,0.9925601750547046,1.0,0.37257438551099614,1096.25,-0.08936549132007857,-4.0,4.0
realKnownCause/machine_temperature_system_failure.csv,realKnownCause,A_rolling_zscore,0.002472,4.499130298358538,0.9818181818181818,1.0,0.9908256880733944,1.0,0.47902420994270933,1096.25,-0.9693654913200785,-4.0,4.0
realKnownCause/machine_temperature_system_failure.csv,realKnownCause,A_rolling_zscore,0.002952,4.393007618690984,0.9788519637462235,1.0,0.9893129770992367,1.0,0.5721678063204584,1096.25,-1.7102809889511263,-4.0,4.0
realKnownCause/machine_temperature_system_failure.csv,realKnownCause,A_rolling_zscore,0.003525,4.328733671011498,0.9754838709677419,1.0,0.9875898105813193,1.0,0.625392718536315,323.75,-1.1532909990754472,-4.0,4.0
realKnownCause/machine_temperature_system_failure.csv,realKnownCause,A_rolling_zscore,0.00421,4.153577240884736,0.9696451474989312,1.0,0.9845886694161059,1.0,0.7318425429680282,323.75,-2.0332763968330387,-4.0,4.0
realKnownCause/machine_temperature_system_failure.csv,realKnownCause,A_rolling_zscore,0.005029,4.009111799259354,0.9642857142857143,1.0,0.9818181818181818,1.0,0.8649048235076696,323.75,-3.1330066171814335,-4.0,4.0
realKnownCause/machine_temperature_system_failure.csv,realKnownCause,A_rolling_zscore,0.006006,3.8870127465090216,0.9565584141712358,1.0,0.9777969389954732,1.0,1.0911107004250602,323.75,-4.983998009091361,-4.0,4.0
realKnownCause/machine_temperature_system_failure.csv,realKnownCause,A_rolling_zscore,0.007173,3.793064840801416,0.9465776293823038,1.0,0.9725557461406518,1.0,1.3971539456662356,323.75,-7.328467368247531,-4.0,4.0
realKnownCause/machine_temperature_system_failure.csv,realKnownCause,A_rolling_zscore,0.008566,3.6560454455137172,0.9364161849710982,1.0,0.9671641791044775,1.0,1.6632785067455185,323.75,-9.327665908055467,-4.0,4.0
realKnownCause/machine_temperature_system_failure.csv,realKnownCause,A_rolling_zscore,0.010231,3.5491629744793634,0.924582144313086,1.0,0.960813386994281,1.0,1.9560155239327297,181.25,-11.669802294235593,-4.0,4.0
realKnownCause/machine_temperature_system_failure.csv,realKnownCause,A_rolling_zscore,0.012218,3.4291054981095566,0.909382518043304,1.0,0.9525409491810164,1.0,2.3951210497135467,181.25,-15.130776817138106,-4.0,4.0
realKnownCause/machine_temperature_system_failure.csv,realKnownCause,A_rolling_zscore,0.014592,3.3455900725793346,0.8960885025681549,1.0,0.9451969160241717,1.0,2.781001663278507,181.25,-18.218508151569235,-4.0,4.0
realKnownCause/machine_temperature_system_failure.csv,realKnownCause,A_rolling_zscore,0.017428,3.2088693070469665,0.877030162412993,1.0,0.934487021013597,1.0,3.326557013491037,181.25,-22.617037500326088,-4.0,4.0
realKnownCause/machine_temperature_system_failure.csv,realKnownCause,A_rolling_zscore,0.020814,3.111639730971856,0.8552036199095022,1.0,0.921951219512195,1.0,4.005174644243208,181.25,-28.14176062017919,-4.0,4.0
realKnownCause/machine_temperature_system_failure.csv,realKnownCause,A_rolling_zscore,0.024858,3.0188403185910984,0.8316831683168316,1.0,0.9081081081081082,1.0,4.697098503049344,181.25,-33.68669165010725,-4.0,4.0
realKnownCause/machine_temperature_system_failure.csv,realKnownCause,A_rolling_zscore,0.029688,2.930237159379047,0.8042553191489362,1.0,0.8915094339622642,1.0,5.442247274071336,112.5,-39.51821664133313,-4.0,4.0
realKnownCause/machine_temperature_system_failure.csv,realKnownCause,A_rolling_zscore,0.035456,2.8307397779055403,0.7753846153846153,1.0,0.8734835355285961,1.0,6.506745518388469,112.5,-48.15886671409919,-4.0,4.0
realKnownCause/machine_temperature_system_failure.csv,realKnownCause,A_rolling_zscore,0.042345,2.7410246943216965,0.7419038272816487,1.0,0.851830985915493,1.0,7.584549990759564,112.5,-56.44294416043442,-4.0,4.0
realKnownCause/machine_temperature_system_failure.csv,realKnownCause,A_rolling_zscore,0.050573,2.6445114889548313,0.7061021170610212,1.0,0.8277372262773722,1.0,8.768804287562373,112.5,-66.091262766923,-4.0,4.0
realKnownCause/machine_temperature_system_failure.csv,realKnownCause,A_rolling_zscore,0.060399,2.5562968768173637,0.664323374340949,1.0,0.79831045406547,1.0,10.299020513768252,112.5,-78.2897995897281,-4.0,4.0
realKnownCause/machine_temperature_system_failure.csv,realKnownCause,A_rolling_zscore,0.072135,2.4561362121057866,0.6237623762376238,1.0,0.7682926829268292,1.0,11.8026242838662,57.5,-90.41299262649417,-4.0,4.0
realKnownCause/machine_temperature_system_failure.csv,realKnownCause,A_rolling_zscore,0.086151,2.36413475169964,0.5813893873365804,1.0,0.735289349975685,1.0,13.43929033450379,57.5,-103.52823051297231,-4.0,4.0
realKnownCause/machine_temperature_system_failure.csv,realKnownCause,A_rolling_zscore,0.10289,2.261895312243538,0.5382059800664452,1.0,0.6997840172786177,1.0,15.355387174274627,18.75,-118.8248149036586,-4.0,4.0
realKnownCause/machine_temperature_system_failure.csv,realKnownCause,A_rolling_zscore,0.122881,2.1649978107683276,0.49454862625381596,1.0,0.6618033265246571,1.0,17.165034189613753,18.75,-133.39444171949697,-4.0,4.0
realKnownCause/machine_temperature_system_failure.csv,realKnownCause,A_rolling_zscore,0.146757,2.0578477772643424,0.4506258692628651,1.0,0.6212847555129434,1.0,18.934762520790983,18.75,-147.819758083444,-4.0,4.0
realKnownCause/machine_temperature_system_failure.csv,realKnownCause,A_rolling_zscore,0.175272,1.9467419474796452,0.4062332079527136,1.0,0.5777607948032099,1.0,20.744409536130107,18.75,-162.08823361293815,-4.0,4.0
realKnownCause/machine_temperature_system_failure.csv,realKnownCause,A_rolling_zscore,0.209328,1.8315281996557795,0.36422033081740807,1.0,0.5339611536197764,1.0,22.32785067455184,17.5,-174.5231950519307,-4.0,4.0
realKnownCause/machine_temperature_system_failure.csv,realKnownCause,A_rolling_zscore,0.25,1.704649609964091,0.3242315939957112,1.0,0.48969016517327,1.0,23.525411199408612,8.75,-184.29303205238236,-4.0,4.0
realKnownCause/machine_temperature_system_failure.csv,realKnownCause,B_iforest_raw,0.0005,0.7245823757052602,1.0,0.25,0.4,0.25,0.0,1260.0,-2.105094872529662,-4.0,4.0
realKnownCause/machine_temperature_system_failure.csv,realKnownCause,B_iforest_raw,0.000597,0.7245823757052602,1.0,0.25,0.4,0.25,0.0,1260.0,-2.105094872529662,-4.0,4.0
realKnownCause/machine_temperature_system_failure.csv,realKnownCause,B_iforest_raw,0.000713,0.7245823757052602,1.0,0.25,0.4,0.25,0.0,1260.0,-2.105094872529662,-4.0,4.0
realKnownCause/machine_temperature_system_failure.csv,realKnownCause,B_iforest_raw,0.000852,0.7245823757052602,1.0,0.25,0.4,0.25,0.0,1260.0,-2.105094872529662,-4.0,4.0
realKnownCause/machine_temperature_system_failure.csv,realKnownCause,B_iforest_raw,0.001017,0.7245823757052602,1.0,0.25,0.4,0.25,0.0,1260.0,-2.105094872529662,-4.0,4.0
realKnownCause/machine_temperature_system_failure.csv,realKnownCause,B_iforest_raw,0.001215,0.7245823757052602,1.0,0.25,0.4,0.25,0.0,1260.0,-2.105094872529662,-4.0,4.0
realKnownCause/machine_temperature_system_failure.csv,realKnownCause,B_iforest_raw,0.001451,0.7245823757052602,1.0,0.25,0.4,0.25,0.0,1260.0,-2.105094872529662,-4.0,4.0
realKnownCause/machine_temperature_system_failure.csv,realKnownCause,B_iforest_raw,0.001733,0.7245823757052602,1.0,0.25,0.4,0.25,0.0,1260.0,-2.105094872529662,-4.0,4.0
realKnownCause/machine_temperature_system_failure.csv,realKnownCause,B_iforest_raw,0.00207,0.7245823757052602,1.0,0.25,0.4,0.25,0.0,1260.0,-2.105094872529662,-4.0,4.0
realKnownCause/machine_temperature_system_failure.csv,realKnownCause,B_iforest_raw,0.002472,0.7245823757052602,1.0,0.25,0.4,0.25,0.0,1260.0,-2.105094872529662,-4.0,4.0
realKnownCause/machine_temperature_system_failure.csv,realKnownCause,B_iforest_raw,0.002952,0.7245823757052602,1.0,0.25,0.4,0.25,0.0,1260.0,-2.105094872529662,-4.0,4.0
realKnownCause/machine_temperature_system_failure.csv,realKnownCause,B_iforest_raw,0.003525,0.7245823757052602,1.0,0.25,0.4,0.25,0.0,1260.0,-2.105094872529662,-4.0,4.0
realKnownCause/machine_temperature_system_failure.csv,realKnownCause,B_iforest_raw,0.00421,0.7245823757052602,1.0,0.25,0.4,0.25,0.0,1260.0,-2.105094872529662,-4.0,4.0
realKnownCause/machine_temperature_system_failure.csv,realKnownCause,B_iforest_raw,0.005029,0.7245823757052602,1.0,0.25,0.4,0.25,0.0,1260.0,-2.105094872529662,-4.0,4.0
realKnownCause/machine_temperature_system_failure.csv,realKnownCause,B_iforest_raw,0.006006,0.7245823757052602,1.0,0.25,0.4,0.25,0.0,1260.0,-2.105094872529662,-4.0,4.0
realKnownCause/machine_temperature_system_failure.csv,realKnownCause,B_iforest_raw,0.007173,0.7245823757052602,1.0,0.25,0.4,0.25,0.0,1260.0,-2.105094872529662,-4.0,4.0
realKnownCause/machine_temperature_system_failure.csv,realKnownCause,B_iforest_raw,0.008566,0.7245823757052602,0.9792746113989638,0.25,0.39831401475237094,0.25,0.026612456107928298,1260.0,-2.2030238899461496,-4.0,4.0
realKnownCause/machine_temperature_system_failure.csv,realKnownCause,B_iforest_raw,0.010231,0.7245823757052602,0.9219512195121952,0.25,0.3933402705515089,0.25,0.06653114026982074,1260.0,-2.4008515728658355,-4.0,4.0
realKnownCause/machine_temperature_system_failure.csv,realKnownCause,B_iforest_raw,0.012218,0.7245823757052602,0.8617021276595744,0.25,0.3875598086124402,0.25,0.21289964886342638,1260.0,-3.378374099184302,-4.0,4.0
realKnownCause/machine_temperature_system_failure.csv,realKnownCause,B_iforest_raw,0.014592,0.7245823757052602,0.7997179125528914,0.25,0.38092038965401415,0.25,0.21289964886342638,1260.0,-3.378374099184302,-4.0,4.0
realKnownCause/machine_temperature_system_failure.csv,realKnownCause,B_iforest_raw,0.017428,0.7245823757052602,0.7354085603112841,0.25,0.3731490621915104,0.25,0.21289964886342638,1260.0,-3.378374099184302,-4.0,4.0
realKnownCause/machine_temperature_system_failure.csv,realKnownCause,B_iforest_raw,0.020814,0.7245823757052602,0.6718009478672986,0.25,0.3643958868894602,0.25,0.21289964886342638,1260.0,-3.378374099184302,-4.0,4.0
realKnownCause/machine_temperature_system_failure.csv,realKnownCause,B_iforest_raw,0.024858,0.7245823757052602,0.6083690987124464,0.25,0.354375,0.25,0.21289964886342638,1260.0,-3.378374099184302,-4.0,4.0
realKnownCause/machine_temperature_system_failure.csv,realKnownCause,B_iforest_raw,0.029688,0.7245823757052602,0.5472972972972973,0.25,0.3432203389830508,0.25,0.21289964886342638,1260.0,-3.378374099184302,-4.0,4.0
realKnownCause/machine_temperature_system_failure.csv,realKnownCause,B_iforest_raw,0.035456,0.7245823757052602,0.4883720930232558,0.25,0.3307086614173228,0.25,0.21289964886342638,1260.0,-3.378374099184302,-4.0,4.0
realKnownCause/machine_temperature_system_failure.csv,realKnownCause,B_iforest_raw,0.042345,0.7245823757052602,0.43282442748091604,0.25,0.3169368362213527,0.25,0.21289964886342638,1260.0,-3.378374099184302,-4.0,4.0
realKnownCause/machine_temperature_system_failure.csv,realKnownCause,B_iforest_raw,0.050573,0.7245823757052602,0.5797546012269938,0.5,0.5369318181818181,0.5,0.21289964886342638,630.0,-1.5608762783293855,-4.0,4.0
realKnownCause/machine_temperature_system_failure.csv,realKnownCause,B_iforest_raw,0.060399,0.7245823757052602,0.5228215767634855,0.5,0.5111561866125761,0.5,0.21289964886342638,630.0,-1.5608762783293855,-4.0,4.0
realKnownCause/machine_temperature_system_failure.csv,realKnownCause,B_iforest_raw,0.072135,0.7245823757052602,0.46801485761452744,0.5,0.4834790023449158,0.5,0.21289964886342638,630.0,-1.5608762783293855,-4.0,4.0
realKnownCause/machine_temperature_system_failure.csv,realKnownCause,B_iforest_raw,0.086151,0.7245823757052602,0.4159941305942773,0.5,0.45414497396876247,0.5,0.2528183330253188,630.0,-1.8896532181889587,-4.0,4.0
realKnownCause/machine_temperature_system_failure.csv,realKnownCause,B_iforest_raw,0.10289,0.7245823757052602,0.3671090967950793,0.5,0.42337128990106404,0.5,0.34596192940306786,630.0,-2.6596525549595436,-4.0,4.0
realKnownCause/machine_temperature_system_failure.csv,realKnownCause,B_iforest_raw,0.122881,0.7245823757052602,0.3220675944333996,0.5,0.39177750906892383,0.5,0.5455553502125301,630.0,-4.309652554959543,-4.0,4.0
realKnownCause/machine_temperature_system_failure.csv,realKnownCause,B_iforest_raw,0.146757,0.7245823757052602,0.28083209509658247,0.5,0.35965746907706947,0.5,0.9447421918314545,630.0,-7.609652554959553,-4.0,4.0
realKnownCause/machine_temperature_system_failure.csv,realKnownCause,B_iforest_raw,0.175272,0.7245823757052602,0.24360902255639097,0.5,0.3276036400404449,0.5,1.2241729809647017,630.0,-9.919311263791336,-4.0,4.0
realKnownCause/machine_temperature_system_failure.csv,realKnownCause,B_iforest_raw,0.209328,0.7245823757052602,0.21031157270029674,0.5,0.2960835509138381,0.5,1.516909998151913,630.0,-12.242963973161153,-4.0,4.0
realKnownCause/machine_temperature_system_failure.csv,realKnownCause,B_iforest_raw,0.25,0.72185605563468,0.18086124401913875,0.5,0.26563598032326075,0.5,1.7431158750693034,630.0,-14.128943247905239,-4.0,4.0
realKnownCause/machine_temperature_system_failure.csv,realKnownCause,C_iforest_contextual,0.0005,0.7082260780483197,1.0,0.5,0.6666666666666666,0.5,0.0,2065.0,-1.0264103288348378,-4.0,4.0
realKnownCause/machine_temperature_system_failure.csv,realKnownCause,C_iforest_contextual,0.000597,0.7062769881486731,0.9991189427312775,0.5,0.6664707610931531,0.5,0.013306228053964149,2065.0,-1.136410328834838,-4.0,4.0
realKnownCause/machine_temperature_system_failure.csv,realKnownCause,C_iforest_contextual,0.000713,0.7038332967312438,0.9982394366197183,0.5,0.6662749706227967,0.5,0.026612456107928298,2065.0,-1.2464095649146987,-4.0,4.0
realKnownCause/machine_temperature_system_failure.csv,realKnownCause,C_iforest_contextual,0.000852,0.7016124068740975,0.9964850615114236,0.5,0.6658837345860247,0.5,0.026612456107928298,2062.5,-1.2420010410545244,-4.0,4.0
realKnownCause/machine_temperature_system_failure.csv,realKnownCause,C_iforest_contextual,0.001017,0.6947805711318936,0.9938650306748467,0.5,0.6652977412731006,0.5,0.026612456107928298,2062.5,-1.242001027437815,-4.0,4.0
realKnownCause/machine_temperature_system_failure.csv,realKnownCause,C_iforest_contextual,0.001215,0.6898073098411265,0.9921259842519685,0.5,0.6649076517150396,0.5,0.03991868416189245,2062.5,-1.3520010274378151,-4.0,4.0
realKnownCause/machine_temperature_system_failure.csv,realKnownCause,C_iforest_contextual,0.001451,0.682103453380513,0.9929947460595446,0.75,0.854559155990957,0.75,0.06653114026982074,1700.0,0.36872034961996114,-4.0,4.0
realKnownCause/machine_temperature_system_failure.csv,realKnownCause,C_iforest_contextual,0.001733,0.6798067188260699,0.990104772991851,0.75,0.8534872052182638,0.75,0.0798373683237849,1698.3333333333333,0.2593474057628177,-4.0,4.0
realKnownCause/machine_temperature_system_failure.csv,realKnownCause,C_iforest_contextual,0.00207,0.6759161688008486,0.9866589327146171,0.75,0.8522044088176354,0.75,0.09314359637774904,1698.3333333333333,0.14934741266192147,-4.0,4.0
realKnownCause/machine_temperature_system_failure.csv,realKnownCause,C_iforest_contextual,0.002472,0.6726001368734288,0.9838056680161943,0.75,0.8511383537653241,0.75,0.11975605248567733,1698.3333333333333,-0.0706525873380785,-4.0,4.0
realKnownCause/machine_temperature_system_failure.csv,realKnownCause,C_iforest_contextual,0.002952,0.6670815366004833,0.9856584093872229,1.0,0.9927774130006566,1.0,0.13306228053964148,1712.5,1.572639177491088,-4.0,4.0
realKnownCause/machine_temperature_system_failure.csv,realKnownCause,C_iforest_contextual,0.003525,0.6638497687801092,0.9839479392624729,1.0,0.9919090312705009,1.0,0.18628719275549807,1300.0,1.398709868650869,-4.0,4.0
realKnownCause/machine_temperature_system_failure.csv,realKnownCause,C_iforest_contextual,0.00421,0.6606632763866697,0.9809688581314879,1.0,0.9903930131004367,1.0,0.18628719275549807,1300.0,1.398709868650869,-4.0,4.0
realKnownCause/machine_temperature_system_failure.csv,realKnownCause,C_iforest_contextual,0.005029,0.6561086136313524,0.9780077619663649,1.0,0.9888816219751472,1.0,0.21289964886342638,1295.0,1.1821843893797805,-4.0,4.0
realKnownCause/machine_temperature_system_failure.csv,realKnownCause,C_iforest_contextual,0.006006,0.649770608322498,0.972972972972973,1.0,0.9863013698630138,1.0,0.2528183330253188,1295.0,0.8521843893797805,-4.0,4.0
realKnownCause/machine_temperature_system_failure.csv,realKnownCause,C_iforest_contextual,0.007173,0.6416939288226864,0.9651063829787234,1.0,0.9822433954092681,1.0,0.359268157457032,1005.0,0.1676847213952995,-4.0,4.0
realKnownCause/machine_temperature_system_failure.csv,realKnownCause,C_iforest_contextual,0.008566,0.6350642327559646,0.9553496208930076,1.0,0.977165015079707,1.0,0.42579929772685277,1005.0,-0.3766165961664279,-4.0,4.0
realKnownCause/machine_temperature_system_failure.csv,realKnownCause,C_iforest_contextual,0.010231,0.6299329044548095,0.9446064139941691,1.0,0.9715142428785608,1.0,0.5322491221585659,1005.0,-1.2547163202424718,-4.0,4.0
realKnownCause/machine_temperature_system_failure.csv,realKnownCause,C_iforest_contextual,0.012218,0.6249341345583007,0.9314168377823409,1.0,0.9644907505847331,1.0,0.6520051746442432,701.25,-1.525684862758615,-4.0,4.0
realKnownCause/machine_temperature_system_failure.csv,realKnownCause,C_iforest_contextual,0.014592,0.6196738850907579,0.9163636363636364,1.0,0.9563567362428842,1.0,0.7451487710219923,697.5,-2.193429474857039,-4.0,4.0
realKnownCause/machine_temperature_system_failure.csv,realKnownCause,C_iforest_contextual,0.017428,0.6145124548829819,0.9017892644135189,1.0,0.948358770646038,1.0,0.9713546479393829,190.0,-3.747844198114663,-4.0,4.0
realKnownCause/machine_temperature_system_failure.csv,realKnownCause,C_iforest_contextual,0.020814,0.6095984922171036,0.8842105263157894,1.0,0.9385474860335195,1.0,1.2108667529107375,121.25,-5.7169772674611465,-4.0,4.0
realKnownCause/machine_temperature_system_failure.csv,realKnownCause,C_iforest_contextual,0.024858,0.6048991751363091,0.8649885583524027,1.0,0.9276073619631902,1.0,1.4104601737201996,121.25,-7.268479687565037,-4.0,4.0
realKnownCause/machine_temperature_system_failure.csv,realKnownCause,C_iforest_contextual,0.029688,0.599876301336947,0.8459530026109661,1.0,0.9165487977369166,1.0,1.6366660506375903,121.25,-9.083332334965068,-4.0,4.0
realKnownCause/machine_temperature_system_failure.csv,realKnownCause,C_iforest_contextual,0.035456,0.5955311464616699,0.8220369699166364,1.0,0.9023274318679132,1.0,2.049159120310479,117.5,-12.35333874941417,-4.0,4.0
realKnownCause/machine_temperature_system_failure.csv,realKnownCause,C_iforest_contextual,0.042345,0.590461544210214,0.7955103472465801,1.0,0.8861105684704044,1.0,2.3818148216595825,112.5,-14.97611781024006,-4.0,4.0
realKnownCause/machine_temperature_system_failure.csv,realKnownCause,C_iforest_contextual,0.050573,0.5857079958244942,0.7682926829268293,1.0,0.8689655172413793,1.0,2.7943078913324713,68.75,-18.239022477961235,-4.0,4.0
realKnownCause/machine_temperature_system_failure.csv,realKnownCause,C_iforest_contextual,0.060399,0.5808997956316432,0.7339805825242719,1.0,0.8465845464725644,1.0,3.685825170948069,52.5,-25.212213832417582,-4.0,4.0
realKnownCause/machine_temperature_system_failure.csv,realKnownCause,C_iforest_contextual,0.072135,0.5768949164641539,0.6954921803127875,1.0,0.8204015192620726,1.0,4.311217889484384,52.5,-30.36922708707825,-4.0,4.0
realKnownCause/machine_temperature_system_failure.csv,realKnownCause,C_iforest_contextual,0.086151,0.5727381756670684,0.6554913294797687,1.0,0.791899441340782,1.0,5.1894289410460175,52.5,-37.165281929339315,-4.0,4.0
realKnownCause/machine_temperature_system_failure.csv,realKnownCause,C_iforest_contextual,0.10289,0.568227369198762,0.6096774193548387,1.0,0.7575150300601202,1.0,6.333764553686935,0.0,-46.375494006477254,-4.0,4.0
realKnownCause/machine_temperature_system_failure.csv,realKnownCause,C_iforest_contextual,0.122881,0.5637765550180669,0.5629188384214445,1.0,0.7203430204859457,1.0,7.225281833302533,0.0,-53.303629367992336,-4.0,4.0
realKnownCause/machine_temperature_system_failure.csv,realKnownCause,C_iforest_contextual,0.146757,0.558954397503396,0.5144023588115219,1.0,0.6793470121311966,1.0,8.36961744594345,0.0,-62.47396772786714,-4.0,4.0
realKnownCause/machine_temperature_system_failure.csv,realKnownCause,C_iforest_contextual,0.175272,0.5541224850461155,0.46446856440712675,1.0,0.6343168787582156,1.0,9.407503234152653,0.0,-71.14968587867341,-4.0,4.0
realKnownCause/machine_temperature_system_failure.csv,realKnownCause,C_iforest_contextual,0.209328,0.5491083652541303,0.4125136413241179,1.0,0.5840844707700232,1.0,10.405470338199963,0.0,-79.63277193949037,-4.0,4.0
realKnownCause/machine_temperature_system_failure.csv,realKnownCause,C_iforest_contextual,0.25,0.544185712941567,0.36404494382022473,1.0,0.5337726523887975,1.0,11.296987617815562,0.0,-87.26800470260099,-4.0,4.0
realKnownCause/nyc_taxi.csv,realKnownCause,A_rolling_zscore,0.0005,48.920099196042315,0.9904306220095693,0.2,0.3327974276527331,0.2,0.010082974477470854,390.0,-3.2249592784058434,-5.0,5.0
realKnownCause/nyc_taxi.csv,realKnownCause,A_rolling_zscore,0.000597,41.85586710289512,0.9951923076923077,0.4,0.5706409372846313,0.4,0.010082974477470854,825.0,-1.2483749871687346,-5.0,5.0
realKnownCause/nyc_taxi.csv,realKnownCause,A_rolling_zscore,0.000713,37.813260072378455,0.9928057553956835,0.4,0.5702479338842976,0.4,0.015124461716206282,825.0,-1.3583749871687347,-5.0,5.0
realKnownCause/nyc_taxi.csv,realKnownCause,A_rolling_zscore,0.000852,33.09110854403531,0.9936,0.6,0.7481927710843375,0.6,0.02016594895494171,620.0,0.5291466148781405,-5.0,5.0
realKnownCause/nyc_taxi.csv,realKnownCause,A_rolling_zscore,0.001017,31.721887885489064,0.9920127795527156,0.6,0.7477423239012643,0.6,0.025207436193677137,620.0,0.41914661487814053,-5.0,5.0
realKnownCause/nyc_taxi.csv,realKnownCause,A_rolling_zscore,0.001215,29.19018925853966,0.9888535031847133,0.6,0.7468430547203848,0.6,0.03529041067114799,620.0,0.19914661487814056,-5.0,5.0
realKnownCause/nyc_taxi.csv,realKnownCause,A_rolling_zscore,0.001451,28.297711887988193,0.9872813990461049,0.6,0.7463942307692307,0.6,0.04033189790988342,620.0,0.08914661487814053,-5.0,5.0
realKnownCause/nyc_taxi.csv,realKnownCause,A_rolling_zscore,0.001733,26.29037957430824,0.9825949367088608,0.6,0.7450509898020397,0.6,0.0554563596260897,620.0,-0.24085338512185944,-5.0,5.0
realKnownCause/nyc_taxi.csv,realKnownCause,A_rolling_zscore,0.00207,24.682432407506322,0.9779527559055118,0.6,0.7437125748502994,0.6,0.07058082134229599,620.0,-0.5680352512978856,-5.0,5.0
realKnownCause/nyc_taxi.csv,realKnownCause,A_rolling_zscore,0.002472,23.7205982343096,0.971830985915493,0.6,0.7419354838709676,0.6,0.09074677029723768,620.0,-1.0080319810587703,-5.0,5.0
realKnownCause/nyc_taxi.csv,realKnownCause,A_rolling_zscore,0.002952,22.23991265376996,0.9657853810264385,0.6,0.7401668653158522,0.6,0.1109127192521794,620.0,-1.448021993527656,-5.0,5.0
realKnownCause/nyc_taxi.csv,realKnownCause,A_rolling_zscore,0.003525,20.980111364108165,0.9583333333333334,0.6,0.7379679144385026,0.6,0.13612015544585654,620.0,-1.9960561647325572,-5.0,5.0
realKnownCause/nyc_taxi.csv,realKnownCause,A_rolling_zscore,0.00421,20.549665831620214,0.9495412844036697,0.6,0.7353463587921848,0.6,0.1663690788782691,620.0,-2.656032236465973,-5.0,5.0
realKnownCause/nyc_taxi.csv,realKnownCause,A_rolling_zscore,0.005029,19.048327148943343,0.9394856278366112,0.6,0.7323113207547169,0.6,0.2016594895494171,620.0,-3.425414716687,-5.0,5.0
realKnownCause/nyc_taxi.csv,realKnownCause,A_rolling_zscore,0.006006,18.14958144947234,0.9254843517138599,0.6,0.7280187573270809,0.6,0.25207436193677135,620.0,-4.513268370268448,-5.0,5.0
realKnownCause/nyc_taxi.csv,realKnownCause,A_rolling_zscore,0.007173,16.683052256481567,0.9105571847507331,0.6,0.7233546884100174,0.6,0.30753072156286104,620.0,-5.723223398597517,-5.0,5.0
realKnownCause/nyc_taxi.csv,realKnownCause,A_rolling_zscore,0.008566,15.306973967660712,0.8935251798561151,0.6,0.7179190751445086,0.6,0.3730700556664216,620.0,-7.153191861242953,-5.0,5.0
realKnownCause/nyc_taxi.csv,realKnownCause,A_rolling_zscore,0.010231,14.224211316091141,0.8734177215189873,0.6,0.7113402061855671,0.6,0.448692364247453,620.0,-8.79909169553632,-5.0,5.0
realKnownCause/nyc_taxi.csv,realKnownCause,A_rolling_zscore,0.012218,12.964485728005542,0.8506849315068493,0.6,0.7036827195467422,0.6,0.5444806217834262,620.0,-10.720676598930723,-5.0,5.0
realKnownCause/nyc_taxi.csv,realKnownCause,A_rolling_zscore,0.014592,11.909433661255918,0.8257978723404256,0.6,0.6950195858981534,0.6,0.6553933410356055,620.0,-13.070937282953315,-5.0,5.0
realKnownCause/nyc_taxi.csv,realKnownCause,A_rolling_zscore,0.017428,11.110769463442868,0.7992277992277992,0.6,0.6854304635761589,0.6,0.7763890347652558,620.0,-15.5839175925774,-5.0,5.0
realKnownCause/nyc_taxi.csv,realKnownCause,A_rolling_zscore,0.020814,10.359068878322313,0.8173741362290227,0.8,0.80859375,0.8,0.9125091902111123,1912.5,-17.116459670961646,-5.0,5.0
realKnownCause/nyc_taxi.csv,realKnownCause,A_rolling_zscore,0.024858,9.270963826524127,0.8247011952191236,1.0,0.9039301310043668,1.0,1.073836781850646,1554.0,-18.448005999911995,-5.0,5.0
realKnownCause/nyc_taxi.csv,realKnownCause,A_rolling_zscore,0.029688,8.499496491096073,0.7998454404945904,1.0,0.888793473593817,1.0,1.2704547841613276,1554.0,-22.665164151730192,-5.0,5.0
realKnownCause/nyc_taxi.csv,realKnownCause,A_rolling_zscore,0.035456,7.69687155221848,0.7729648991784914,1.0,0.8719460825610783,1.0,1.4721142737107447,618.0,-26.147919403599985,-5.0,5.0
realKnownCause/nyc_taxi.csv,realKnownCause,A_rolling_zscore,0.042345,6.96095946935918,0.7398141529664046,1.0,0.8504519309778144,1.0,1.7493960718411932,474.0,-32.02078088819139,-5.0,5.0
realKnownCause/nyc_taxi.csv,realKnownCause,A_rolling_zscore,0.050573,6.299842611819366,0.7060027285129604,1.0,0.8276689324270292,1.0,1.9863459720617582,474.0,-36.972985787493606,-5.0,5.0
realKnownCause/nyc_taxi.csv,realKnownCause,A_rolling_zscore,0.060399,5.5996505759322766,0.6690368455074337,1.0,0.801704105344694,1.0,2.288835206385884,276.0,-43.414353470843416,-5.0,5.0
realKnownCause/nyc_taxi.csv,realKnownCause,A_rolling_zscore,0.072135,5.1099266072298075,0.6291793313069909,1.0,0.7723880597014925,1.0,2.65686377481357,144.0,-51.01472114908293,-5.0,5.0
realKnownCause/nyc_taxi.csv,realKnownCause,A_rolling_zscore,0.086151,4.696841083201504,0.5880681818181818,1.0,0.740608228980322,1.0,3.0148093687637854,114.0,-58.36596551153584,-5.0,5.0
realKnownCause/nyc_taxi.csv,realKnownCause,A_rolling_zscore,0.10289,4.395236682661183,0.5444502893214098,1.0,0.705040871934605,1.0,3.347547526520324,114.0,-65.46214541469237,-5.0,5.0
realKnownCause/nyc_taxi.csv,realKnownCause,A_rolling_zscore,0.122881,4.11589385323754,0.4980750721847931,1.0,0.6649534211371667,1.0,3.750866505619158,114.0,-73.9758452767658,-5.0,5.0
realKnownCause/nyc_taxi.csv,realKnownCause,A_rolling_zscore,0.146757,3.8922100975169447,0.4525579361609095,1.0,0.6231186032510536,1.0,4.093687637853167,114.0,-81.27440683737245,-5.0,5.0
realKnownCause/nyc_taxi.csv,realKnownCause,A_rolling_zscore,0.175272,3.636510734017537,0.4102259215219976,1.0,0.581787521079258,1.0,4.396176872177293,114.0,-87.77601352680753,-5.0,5.0
realKnownCause/nyc_taxi.csv,realKnownCause,A_rolling_zscore,0.209328,3.361811269483777,0.36741214057507987,1.0,0.5373831775700935,1.0,4.683541644785212,48.0,-93.83137416436264,-5.0,5.0
realKnownCause/nyc_taxi.csv,realKnownCause,A_rolling_zscore,0.25,3.0414543648903085,0.32805071315372425,1.0,0.49403341288782815,1.0,4.738998004411301,48.0,-95.10265120548962,-5.0,5.0
realKnownCause/nyc_taxi.csv,realKnownCause,B_iforest_raw,0.0005,0.7360579685254718,0.9904306220095693,0.2,0.3327974276527331,0.2,0.005041487238735427,3450.0,-3.2946309121957102,-5.0,5.0
realKnownCause/nyc_taxi.csv,realKnownCause,B_iforest_raw,0.000597,0.7245634416010501,0.9951923076923077,0.4,0.5706409372846313,0.4,0.005041487238735427,3270.0,-1.433130812481886,-5.0,5.0
realKnownCause/nyc_taxi.csv,realKnownCause,B_iforest_raw,0.000713,0.7203347871023134,0.9951923076923077,0.4,0.5706409372846313,0.4,0.005041487238735427,3255.0,-1.429767918410384,-5.0,5.0
realKnownCause/nyc_taxi.csv,realKnownCause,B_iforest_raw,0.000852,0.7183365365432969,0.9904306220095693,0.4,0.5698554714384032,0.4,0.015124461716206282,3255.0,-1.6401244615144583,-5.0,5.0
realKnownCause/nyc_taxi.csv,realKnownCause,B_iforest_raw,0.001017,0.7176732256607953,0.9880668257756563,0.4,0.5694635488308116,0.4,0.015124461716206282,3255.0,-1.6401244615144583,-5.0,5.0
realKnownCause/nyc_taxi.csv,realKnownCause,B_iforest_raw,0.001215,0.7164669174357756,0.9833729216152018,0.4,0.5686813186813187,0.4,0.025207436193677137,3255.0,-1.860099343162277,-5.0,5.0
realKnownCause/nyc_taxi.csv,realKnownCause,B_iforest_raw,0.001451,0.7108345547444838,0.9833729216152018,0.4,0.5686813186813187,0.4,0.025207436193677137,3075.0,-1.8139683312527428,-5.0,5.0
realKnownCause/nyc_taxi.csv,realKnownCause,B_iforest_raw,0.001733,0.7096271163168687,0.9764150943396226,0.4,0.5675119945167925,0.4,0.030248923432412565,3075.0,-1.9239677141970726,-5.0,5.0
realKnownCause/nyc_taxi.csv,realKnownCause,B_iforest_raw,0.00207,0.7096271163168687,0.9695550351288056,0.4,0.5663474692202463,0.4,0.04033189790988342,3075.0,-2.143335472226056,-5.0,5.0
realKnownCause/nyc_taxi.csv,realKnownCause,B_iforest_raw,0.002472,0.7059926322781471,0.9605568445475638,0.4,0.5648021828103684,0.4,0.05041487238735427,3075.0,-2.3357039038460523,-5.0,5.0
realKnownCause/nyc_taxi.csv,realKnownCause,B_iforest_raw,0.002952,0.7043581293409297,0.9517241379310345,0.4,0.563265306122449,0.4,0.06049784686482513,2970.0,-2.5332538398781748,-5.0,5.0
realKnownCause/nyc_taxi.csv,realKnownCause,B_iforest_raw,0.003525,0.7043581293409297,0.9409090909090909,0.4,0.56135593220339,0.4,0.08066379581976683,2970.0,-2.971041982195955,-5.0,5.0
realKnownCause/nyc_taxi.csv,realKnownCause,B_iforest_raw,0.00421,0.6996086239984269,0.9282511210762332,0.4,0.5590817015530047,0.4,0.10587123201344398,2970.0,-3.521041982195954,-5.0,5.0
realKnownCause/nyc_taxi.csv,realKnownCause,B_iforest_raw,0.005029,0.6984262601920322,0.9139072847682119,0.4,0.5564516129032258,0.4,0.11595420649091483,2970.0,-3.7410395815001465,-5.0,5.0
realKnownCause/nyc_taxi.csv,realKnownCause,B_iforest_raw,0.006006,0.697245894623113,0.8980477223427332,0.4,0.5534759358288771,0.4,0.1310786682071211,2325.0,-3.9753114906607303,-5.0,5.0
realKnownCause/nyc_taxi.csv,realKnownCause,B_iforest_raw,0.007173,0.694905761971424,0.8789808917197452,0.4,0.549800796812749,0.4,0.13612015544585654,2325.0,-4.076169470559382,-5.0,5.0
realKnownCause/nyc_taxi.csv,realKnownCause,B_iforest_raw,0.008566,0.6909063064165901,0.8553719008264463,0.4,0.5450954575378539,0.4,0.17645205335573996,2325.0,-4.956168134056844,-5.0,5.0
realKnownCause/nyc_taxi.csv,realKnownCause,B_iforest_raw,0.010231,0.67752374990873,0.8329979879275654,0.4,0.5404699738903395,0.4,0.20670097678815252,2295.0,-5.58944146940469,-5.0,5.0
realKnownCause/nyc_taxi.csv,realKnownCause,B_iforest_raw,0.012218,0.6715218273076081,0.8023255813953488,0.4,0.5338491295938105,0.4,0.23694990022056509,2295.0,-6.2489214985869594,-5.0,5.0
realKnownCause/nyc_taxi.csv,realKnownCause,B_iforest_raw,0.014592,0.6627427548317241,0.770949720670391,0.4,0.5267175572519084,0.4,0.2621573364142422,2280.0,-6.7955466848084995,-5.0,5.0
realKnownCause/nyc_taxi.csv,realKnownCause,B_iforest_raw,0.017428,0.6627427548317241,0.8117647058823529,0.6,0.6900000000000001,0.6,0.3327381577565382,2360.0,-6.338474144719148,-5.0,5.0
realKnownCause/nyc_taxi.csv,realKnownCause,B_iforest_raw,0.020814,0.6600145340890119,0.8466257668711656,0.8,0.8226527570789867,0.8,0.34282113223400906,2520.0,-4.687090021386199,-5.0,5.0
realKnownCause/nyc_taxi.csv,realKnownCause,B_iforest_raw,0.024858,0.6469728017045564,0.8173741362290227,0.8,0.80859375,0.8,0.38315303014389246,2505.0,-5.586176031962109,-5.0,5.0
realKnownCause/nyc_taxi.csv,realKnownCause,B_iforest_raw,0.029688,0.6366680106848793,0.8220810166799047,1.0,0.9023539668700958,1.0,0.43860938976998215,2784.0,-4.958955471772107,-5.0,5.0
realKnownCause/nyc_taxi.csv,realKnownCause,B_iforest_raw,0.035456,0.626686109495927,0.7900763358778626,1.0,0.8827292110874201,1.0,0.4789412876798656,2562.0,-5.759214100647988,-5.0,5.0
realKnownCause/nyc_taxi.csv,realKnownCause,B_iforest_raw,0.042345,0.6124781601344462,0.7549234135667396,1.0,0.8603491271820448,1.0,0.554563596260897,2226.0,-7.251081320373812,-5.0,5.0
realKnownCause/nyc_taxi.csv,realKnownCause,B_iforest_raw,0.050573,0.6007478617182066,0.719749652294854,1.0,0.8370400323493733,1.0,0.6301859048419284,1932.0,-8.863210407349765,-5.0,5.0
realKnownCause/nyc_taxi.csv,realKnownCause,B_iforest_raw,0.060399,0.5854766069041543,0.6786885245901639,1.0,0.80859375,1.0,0.7007667261842244,1452.0,-10.260567181686396,-5.0,5.0
realKnownCause/nyc_taxi.csv,realKnownCause,B_iforest_raw,0.072135,0.5740377166425767,0.6373152709359606,1.0,0.7784881534411433,1.0,0.7915134964814621,1440.0,-12.290457533484242,-5.0,5.0
realKnownCause/nyc_taxi.csv,realKnownCause,B_iforest_raw,0.086151,0.5632728349642867,0.5934633027522935,1.0,0.7448722562072687,1.0,0.9881314987921437,1170.0,-16.183295267611022,-5.0,5.0
realKnownCause/nyc_taxi.csv,realKnownCause,B_iforest_raw,0.10289,0.5595636589652041,0.550531914893617,1.0,0.7101200686106346,1.0,1.2553303224451213,960.0,-21.790071575819773,-5.0,5.0
realKnownCause/nyc_taxi.csv,realKnownCause,B_iforest_raw,0.122881,0.556782353785001,0.5058651026392962,1.0,0.6718597857838364,1.0,1.5628610440079824,720.0,-28.256254748626937,-5.0,5.0
realKnownCause/nyc_taxi.csv,realKnownCause,B_iforest_raw,0.146757,0.5547414700696243,0.4612299465240642,1.0,0.6312900274473925,1.0,1.8855162272870498,714.0,-34.910591089598135,-5.0,5.0
realKnownCause/nyc_taxi.csv,realKnownCause,B_iforest_raw,0.175272,0.55156534698823,0.41767554479418884,1.0,0.5892399658411613,1.0,2.0468438189265834,408.0,-38.37267335804606,-5.0,5.0
realKnownCause/nyc_taxi.csv,realKnownCause,B_iforest_raw,0.209328,0.5460148916678078,0.37636363636363634,1.0,0.546895640686922,1.0,2.172880999894969,402.0,-41.09926148341288,-5.0,5.0
realKnownCause/nyc_taxi.csv,realKnownCause,B_iforest_raw,0.25,0.5403602004198327,0.33419438165967064,1.0,0.5009680542110359,1.0,2.193046948849911,402.0,-41.40593322378349,-5.0,5.0
realKnownCause/nyc_taxi.csv,realKnownCause,C_iforest_contextual,0.0005,0.6209468183148548,0.9975903614457832,0.4,0.5710344827586207,0.4,0.005041487238735427,3255.0,-1.429767918410384,-5.0,5.0
realKnownCause/nyc_taxi.csv,realKnownCause,C_iforest_contextual,0.000597,0.6180269759060617,0.9975903614457832,0.4,0.5710344827586207,0.4,0.005041487238735427,3255.0,-1.429767918410384,-5.0,5.0
realKnownCause/nyc_taxi.csv,realKnownCause,C_iforest_contextual,0.000713,0.6162338753718374,0.9975903614457832,0.4,0.5710344827586207,0.4,0.005041487238735427,3240.0,-1.4264736258997648,-5.0,5.0
realKnownCause/nyc_taxi.csv,realKnownCause,C_iforest_contextual,0.000852,0.6153938921162883,0.9928057553956835,0.4,0.5702479338842976,0.4,0.015124461716206282,3240.0,-1.646473625899765,-5.0,5.0
realKnownCause/nyc_taxi.csv,realKnownCause,C_iforest_contextual,0.001017,0.6146190378258629,0.9904306220095693,0.4,0.5698554714384032,0.4,0.02016594895494171,3240.0,-1.756473625899765,-5.0,5.0
realKnownCause/nyc_taxi.csv,realKnownCause,C_iforest_contextual,0.001215,0.6125129189485188,0.9857142857142858,0.4,0.5690721649484537,0.4,0.030248923432412565,3240.0,-1.9764736258997653,-5.0,5.0
realKnownCause/nyc_taxi.csv,realKnownCause,C_iforest_contextual,0.001451,0.6117025939335792,0.981042654028436,0.4,0.5682910089224434,0.4,0.04033189790988342,3240.0,-2.192717748559876,-5.0,5.0
realKnownCause/nyc_taxi.csv,realKnownCause,C_iforest_contextual,0.001733,0.6089599426512224,0.9764150943396226,0.4,0.5675119945167925,0.4,0.05041487238735427,3240.0,-2.4127172996453083,-5.0,5.0
realKnownCause/nyc_taxi.csv,realKnownCause,C_iforest_contextual,0.00207,0.6079205932682439,0.981042654028436,0.6,0.7446043165467626,0.6,0.06049784686482513,3800.0,-1.1488817533215616,-5.0,5.0
realKnownCause/nyc_taxi.csv,realKnownCause,C_iforest_contextual,0.002472,0.6065011904569039,0.9748822605965463,0.6,0.742822966507177,0.6,0.08066379581976683,3800.0,-1.542159661922534,-5.0,5.0
realKnownCause/nyc_taxi.csv,realKnownCause,C_iforest_contextual,0.002952,0.60506432038725,0.9672897196261683,0.6,0.740608228980322,0.6,0.10082974477470855,3800.0,-1.9821583616915044,-5.0,5.0
realKnownCause/nyc_taxi.csv,realKnownCause,C_iforest_contextual,0.003525,0.6027780763425246,0.9598145285935085,0.6,0.7384066587395957,0.6,0.12603718096838568,3800.0,-2.5185299509603247,-5.0,5.0
realKnownCause/nyc_taxi.csv,realKnownCause,C_iforest_contextual,0.00421,0.6006518139578694,0.9509954058192955,0.6,0.735781990521327,0.6,0.15628610440079824,3800.0,-3.0759335704927837,-5.0,5.0
realKnownCause/nyc_taxi.csv,realKnownCause,C_iforest_contextual,0.005029,0.5994688719502976,0.9409090909090909,0.6,0.7327433628318584,0.6,0.19157651507194623,3800.0,-3.8446110642621862,-5.0,5.0
realKnownCause/nyc_taxi.csv,realKnownCause,C_iforest_contextual,0.006006,0.597143016231897,0.9296407185628742,0.6,0.729301233118027,0.6,0.2218254385043588,2840.0,-4.042901265393191,-5.0,5.0
realKnownCause/nyc_taxi.csv,realKnownCause,C_iforest_contextual,0.007173,0.59560661178262,0.915929203539823,0.6,0.7250437828371278,0.6,0.26719882365297765,1990.0,-4.860595391965583,-5.0,5.0
realKnownCause/nyc_taxi.csv,realKnownCause,C_iforest_contextual,0.008566,0.5940147978747985,0.8986975397973951,0.6,0.7195828505214368,0.6,0.3327381577565382,1990.0,-6.235588513969554,-5.0,5.0
realKnownCause/nyc_taxi.csv,realKnownCause,C_iforest_contextual,0.010231,0.5912538218722634,0.8783592644978784,0.6,0.7129735935706084,0.6,0.3881945173826279,1990.0,-7.445215638867923,-5.0,5.0
realKnownCause/nyc_taxi.csv,realKnownCause,C_iforest_contextual,0.012218,0.5894073958309297,0.8577348066298343,0.6,0.7060830017055144,0.6,0.448692364247453,1990.0,-8.759227515577898,-5.0,5.0
realKnownCause/nyc_taxi.csv,realKnownCause,C_iforest_contextual,0.014592,0.5867913128463547,0.8335570469798658,0.6,0.697752808988764,0.6,0.5091902111122781,1990.0,-9.990201787225564,-5.0,5.0
realKnownCause/nyc_taxi.csv,realKnownCause,C_iforest_contextual,0.017428,0.5831658054153112,0.8054474708171206,0.6,0.6877076411960134,0.6,0.5848125196933096,1480.0,-11.5716956610405,-5.0,5.0
realKnownCause/nyc_taxi.csv,realKnownCause,C_iforest_contextual,0.020814,0.5790106503895438,0.7772215269086358,0.6,0.6772082878953107,0.6,0.6301859048419284,1470.0,-12.561086237915681,-5.0,5.0
realKnownCause/nyc_taxi.csv,realKnownCause,C_iforest_contextual,0.024858,0.5738225202974023,0.7419354838709677,0.6,0.6634615384615384,0.6,0.7058082134229599,1470.0,-14.162717498773398,-5.0,5.0
realKnownCause/nyc_taxi.csv,realKnownCause,C_iforest_contextual,0.029688,0.5696763732132645,0.7617295308187673,0.8,0.7803958529688972,0.8,0.7915134964814621,1365.0,-14.029961948366328,-5.0,5.0
realKnownCause/nyc_taxi.csv,realKnownCause,C_iforest_contextual,0.035456,0.5645967117191243,0.7288732394366197,0.8,0.7627821280515891,0.8,0.8469698561075518,1365.0,-15.239493504500937,-5.0,5.0
realKnownCause/nyc_taxi.csv,realKnownCause,C_iforest_contextual,0.042345,0.5586363673221346,0.6928870292887029,0.8,0.7426008968609865,0.8,0.9024262157336415,1357.5,-16.442943557609563,-5.0,5.0
realKnownCause/nyc_taxi.csv,realKnownCause,C_iforest_contextual,0.050573,0.552636985360719,0.6540284360189573,0.8,0.7196870925684484,0.8,0.9830900115534082,1357.5,-18.17699079405263,-5.0,5.0
realKnownCause/nyc_taxi.csv,realKnownCause,C_iforest_contextual,0.060399,0.5465133333865194,0.6106194690265486,0.8,0.6925972396486825,0.8,1.119210166999265,1357.5,-21.056946116878596,-5.0,5.0
realKnownCause/nyc_taxi.csv,realKnownCause,C_iforest_contextual,0.072135,0.5411420269458902,0.5702479338842975,0.8,0.6658624849215923,0.8,1.2654132969225922,1230.0,-24.20616339792192,-5.0,5.0
realKnownCause/nyc_taxi.csv,realKnownCause,C_iforest_contextual,0.086151,0.5349947105964272,0.5260482846251588,0.8,0.6347259486393254,0.8,1.47715576094948,1132.5,-28.571423628443,-5.0,5.0
realKnownCause/nyc_taxi.csv,realKnownCause,C_iforest_contextual,0.10289,0.52981517727893,0.4797219003476246,0.8,0.5997826874320898,0.8,1.7141056611700451,922.5,-33.46514377576698,-5.0,5.0
realKnownCause/nyc_taxi.csv,realKnownCause,C_iforest_contextual,0.122881,0.5246329188609532,0.490521327014218,1.0,0.6581875993640699,1.0,1.946014074151875,960.0,-36.50904186035357,-5.0,5.0
realKnownCause/nyc_taxi.csv,realKnownCause,C_iforest_contextual,0.146757,0.5199707513938664,0.44650560828300256,1.0,0.6173575902177154,1.0,2.157756538178763,954.0,-40.99652303579321,-5.0,5.0
realKnownCause/nyc_taxi.csv,realKnownCause,C_iforest_contextual,0.175272,0.5150829089060308,0.4041390081999219,1.0,0.5756395995550612,1.0,2.4501627980254175,420.0,-46.699075416446064,-5.0,5.0
realKnownCause/nyc_taxi.csv,realKnownCause,C_iforest_contextual,0.209328,0.510469734194079,0.3620146904512067,1.0,0.5315870570107858,1.0,2.6014074151874804,420.0,-49.72837390129514,-5.0,5.0
realKnownCause/nyc_taxi.csv,realKnownCause,C_iforest_contextual,0.25,0.5054186384933821,0.32242990654205606,1.0,0.4876325088339222,1.0,2.7324860833946016,372.0,-52.344926795465575,-5.0,5.0
realKnownCause/rogue_agent_key_hold.csv,realKnownCause,A_rolling_zscore,0.0005,49.896529326406124,0.0,0.0,0.0,0.0,0.0,,-2.0,-2.0,2.0
realKnownCause/rogue_agent_key_hold.csv,realKnownCause,A_rolling_zscore,0.000597,49.876456015728884,0.0,0.0,0.0,0.0,0.0,,-2.0,-2.0,2.0
realKnownCause/rogue_agent_key_hold.csv,realKnownCause,A_rolling_zscore,0.000713,49.852450819455086,0.0,0.0,0.0,0.0,0.0,,-2.0,-2.0,2.0
realKnownCause/rogue_agent_key_hold.csv,realKnownCause,A_rolling_zscore,0.000852,49.82368597219599,0.0,0.0,0.0,0.0,0.0,,-2.0,-2.0,2.0
realKnownCause/rogue_agent_key_hold.csv,realKnownCause,A_rolling_zscore,0.001017,49.78954064990999,0.0,0.0,0.0,0.0,0.0,,-2.0,-2.0,2.0
realKnownCause/rogue_agent_key_hold.csv,realKnownCause,A_rolling_zscore,0.001215,49.748566263166815,0.0,0.0,0.0,0.0,0.0,,-2.0,-2.0,2.0
realKnownCause/rogue_agent_key_hold.csv,realKnownCause,A_rolling_zscore,0.001451,49.699728105230484,0.0,0.0,0.0,0.0,0.0,,-2.0,-2.0,2.0
realKnownCause/rogue_agent_key_hold.csv,realKnownCause,A_rolling_zscore,0.001733,49.64137064532351,0.0,0.0,0.0,0.0,0.0,,-2.0,-2.0,2.0
realKnownCause/rogue_agent_key_hold.csv,realKnownCause,A_rolling_zscore,0.00207,47.91721373575624,0.0,0.0,0.0,0.0,0.07505863956215794,,-2.11,-2.0,2.0
realKnownCause/rogue_agent_key_hold.csv,realKnownCause,A_rolling_zscore,0.002472,45.35423072033228,0.0,0.0,0.0,0.0,0.07505863956215794,,-2.11,-2.0,2.0
realKnownCause/rogue_agent_key_hold.csv,realKnownCause,A_rolling_zscore,0.002952,42.29395249296225,0.0,0.0,0.0,0.0,0.07505863956215794,,-2.11,-2.0,2.0
realKnownCause/rogue_agent_key_hold.csv,realKnownCause,A_rolling_zscore,0.003525,38.64074535903669,0.0,0.0,0.0,0.0,0.07505863956215794,,-2.11,-2.0,2.0
realKnownCause/rogue_agent_key_hold.csv,realKnownCause,A_rolling_zscore,0.00421,33.825148209025215,0.0,0.0,0.0,0.0,0.15011727912431588,,-2.2199999999999998,-2.0,2.0
realKnownCause/rogue_agent_key_hold.csv,realKnownCause,A_rolling_zscore,0.005029,27.99803984911201,0.0,0.0,0.0,0.0,0.15011727912431588,,-2.2199999999999998,-2.0,2.0
realKnownCause/rogue_agent_key_hold.csv,realKnownCause,A_rolling_zscore,0.006006,22.719244475399602,0.0,0.0,0.0,0.0,0.22517591868647382,,-2.3299999999999996,-2.0,2.0
realKnownCause/rogue_agent_key_hold.csv,realKnownCause,A_rolling_zscore,0.007173,17.665878877973544,0.0,0.0,0.0,0.0,0.22517591868647382,,-2.3299999999999996,-2.0,2.0
realKnownCause/rogue_agent_key_hold.csv,realKnownCause,A_rolling_zscore,0.008566,15.081807038607785,0.0,0.0,0.0,0.0,0.30023455824863177,,-2.4399999999999995,-2.0,2.0
realKnownCause/rogue_agent_key_hold.csv,realKnownCause,A_rolling_zscore,0.010231,14.203308666780986,0.0,0.0,0.0,0.0,0.3752931978107897,,-2.5499933050574812,-2.0,2.0
realKnownCause/rogue_agent_key_hold.csv,realKnownCause,A_rolling_zscore,0.012218,13.232313925657843,0.0,0.0,0.0,0.0,0.45035183737294765,,-2.659993305057481,-2.0,2.0
realKnownCause/rogue_agent_key_hold.csv,realKnownCause,A_rolling_zscore,0.014592,11.867798371658699,0.0,0.0,0.0,0.0,0.6004691164972635,,-2.8793292534660453,-2.0,2.0
realKnownCause/rogue_agent_key_hold.csv,realKnownCause,A_rolling_zscore,0.017428,11.160459691323648,0.0,0.0,0.0,0.0,0.6755277560594215,,-2.989329253466045,-2.0,2.0
realKnownCause/rogue_agent_key_hold.csv,realKnownCause,A_rolling_zscore,0.020814,9.468013952201202,0.0,0.0,0.0,0.0,0.8256450351837373,,-3.209329253466045,-2.0,2.0
realKnownCause/rogue_agent_key_hold.csv,realKnownCause,A_rolling_zscore,0.024858,8.424052210938303,0.6842105263157895,0.5777777777777777,0.6265060240963854,0.5,0.9007036747458953,85.0,-1.434340436008371,-2.0,2.0
realKnownCause/rogue_agent_key_hold.csv,realKnownCause,A_rolling_zscore,0.029688,7.025237429623524,0.6341463414634146,0.5777777777777777,0.6046511627906976,0.5,1.125879593432369,85.0,-1.7643404360083712,-2.0,2.0
realKnownCause/rogue_agent_key_hold.csv,realKnownCause,A_rolling_zscore,0.035456,5.251822595073093,0.5909090909090909,0.5777777777777777,0.5842696629213482,0.5,1.200938232994527,85.0,-1.8743404360083713,-2.0,2.0
realKnownCause/rogue_agent_key_hold.csv,realKnownCause,A_rolling_zscore,0.042345,4.328794686838719,0.5416666666666666,0.5777777777777777,0.5591397849462364,0.5,1.275996872556685,85.0,-1.9843404360083714,-2.0,2.0
realKnownCause/rogue_agent_key_hold.csv,realKnownCause,A_rolling_zscore,0.050573,3.7929022462970776,0.6428571428571429,1.0,0.782608695652174,1.0,1.351055512118843,42.5,-0.09434043600837108,-2.0,2.0
realKnownCause/rogue_agent_key_hold.csv,realKnownCause,A_rolling_zscore,0.060399,3.0068905242476838,0.6081081081081081,1.0,0.7563025210084033,1.0,1.5762314308053167,0.0,-0.30932889715532924,-2.0,2.0
realKnownCause/rogue_agent_key_hold.csv,realKnownCause,A_rolling_zscore,0.072135,2.8263076641903884,0.569620253164557,1.0,0.7258064516129034,1.0,1.9515246286161063,0.0,-0.8243776940815277,-2.0,2.0
realKnownCause/rogue_agent_key_hold.csv,realKnownCause,A_rolling_zscore,0.086151,2.5450059565340544,0.5232558139534884,1.0,0.6870229007633588,1.0,2.326817826426896,0.0,-1.2208518446510808,-2.0,2.0
realKnownCause/rogue_agent_key_hold.csv,realKnownCause,A_rolling_zscore,0.10289,2.1394097086372263,0.47368421052631576,1.0,0.6428571428571429,1.0,2.627052384675528,0.0,-1.6591008817987427,-2.0,2.0
realKnownCause/rogue_agent_key_hold.csv,realKnownCause,A_rolling_zscore,0.122881,1.9770606957292431,0.4411764705882353,1.0,0.6122448979591837,1.0,2.9272869429241597,0.0,-2.099764933390179,-2.0,2.0
realKnownCause/rogue_agent_key_hold.csv,realKnownCause,A_rolling_zscore,0.146757,1.7584168298040832,0.39823008849557523,1.0,0.569620253164557,1.0,3.377638780297107,0.0,-2.700588368928517,-2.0,2.0
realKnownCause/rogue_agent_key_hold.csv,realKnownCause,A_rolling_zscore,0.175272,1.623543283762783,0.3543307086614173,1.0,0.5232558139534883,1.0,3.827990617670055,0.0,-3.348335318980924,-2.0,2.0
realKnownCause/rogue_agent_key_hold.csv,realKnownCause,A_rolling_zscore,0.209328,1.4769999056520802,0.3125,1.0,0.47619047619047616,1.0,4.503518373729476,0.0,-4.294668565202383,-2.0,2.0
realKnownCause/rogue_agent_key_hold.csv,realKnownCause,A_rolling_zscore,0.25,1.3139597884997465,0.2727272727272727,1.0,0.42857142857142855,1.0,4.803752931978108,0.0,-4.7346685652023845,-2.0,2.0
realKnownCause/rogue_agent_key_hold.csv,realKnownCause,B_iforest_raw,0.0005,0.816200233472593,0.0,0.0,0.0,0.0,0.0,,-2.0,-2.0,2.0
realKnownCause/rogue_agent_key_hold.csv,realKnownCause,B_iforest_raw,0.000597,0.816200233472593,0.0,0.0,0.0,0.0,0.0,,-2.0,-2.0,2.0
realKnownCause/rogue_agent_key_hold.csv,realKnownCause,B_iforest_raw,0.000713,0.816200233472593,0.0,0.0,0.0,0.0,0.0,,-2.0,-2.0,2.0
realKnownCause/rogue_agent_key_hold.csv,realKnownCause,B_iforest_raw,0.000852,0.816200233472593,0.0,0.0,0.0,0.0,0.0,,-2.0,-2.0,2.0
realKnownCause/rogue_agent_key_hold.csv,realKnownCause,B_iforest_raw,0.001017,0.816200233472593,0.0,0.0,0.0,0.0,0.0,,-2.0,-2.0,2.0
realKnownCause/rogue_agent_key_hold.csv,realKnownCause,B_iforest_raw,0.001215,0.816200233472593,0.0,0.0,0.0,0.0,0.0,,-2.0,-2.0,2.0
realKnownCause/rogue_agent_key_hold.csv,realKnownCause,B_iforest_raw,0.001451,0.816200233472593,0.0,0.0,0.0,0.0,0.0,,-2.0,-2.0,2.0
realKnownCause/rogue_agent_key_hold.csv,realKnownCause,B_iforest_raw,0.001733,0.816200233472593,0.0,0.0,0.0,0.0,0.0,,-2.0,-2.0,2.0
realKnownCause/rogue_agent_key_hold.csv,realKnownCause,B_iforest_raw,0.00207,0.816200233472593,0.0,0.0,0.0,0.0,0.07505863956215794,,-2.11,-2.0,2.0
realKnownCause/rogue_agent_key_hold.csv,realKnownCause,B_iforest_raw,0.002472,0.816200233472593,0.0,0.0,0.0,0.0,0.07505863956215794,,-2.11,-2.0,2.0
realKnownCause/rogue_agent_key_hold.csv,realKnownCause,B_iforest_raw,0.002952,0.816200233472593,0.0,0.0,0.0,0.0,0.07505863956215794,,-2.11,-2.0,2.0
realKnownCause/rogue_agent_key_hold.csv,realKnownCause,B_iforest_raw,0.003525,0.816200233472593,0.0,0.0,0.0,0.0,0.07505863956215794,,-2.11,-2.0,2.0
realKnownCause/rogue_agent_key_hold.csv,realKnownCause,B_iforest_raw,0.00421,0.816200233472593,0.0,0.0,0.0,0.0,0.07505863956215794,,-2.11,-2.0,2.0
realKnownCause/rogue_agent_key_hold.csv,realKnownCause,B_iforest_raw,0.005029,0.816200233472593,0.0,0.0,0.0,0.0,0.07505863956215794,,-2.11,-2.0,2.0
realKnownCause/rogue_agent_key_hold.csv,realKnownCause,B_iforest_raw,0.006006,0.816200233472593,0.0,0.0,0.0,0.0,0.15011727912431588,,-2.2199999999999998,-2.0,2.0
realKnownCause/rogue_agent_key_hold.csv,realKnownCause,B_iforest_raw,0.007173,0.816200233472593,0.0,0.0,0.0,0.0,0.15011727912431588,,-2.2199999999999998,-2.0,2.0
realKnownCause/rogue_agent_key_hold.csv,realKnownCause,B_iforest_raw,0.008566,0.816200233472593,0.896551724137931,0.5777777777777777,0.7027027027027027,0.5,0.15011727912431588,95.0,-0.3602074330902163,-2.0,2.0
realKnownCause/rogue_agent_key_hold.csv,realKnownCause,B_iforest_raw,0.010231,0.816200233472593,0.896551724137931,0.5777777777777777,0.7027027027027027,0.5,0.15011727912431588,95.0,-0.3602074330902163,-2.0,2.0
realKnownCause/rogue_agent_key_hold.csv,realKnownCause,B_iforest_raw,0.012218,0.816200233472593,0.8666666666666667,0.5777777777777777,0.6933333333333332,0.5,0.22517591868647382,95.0,-0.4702007381476982,-2.0,2.0
realKnownCause/rogue_agent_key_hold.csv,realKnownCause,B_iforest_raw,0.014592,0.816200233472593,0.9183673469387755,1.0,0.9574468085106383,1.0,0.22517591868647382,157.5,1.5137266339372881,-2.0,2.0
realKnownCause/rogue_agent_key_hold.csv,realKnownCause,B_iforest_raw,0.017428,0.816200233472593,0.9183673469387755,1.0,0.9574468085106383,1.0,0.22517591868647382,157.5,1.5137266339372881,-2.0,2.0
realKnownCause/rogue_agent_key_hold.csv,realKnownCause,B_iforest_raw,0.020814,0.816200233472593,0.9183673469387755,1.0,0.9574468085106383,1.0,0.22517591868647382,157.5,1.5137266339372881,-2.0,2.0
realKnownCause/rogue_agent_key_hold.csv,realKnownCause,B_iforest_raw,0.024858,0.816200233472593,0.9183673469387755,1.0,0.9574468085106383,1.0,0.22517591868647382,157.5,1.5137266339372881,-2.0,2.0
realKnownCause/rogue_agent_key_hold.csv,realKnownCause,B_iforest_raw,0.029688,0.816200233472593,0.9183673469387755,1.0,0.9574468085106383,1.0,0.22517591868647382,157.5,1.5137266339372881,-2.0,2.0
realKnownCause/rogue_agent_key_hold.csv,realKnownCause,B_iforest_raw,0.035456,0.816200233472593,0.8653846153846154,1.0,0.9278350515463918,1.0,0.45035183737294765,157.5,1.2481078806512589,-2.0,2.0
realKnownCause/rogue_agent_key_hold.csv,realKnownCause,B_iforest_raw,0.042345,0.816200233472593,0.8035714285714286,1.0,0.8910891089108911,1.0,0.7505863956215794,157.5,0.8081078806512587,-2.0,2.0
realKnownCause/rogue_agent_key_hold.csv,realKnownCause,B_iforest_raw,0.050573,0.7668767530670957,0.7377049180327869,1.0,0.8490566037735848,1.0,1.125879593432369,157.5,0.2586518577457185,-2.0,2.0
realKnownCause/rogue_agent_key_hold.csv,realKnownCause,B_iforest_raw,0.060399,0.7107129684168288,0.6818181818181818,1.0,0.8108108108108109,1.0,1.4261141516810008,157.5,-0.18134814225428147,-2.0,2.0
realKnownCause/rogue_agent_key_hold.csv,realKnownCause,B_iforest_raw,0.072135,0.6878071131212015,0.6164383561643836,1.0,0.7627118644067796,1.0,1.8764659890539486,157.5,-0.841347718645074,-2.0,2.0
realKnownCause/rogue_agent_key_hold.csv,realKnownCause,B_iforest_raw,0.086151,0.667059841000348,0.569620253164557,1.0,0.7258064516129034,1.0,2.1767005473025804,47.5,-1.2217555462129488,-2.0,2.0
realKnownCause/rogue_agent_key_hold.csv,realKnownCause,B_iforest_raw,0.10289,0.6327908427302552,0.5113636363636364,1.0,0.6766917293233083,1.0,2.55199374511337,47.5,-1.7717555462129495,-2.0,2.0
realKnownCause/rogue_agent_key_hold.csv,realKnownCause,B_iforest_raw,0.122881,0.6260046991982053,0.45918367346938777,1.0,0.6293706293706294,1.0,3.0023455824863174,25.0,-2.3099445492157757,-2.0,2.0
realKnownCause/rogue_agent_key_hold.csv,realKnownCause,B_iforest_raw,0.146757,0.6260046991982053,0.4166666666666667,1.0,0.5882352941176471,1.0,3.602814698983581,25.0,-3.0317409159231214,-2.0,2.0
realKnownCause/rogue_agent_key_hold.csv,realKnownCause,B_iforest_raw,0.175272,0.6260046991982053,0.375,1.0,0.5454545454545454,1.0,4.2032838154808445,25.0,-3.8306543317423065,-2.0,2.0
realKnownCause/rogue_agent_key_hold.csv,realKnownCause,B_iforest_raw,0.209328,0.6260046991982053,0.3237410071942446,1.0,0.4891304347826087,1.0,5.028928850664582,25.0,-5.040654331742309,-2.0,2.0
realKnownCause/rogue_agent_key_hold.csv,realKnownCause,B_iforest_raw,0.25,0.61139621583128,0.2795031055900621,1.0,0.4368932038834951,1.0,5.1790461297888974,25.0,-5.2606543990408,-2.0,2.0
realKnownCause/rogue_agent_key_hold.csv,realKnownCause,C_iforest_contextual,0.0005,0.6907768457902342,0.0,0.0,0.0,0.0,0.0,,-2.0,-2.0,2.0
realKnownCause/rogue_agent_key_hold.csv,realKnownCause,C_iforest_contextual,0.000597,0.6905948536550309,0.0,0.0,0.0,0.0,0.0,,-2.0,-2.0,2.0
realKnownCause/rogue_agent_key_hold.csv,realKnownCause,C_iforest_contextual,0.000713,0.6903772135758186,0.0,0.0,0.0,0.0,0.0,,-2.0,-2.0,2.0
realKnownCause/rogue_agent_key_hold.csv,realKnownCause,C_iforest_contextual,0.000852,0.6901164207222801,0.0,0.0,0.0,0.0,0.0,,-2.0,-2.0,2.0
realKnownCause/rogue_agent_key_hold.csv,realKnownCause,C_iforest_contextual,0.001017,0.6898068464716764,0.0,0.0,0.0,0.0,0.0,,-2.0,-2.0,2.0
realKnownCause/rogue_agent_key_hold.csv,realKnownCause,C_iforest_contextual,0.001215,0.6894353573709524,0.0,0.0,0.0,0.0,0.0,,-2.0,-2.0,2.0
realKnownCause/rogue_agent_key_hold.csv,realKnownCause,C_iforest_contextual,0.001451,0.6889925723822105,0.0,0.0,0.0,0.0,0.0,,-2.0,-2.0,2.0
realKnownCause/rogue_agent_key_hold.csv,realKnownCause,C_iforest_contextual,0.001733,0.6884634818448153,0.0,0.0,0.0,0.0,0.0,,-2.0,-2.0,2.0
realKnownCause/rogue_agent_key_hold.csv,realKnownCause,C_iforest_contextual,0.00207,0.6881223110036404,0.0,0.0,0.0,0.0,0.07505863956215794,,-2.11,-2.0,2.0
realKnownCause/rogue_agent_key_hold.csv,realKnownCause,C_iforest_contextual,0.002472,0.6878044195301187,0.0,0.0,0.0,0.0,0.07505863956215794,,-2.11,-2.0,2.0
realKnownCause/rogue_agent_key_hold.csv,realKnownCause,C_iforest_contextual,0.002952,0.6874248476214363,0.0,0.0,0.0,0.0,0.07505863956215794,,-2.11,-2.0,2.0
realKnownCause/rogue_agent_key_hold.csv,realKnownCause,C_iforest_contextual,0.003525,0.6869717336554464,0.0,0.0,0.0,0.0,0.07505863956215794,,-2.11,-2.0,2.0
realKnownCause/rogue_agent_key_hold.csv,realKnownCause,C_iforest_contextual,0.00421,0.6864395914323104,0.0,0.0,0.0,0.0,0.15011727912431588,,-2.2199999999999998,-2.0,2.0
realKnownCause/rogue_agent_key_hold.csv,realKnownCause,C_iforest_contextual,0.005029,0.6858048296064763,0.0,0.0,0.0,0.0,0.15011727912431588,,-2.2199999999999998,-2.0,2.0
realKnownCause/rogue_agent_key_hold.csv,realKnownCause,C_iforest_contextual,0.006006,0.6829171821719504,0.0,0.0,0.0,0.0,0.22517591868647382,,-2.3299999999999996,-2.0,2.0
realKnownCause/rogue_agent_key_hold.csv,realKnownCause,C_iforest_contextual,0.007173,0.6778731235452383,0.0,0.0,0.0,0.0,0.22517591868647382,,-2.3299999999999996,-2.0,2.0
realKnownCause/rogue_agent_key_hold.csv,realKnownCause,C_iforest_contextual,0.008566,0.6775530848834401,0.0,0.0,0.0,0.0,0.30023455824863177,,-2.4399999999999995,-2.0,2.0
realKnownCause/rogue_agent_key_hold.csv,realKnownCause,C_iforest_contextual,0.010231,0.6764247706281972,0.0,0.0,0.0,0.0,0.3752931978107897,,-2.5499999999999994,-2.0,2.0
realKnownCause/rogue_agent_key_hold.csv,realKnownCause,C_iforest_contextual,0.012218,0.6717149406262388,0.0,0.0,0.0,0.0,0.3752931978107897,,-2.5499999999999994,-2.0,2.0
realKnownCause/rogue_agent_key_hold.csv,realKnownCause,C_iforest_contextual,0.014592,0.6704995695532705,0.0,0.0,0.0,0.0,0.5254104769351056,,-2.7693359484085636,-2.0,2.0
realKnownCause/rogue_agent_key_hold.csv,realKnownCause,C_iforest_contextual,0.017428,0.6689388301156993,0.0,0.0,0.0,0.0,0.6004691164972635,,-2.8793359484085634,-2.0,2.0
realKnownCause/rogue_agent_key_hold.csv,realKnownCause,C_iforest_contextual,0.020814,0.663805038275323,0.0,0.0,0.0,0.0,0.7505863956215794,,-3.099335948408563,-2.0,2.0
realKnownCause/rogue_agent_key_hold.csv,realKnownCause,C_iforest_contextual,0.024858,0.657698978035905,0.0,0.0,0.0,0.0,0.8256450351837373,,-3.209335948408563,-2.0,2.0
realKnownCause/rogue_agent_key_hold.csv,realKnownCause,C_iforest_contextual,0.029688,0.656593542631592,0.6341463414634146,0.5777777777777777,0.6046511627906976,0.5,0.9757623143080532,85.0,-1.5443473353855233,-2.0,2.0
realKnownCause/rogue_agent_key_hold.csv,realKnownCause,C_iforest_contextual,0.035456,0.6554876260843917,0.5909090909090909,0.5777777777777777,0.5842696629213482,0.5,1.200938232994527,85.0,-1.8743471309508895,-2.0,2.0
realKnownCause/rogue_agent_key_hold.csv,realKnownCause,C_iforest_contextual,0.042345,0.6535791410985115,0.5416666666666666,0.5777777777777777,0.5591397849462364,0.5,1.351055512118843,85.0,-2.0943471309508896,-2.0,2.0
realKnownCause/rogue_agent_key_hold.csv,realKnownCause,C_iforest_contextual,0.050573,0.6512268637705972,0.49056603773584906,0.5777777777777777,0.5306122448979591,0.5,1.7263487099296326,85.0,-2.579965884236918,-2.0,2.0
realKnownCause/rogue_agent_key_hold.csv,realKnownCause,C_iforest_contextual,0.060399,0.6474199622466258,0.6,1.0,0.7499999999999999,1.0,1.8764659890539486,42.5,-0.7197590672737576,-2.0,2.0
realKnownCause/rogue_agent_key_hold.csv,realKnownCause,C_iforest_contextual,0.072135,0.6403588577662866,0.5555555555555556,1.0,0.7142857142857143,1.0,2.1767005473025804,42.5,-1.1597523723312395,-2.0,2.0
realKnownCause/rogue_agent_key_hold.csv,realKnownCause,C_iforest_contextual,0.086151,0.6374997180188319,0.5232558139534884,1.0,0.6870229007633588,1.0,2.476935105551212,42.5,-1.500715851739985,-2.0,2.0
realKnownCause/rogue_agent_key_hold.csv,realKnownCause,C_iforest_contextual,0.10289,0.6323789412920346,0.4838709677419355,1.0,0.6521739130434783,1.0,2.7771696637998438,42.5,-1.9095056091798794,-2.0,2.0
realKnownCause/rogue_agent_key_hold.csv,realKnownCause,C_iforest_contextual,0.122881,0.6253379717414613,0.4411764705882353,1.0,0.6122448979591837,1.0,3.1524628616106334,42.5,-2.40033849647848,-2.0,2.0
realKnownCause/rogue_agent_key_hold.csv,realKnownCause,C_iforest_contextual,0.146757,0.6194346316665894,0.391304347826087,1.0,0.5625,1.0,3.827990617670055,42.5,-3.3897868022181,-2.0,2.0
realKnownCause/rogue_agent_key_hold.csv,realKnownCause,C_iforest_contextual,0.175272,0.6077539651344138,0.3515625,1.0,0.5202312138728323,1.0,4.428459734167318,42.5,-4.269533502378512,-2.0,2.0
realKnownCause/rogue_agent_key_hold.csv,realKnownCause,C_iforest_contextual,0.209328,0.6024610238674974,0.3103448275862069,1.0,0.4736842105263158,1.0,5.10398749022674,42.5,-5.2595265516002225,-2.0,2.0
realKnownCause/rogue_agent_key_hold.csv,realKnownCause,C_iforest_contextual,0.25,0.594353592365294,0.27607361963190186,1.0,0.4326923076923077,1.0,5.404222048475372,0.0,-5.572089875708208,-2.0,2.0
realKnownCause/rogue_agent_key_updown.csv,realKnownCause,A_rolling_zscore,0.0005,50.0,0.0,0.0,0.0,0.0,0.0,,-2.0,-2.0,2.0
realKnownCause/rogue_agent_key_updown.csv,realKnownCause,A_rolling_zscore,0.000597,50.0,0.0,0.0,0.0,0.0,0.0,,-2.0,-2.0,2.0
realKnownCause/rogue_agent_key_updown.csv,realKnownCause,A_rolling_zscore,0.000713,50.0,0.0,0.0,0.0,0.0,0.0,,-2.0,-2.0,2.0
realKnownCause/rogue_agent_key_updown.csv,realKnownCause,A_rolling_zscore,0.000852,50.0,0.0,0.0,0.0,0.0,0.0,,-2.0,-2.0,2.0
realKnownCause/rogue_agent_key_updown.csv,realKnownCause,A_rolling_zscore,0.001017,50.0,0.0,0.0,0.0,0.0,0.0,,-2.0,-2.0,2.0
realKnownCause/rogue_agent_key_updown.csv,realKnownCause,A_rolling_zscore,0.001215,50.0,0.0,0.0,0.0,0.0,0.0,,-2.0,-2.0,2.0
realKnownCause/rogue_agent_key_updown.csv,realKnownCause,A_rolling_zscore,0.001451,50.0,0.0,0.0,0.0,0.0,0.0,,-2.0,-2.0,2.0
realKnownCause/rogue_agent_key_updown.csv,realKnownCause,A_rolling_zscore,0.001733,50.0,0.0,0.0,0.0,0.0,0.0,,-2.0,-2.0,2.0
realKnownCause/rogue_agent_key_updown.csv,realKnownCause,A_rolling_zscore,0.00207,50.0,0.0,0.0,0.0,0.0,0.0,,-2.0,-2.0,2.0
realKnownCause/rogue_agent_key_updown.csv,realKnownCause,A_rolling_zscore,0.002472,49.213084566185756,1.0,0.875,0.9333333333333333,0.5,0.0,1100.0,-0.1992830111628714,-2.0,2.0
realKnownCause/rogue_agent_key_updown.csv,realKnownCause,A_rolling_zscore,0.002952,47.96567320167771,1.0,0.875,0.9333333333333333,0.5,0.0,1100.0,-0.1992830111628714,-2.0,2.0
realKnownCause/rogue_agent_key_updown.csv,realKnownCause,A_rolling_zscore,0.003525,46.47657588529597,1.0,0.875,0.9333333333333333,0.5,0.0,1100.0,-0.1992830111628714,-2.0,2.0
realKnownCause/rogue_agent_key_updown.csv,realKnownCause,A_rolling_zscore,0.00421,44.69641591719574,1.0,0.875,0.9333333333333333,0.5,0.0,1100.0,-0.1992830111628714,-2.0,2.0
realKnownCause/rogue_agent_key_updown.csv,realKnownCause,A_rolling_zscore,0.005029,41.330072101420456,0.9655172413793104,0.875,0.9180327868852458,0.5,0.06093948370715193,1100.0,-0.3092830111628714,-2.0,2.0
realKnownCause/rogue_agent_key_updown.csv,realKnownCause,A_rolling_zscore,0.006006,37.039743475745844,0.9655172413793104,0.875,0.9180327868852458,0.5,0.06093948370715193,1100.0,-0.3092830111628714,-2.0,2.0
realKnownCause/rogue_agent_key_updown.csv,realKnownCause,A_rolling_zscore,0.007173,31.96637422956751,0.9333333333333333,0.875,0.9032258064516129,0.5,0.12187896741430386,1100.0,-0.41928301116287137,-2.0,2.0
realKnownCause/rogue_agent_key_updown.csv,realKnownCause,A_rolling_zscore,0.008566,25.956671767286885,0.9333333333333333,0.875,0.9032258064516129,0.5,0.12187896741430386,1100.0,-0.41928301116287137,-2.0,2.0
realKnownCause/rogue_agent_key_updown.csv,realKnownCause,A_rolling_zscore,0.010231,25.072468437912555,0.9032258064516129,0.875,0.8888888888888888,0.5,0.18281845112145578,1100.0,-0.5292830111628714,-2.0,2.0
realKnownCause/rogue_agent_key_updown.csv,realKnownCause,A_rolling_zscore,0.012218,24.56831195130986,0.875,0.875,0.875,0.5,0.24375793482860772,1100.0,-0.6392830111628713,-2.0,2.0
realKnownCause/rogue_agent_key_updown.csv,realKnownCause,A_rolling_zscore,0.014592,19.267752185815514,0.8484848484848485,0.875,0.8615384615384615,0.5,0.30469741853575966,1100.0,-0.7492830111628713,-2.0,2.0
realKnownCause/rogue_agent_key_updown.csv,realKnownCause,A_rolling_zscore,0.017428,14.351557941802604,0.8,0.875,0.8358208955223881,0.5,0.4265763859500635,1100.0,-0.9692301425860512,-2.0,2.0
realKnownCause/rogue_agent_key_updown.csv,realKnownCause,A_rolling_zscore,0.020814,12.065966828741603,0.7777777777777778,0.875,0.823529411764706,0.5,0.48751586965721544,1100.0,-1.079230142586051,-2.0,2.0
realKnownCause/rogue_agent_key_updown.csv,realKnownCause,A_rolling_zscore,0.024858,10.960201927964635,0.7368421052631579,0.875,0.7999999999999999,0.5,0.6093948370715193,1100.0,-1.2992301425860513,-2.0,2.0
realKnownCause/rogue_agent_key_updown.csv,realKnownCause,A_rolling_zscore,0.029688,10.471494233030954,0.7,0.875,0.7777777777777777,0.5,0.6093948370715193,1100.0,-1.2992301425860513,-2.0,2.0
realKnownCause/rogue_agent_key_updown.csv,realKnownCause,A_rolling_zscore,0.035456,8.587853726535524,0.6511627906976745,0.875,0.7466666666666667,0.5,0.7922132881929751,1100.0,-1.5819765616850763,-2.0,2.0
realKnownCause/rogue_agent_key_updown.csv,realKnownCause,A_rolling_zscore,0.042345,5.861849759704623,0.6086956521739131,0.875,0.717948717948718,0.5,0.9140922556072789,1100.0,-1.8019765616850765,-2.0,2.0
realKnownCause/rogue_agent_key_updown.csv,realKnownCause,A_rolling_zscore,0.050573,5.02745868162924,0.56,0.875,0.6829268292682927,0.5,1.1578501904358867,1100.0,-2.2419765616850764,-2.0,2.0
realKnownCause/rogue_agent_key_updown.csv,realKnownCause,A_rolling_zscore,0.060399,4.102586495766779,0.5185185185185185,0.875,0.6511627906976744,0.5,1.3406686415573423,1100.0,-2.571976561685076,-2.0,2.0
realKnownCause/rogue_agent_key_updown.csv,realKnownCause,A_rolling_zscore,0.072135,3.1509432226615752,0.4666666666666667,0.875,0.608695652173913,0.5,1.5844265763859502,1100.0,-3.011976561685075,-2.0,2.0
realKnownCause/rogue_agent_key_updown.csv,realKnownCause,A_rolling_zscore,0.086151,2.3687925582346927,0.42424242424242425,0.875,0.5714285714285714,0.5,1.8281845112145578,1100.0,-3.4519765616850746,-2.0,2.0
realKnownCause/rogue_agent_key_updown.csv,realKnownCause,A_rolling_zscore,0.10289,1.9863618727671244,0.3783783783783784,0.875,0.5283018867924528,0.5,2.0719424460431655,1100.0,-3.8843986186385075,-2.0,2.0
realKnownCause/rogue_agent_key_updown.csv,realKnownCause,A_rolling_zscore,0.122881,1.7444254484803157,0.34146341463414637,0.875,0.4912280701754386,0.5,2.2547608971646214,1095.0,-4.182700622737509,-2.0,2.0
realKnownCause/rogue_agent_key_updown.csv,realKnownCause,A_rolling_zscore,0.146757,1.3495458855005795,0.3010752688172043,0.875,0.448,0.5,2.6813372831146847,1095.0,-4.950890032615928,-2.0,2.0
realKnownCause/rogue_agent_key_updown.csv,realKnownCause,A_rolling_zscore,0.175272,1.1436317174217216,0.26666666666666666,0.875,0.40875912408759124,0.5,3.1079136690647484,1090.0,-5.693512450444274,-2.0,2.0
realKnownCause/rogue_agent_key_updown.csv,realKnownCause,A_rolling_zscore,0.209328,0.958481009800722,0.23333333333333334,0.875,0.3684210526315789,0.5,3.5344900550148117,45.0,-6.3563159295539995,-2.0,2.0
realKnownCause/rogue_agent_key_updown.csv,realKnownCause,A_rolling_zscore,0.25,0.8407779183157971,0.2014388489208633,0.875,0.327485380116959,0.5,3.9610664409648755,45.0,-7.126315929554002,-2.0,2.0
realKnownCause/rogue_agent_key_updown.csv,realKnownCause,B_iforest_raw,0.0005,0.756020289967217,0.0,0.0,0.0,0.0,0.0,,-2.0,-2.0,2.0
realKnownCause/rogue_agent_key_updown.csv,realKnownCause,B_iforest_raw,0.000597,0.756020289967217,0.0,0.0,0.0,0.0,0.0,,-2.0,-2.0,2.0
realKnownCause/rogue_agent_key_updown.csv,realKnownCause,B_iforest_raw,0.000713,0.756020289967217,0.0,0.0,0.0,0.0,0.0,,-2.0,-2.0,2.0
realKnownCause/rogue_agent_key_updown.csv,realKnownCause,B_iforest_raw,0.000852,0.756020289967217,0.0,0.0,0.0,0.0,0.0,,-2.0,-2.0,2.0
realKnownCause/rogue_agent_key_updown.csv,realKnownCause,B_iforest_raw,0.001017,0.756020289967217,0.0,0.0,0.0,0.0,0.0,,-2.0,-2.0,2.0
realKnownCause/rogue_agent_key_updown.csv,realKnownCause,B_iforest_raw,0.001215,0.756020289967217,0.0,0.0,0.0,0.0,0.0,,-2.0,-2.0,2.0
realKnownCause/rogue_agent_key_updown.csv,realKnownCause,B_iforest_raw,0.001451,0.756020289967217,0.0,0.0,0.0,0.0,0.0,,-2.0,-2.0,2.0
realKnownCause/rogue_agent_key_updown.csv,realKnownCause,B_iforest_raw,0.001733,0.756020289967217,0.0,0.0,0.0,0.0,0.0,,-2.0,-2.0,2.0
realKnownCause/rogue_agent_key_updown.csv,realKnownCause,B_iforest_raw,0.00207,0.756020289967217,0.0,0.0,0.0,0.0,0.0,,-2.0,-2.0,2.0
realKnownCause/rogue_agent_key_updown.csv,realKnownCause,B_iforest_raw,0.002472,0.756020289967217,0.0,0.0,0.0,0.0,0.06093948370715193,,-2.11,-2.0,2.0
realKnownCause/rogue_agent_key_updown.csv,realKnownCause,B_iforest_raw,0.002952,0.756020289967217,0.0,0.0,0.0,0.0,0.06093948370715193,,-2.11,-2.0,2.0
realKnownCause/rogue_agent_key_updown.csv,realKnownCause,B_iforest_raw,0.003525,0.756020289967217,0.0,0.0,0.0,0.0,0.06093948370715193,,-2.11,-2.0,2.0
realKnownCause/rogue_agent_key_updown.csv,realKnownCause,B_iforest_raw,0.00421,0.756020289967217,0.0,0.0,0.0,0.0,0.06093948370715193,,-2.11,-2.0,2.0
realKnownCause/rogue_agent_key_updown.csv,realKnownCause,B_iforest_raw,0.005029,0.756020289967217,0.0,0.0,0.0,0.0,0.12187896741430386,,-2.2199999999999998,-2.0,2.0
realKnownCause/rogue_agent_key_updown.csv,realKnownCause,B_iforest_raw,0.006006,0.756020289967217,0.0,0.0,0.0,0.0,0.12187896741430386,,-2.2199999999999998,-2.0,2.0
realKnownCause/rogue_agent_key_updown.csv,realKnownCause,B_iforest_raw,0.007173,0.756020289967217,0.0,0.0,0.0,0.0,0.18281845112145578,,-2.3299999999999996,-2.0,2.0
realKnownCause/rogue_agent_key_updown.csv,realKnownCause,B_iforest_raw,0.008566,0.756020289967217,0.0,0.0,0.0,0.0,0.18281845112145578,,-2.3299999999999996,-2.0,2.0
realKnownCause/rogue_agent_key_updown.csv,realKnownCause,B_iforest_raw,0.010231,0.756020289967217,0.9032258064516129,0.875,0.8888888888888888,0.5,0.18281845112145578,1100.0,-0.5292830111628714,-2.0,2.0
realKnownCause/rogue_agent_key_updown.csv,realKnownCause,B_iforest_raw,0.012218,0.756020289967217,0.875,0.875,0.875,0.5,0.24375793482860772,1100.0,-0.5920294302618959,-2.0,2.0
realKnownCause/rogue_agent_key_updown.csv,realKnownCause,B_iforest_raw,0.014592,0.756020289967217,0.8484848484848485,0.875,0.8615384615384615,0.5,0.30469741853575966,1100.0,-0.7019765616850757,-2.0,2.0
realKnownCause/rogue_agent_key_updown.csv,realKnownCause,B_iforest_raw,0.017428,0.756020289967217,0.8,0.875,0.8358208955223881,0.5,0.36563690224291157,1100.0,-0.8119765616850757,-2.0,2.0
realKnownCause/rogue_agent_key_updown.csv,realKnownCause,B_iforest_raw,0.020814,0.756020289967217,0.7777777777777778,0.875,0.823529411764706,0.5,0.4265763859500635,1100.0,-0.9219765616850757,-2.0,2.0
realKnownCause/rogue_agent_key_updown.csv,realKnownCause,B_iforest_raw,0.024858,0.756020289967217,0.7368421052631579,0.875,0.7999999999999999,0.5,0.4265763859500635,1100.0,-0.9219765616850757,-2.0,2.0
realKnownCause/rogue_agent_key_updown.csv,realKnownCause,B_iforest_raw,0.029688,0.756020289967217,0.7,0.875,0.7777777777777777,0.5,0.5484553533643673,1100.0,-1.1419765616850759,-2.0,2.0
realKnownCause/rogue_agent_key_updown.csv,realKnownCause,B_iforest_raw,0.035456,0.756020289967217,0.6511627906976745,0.875,0.7466666666666667,0.5,0.6093948370715193,1100.0,-1.251976561685076,-2.0,2.0
realKnownCause/rogue_agent_key_updown.csv,realKnownCause,B_iforest_raw,0.042345,0.756020289967217,0.6086956521739131,0.875,0.717948717948718,0.5,0.6703343207786712,1100.0,-1.361976561685076,-2.0,2.0
realKnownCause/rogue_agent_key_updown.csv,realKnownCause,B_iforest_raw,0.050573,0.756020289967217,0.56,0.875,0.6829268292682927,0.5,0.9140922556072789,1100.0,-1.8019765616850765,-2.0,2.0
realKnownCause/rogue_agent_key_updown.csv,realKnownCause,B_iforest_raw,0.060399,0.756020289967217,0.5185185185185185,0.875,0.6511627906976744,0.5,1.0969107067287347,1100.0,-2.1319765616850765,-2.0,2.0
realKnownCause/rogue_agent_key_updown.csv,realKnownCause,B_iforest_raw,0.072135,0.6778771405404879,0.4666666666666667,0.875,0.608695652173913,0.5,1.4625476089716463,1100.0,-2.791976561685076,-2.0,2.0
realKnownCause/rogue_agent_key_updown.csv,realKnownCause,B_iforest_raw,0.086151,0.651236811525025,0.4307692307692308,0.875,0.5773195876288659,0.5,1.5844265763859502,1100.0,-3.0119765616850755,-2.0,2.0
realKnownCause/rogue_agent_key_updown.csv,realKnownCause,B_iforest_raw,0.10289,0.6321645908043306,0.42105263157894735,1.0,0.5925925925925926,1.0,1.8891239949217098,550.0,-1.561976561685077,-2.0,2.0
realKnownCause/rogue_agent_key_updown.csv,realKnownCause,B_iforest_raw,0.122881,0.6103593613527545,0.3764705882352941,1.0,0.547008547008547,1.0,2.1938214134574694,550.0,-2.111976561685077,-2.0,2.0
realKnownCause/rogue_agent_key_updown.csv,realKnownCause,B_iforest_raw,0.146757,0.6024120148944908,0.3368421052631579,1.0,0.5039370078740157,1.0,2.498518831993229,525.0,-2.5274377981873912,-2.0,2.0
realKnownCause/rogue_agent_key_updown.csv,realKnownCause,B_iforest_raw,0.175272,0.5881069024379835,0.2962962962962963,1.0,0.45714285714285713,1.0,2.9250952179432925,525.0,-3.2974377981873904,-2.0,2.0
realKnownCause/rogue_agent_key_updown.csv,realKnownCause,B_iforest_raw,0.209328,0.5764282416874655,0.25806451612903225,1.0,0.41025641025641024,1.0,3.4735505713076598,525.0,-4.284607241110168,-2.0,2.0
realKnownCause/rogue_agent_key_updown.csv,realKnownCause,B_iforest_raw,0.25,0.5415918798746495,0.22377622377622378,1.0,0.3657142857142857,1.0,3.7173085061362676,525.0,-4.635882696422872,-2.0,2.0
realKnownCause/rogue_agent_key_updown.csv,realKnownCause,C_iforest_contextual,0.0005,0.7561888755270707,0.0,0.0,0.0,0.0,0.0,,-2.0,-2.0,2.0
realKnownCause/rogue_agent_key_updown.csv,realKnownCause,C_iforest_contextual,0.000597,0.7560392828345449,0.0,0.0,0.0,0.0,0.0,,-2.0,-2.0,2.0
realKnownCause/rogue_agent_key_updown.csv,realKnownCause,C_iforest_contextual,0.000713,0.7558603884805967,0.0,0.0,0.0,0.0,0.0,,-2.0,-2.0,2.0
realKnownCause/rogue_agent_key_updown.csv,realKnownCause,C_iforest_contextual,0.000852,0.7556460236944001,0.0,0.0,0.0,0.0,0.0,,-2.0,-2.0,2.0
realKnownCause/rogue_agent_key_updown.csv,realKnownCause,C_iforest_contextual,0.001017,0.7553915618978357,0.0,0.0,0.0,0.0,0.0,,-2.0,-2.0,2.0
realKnownCause/rogue_agent_key_updown.csv,realKnownCause,C_iforest_contextual,0.001215,0.7550862077419587,0.0,0.0,0.0,0.0,0.0,,-2.0,-2.0,2.0
realKnownCause/rogue_agent_key_updown.csv,realKnownCause,C_iforest_contextual,0.001451,0.7547222502632365,0.0,0.0,0.0,0.0,0.0,,-2.0,-2.0,2.0
realKnownCause/rogue_agent_key_updown.csv,realKnownCause,C_iforest_contextual,0.001733,0.7542873519200176,0.0,0.0,0.0,0.0,0.0,,-2.0,-2.0,2.0
realKnownCause/rogue_agent_key_updown.csv,realKnownCause,C_iforest_contextual,0.00207,0.7537676329779437,0.0,0.0,0.0,0.0,0.0,,-2.0,-2.0,2.0
realKnownCause/rogue_agent_key_updown.csv,realKnownCause,C_iforest_contextual,0.002472,0.7531880483555418,0.0,0.0,0.0,0.0,0.06093948370715193,,-2.11,-2.0,2.0
realKnownCause/rogue_agent_key_updown.csv,realKnownCause,C_iforest_contextual,0.002952,0.7525118008738705,0.0,0.0,0.0,0.0,0.06093948370715193,,-2.11,-2.0,2.0
realKnownCause/rogue_agent_key_updown.csv,realKnownCause,C_iforest_contextual,0.003525,0.7517045304426253,0.0,0.0,0.0,0.0,0.06093948370715193,,-2.11,-2.0,2.0
realKnownCause/rogue_agent_key_updown.csv,realKnownCause,C_iforest_contextual,0.00421,0.7507394689323236,0.0,0.0,0.0,0.0,0.06093948370715193,,-2.11,-2.0,2.0
realKnownCause/rogue_agent_key_updown.csv,realKnownCause,C_iforest_contextual,0.005029,0.7502130244264861,0.9655172413793104,0.875,0.9180327868852458,0.5,0.06093948370715193,1100.0,-0.3092830111628714,-2.0,2.0
realKnownCause/rogue_agent_key_updown.csv,realKnownCause,C_iforest_contextual,0.006006,0.7497241664561228,0.9655172413793104,0.875,0.9180327868852458,0.5,0.06093948370715193,1100.0,-0.3092830111628714,-2.0,2.0
realKnownCause/rogue_agent_key_updown.csv,realKnownCause,C_iforest_contextual,0.007173,0.7493728002181133,0.9333333333333333,0.875,0.9032258064516129,0.5,0.12187896741430386,1100.0,-0.41928301116287137,-2.0,2.0
realKnownCause/rogue_agent_key_updown.csv,realKnownCause,C_iforest_contextual,0.008566,0.7491626460868055,0.9333333333333333,0.875,0.9032258064516129,0.5,0.12187896741430386,1100.0,-0.41928301116287137,-2.0,2.0
realKnownCause/rogue_agent_key_updown.csv,realKnownCause,C_iforest_contextual,0.010231,0.748637508577142,0.9032258064516129,0.875,0.8888888888888888,0.5,0.18281845112145578,1100.0,-0.5292830111628714,-2.0,2.0
realKnownCause/rogue_agent_key_updown.csv,realKnownCause,C_iforest_contextual,0.012218,0.7481999346889441,0.875,0.875,0.875,0.5,0.24375793482860772,1100.0,-0.5920294302618959,-2.0,2.0
realKnownCause/rogue_agent_key_updown.csv,realKnownCause,C_iforest_contextual,0.014592,0.7476189652514276,0.8484848484848485,0.875,0.8615384615384615,0.5,0.30469741853575966,1100.0,-0.7020294302618959,-2.0,2.0
realKnownCause/rogue_agent_key_updown.csv,realKnownCause,C_iforest_contextual,0.017428,0.7457643294326599,0.8,0.875,0.8358208955223881,0.5,0.4265763859500635,1100.0,-0.9219765616850757,-2.0,2.0
realKnownCause/rogue_agent_key_updown.csv,realKnownCause,C_iforest_contextual,0.020814,0.7404381339351012,0.7777777777777778,0.875,0.823529411764706,0.5,0.48751586965721544,1100.0,-1.0319765616850758,-2.0,2.0
realKnownCause/rogue_agent_key_updown.csv,realKnownCause,C_iforest_contextual,0.024858,0.7356147230967315,0.7368421052631579,0.875,0.7999999999999999,0.5,0.6093948370715193,1100.0,-1.251976561685076,-2.0,2.0
realKnownCause/rogue_agent_key_updown.csv,realKnownCause,C_iforest_contextual,0.029688,0.7285815280484229,0.7,0.875,0.7777777777777777,0.5,0.7312738044858231,1100.0,-1.4719765616850762,-2.0,2.0
realKnownCause/rogue_agent_key_updown.csv,realKnownCause,C_iforest_contextual,0.035456,0.7189149592044394,0.6511627906976745,0.875,0.7466666666666667,0.5,0.9140922556072789,1100.0,-1.8019765616850765,-2.0,2.0
realKnownCause/rogue_agent_key_updown.csv,realKnownCause,C_iforest_contextual,0.042345,0.7061106165609962,0.6086956521739131,0.875,0.717948717948718,0.5,1.0359712230215827,1100.0,-2.0219765616850767,-2.0,2.0
realKnownCause/rogue_agent_key_updown.csv,realKnownCause,C_iforest_contextual,0.050573,0.689726360012772,0.56,0.875,0.6829268292682927,0.5,1.0969107067287347,1100.0,-2.1319765616850765,-2.0,2.0
realKnownCause/rogue_agent_key_updown.csv,realKnownCause,C_iforest_contextual,0.060399,0.6775192663464897,0.5185185185185185,0.875,0.6511627906976744,0.5,1.3406686415573423,1100.0,-2.571976561685076,-2.0,2.0
realKnownCause/rogue_agent_key_updown.csv,realKnownCause,C_iforest_contextual,0.072135,0.6537680540784317,0.4666666666666667,0.875,0.608695652173913,0.5,1.4016081252644943,1100.0,-2.681976561685076,-2.0,2.0
realKnownCause/rogue_agent_key_updown.csv,realKnownCause,C_iforest_contextual,0.086151,0.6407328736925569,0.4307692307692308,0.875,0.5773195876288659,0.5,1.5844265763859502,1100.0,-3.0119765616850755,-2.0,2.0
realKnownCause/rogue_agent_key_updown.csv,realKnownCause,C_iforest_contextual,0.10289,0.6233400953840234,0.3888888888888889,0.875,0.5384615384615385,0.5,1.7672450275074059,1100.0,-3.341976561685075,-2.0,2.0
realKnownCause/rogue_agent_key_updown.csv,realKnownCause,C_iforest_contextual,0.122881,0.6126168931783335,0.38095238095238093,1.0,0.5517241379310345,1.0,2.1328819297503174,550.0,-1.9594474155647092,-2.0,2.0
realKnownCause/rogue_agent_key_updown.csv,realKnownCause,C_iforest_contextual,0.146757,0.5909818769239721,0.3368421052631579,1.0,0.5039370078740157,1.0,2.1938214134574694,550.0,-2.066217328531175,-2.0,2.0
realKnownCause/rogue_agent_key_updown.csv,realKnownCause,C_iforest_contextual,0.175272,0.5772826190506753,0.29906542056074764,1.0,0.46043165467625896,1.0,2.3157003808717733,550.0,-2.2970253586112754,-2.0,2.0
realKnownCause/rogue_agent_key_updown.csv,realKnownCause,C_iforest_contextual,0.209328,0.568374034568764,0.2644628099173554,1.0,0.41830065359477125,1.0,2.6203977994075327,550.0,-2.7944351169889434,-2.0,2.0
realKnownCause/rogue_agent_key_updown.csv,realKnownCause,C_iforest_contextual,0.25,0.5558019664794935,0.22857142857142856,1.0,0.3720930232558139,1.0,2.8641557342361406,550.0,-3.2268571739423764,-2.0,2.0
